{"Slide19": "What??\nlinks: \n\nterminal output \n\nexplanation\n\n(demo: andrewb’s farnarkle AI)\n\nhttps://www.cse.unsw.edu.au/~andrewb/cs1511/18s1/misc/farnarkle_results.png\nhttps://www.cse.unsw.edu.au/~andrewb/cs1511/18s1/misc/farnarkle_explanation.pdf", "Slide15": "But that’s not possible…", "Slide18": "What??\n(demo: andrewb’s farnarkle AI)", "Slide13": "remember farnarkling?", "Slide12": "Smashing The Stack for Fun And Profit\nSmashing The Stack For Fun And Profit\n\nhttp://insecure.org/stf/smashstack.html", "Slide11": "But wait, it gets better…\n(demo: popping a calc)", "Slide10": "Illegal Array Access\n(demo: interactive array tool)", "Slide17": "But that’s not possible…", "Slide16": "But that’s not possible…", "Slide-1": "", "Slide14": "The Farnarkle AI Leaderboard\nlink\n\nbackup link\n\nhttp://cs1511.cse.unsw.edu/farnarkle_tournament/\nhttps://cgi.cse.unsw.edu.au/~cs1511ass/18s1/farnarkle_tournament/", "Slide3": "Admin\n\nDon’t panic!\nassignment 3 out now! \n\nweek 11’s tute/lab help you get started\n\nweek 11 \nlab due tonight \n\nweekly test due friday\n\ndon’t forget about help sessions! \nsee course website for details", "Slide2": "Overview\nafter this lecture, you should be able to…\n\nunderstand the memory layout of a C program\n\nunderstand some of the security implications of this\n\nhave more of an understanding about illegal C\n\nidentify and prevent basic vulnerabilities in C code\n\n(… and more?)\n\n(note: you shouldn’t be able to do all of these immediately after watching this lecture. however, this lecture should (hopefully!) give you the foundations you need to develop these skills. remember: programming is\n\nlike learning any other language, it takes consistent and regular practice.)", "Slide1": "COMP5 8s \n— Lecture 20 — \nIllegal C + Memory\n\nAndrew Bennett \n<andrew.bennett@unsw.edu.au>", "Slide0": "Welcome!\nCOMP1511 18s1 \n\nProgramming Fundamentals", "Slide7": "Some Terminology\nstack: function memory\n\nheap: dynamic memory (e.g. from malloc)", "Slide6": "Memory Layout in C\nwe’ve talked about this a bit already\n\neverything is in memory\n\n(including your code!)\n\n(diagram: week 6 slides)\n\nhttps://www.cse.unsw.edu.au/~andrewb/slides/week06/04-lecture/#21", "Slide5": "let’s talk about: memory in C", "Slide4": "Questions?\nhttps://echo360.org.au/\n\nnote: you may need to go via Moodle \n\nhttps://moodle.telt.unsw.edu.au\n\n(let me know if you can/can’t access it!)\n\nhttps://echo360.org.au/home\nhttps://moodle.telt.unsw.edu.au/", "Slide9": "Implications\nwhat happens if these are incorrect?", "Slide8": "Stack Frames\nevery function has its own memory\n\nwe call this a stack frame\n\n…\n\nit stores all of the local variables, etc \nbut also other necessary information:\n\nwhere the stack frame starts / ends\n\nwhere to go in the code when this function returns \n(the return address)"}