{"Slide-1": "", "Slide22": "Binary Search Ordered Array - Informal Analysis\nOperations:\n\nstart with entire array\nat each step halve the range the element may be in\n\nstop when find X or range is empty\n\nIf there are N elements to search\n\nbest case check 1 element\nworst case check log2(N)+1 elements\n\nif in list on average check ~log2(N) elements", "Slide23": "Binary Search Ordered Array - Informal Analysis\nlog2(N) grows very slowly:\n\nlog2(10) = 3.3\nlog2(1000) = ~10\n\nlog2(1000000) = ~20\nlog2(1000000000) = ~30\n\nlog2(1000000000000) = ~40\n\nPhysicists estimate  atoms in universe: \\[1ex]\n\nBinary search all atoms in universe in  1 microsecond", "Slide20": "Linear Search Ordered Array - Informal Analysis\nOperations:\n\nstart at first element\ninspect each element in turn\n\nstop when find X or find value X or reach end\n\nIf there are N elements to search:\n\nbest case check 1 element\nworst case check N elements\n\nif in list on average check N/2 elements\nif not in list on average check N/2 elements", "Slide21": "Binary Search Ordered Array - Code\nint binary_search(int array[], int length, int x) { \n\n    int lower = 0; \n\n    int upper = length - 1; \n\n    while (lower <= upper) { \n\n        int mid = (lower + upper)/ 2; \n\n        if (array[mid] == x) { \n\n            return 1; \n\n        } else if (array[mid] > x) { \n\n            upper = mid - 1; \n\n        } else { \n\n            lower = mid + 1; \n\n        } \n\n    } \n\n    return 0; \n\n}", "Slide26": "Sorting Algorithms\nthere are many different sorting algorithms\n\nwe’ll look at one slow obvious algorithm: \n\nbubblesort\n\nand at one fast algorithm: \n\nquicksort\n\n(SortVis: https://sorting.alhinds.com)\n\nhttps://sorting.alhinds.com/", "Slide27": "Bubblesort\ngo through the array, comparing pairs of elements \n\nswap the elements if they’re in the wrong order \n… \n\nrepeat until sorted", "Slide24": "let’s look at: \nsorting", "Slide25": "Sorting\nsort: rearrange a sequence so it is in non-decreasing order\n\nwhy? \nsorted sequence can be searched efficiently \nitems with equal keys are located together\n\nwhy not? \nsimple obvious algorithms too slow to sort large sequences \n\n(better algorithms can sort very large sequences)", "Slide28": "Bubblesort\n// our array of numbers \n\n 3   1   4   9   5 \n\n \n\n// compare the first pair \n\n[3] [1]  4   9   5 \n\n \n\n// they're in the wrong order, so swap \n\n[1] [3]  4   9   5 \n\n \n\n// compare the second pair \n\n 1  [3] [4]  9   5 \n\n \n\n// compare the third pair \n\n 1   3  [4] [9]  5 \n\n \n\n// compare the fourth pair \n\n 1   3   4  [9] [5] \n\n \n\n// they're in the wrong order, so swap \n\n 1   3   4  [5] [9]", "Slide29": "Bubblesort - Code\nvoid bubblesort(int array[], int length) { \n\n    int swapped = 1; \n\n    while (swapped) { \n\n        swapped = 0; \n\n        for (int i = 1; i < length; i = i + 1) { \n\n            if (array[i] < array[i - 1]) { \n\n                int tmp = array[i]; \n\n                array[i] = array[i - 1]; \n\n                array[i - 1] = tmp; \n\n                swapped = 1; \n\n            } \n\n        } \n\n    } \n\n}", "Slide31": "Quicksort - Code\nvoid quicksort(int array[], int length) { \n\n    quicksort1(array, 0, length - 1); \n\n} \n\n \n\nvoid quicksort1(int array[], int lo, int hi) { \n\n    if (lo >= hi) { \n\n        return; \n\n    } \n\n    int p = partition(array, lo, hi); \n\n    // sort lower part of array \n\n    quicksort1(array, lo, p); \n\n    // sort upper part of array \n\n    quicksort1(array, p + 1, hi); \n\n}", "Slide30": "Quicksort\nfaster than bubblesort\n\ndivide and conquer \n(make the problem smaller each time)\n\nworks by dividing the array into two smaller arrays \nthen sorting the two smaller arrays\n\n…\n\nit does this by choosing a pivot \nthen moving all of the smaller elements to its left and \n\nall of the larger elements to its right", "Slide32": "Quicksort Partition - Code\nint partition(int array[], int lo, int hi) { \n\n    int i = lo, j = hi; \n\n    int pivotValue = array[(lo + hi) / 2]; \n\n    while (1) { \n\n        while (array[i] < pivotValue) { \n\n            i = i + 1; \n\n        } \n\n        while (array[j] > pivotValue) { \n\n            j = j - 1; \n\n        } \n\n        if (i >= j) { \n\n            return j; \n\n        } \n\n        int temp = array[i]; \n\n        array[i] = array[j]; \n\n        array[j] = temp; \n\n        i = i + 1; \n\n        j = j - 1; \n\n    } \n\n    return j;", "Slide19": "Linear Search Ordered Array - Code\nint linear_ordered(int array[], int length, int x) { \n\n    for (int i = 0; i < length; i = i + 1) { \n\n        if (array[i] == x) { \n\n             return 1; \n\n        } else if (array[i] > x) { \n\n            return 0; \n\n        } \n\n    } \n\n    return 0; \n\n}", "Slide18": "Linear Search Unordered Array - Informal\nAnalysis\n\nOperations:\n\nstart at first element\ninspect each element in turn\n\nstop when find X or reach end\n\nIf there are N elements to search:\n\nbest case check 1 element\nworst case check N elements\n\nif in list on average check N/2 elements\nif not in list check N elements", "Slide13": "today: efficiency", "Slide12": "what makes software good?\ncorrectness?\n\nefficiency?\n\nclear, maintainable code?\n\nusability?", "Slide11": "what makes software good?\ncorrectness?\n\nefficiency?\n\nclear, maintainable code?", "Slide10": "what makes software good?\ncorrectness?\n\nefficiency?", "Slide17": "Linear Search Unordered Array - Code\nint linear_search(int array[], int length, int x) { \n\n    for (int i = 0; i < length; i = i + 1) { \n\n        if (array[i] == x) { \n\n             return 1; \n\n        } \n\n    } \n\n    return 0; \n\n}", "Slide16": "Analysis of Algorithms\nhow can we find out whether a program is efficient or not?\n\nempirical approach - run the program \nseveral times with different input sizes \n\nand measure the time taken\n\ntheoretical approach - try to count the number of \n`operations’’ performed by the algorithm \n\non input of size n", "Slide15": "Efficiency\nefficiency often depends on the size of the data being processed\n\nunderstanding this dependency lets us \npredict program performance \n\non larger data\n\n….\n\ninformal exploration in COMP1511 - much more in COMP2521 and COMP3121", "Slide14": "Efficiency\nCOMP1511 focuses on writing correct programs \n\nbut \neffciency is also important\n\noften need to consider: \nexecution time \n\nmemory use\n\na correct but too slow program can be useless", "Slide3": "assignment  out now! \n\nweek 11’s tute/lab help you get started\n\nweek 11 \nlab solutions now out weekly test due friday\n\ndon’t forget about help sessions! \nsee course website for details\n\nthere will be lectures next week! \n(week 13)\n\n\n\n3Questions?\nunanswered questions? \n\nask on Ed \nedstem.org/courses/1950/\n\n…\n\nhttps://echo360.org.au/\n\nnote: you may need to go via Moodle \n\nhttps://moodle.telt.unsw.edu.au\n\n(let me know if you can/can’t access it!)\n\nhttps://edstem.org/courses/1950/discussion/new\nhttps://echo360.org.au/home\nhttps://moodle.telt.unsw.edu.au/", "Slide2": "Admin\n\nDon’t panic!", "Slide1": "COMP5 8s \n— Lecture 21 — \n\nAnalysis, Sorting, Searching\nAndrew Bennett \n\n<andrew.bennett@unsw.edu.au>", "Slide0": "Welcome!\nCOMP1511 18s1 \n\nProgramming Fundamentals", "Slide7": "introducing: analysis\nputting the science in computer science\n\nfor when “it works!” isn’t good enough", "Slide6": "COMP1511 vs future COMP courses\nfor now… just a taster\n\n(you’ll have to take COMP2521 for more!)", "Slide5": "COMP111 vs future COMP courses\nfuture COMP courses \n\n(e.g. COMP2521)\n\ngets you thinking like a computer scientist \nknowing fundamental techniques/structures \n\nable to reason about applicability/effectiveness \nable to analyse behaviour/correctness of programs", "Slide4": "COMP1511 vs future COMP courses\nCOMP1511\n\ngets you thinking like a programmer \nsolving problems by developing programs \nexpressing your ideas in the C language", "Slide9": "what makes software good?\ncorrectness?", "Slide8": "what makes software good?"}