{"Slide62": "\fSlide:\nLoop (2/2)  \n\n WHILE loop \n\n \n\n \n\n \n\nldi i, 1 \nclr sum \n\n.def i = r16   \n.def n = r17 \n.def sum = r18 \n \n \n \nloop:   \n \n \n \n \n \n \nend: \n \n\ncp n, i \nbrlo end \nmul i, i \nadd sum, r0 \ninc i \nrjmp loop \n \nrjmp end \n\n \n\n \n\n;initialize \n\n \n\n \n\n \n\n63 ", "Slide-1": "", "Slide63": "\fSlide:\nHomework \n\n1. Refer to the AVR Instruction Set \n\ndocumentation (available  at \nhttp://www.cse.unsw.edu.au/~cs2121/AVR/\nAVR-Instruction-Set.pdf).  \n\n  Study the following instructions:  \n\n Arithmetic and logic instructions \n\n add, adc, adiw, sub, subi, sbc, sbci, \n\nsubiw, mul, muls, mulsu \n and, andi, or, ori, eor \n com, neg \n\n \n\n64 ", "Slide22": "\fSlide:\nData Memory Space \n Covers  \n\nData Memory \n\n Register file \n\n I.e. registers in the \n\nregister file also have \nmemory address \n\n I/O registers \n\n I.e. First 64 I/O registers \n\nhave two addresses \n\n\n\nI/O addresses \n\n Memory addresses \n\n SRAM data memory \n The highest memory \nlocation is defined as \nRAMEND \n \n\n32 General purpose \nWorking Registers \n\n0x0000 \n\n0x1F \n0x20 \n\n0x1FF \n0x200 \n\n64+416 Input/Output \n\nRegisters \n\nInternal SRAM  \n(128~8K bytes)          \n\nExternal SRAM \n\n8 bits \n\nEnd Address \n\n23 ", "Slide23": "\fSlide:\nProgram Memory Space \n Covers  \n\nProgram Memory \n\n 16 bit Flash Memory \n\n Read only \n\n\n\nInstructions are \nretained when power \noff \n\n Can be accessed \n\n0x0000 \n\nProgram Flash Memory \n\n(1K bytes~256K bytes) \n\n \n\n 16 Bits \n\nwith special \ninstructions \n lpm \n spm \n\n \n\nEnd Address \n\n24 ", "Slide20": "\fSlide:\nThe Status Register in AVR \n(cont.) \n\nI \n\nT \n\nH \n\nS \n\nV \n\nN \n\nZ \n\nC \n\n   Bit        7           6          5           4          3           2          1           0 \n\n Bit 0 – C: Carry Flag \n\n  Its meaning depends on the operation.  \n\n For addition x+y,  it is the carry from the most \n\nsignificant bit \n\n For subtraction x-y, where x and y are unsigned \n\nintegers, it indicates if x<y. If x<y, C=1; otherwise, C=0.  \n\n21 ", "Slide21": "\fSlide:\nAVR Address Spaces \n\n Three address spaces \n\n Data memory \n\n Storing data to be processed  \n\n Program memory \n\n Storing program and sometimes constants \n\n EEPROM memory \n\n Large permanent data storage \n\n \n\n22 ", "Slide26": "\fSlide:\nExamples (1) \n \n\n-- 16 bits long \n\n Clear register instruction \n\nSyntax: add Rd, Rr \n\nOperand: 0  Rd  31, 0  Rr  31 \n\nOperation: Rd ← Rd + Rr \n\n \n\n \n\n0  0  0  1 \n\n0  1  r  d \n\nd  d  d  d \n\nr   r   r   r \n\n15 \n\n        0 \n\n Instruction format \n\n OpCode uses 6 bits (bit 9 to bit 15). \n\n The only operand uses the remaining 10 bits (only 5 bits (bit 0 to \n\nbit 4) are actually needed). \n\n Execution time \n\n1 clock cycle \n\n \n\n27 ", "Slide27": "\fSlide:\nExamples (2) \n \n\n-- 32 bit long \n\n Unconditional branch \n\nSyntax: jmp k     \n\nOperand: 0 ≤ k < 4M  \n\nOperation: PC ← K \n\n  Instruction format \n\n1  0  0  1 \n\n0  1  0  k \n\nk  k  k  k \n\n1  1  0  k \n\n15 \n\n0 \n\nk  k  k  k \n\nk  k  k  k \n\nk  k  k  k \n\nk  k  k  k \n\n31 \n\n16 \n\n \n\n \n\n \n\n \n\n Execution time \n\n3 clock cycles \n\n \n\n28 ", "Slide24": "\fSlide:\nEEPROM Memory Space \n Covers \n\n 8-bit EEPROM \n\nData EEPROM Memory \n\nmemory \n Use to permanently \n\nstore large set of \ndata  \n\n Can be accessed \n\nusing load and store \ninstructions with \nspecial control bit \nsettings \n\n Not covered in this \n\ncourse \n\n \n\n0x0000 \n\n   EEPROM Memory             \n\n(64~4K bytes)          \n\n \n\n8 bits \n\nEnd address \n\n25 ", "Slide25": "\fSlide:\nAVR Instruction Format \n\n For AVR, almost all instructions are 16 bits \n\nlong \n add Rd, Rr  \n sub Rd, Rr \n mul Rd, Rr \n brge k \n\n  Few instructions are 32 bits long \n\n lds Rd, k  ( 0  k  65535 )  \n\n loads 1 byte from the SRAM to a register.  \n\n \n\n26 ", "Slide60": "\fSlide:\nControl (2/2)  \n IF-THEN-ELSE control structure \n\n \n\n \n\n \n\nb = 1; \n\nif (a < 0) \n \nelse \n \n\nb = -1; \n\n Numbers x, z are 8-bit signed integers and stored in \nregisters. You need to decide which registers to use. \n\n.def  a = r16 \n.def  b = r17 \ncpi \na, 0   \n \nbrge  ELSE   \n \nb, 1   \nldi \n \nrjmp  END \n \n \nELSE:  ldi   b, -1   \nEND:  … \n\n \n\n; a - 0 \n; if a  0 \n; b = 1 \n; end of IF statement \n; b = -1 \n\n61 ", "Slide28": "\fSlide:\nExamples (3) \n \n\n \n\n-- with variable cycles \n\n Conditional branch \n\nSyntax: breq k     \n\nOperand: -64 ≤ k < +63  \n\nOperation: If Rd=Rr(Z=1) then PC ← PC+k+1, else \n\nPC PC+1 \n\n \n\n1  1  1  1 \n\n0  0  k  k \n\nk  k  k  k \n\nk  0  0  1 \n\n Instruction format \n\n Execution time \n\n1 clock cycle if condition is false \n\n2 clock cycles if condition is true \n\n29 \n\n ", "Slide29": "\fSlide:\nAVR Instructions  \n\n AVR has the following classes of instructions:  \n\n Arithmetic and Logic \n\n Data transfer \n\n Program control  \n\n Bit and Others \n\n Bit set and Bit test \n\n MCU Control \n\n An overview of the instructions are given in \n\nthe next slides. \n\n30 ", "Slide44": "\fSlide:\nIndirect Addressing with Post-\nincrement \n\n The address of memory data is from an address pointer \n\n(X, Y, Z) and the value of the pointer is auto-increased \nafter each memory access. \nstd Y+, r14 \n \n\n ; (Y)  r14, Y  Y+1 \n\n For example \n\n \n\n45 ", "Slide45": "\fSlide:\nProgram Memory \nAddressing \n\n46 ", "Slide46": "\fSlide:\nDirect Program Addressing \n\n The instruction address is from instruction \n\n For example \n\njmp k \n \n\n ; (PC)  k \n\n47 ", "Slide47": "\fSlide:\nRelative Program Addressing \n\n The instruction address is PC+k+1 \n\n For example \n\nrjmp k \n \n\n ; (PC)  (PC)+k+1 \n\n48 ", "Slide40": "\fSlide:\nData Direct Addressing \n\n The data memory address is given directly from \n\nthe instruction \n\n For example \n\nlds r5, 0xF123 \n \n\n ; r5  Mem(0xF123), or r5 (0xF123) \n\n41 ", "Slide41": "\fSlide:\nIndirect Addressing \n\n The data memory address is from an address \n\npointer (X, Y, Z) \n\n For example \n\nld r11, X \n \n\n ; r11  Mem(X), or r11  (X) \n\n42 ", "Slide42": "\fSlide:\nIndirect Addressing with \ndisplacement \n\n The data memory address is from (Y,Z)+q \n\n For example \n\nstd Y+10, r14 \n \n\n ; (Y+10)  r14 \n\n43 ", "Slide43": "\fSlide:\nIndirect Addressing with Pre-\ndecrement \n\n The data memory address is from an address pointer (X, Y, Z) and \n\nthe value of the pointer is auto-decreased before each memory \naccess. \n\n For example \n\nstd -Y, r14 \n \n\n ; YY-1, (Y)  r14 \n\n44 ", "Slide66": "\fSlide:\nHomework \n\n4. Translate the following if-then-else \n\nstatement, where x is an 8-bit unsigned \ninteger. \n\n \n\n \n\n \n\n \n\nz = 1; \n\nif (x < 0) \n \nelse \n \n\nz= 255; \n\n67 ", "Slide64": "\fSlide:\nHomework \n\n1. Study the following instructions (cont.) \n\n Branch instructions \n\n cp, cpc, cpi \n rjmp \n breq, brne \n brge, brlt \n brsh, brlo \n\n Data transfer instructions \n\n mov \n ldi, ld, st \n\n \n\n65 ", "Slide65": "\fSlide:\nHomework \n\n2. Implement the following functions with AVR \n\nassembly language \n1) 2-byte addition \n\n2) 2-byte multiplication \n\n3. Reverse a string of ten characters that is \n\nstored in the registers r0~r9; and store the \nreversed string in registers r10~r19 \n\n \n\n66 ", "Slide48": "\fSlide:\nIndirect Memory Addressing \n\n The instruction address is implicitly stored in \n\nZ register \n\nicall \n \n\n ; PC(15:0)  (Z), PC(21:16) 0 \n\n49 ", "Slide49": "\fSlide:\nProgram Memory Constant \nAddressing \n\n The address of the constant is stored in Z \n\nregister \n The address is a byte address. \n\n For example: \n\nlpm  \n \n\n ; r0  (Z) \n\n50 ", "Slide58": "\fSlide:\nConditional Branch \n\n Syntax:            brge  k \n\n Operands:        -64 ≤ k < 64                \n\n Operation:       If RdRr (NV=0) then PCPC+k+1,  \n\n \n\n \n\n \n\n      else PC  PC+1 if condition is false \n\n Flag affected:  None \n\n Words:            1  \n\n Cycles:            1 if condition is false; 2 if condition is true                              \n\n \n\n59 ", "Slide61": "\fSlide:\nLoop (1/2)  \n\n WHILE loop \n\n \n\n \n\n \n\n \n\n \n\ni = 1; \nwhile (i <= n) { \n \n \n} \n\nsum += i * i; \ni++; \n\n Numbers i, sum are 8-bit unsigned integers and \n\nstored in registers. You need to decide which \nregisters to use. \n\n62 ", "Slide59": "\fSlide:\nRelative  Jump \n\n Syntax:            rjmp  k \n\n Operands:        -2K ≤ k < 2K                \n\n Operation:       PC  PC+k+1 \n\n Flag affected:  None \n\n Words:            1  \n\n Cycles:            2 \n\n                              \n\n \n\n60 ", "Slide55": " ", "Slide35": "\fSlide:\nAVR Addressing Modes \n\n Immediate  \n Register direct \n Memory related addressing mode \n\n Data memory \n\n Direct \n Indirect \n Indirect with Displacement \n Indirect with Pre-decrement \n Indirect with Post-increment \n\n Program memory \n EEPROM memory \n\n Not covered in this course \n\n36 ", "Slide34": "\fSlide:\nAVR Instructions (cont.) \n\n Not all instructions are  implemented in all \n\nAVR controllers. \n\n Refer to the data sheet of a specific \n\nmicrocontroller \n\n Refer to online AVR instruction document for \n\nthe detail description of each instruction \n\n35 ", "Slide37": "\fSlide:\nRegister Direct Addressing \n\n The operands come from general purpose \n\nregisters \n\n For example \n\n \n\n \n\nadd r16, r0 \n\n \n\n r16  r16 + r0 \n\n Add register r0 to register r16 \n\n \n\n38 ", "Slide36": "\fSlide:\nImmediate Addressing \n\n The operands come from the instructions \n\n For example \n\n \n\n \n\nandi r16, 0x0F   \n\n Bitwise logic AND operation \n\n Clear upper nibble of register r16 \n\n \n\n37 ", "Slide31": "\fSlide:\nTransfer Instructions \n GP register \n\n Memory \n\n E.g. mov Rd, Rr \n\n I/O registers  \n\n E.g. in Rd, PORTA \n        out PORTB, Rr \n \n\n Stack  \n\n push Rr \n pop Rd \n\n Immediate values \n E.g. ldi Rd, K \n\n \n\n \n\n Data memory \n\n E.g. ld Rd, X \n E.g. st X, Rr \n\n Program memory \n\n E.g. lpm \n\n EEPROM memory \n\n Not covered in this course \n\n32 ", "Slide30": "\fSlide:\nArithmetic and Logic \nInstructions  \n\n Arithmetic \n addition  \n\n Logic  \n\n E.g. and Rd, Rr \n\n E.g. add Rd, Rr \n\n Shift \n\n E.g. lsl Rd \n\n Subtraction \n\n E.g. sub Rd, Rr \n\n Increment/decrement \n\n E.g. inc Rd \n\n Multiplication \n\n E.g. mul Rd, Rr \n\n31 ", "Slide33": "\fSlide:\nBit & Other Instructions \n Others \n Bit \n\n nop \n break \n sleep \n wdr \n\n \n\n Set bit \n\n E.g. sbi PORTA, b \n\n Clear bit \n\n E.g. cbi PORTA, b \n\n Bit copy \n\n E.g. bst Rd, b \n \n\n \n\n \n\n \n\n34 ", "Slide32": "\fSlide:\nProgram Control Instructions \n Branch \n\n Call subroutine  \n E.g. rcall k \n\n Conditional  \n\n Jump to address \n\n breq dest \n\n\n\ntest ALU flag and jump to \nspecified address if the test \nwas true \n\n Skips \n\n sbic k \n\n\n\ntest a bit in a register or an \nIO register and skip the next \ninstruction if the test was \ntrue. \n\n Unconditional  \n\n Jump to the specified \n\naddress  \n rjmp dest \n\n \n\n Return from subroutine \n\n E.g. ret \n\n33 ", "Slide39": "\fSlide:\nData Memory \nAddressing \n\n40 ", "Slide38": "\fSlide:\nRegister Direct Addressing  \n\n The operands come from I/O registers \n\n For example \n\nin r25, PINA \n \n\n ; r25  PIN A \n\n39 ", "Slide57": "\fSlide:\nCompare with Immediate \n\n Syntax:           cpi  Rd, k \n\n Operands:       Rd {r16, r17, …, r31} and 0 \n\nk  255 \n\n Operation:       Rd – k  (Rd is not changed)  \n\n Flags affected:  H, S, V, N, Z, C \n\n Words:            1 \n\n Cycles:            1 \n\n58 ", "Slide56": "\fSlide:\nCompare \n\n Syntax:            cp Rd, Rr \n\n Operands:       Rd {r0, r1, …, r31}  \n\n Operation:       Rd–Rr  (Rd is not changed)   \n\n Flags affected:  H, S, V, N, Z, C \n\n Words:            1 \n\n Cycles:            1 \n\n Example: \n\n  cp r4, r5 \n  brne noteq \n  ... \nnoteq: nop  \n\n; Compare r4 with r5 \n; Branch if r4  r5 \n\n; Branch destination (do nothing)                                                            \n\n57 ", "Slide19": "\fSlide:\nThe Status Register in AVR \n(cont.) \n\nI \n\nT \n\nH \n\nS \n\nV \n\nN \n\nZ \n\nC \n\n   Bit        7           6          5           4          3           2          1           0 \n\n Bit 2 – N: Negative Flag \n\n  N is the most significant bit of the result. \n\n Bit 1 – Z: Zero Flag \n\n  Z indicates a zero result in an arithmetic or \n\nlogic operation. 1: zero. 0: Non-zero. \n\n \n\n20 ", "Slide18": "\fSlide:\nThe Status Register in AVR \n(cont.) \n\nI \n\nT \n\nH \n\nS \n\nV \n\nN \n\nZ \n\nC \n\n   Bit        7           6          5           4          3           2          1           0 \n\n Bit 4 – S: Sign Bit \n\n Exclusive OR between the Negative Flag N and the \n\nTwo’s Complement Overflow Flag V ( S = N  V). \n\n  Bit 3 – V: Two’s Complement Overflow Flag \n The Two’s Complement Overflow Flag V supports \n\ntwo’s complement arithmetic. \n\n \n\n19 ", "Slide53": "\fSlide:\nAdd without Carry \n\n Syntax:            add Rd, Rr \n\n Operands:       Rd, Rr {r0, r1, …, r31} \n\n Operation:       RdRd + Rr \n\n Flags affected:  H, S, V, N, Z, C \n\n Words:            1 \n\n Cycles:            1 \n\n \n\n54 ", "Slide52": " ", "Slide51": "\fSlide:\nArithmetic calculation (3/4) \n\n Expressions \n\n \n\n \n\n where all data including products from \n\nmultiplications are 8-bit unsigned numbers; and x, \ny, z are stored in registers r2, r3, and r4. \n\n \n\n \n\n52 \n\n2xxyx2z))yx(2(xz\fSlide53:\nWhat instructions do you \nneed? \n\n sub \n mul \n ldi \n mov \n add \n\n \n\n ", "Slide50": "\fSlide:\nProgram Memory Addressing \nwith Post-increment \n\n For example \n\nlpm r16, Z+  \n \n\n ; r16  (Z), ZZ+1 \n\n51 ", "Slide13": "\fSlide:\nAVR Registers (cont.) \n\n I/O registers \n\n 64+416 8-bit registers \n\n Their names are defined in the m2560def.inc file \n\n Used in input/output instructions \n\n Mainly storing data/addresses and control signal bits  \n\n Some instructions work only with I/O registers, others \n\nwith general purpose registers – don’t confuse them \n E.g. in Rd, port  \n; Port must be an I/O register (0-63) \n E.g. lds Rd, port \n\n; Used for I/O registers (64-415) \n\n Will be covered in detail later \n\n Status register (SREG) \n\n A special I/O register \n\n14 ", "Slide12": " ", "Slide11": "\fSlide:\nArithmetic calculation (2/4) \n AVR code for  \n\n where all data including products from \n\nmultiplications are 8-bit unsigned numbers; \nand x, y, z are stored in registers r2, r3, and r4. \n \nldi  r16, 2 \nmul  r16, r2 \n \nmov   r5, r0 \n \nmul   r2, r3 \n \nsub  r5, r0 \n \nmul   r2, r2 \n \nsub  r5, r0 \nmov  r4, r5 \n\n; r16  2 \n; r1:r0  2x \n; r5  2x \n; r1:r0  xy \n; r5  2x-xy \n; r1:r0  x2 \n; r5  2x-xy- x2 \n; r4  z \n\n \n \n \n \n \n \n \n \n\n \n 8 instructions and 11 cycles \n\n12 \n\n2xxyx2z\fSlide13:\nAVR Registers (cont.) \n\n General purpose registers \n\n The following register pairs can work as address \n\nindexes \n X, r26:r27 \n\n Y, r28:r29 \n\n Z, r30:r31 \n\n The following registers can be applied for specific \n\nuse \n r1:r0 store the result of multiplication instruction \n\n r0 stores the data loaded from the program memory ", "Slide10": "\fSlide:\nCopy Register \n\n Syntax:            mov  Rd, Rr \n\n Operands:       Rd, Rr {r0,r1,…,r31}                \n\n Operation:       RdRr \n\n Flag affected:  None \n\n Words:            1  \n\n Cycles:            1 \n\n11 ", "Slide17": "\fSlide:\nThe Status Register in AVR \n(cont.) \n\nI \n\nT \n\nH \n\nS \n\nV \n\nN \n\nZ \n\nC \n\n   Bit        7           6          5           4          3           2          1           0 \n\n Bit 5 – H: Half Carry Flag \n\n  The Half Carry Flag H indicates a Half Carry \n\n(carry from bit 4)  in some arithmetic \noperations.  \n\n  Half Carry is useful in BCD arithmetic.  \n\n \n\n18 ", "Slide16": "\fSlide:\nThe Status Register in AVR \n(cont.) \n\nI \n\nT \n\nH \n\nS \n\nV \n\nN \n\nZ \n\nC \n\n   Bit        7           6          5           4          3           2          1           0 \n\n Bit 6 – T: Bit Copy Storage \n\n The Bit Copy instructions bld (Bit LoaD) and \n\nbst (Bit STore) use the T-bit as source or \ndestination for the operated bit. A bit from a \nregister in the Register File can be copied into \nT by the bst instruction, and a bit in T can be \ncopied into a bit in a register in the Register \nFile by the bld instruction. \n\n \n\n17 ", "Slide15": "\fSlide:\nThe Status Register in AVR \n(cont.) \n\nI \n\nT \n\nH \n\nS \n\nV \n\nN \n\nZ \n\nC \n\n   Bit        7           6          5           4          3           2          1           0 \n\n Bit 7 – I: Global Interrupt Enable \n\n Used to enable and disable interrupts. \n\n 1: enabled. 0: disabled.   \n\n The I-bit is cleared by hardware after an \n\ninterrupt has occurred, and is set by the RETI \ninstruction to enable subsequent interrupts. \n\n \n\n16 ", "Slide14": "\fSlide:\nThe Status Register in AVR \n\n The Status Register (SREG) contains information about \n\nthe result of the most recently executed arithmetic \ninstruction. This information can be used for altering \nprogram flow in order to perform conditional operations. \n\n SREG is updated after any of ALU operations by \n\nhardware. \n\n SREG is not automatically stored when entering an \n\ninterrupt routine and restored when returning from an \ninterrupt. This must be handled by software. \n Use in/out instructions to store/restore SREG \n\n \n\n15 ", "Slide3": "\fSlide:\nAVR Registers \n\n General purpose registers \n\n 32 8-bit registers, r0 ~ r31 or R0 ~ R31 \n\n Can be further divided into two groups \n\n First half group: r0 ~ r15 and second half group: r16 ~ \n\nr31 \n\n Some instructions work only on the second half group \n\nr16 ~ r31 \n Due to the limitation of instruction encoding bits \n\n Will be covered later \n\n E.g.  ldi Rd, #number \n\n; Rd  r16~r31 \n\n4 ", "Slide2": "\fSlide:\nAtmel AVR \n\n 8-bit RISC architecture \n\n Most instructions have 16-bit fixed length \n\n Most instructions take 1 clock cycle to execute. \n\n Load-store memory access architecture \n\n All calculations are on registers \n\n Two-stage instruction pipelining \n\n Internal program memory and data memory \n\n Wide variety of on-chip peripherals (digital I/O, \nADC, EEPROM, UART, pulse width modulator \n(PWM) etc). \n\n3 ", "Slide1": "\fSlide:\nLecture Overview \n\n AVR ISA \n\n AVR Instructions & Programming (I) \n\n Basic construct implementation \n\n \n \n\n2 ", "Slide0": "Slide:\nAVR ISA & \nAVR Programming (I) \n\nLecturer: Sri Parameswaran \n\nNotes by: Annie Guo \n\n1 ", "Slide7": "\fSlide:\nSubtract without Carry \n\n Syntax:           sub Rd, Rr \n\n Operands:       Rd, Rr {r0, r1, …, r31} \n\n Operation:       RdRd–Rr \n\n Flags affected:  H, S, V, N, Z, C \n\n Words:            1 \n\n Cycles:            1 \n\n \n\n8 ", "Slide6": "", "Slide5": "\fSlide:\nArithmetic Calculation (1/4)  \n-- example \n\n Expressions \n\n \n\n \n\n where all data including products from \n\nmultiplications are 8-bit unsigned numbers; and x, \ny, z are stored in registers r2, r3, and r4. \n\n \n\n \n\n6 \n\n2xxyx2z\fSlide7:\nWhat instructions do you \nneed? \n\n sub \n mul \n ldi \n mov \n\n \n\n ", "Slide4": "\fSlide:\nAVR Programming \n\n Refer to the online AVR Instruction Set \n\ndocumentation for the complete list of AVR \ninstructions \n http://www.cse.unsw.edu.au/~cs2121/AVR/AVR-\n\nInstruction-Set.pdf \n\n The rest of the lecture covers \n\n Programming to implement some basic constructs \n\nwith examples \n\n5 ", "Slide9": "\fSlide:\nLoad Immediate \n\n Syntax:            ldi  Rd,  k \n Operands:       Rd{r16, …, r31},  0 ≤ k  \n\n255                \n\n Operation:       Rdk \n Flag affected:  None \n Words:            1  \n Cycles:            1 \n Encoding:       1110 kkkk dddd kkkk \n Example:         \n\n  ldi  r16, 0x42          ; Load 0x42 to r16                              \n\n10 ", "Slide8": "\fSlide:\nMultiply Unsigned \n\n Syntax:            mul Rd, Rr \n\n Operands:       Rd, Rr {r0, r1, …, r31} \n\n Operation:       r1:r0Rr*Rd   \n\n (unsignedunsigned * unsigned ) \n\n Flags affected:  Z, C \n\n C is set if bit 15 of the result is set; cleared \n\notherwise.  \n\n Words:            1 \n\n Cycles:            2 \n\n9 ", "Slide54": "\fSlide:\nArithmetic calculation (4/4) \n AVR code for  \n\n \n where all data including products from multiplications are 8-\nbit unsigned numbers; and x, y, z are stored in registers r2, \nr3, and r4. \n\n \n\n \n\nmov  r5, r2 \nadd  r5, r3 \nldi  r16, 2 \nsub  r16, r5 \nmul   r2, r16 \nmov  r4, r0 \n\n \n\n \n\n \n\n \n\n \n\n \n \n \n \n \n \n\n; r5  x \n; r5  x+y \n; r16  2 \n; r16 < 2-(x+y) \n; r1:r0  x(2-(x+y)) \n; r4  z \n\n 6 instructions and 7 cycles \n\n55 \n\n2xxyx2z))yx(2(xz\fSlide56:\nControl Structure (1/2) \n-- example \n\n IF-THEN-ELSE control structure \n\n \n\n \n\n \n\n \n\nz = 1; \n\nif (x < 0) \n \nelse \n \n\nz = -1; \n\n Numbers x, z are 8-bit signed integers and stored in registers. \n\nYou need to decide which registers to use. \n\n \n\n Instructions interested \n\n Compare \n\n Conditional branch \n\n Unconditional jump "}