[
    {
        "Week": 9,
        "Slide": 0,
        "KeyPhrases": []
    },
    {
        "Week": 9,
        "Slide": 1,
        "KeyPhrases": [
            {
                "Score": 0.8996010422706604,
                "Text": "lecture"
            },
            {
                "Score": 0.8996010422706604,
                "Text": "bennett"
            },
            {
                "Score": 0.8996010422706604,
                "Text": "malloc"
            },
            {
                "Score": 0.8996010422706604,
                "Text": "list"
            },
            {
                "Score": 0.8996010422706604,
                "Text": "andrew"
            }
        ]
    },
    {
        "Week": 9,
        "Slide": 2,
        "KeyPhrases": [
            {
                "Score": 0.533657431602478,
                "Text": "overview"
            },
            {
                "Score": 0.9970005750656128,
                "Text": "lecture"
            },
            {
                "Score": 0.978544294834137,
                "Text": "malloc"
            },
            {
                "Score": 0.991321861743927,
                "Text": "reason"
            },
            {
                "Score": 0.9748751521110535,
                "Text": "memory"
            },
            {
                "Score": 0.9748751521110535,
                "Text": "management"
            },
            {
                "Score": 0.9955614805221558,
                "Text": "list"
            },
            {
                "Score": 0.9723730087280273,
                "Text": "linked"
            },
            {
                "Score": 0.9723730087280273,
                "Text": "data"
            },
            {
                "Score": 0.9723730087280273,
                "Text": "structure"
            },
            {
                "Score": 0.9723730087280273,
                "Text": "self"
            },
            {
                "Score": 0.9723730087280273,
                "Text": "referential"
            },
            {
                "Score": 0.6914159655570984,
                "Text": "note"
            },
            {
                "Score": 0.9821453094482422,
                "Text": "lecture"
            },
            {
                "Score": 0.9942171573638916,
                "Text": "lecture"
            },
            {
                "Score": 0.9992502927780151,
                "Text": "foundation"
            },
            {
                "Score": 0.9974177479743958,
                "Text": "skill"
            },
            {
                "Score": 0.999396800994873,
                "Text": "language"
            },
            {
                "Score": 0.9729824066162109,
                "Text": "consistent"
            },
            {
                "Score": 0.9729824066162109,
                "Text": "practice"
            }
        ]
    },
    {
        "Week": 9,
        "Slide": 3,
        "KeyPhrases": [
            {
                "Score": 0.8646005392074585,
                "Text": "admin"
            },
            {
                "Score": 0.8841032981872559,
                "Text": "assignment"
            },
            {
                "Score": 0.9430605173110962,
                "Text": "asap"
            },
            {
                "Score": 0.8215178847312927,
                "Text": "deadline"
            },
            {
                "Score": 0.773515522480011,
                "Text": "sunday"
            },
            {
                "Score": 0.773515522480011,
                "Text": "assignment"
            },
            {
                "Score": 0.5973501801490784,
                "Text": "progress"
            },
            {
                "Score": 0.5973501801490784,
                "Text": "week"
            },
            {
                "Score": 0.893015444278717,
                "Text": "test"
            },
            {
                "Score": 0.8549389243125916,
                "Text": "tonight"
            },
            {
                "Score": 0.9526960253715515,
                "Text": "help"
            },
            {
                "Score": 0.9526960253715515,
                "Text": "session"
            },
            {
                "Score": 0.9776559472084045,
                "Text": "course"
            },
            {
                "Score": 0.9776559472084045,
                "Text": "website"
            }
        ]
    },
    {
        "Week": 9,
        "Slide": 4,
        "KeyPhrases": [
            {
                "Score": 0.8768811225891113,
                "Text": "malloc"
            },
            {
                "Score": 0.9955022931098938,
                "Text": "memory"
            },
            {
                "Score": 0.8338874578475952,
                "Text": "heap"
            },
            {
                "Score": 0.8338874578475952,
                "Text": "memory"
            },
            {
                "Score": 0.9554241299629211,
                "Text": "program"
            },
            {
                "Score": 0.8536314368247986,
                "Text": "syntax"
            },
            {
                "Score": 0.7570288777351379,
                "Text": "malloc"
            },
            {
                "Score": 0.9899978041648865,
                "Text": "number"
            },
            {
                "Score": 0.9959508180618286,
                "Text": "byte"
            },
            {
                "Score": 0.9981462955474854,
                "Text": "pointer"
            },
            {
                "Score": 0.9996321797370911,
                "Text": "block"
            },
            {
                "Score": 0.9914926290512085,
                "Text": "allocated"
            },
            {
                "Score": 0.9914926290512085,
                "Text": "memory"
            },
            {
                "Score": 0.9983800649642944,
                "Text": "address"
            },
            {
                "Score": 0.9987664222717285,
                "Text": "memory"
            }
        ]
    },
    {
        "Week": 9,
        "Slide": 5,
        "KeyPhrases": [
            {
                "Score": 0.5660942196846008,
                "Text": "malloc"
            },
            {
                "Score": 0.6045504808425903,
                "Text": "byte"
            },
            {
                "Score": 0.6539146304130554,
                "Text": "malloc"
            },
            {
                "Score": 0.9841958284378052,
                "Text": "number"
            },
            {
                "Score": 0.9942445158958435,
                "Text": "byte"
            },
            {
                "Score": 0.9896103143692017,
                "Text": "ints"
            },
            {
                "Score": 0.7685753703117371,
                "Text": "byte"
            },
            {
                "Score": 0.9949102401733398,
                "Text": "int"
            }
        ]
    },
    {
        "Week": 9,
        "Slide": 6,
        "KeyPhrases": [
            {
                "Score": 0.6746466159820557,
                "Text": "sizeof"
            },
            {
                "Score": 0.9996330738067627,
                "Text": "size"
            },
            {
                "Score": 0.9988589286804199,
                "Text": "type"
            },
            {
                "Score": 0.961544930934906,
                "Text": "sizeof"
            },
            {
                "Score": 0.961544930934906,
                "Text": "syntax"
            },
            {
                "Score": 0.9334996342658997,
                "Text": "sizeof"
            },
            {
                "Score": 0.9775151610374451,
                "Text": "type"
            },
            {
                "Score": 0.9913740158081055,
                "Text": "int"
            },
            {
                "Score": 0.8648858070373535,
                "Text": "sizeof"
            },
            {
                "Score": 0.9515682458877563,
                "Text": "int"
            },
            {
                "Score": 0.8356031775474548,
                "Text": "printf"
            },
            {
                "Score": 0.8994874954223633,
                "Text": "sizeof"
            },
            {
                "Score": 0.9723528623580933,
                "Text": "char"
            },
            {
                "Score": 0.674755334854126,
                "Text": "printf"
            },
            {
                "Score": 0.8831362128257751,
                "Text": "sizeof"
            },
            {
                "Score": 0.937808096408844,
                "Text": "int"
            },
            {
                "Score": 0.9192208051681519,
                "Text": "sizeof"
            },
            {
                "Score": 0.8735684752464294,
                "Text": "sizeof"
            },
            {
                "Score": 0.8863924145698547,
                "Text": "sizeof"
            },
            {
                "Score": 0.6982378959655762,
                "Text": "int"
            },
            {
                "Score": 0.41992443799972534,
                "Text": "sizeof"
            }
        ]
    },
    {
        "Week": 9,
        "Slide": 7,
        "KeyPhrases": [
            {
                "Score": 0.835209846496582,
                "Text": "malloc"
            },
            {
                "Score": 0.8793462514877319,
                "Text": "memory"
            },
            {
                "Score": 0.8793462514877319,
                "Text": "syntax"
            },
            {
                "Score": 0.9755280613899231,
                "Text": "ints"
            },
            {
                "Score": 0.9755280613899231,
                "Text": "malloc"
            },
            {
                "Score": 0.8642726540565491,
                "Text": "sizeof"
            },
            {
                "Score": 0.927794873714447,
                "Text": "int"
            },
            {
                "Score": 0.6625710129737854,
                "Text": "malloc"
            },
            {
                "Score": 0.999578595161438,
                "Text": "address"
            },
            {
                "Score": 0.9973500370979309,
                "Text": "memory"
            },
            {
                "Score": 0.9989551305770874,
                "Text": "memory"
            },
            {
                "Score": 0.8169022798538208,
                "Text": "ints"
            },
            {
                "Score": 0.8169022798538208,
                "Text": "int"
            },
            {
                "Score": 0.7015742659568787,
                "Text": "malloc"
            },
            {
                "Score": 0.8643213510513306,
                "Text": "sizeof"
            },
            {
                "Score": 0.921198308467865,
                "Text": "int"
            }
        ]
    },
    {
        "Week": 9,
        "Slide": 8,
        "KeyPhrases": [
            {
                "Score": 0.6457542181015015,
                "Text": "malloc"
            },
            {
                "Score": 0.9996403455734253,
                "Text": "thing"
            },
            {
                "Score": 0.9983091354370117,
                "Text": "allocation"
            },
            {
                "Score": 0.8786642551422119,
                "Text": "malloc"
            },
            {
                "Score": 0.8616937398910522,
                "Text": "sizeof"
            },
            {
                "Score": 0.9078319668769836,
                "Text": "int"
            },
            {
                "Score": 0.7835053205490112,
                "Text": "null"
            },
            {
                "Score": 0.8021709322929382,
                "Text": "fprintf"
            },
            {
                "Score": 0.7963721752166748,
                "Text": "stderr"
            },
            {
                "Score": 0.8778199553489685,
                "Text": "error"
            },
            {
                "Score": 0.9599786400794983,
                "Text": "memory"
            },
            {
                "Score": 0.8564029932022095,
                "Text": "exit"
            }
        ]
    },
    {
        "Week": 9,
        "Slide": 9,
        "KeyPhrases": [
            {
                "Score": 0.9990940690040588,
                "Text": "memory"
            },
            {
                "Score": 0.6649982929229736,
                "Text": "obj"
            },
            {
                "Score": 0.8334590792655945,
                "Text": "release"
            },
            {
                "Score": 0.8334590792655945,
                "Text": "memory"
            },
            {
                "Score": 0.9975317120552063,
                "Text": "reference"
            },
            {
                "Score": 0.998991847038269,
                "Text": "reference"
            }
        ]
    },
    {
        "Week": 9,
        "Slide": 10,
        "KeyPhrases": [
            {
                "Score": 0.9783729910850525,
                "Text": "newton"
            },
            {
                "Score": 0.9674586653709412,
                "Text": "law"
            },
            {
                "Score": 0.9411137700080872,
                "Text": "memory"
            },
            {
                "Score": 0.9411137700080872,
                "Text": "management"
            },
            {
                "Score": 0.9980171918869019,
                "Text": "malloc"
            },
            {
                "Score": 0.8247073292732239,
                "Text": "opposite"
            },
            {
                "Score": 0.9944807291030884,
                "Text": "memory"
            },
            {
                "Score": 0.9973689913749695,
                "Text": "finite"
            },
            {
                "Score": 0.9973689913749695,
                "Text": "resource"
            },
            {
                "Score": 0.9970779418945312,
                "Text": "memory"
            },
            {
                "Score": 0.7569918632507324,
                "Text": "practice"
            },
            {
                "Score": 0.9965092539787292,
                "Text": "program"
            },
            {
                "Score": 0.9678409099578857,
                "Text": "chrome"
            }
        ]
    },
    {
        "Week": 9,
        "Slide": 11,
        "KeyPhrases": [
            {
                "Score": 0.8291639685630798,
                "Text": "sizeof"
            },
            {
                "Score": 0.9703081250190735,
                "Text": "int"
            },
            {
                "Score": 0.7787113785743713,
                "Text": "null"
            },
            {
                "Score": 0.7493540644645691,
                "Text": "printf"
            },
            {
                "Score": 0.9940325617790222,
                "Text": "array"
            },
            {
                "Score": 0.8572211861610413,
                "Text": "exit"
            },
            {
                "Score": 0.7145826816558838,
                "Text": "pointer"
            },
            {
                "Score": 0.9929991960525513,
                "Text": "lot"
            },
            {
                "Score": 0.9991200566291809,
                "Text": "thing"
            },
            {
                "Score": 0.9996365308761597,
                "Text": "memory"
            }
        ]
    },
    {
        "Week": 9,
        "Slide": 12,
        "KeyPhrases": []
    },
    {
        "Week": 9,
        "Slide": 13,
        "KeyPhrases": [
            {
                "Score": 0.8874799013137817,
                "Text": "array"
            },
            {
                "Score": 0.843673050403595,
                "Text": "array"
            },
            {
                "Score": 0.9964708089828491,
                "Text": "block"
            },
            {
                "Score": 0.9973344802856445,
                "Text": "memory"
            },
            {
                "Score": 0.9985740780830383,
                "Text": "series"
            },
            {
                "Score": 0.9987881779670715,
                "Text": "box"
            },
            {
                "Score": 0.9967526197433472,
                "Text": "memory"
            },
            {
                "Score": 0.9980385303497314,
                "Text": "item"
            },
            {
                "Score": 0.8757147789001465,
                "Text": "known"
            },
            {
                "Score": 0.8757147789001465,
                "Text": "location"
            },
            {
                "Score": 0.8136520981788635,
                "Text": "item"
            },
            {
                "Score": 0.6468595862388611,
                "Text": "array"
            },
            {
                "Score": 0.9998349547386169,
                "Text": "sequence"
            },
            {
                "Score": 0.999424934387207,
                "Text": "element"
            },
            {
                "Score": 0.9933033585548401,
                "Text": "memory"
            }
        ]
    },
    {
        "Week": 9,
        "Slide": 14,
        "KeyPhrases": [
            {
                "Score": 0.805357038974762,
                "Text": "length"
            },
            {
                "Score": 0.8315525054931641,
                "Text": "array"
            },
            {
                "Score": 0.9971412420272827,
                "Text": "advance"
            },
            {
                "Score": 0.9846959710121155,
                "Text": "length"
            },
            {
                "Score": 0.952092707157135,
                "Text": "allocation"
            },
            {
                "Score": 0.992003858089447,
                "Text": "length"
            },
            {
                "Score": 0.9992801547050476,
                "Text": "way"
            },
            {
                "Score": 0.9993613362312317,
                "Text": "collection"
            }
        ]
    },
    {
        "Week": 9,
        "Slide": 15,
        "KeyPhrases": [
            {
                "Score": 0.9988178014755249,
                "Text": "pointer"
            },
            {
                "Score": 0.9975391626358032,
                "Text": "allocation"
            },
            {
                "Score": 0.9655368328094482,
                "Text": "malloc"
            },
            {
                "Score": 0.7135757803916931,
                "Text": "sizeof"
            },
            {
                "Score": 0.9251963496208191,
                "Text": "int"
            },
            {
                "Score": 0.37670961022377014,
                "Text": "int"
            },
            {
                "Score": 0.8530011773109436,
                "Text": "sizeof"
            },
            {
                "Score": 0.9612399339675903,
                "Text": "int"
            },
            {
                "Score": 0.587065577507019,
                "Text": "int"
            },
            {
                "Score": 0.8523762226104736,
                "Text": "sizeof"
            },
            {
                "Score": 0.9613015055656433,
                "Text": "int"
            },
            {
                "Score": 0.9110642671585083,
                "Text": "pointer"
            },
            {
                "Score": 0.9992839097976685,
                "Text": "way"
            }
        ]
    },
    {
        "Week": 9,
        "Slide": 16,
        "KeyPhrases": [
            {
                "Score": 0.9994953870773315,
                "Text": "item"
            }
        ]
    },
    {
        "Week": 9,
        "Slide": 17,
        "KeyPhrases": []
    },
    {
        "Week": 9,
        "Slide": 18,
        "KeyPhrases": [
            {
                "Score": 0.9576807618141174,
                "Text": "discontinuity"
            }
        ]
    },
    {
        "Week": 9,
        "Slide": 19,
        "KeyPhrases": [
            {
                "Score": 0.9230785965919495,
                "Text": "discontinuity"
            },
            {
                "Score": 0.9968993067741394,
                "Text": "sequence"
            },
            {
                "Score": 0.996672511100769,
                "Text": "node"
            },
            {
                "Score": 0.997002363204956,
                "Text": "value"
            }
        ]
    },
    {
        "Week": 9,
        "Slide": 20,
        "KeyPhrases": [
            {
                "Score": 0.8766241073608398,
                "Text": "node"
            },
            {
                "Score": 0.8766241073608398,
                "Text": "discontinuity"
            },
            {
                "Score": 0.8766241073608398,
                "Text": "struct"
            },
            {
                "Score": 0.8909148573875427,
                "Text": "struct"
            },
            {
                "Score": 0.8909148573875427,
                "Text": "node"
            },
            {
                "Score": 0.998019814491272,
                "Text": "data"
            }
        ]
    },
    {
        "Week": 9,
        "Slide": 21,
        "KeyPhrases": [
            {
                "Score": 0.869940996170044,
                "Text": "fish"
            }
        ]
    },
    {
        "Week": 9,
        "Slide": 22,
        "KeyPhrases": [
            {
                "Score": 0.8982954025268555,
                "Text": "fish"
            }
        ]
    },
    {
        "Week": 9,
        "Slide": 23,
        "KeyPhrases": [
            {
                "Score": 0.9031800627708435,
                "Text": "fish"
            },
            {
                "Score": 0.7713391780853271,
                "Text": "node"
            },
            {
                "Score": 0.7713391780853271,
                "Text": "struct"
            },
            {
                "Score": 0.703410804271698,
                "Text": "struct"
            },
            {
                "Score": 0.703410804271698,
                "Text": "node"
            }
        ]
    },
    {
        "Week": 9,
        "Slide": 24,
        "KeyPhrases": [
            {
                "Score": 0.9651317000389099,
                "Text": "blue"
            },
            {
                "Score": 0.9651317000389099,
                "Text": "fish"
            }
        ]
    },
    {
        "Week": 9,
        "Slide": 25,
        "KeyPhrases": [
            {
                "Score": 0.8302627801895142,
                "Text": "pointer"
            }
        ]
    }
]