[
{
    "Week": 9,
    "Slide": 0,
    "KeyPhrases": [
        {
            "BeginOffset": 14,
            "EndOffset": 23,
            "Score": 0.7755911946296692,
            "Text": "1511 18s1"
        }
    ],
    "ResponseMetadata": {
        "HTTPHeaders": {
            "content-length": "96",
            "content-type": "application/x-amz-json-1.1",
            "date": "Thu, 28 Mar 2019 12:59:20 GMT",
            "x-amzn-requestid": "4d634006-5159-11e9-ad04-91cf7a3e7941"
        },
        "HTTPStatusCode": 200,
        "RequestId": "4d634006-5159-11e9-ad04-91cf7a3e7941",
        "RetryAttempts": 0
    }
},
{
    "Week": 9,
    "Slide": 1,
    "KeyPhrases": [
        {
            "BeginOffset": 5,
            "EndOffset": 86,
            "Score": 0.8996010422706604,
            "Text": "5 8s\n\u2014 Lecture 15 \u2014 \n\nmalloc + Lists\nAndrew Bennett \n\n<andrew.bennett@unsw.edu.au"
        }
    ],
    "ResponseMetadata": {
        "HTTPHeaders": {
            "content-length": "177",
            "content-type": "application/x-amz-json-1.1",
            "date": "Thu, 28 Mar 2019 12:59:21 GMT",
            "x-amzn-requestid": "4e129343-5159-11e9-99c9-7369baa4d582"
        },
        "HTTPStatusCode": 200,
        "RequestId": "4e129343-5159-11e9-99c9-7369baa4d582",
        "RetryAttempts": 0
    }
},
{
    "Week": 9,
    "Slide": 2,
    "KeyPhrases": [
        {
            "BeginOffset": 2,
            "EndOffset": 10,
            "Score": 0.533657431602478,
            "Text": "Overview"
        },
        {
            "BeginOffset": 17,
            "EndOffset": 29,
            "Score": 0.9970005750656128,
            "Text": "this lecture"
        },
        {
            "BeginOffset": 60,
            "EndOffset": 82,
            "Score": 0.9975915551185608,
            "Text": "a better understanding"
        },
        {
            "BeginOffset": 86,
            "EndOffset": 92,
            "Score": 0.978544294834137,
            "Text": "malloc"
        },
        {
            "BeginOffset": 105,
            "EndOffset": 111,
            "Score": 0.991321861743927,
            "Text": "reason"
        },
        {
            "BeginOffset": 118,
            "EndOffset": 143,
            "Score": 0.9748751521110535,
            "Text": "dynamic memory management"
        },
        {
            "BeginOffset": 150,
            "EndOffset": 171,
            "Score": 0.9989341497421265,
            "Text": "a basic understanding"
        },
        {
            "BeginOffset": 175,
            "EndOffset": 180,
            "Score": 0.9955614805221558,
            "Text": "lists"
        },
        {
            "BeginOffset": 193,
            "EndOffset": 209,
            "Score": 0.99974125623703,
            "Text": "the fundamentals"
        },
        {
            "BeginOffset": 213,
            "EndOffset": 256,
            "Score": 0.9723730087280273,
            "Text": "self-referential and linked data structures"
        },
        {
            "BeginOffset": 259,
            "EndOffset": 263,
            "Score": 0.6914159655570984,
            "Text": "note"
        },
        {
            "BeginOffset": 333,
            "EndOffset": 345,
            "Score": 0.9821453094482422,
            "Text": "this lecture"
        },
        {
            "BeginOffset": 356,
            "EndOffset": 368,
            "Score": 0.9942171573638916,
            "Text": "this lecture"
        },
        {
            "BeginOffset": 398,
            "EndOffset": 413,
            "Score": 0.9992502927780151,
            "Text": "the foundations"
        },
        {
            "BeginOffset": 434,
            "EndOffset": 446,
            "Score": 0.9974177479743958,
            "Text": "these skills"
        },
        {
            "BeginOffset": 458,
            "EndOffset": 469,
            "Score": 0.996127188205719,
            "Text": "programming"
        },
        {
            "BeginOffset": 488,
            "EndOffset": 506,
            "Score": 0.999396800994873,
            "Text": "any other language"
        },
        {
            "BeginOffset": 517,
            "EndOffset": 548,
            "Score": 0.9729824066162109,
            "Text": "consistent and regular practice"
        }
    ],
    "ResponseMetadata": {
        "HTTPHeaders": {
            "content-length": "1593",
            "content-type": "application/x-amz-json-1.1",
            "date": "Thu, 28 Mar 2019 12:59:22 GMT",
            "x-amzn-requestid": "4ec1be6f-5159-11e9-845e-7f0c2f11cc2d"
        },
        "HTTPStatusCode": 200,
        "RequestId": "4ec1be6f-5159-11e9-845e-7f0c2f11cc2d",
        "RetryAttempts": 0
    }
},
{
    "Week": 9,
    "Slide": 3,
    "KeyPhrases": [
        {
            "BeginOffset": 2,
            "EndOffset": 7,
            "Score": 0.8646005392074585,
            "Text": "Admin"
        },
        {
            "BeginOffset": 22,
            "EndOffset": 34,
            "Score": 0.8841032981872559,
            "Text": "assignment 2"
        },
        {
            "BeginOffset": 71,
            "EndOffset": 75,
            "Score": 0.9430605173110962,
            "Text": "ASAP"
        },
        {
            "BeginOffset": 79,
            "EndOffset": 87,
            "Score": 0.8215178847312927,
            "Text": "deadline"
        },
        {
            "BeginOffset": 100,
            "EndOffset": 136,
            "Score": 0.773515522480011,
            "Text": "Sunday 13th May\n\nassignment 1 \ntutor"
        },
        {
            "BeginOffset": 157,
            "EndOffset": 171,
            "Score": 0.5973501801490784,
            "Text": "progress\n\nweek"
        },
        {
            "BeginOffset": 172,
            "EndOffset": 185,
            "Score": 0.893015444278717,
            "Text": "8 weekly test"
        },
        {
            "BeginOffset": 190,
            "EndOffset": 197,
            "Score": 0.8549389243125916,
            "Text": "tonight"
        },
        {
            "BeginOffset": 236,
            "EndOffset": 249,
            "Score": 0.9526960253715515,
            "Text": "help sessions"
        },
        {
            "BeginOffset": 256,
            "EndOffset": 270,
            "Score": 0.9776559472084045,
            "Text": "course website"
        }
    ],
    "ResponseMetadata": {
        "HTTPHeaders": {
            "content-length": "865",
            "content-type": "application/x-amz-json-1.1",
            "date": "Thu, 28 Mar 2019 12:59:23 GMT",
            "x-amzn-requestid": "4f71117c-5159-11e9-bd32-375300018036"
        },
        "HTTPStatusCode": 200,
        "RequestId": "4f71117c-5159-11e9-bd32-375300018036",
        "RetryAttempts": 0
    }
},
{
    "Week": 9,
    "Slide": 4,
    "KeyPhrases": [
        {
            "BeginOffset": 2,
            "EndOffset": 8,
            "Score": 0.8768811225891113,
            "Text": "malloc"
        },
        {
            "BeginOffset": 19,
            "EndOffset": 25,
            "Score": 0.9955022931098938,
            "Text": "memory"
        },
        {
            "BeginOffset": 30,
            "EndOffset": 54,
            "Score": 0.8338874578475952,
            "Text": "the heap\u201d\n\nmemory \u201clives"
        },
        {
            "BeginOffset": 86,
            "EndOffset": 97,
            "Score": 0.9554241299629211,
            "Text": "the program"
        },
        {
            "BeginOffset": 105,
            "EndOffset": 111,
            "Score": 0.8536314368247986,
            "Text": "syntax"
        },
        {
            "BeginOffset": 114,
            "EndOffset": 120,
            "Score": 0.7570288777351379,
            "Text": "malloc"
        },
        {
            "BeginOffset": 121,
            "EndOffset": 127,
            "Score": 0.9899978041648865,
            "Text": "number"
        },
        {
            "BeginOffset": 131,
            "EndOffset": 136,
            "Score": 0.9959508180618286,
            "Text": "bytes"
        },
        {
            "BeginOffset": 160,
            "EndOffset": 169,
            "Score": 0.9981462955474854,
            "Text": "a pointer"
        },
        {
            "BeginOffset": 173,
            "EndOffset": 182,
            "Score": 0.9996321797370911,
            "Text": "the block"
        },
        {
            "BeginOffset": 186,
            "EndOffset": 202,
            "Score": 0.9914926290512085,
            "Text": "allocated memory"
        },
        {
            "BeginOffset": 210,
            "EndOffset": 221,
            "Score": 0.9983800649642944,
            "Text": "the address"
        },
        {
            "BeginOffset": 225,
            "EndOffset": 235,
            "Score": 0.9987664222717285,
            "Text": "the memory"
        }
    ],
    "ResponseMetadata": {
        "HTTPHeaders": {
            "content-length": "1086",
            "content-type": "application/x-amz-json-1.1",
            "date": "Thu, 28 Mar 2019 12:59:24 GMT",
            "x-amzn-requestid": "50208b7f-5159-11e9-a12c-4fc516924d62"
        },
        "HTTPStatusCode": 200,
        "RequestId": "50208b7f-5159-11e9-a12c-4fc516924d62",
        "RetryAttempts": 0
    }
},
{
    "Week": 9,
    "Slide": 5,
    "KeyPhrases": [
        {
            "BeginOffset": 2,
            "EndOffset": 10,
            "Score": 0.5660942196846008,
            "Text": "malloc \u2013"
        },
        {
            "BeginOffset": 20,
            "EndOffset": 25,
            "Score": 0.6045504808425903,
            "Text": "bytes"
        },
        {
            "BeginOffset": 28,
            "EndOffset": 34,
            "Score": 0.6539146304130554,
            "Text": "malloc"
        },
        {
            "BeginOffset": 35,
            "EndOffset": 41,
            "Score": 0.9841958284378052,
            "Text": "number"
        },
        {
            "BeginOffset": 45,
            "EndOffset": 50,
            "Score": 0.9942445158958435,
            "Text": "bytes"
        },
        {
            "BeginOffset": 77,
            "EndOffset": 86,
            "Score": 0.9896103143692017,
            "Text": "1000 ints"
        },
        {
            "BeginOffset": 88,
            "EndOffset": 102,
            "Score": 0.7685753703117371,
            "Text": "how many bytes"
        },
        {
            "BeginOffset": 113,
            "EndOffset": 117,
            "Score": 0.9375855326652527,
            "Text": "1000"
        },
        {
            "BeginOffset": 124,
            "EndOffset": 127,
            "Score": 0.8390752673149109,
            "Text": "big"
        },
        {
            "BeginOffset": 131,
            "EndOffset": 137,
            "Score": 0.9949102401733398,
            "Text": "an int"
        }
    ],
    "ResponseMetadata": {
        "HTTPHeaders": {
            "content-length": "800",
            "content-type": "application/x-amz-json-1.1",
            "date": "Thu, 28 Mar 2019 12:59:25 GMT",
            "x-amzn-requestid": "50cfddf8-5159-11e9-8eba-154ad056dc4d"
        },
        "HTTPStatusCode": 200,
        "RequestId": "50cfddf8-5159-11e9-8eba-154ad056dc4d",
        "RetryAttempts": 0
    }
},
{
    "Week": 9,
    "Slide": 6,
    "KeyPhrases": [
        {
            "BeginOffset": 2,
            "EndOffset": 8,
            "Score": 0.6746466159820557,
            "Text": "sizeof"
        },
        {
            "BeginOffset": 25,
            "EndOffset": 33,
            "Score": 0.9996330738067627,
            "Text": "the size"
        },
        {
            "BeginOffset": 37,
            "EndOffset": 43,
            "Score": 0.9988589286804199,
            "Text": "a type"
        },
        {
            "BeginOffset": 49,
            "EndOffset": 63,
            "Score": 0.961544930934906,
            "Text": "sizeof\n\nsyntax"
        },
        {
            "BeginOffset": 66,
            "EndOffset": 72,
            "Score": 0.9334996342658997,
            "Text": "sizeof"
        },
        {
            "BeginOffset": 73,
            "EndOffset": 77,
            "Score": 0.9775151610374451,
            "Text": "type"
        },
        {
            "BeginOffset": 85,
            "EndOffset": 89,
            "Score": 0.6900795698165894,
            "Text": "e.g."
        },
        {
            "BeginOffset": 94,
            "EndOffset": 100,
            "Score": 0.9913740158081055,
            "Text": "an int"
        },
        {
            "BeginOffset": 104,
            "EndOffset": 110,
            "Score": 0.8648858070373535,
            "Text": "sizeof"
        },
        {
            "BeginOffset": 111,
            "EndOffset": 114,
            "Score": 0.9515682458877563,
            "Text": "int"
        },
        {
            "BeginOffset": 118,
            "EndOffset": 124,
            "Score": 0.8356031775474548,
            "Text": "printf"
        },
        {
            "BeginOffset": 132,
            "EndOffset": 138,
            "Score": 0.8994874954223633,
            "Text": "sizeof"
        },
        {
            "BeginOffset": 140,
            "EndOffset": 144,
            "Score": 0.9723528623580933,
            "Text": "char"
        },
        {
            "BeginOffset": 154,
            "EndOffset": 164,
            "Score": 0.674755334854126,
            "Text": "1 \n\nprintf"
        },
        {
            "BeginOffset": 172,
            "EndOffset": 178,
            "Score": 0.8831362128257751,
            "Text": "sizeof"
        },
        {
            "BeginOffset": 180,
            "EndOffset": 183,
            "Score": 0.937808096408844,
            "Text": "int"
        },
        {
            "BeginOffset": 194,
            "EndOffset": 195,
            "Score": 0.45492249727249146,
            "Text": "4"
        },
        {
            "BeginOffset": 215,
            "EndOffset": 218,
            "Score": 0.5873585939407349,
            "Text": "%ld"
        },
        {
            "BeginOffset": 221,
            "EndOffset": 227,
            "Score": 0.9192208051681519,
            "Text": "sizeof"
        },
        {
            "BeginOffset": 229,
            "EndOffset": 235,
            "Score": 0.8699984550476074,
            "Text": "double"
        },
        {
            "BeginOffset": 243,
            "EndOffset": 244,
            "Score": 0.5674283504486084,
            "Text": "8"
        },
        {
            "BeginOffset": 264,
            "EndOffset": 267,
            "Score": 0.5863081812858582,
            "Text": "%ld"
        },
        {
            "BeginOffset": 270,
            "EndOffset": 276,
            "Score": 0.8735684752464294,
            "Text": "sizeof"
        },
        {
            "BeginOffset": 281,
            "EndOffset": 285,
            "Score": 0.9061465859413147,
            "Text": "[10]"
        },
        {
            "BeginOffset": 292,
            "EndOffset": 294,
            "Score": 0.5839000940322876,
            "Text": "40"
        },
        {
            "BeginOffset": 314,
            "EndOffset": 317,
            "Score": 0.5876578092575073,
            "Text": "%ld"
        },
        {
            "BeginOffset": 320,
            "EndOffset": 326,
            "Score": 0.8863924145698547,
            "Text": "sizeof"
        },
        {
            "BeginOffset": 328,
            "EndOffset": 333,
            "Score": 0.6982378959655762,
            "Text": "int *"
        },
        {
            "BeginOffset": 342,
            "EndOffset": 348,
            "Score": 0.7501619458198547,
            "Text": "4 or 8"
        },
        {
            "BeginOffset": 374,
            "EndOffset": 380,
            "Score": 0.41992443799972534,
            "Text": "sizeof"
        }
    ],
    "ResponseMetadata": {
        "HTTPHeaders": {
            "content-length": "2348",
            "content-type": "application/x-amz-json-1.1",
            "date": "Thu, 28 Mar 2019 12:59:26 GMT",
            "x-amzn-requestid": "517f58aa-5159-11e9-b7b4-8f0a6db039e5"
        },
        "HTTPStatusCode": 200,
        "RequestId": "517f58aa-5159-11e9-b7b4-8f0a6db039e5",
        "RetryAttempts": 0
    }
},
{
    "Week": 9,
    "Slide": 7,
    "KeyPhrases": [
        {
            "BeginOffset": 2,
            "EndOffset": 8,
            "Score": 0.835209846496582,
            "Text": "malloc"
        },
        {
            "BeginOffset": 10,
            "EndOffset": 45,
            "Score": 0.8793462514877319,
            "Text": "syntax\n\n// allocating enough memory"
        },
        {
            "BeginOffset": 50,
            "EndOffset": 68,
            "Score": 0.9755280613899231,
            "Text": "1000 ints \n\nmalloc"
        },
        {
            "BeginOffset": 69,
            "EndOffset": 82,
            "Score": 0.8642726540565491,
            "Text": "1000 * sizeof"
        },
        {
            "BeginOffset": 83,
            "EndOffset": 86,
            "Score": 0.927794873714447,
            "Text": "int"
        },
        {
            "BeginOffset": 101,
            "EndOffset": 107,
            "Score": 0.6625710129737854,
            "Text": "malloc"
        },
        {
            "BeginOffset": 116,
            "EndOffset": 127,
            "Score": 0.999578595161438,
            "Text": "the address"
        },
        {
            "BeginOffset": 131,
            "EndOffset": 141,
            "Score": 0.9973500370979309,
            "Text": "the memory"
        },
        {
            "BeginOffset": 173,
            "EndOffset": 186,
            "Score": 0.9989551305770874,
            "Text": "enough memory"
        },
        {
            "BeginOffset": 191,
            "EndOffset": 206,
            "Score": 0.8169022798538208,
            "Text": "1000 ints \n\nint"
        },
        {
            "BeginOffset": 207,
            "EndOffset": 218,
            "Score": 0.7015742659568787,
            "Text": "*p = malloc"
        },
        {
            "BeginOffset": 219,
            "EndOffset": 232,
            "Score": 0.8643213510513306,
            "Text": "1000 * sizeof"
        },
        {
            "BeginOffset": 233,
            "EndOffset": 236,
            "Score": 0.921198308467865,
            "Text": "int"
        }
    ],
    "ResponseMetadata": {
        "HTTPHeaders": {
            "content-length": "1112",
            "content-type": "application/x-amz-json-1.1",
            "date": "Thu, 28 Mar 2019 12:59:27 GMT",
            "x-amzn-requestid": "522e8453-5159-11e9-b79a-031038b16953"
        },
        "HTTPStatusCode": 200,
        "RequestId": "522e8453-5159-11e9-b79a-031038b16953",
        "RetryAttempts": 0
    }
},
{
    "Week": 9,
    "Slide": 8,
    "KeyPhrases": [
        {
            "BeginOffset": 2,
            "EndOffset": 10,
            "Score": 0.6457542181015015,
            "Text": "malloc \u2013"
        },
        {
            "BeginOffset": 16,
            "EndOffset": 22,
            "Score": 0.9996403455734253,
            "Text": "things"
        },
        {
            "BeginOffset": 48,
            "EndOffset": 62,
            "Score": 0.9983091354370117,
            "Text": "the allocation"
        },
        {
            "BeginOffset": 76,
            "EndOffset": 86,
            "Score": 0.8786642551422119,
            "Text": "p = malloc"
        },
        {
            "BeginOffset": 87,
            "EndOffset": 100,
            "Score": 0.8616937398910522,
            "Text": "1000 * sizeof"
        },
        {
            "BeginOffset": 101,
            "EndOffset": 104,
            "Score": 0.9078319668769836,
            "Text": "int"
        },
        {
            "BeginOffset": 114,
            "EndOffset": 123,
            "Score": 0.7835053205490112,
            "Text": "p == NULL"
        },
        {
            "BeginOffset": 133,
            "EndOffset": 140,
            "Score": 0.8021709322929382,
            "Text": "fprintf"
        },
        {
            "BeginOffset": 141,
            "EndOffset": 147,
            "Score": 0.7963721752166748,
            "Text": "stderr"
        },
        {
            "BeginOffset": 150,
            "EndOffset": 155,
            "Score": 0.8778199553489685,
            "Text": "Error"
        },
        {
            "BeginOffset": 175,
            "EndOffset": 181,
            "Score": 0.9599786400794983,
            "Text": "memory"
        },
        {
            "BeginOffset": 194,
            "EndOffset": 198,
            "Score": 0.8564029932022095,
            "Text": "exit"
        },
        {
            "BeginOffset": 199,
            "EndOffset": 200,
            "Score": 0.991158664226532,
            "Text": "1"
        }
    ],
    "ResponseMetadata": {
        "HTTPHeaders": {
            "content-length": "1048",
            "content-type": "application/x-amz-json-1.1",
            "date": "Thu, 28 Mar 2019 12:59:29 GMT",
            "x-amzn-requestid": "52cdf830-5159-11e9-a1f4-5925745f18c1"
        },
        "HTTPStatusCode": 200,
        "RequestId": "52cdf830-5159-11e9-a1f4-5925745f18c1",
        "RetryAttempts": 0
    }
},
{
    "Week": 9,
    "Slide": 9,
    "KeyPhrases": [
        {
            "BeginOffset": 28,
            "EndOffset": 38,
            "Score": 0.9990940690040588,
            "Text": "the memory"
        },
        {
            "BeginOffset": 77,
            "EndOffset": 80,
            "Score": 0.6649982929229736,
            "Text": "obj"
        },
        {
            "BeginOffset": 84,
            "EndOffset": 98,
            "Score": 0.8334590792655945,
            "Text": "release memory"
        },
        {
            "BeginOffset": 115,
            "EndOffset": 126,
            "Score": 0.9975317120552063,
            "Text": "a reference"
        },
        {
            "BeginOffset": 137,
            "EndOffset": 155,
            "Score": 0.998991847038269,
            "Text": "the same reference"
        }
    ],
    "ResponseMetadata": {
        "HTTPHeaders": {
            "content-length": "430",
            "content-type": "application/x-amz-json-1.1",
            "date": "Thu, 28 Mar 2019 12:59:29 GMT",
            "x-amzn-requestid": "5356d76a-5159-11e9-845e-7f0c2f11cc2d"
        },
        "HTTPStatusCode": 200,
        "RequestId": "5356d76a-5159-11e9-845e-7f0c2f11cc2d",
        "RetryAttempts": 0
    }
},
{
    "Week": 9,
    "Slide": 10,
    "KeyPhrases": [
        {
            "BeginOffset": 2,
            "EndOffset": 8,
            "Score": 0.9783729910850525,
            "Text": "Newton"
        },
        {
            "BeginOffset": 8,
            "EndOffset": 18,
            "Score": 0.9674586653709412,
            "Text": "\u2019s 3rd Law"
        },
        {
            "BeginOffset": 22,
            "EndOffset": 41,
            "Score": 0.9411137700080872,
            "Text": "Memory Management\n\u201c"
        },
        {
            "BeginOffset": 45,
            "EndOffset": 57,
            "Score": 0.9980171918869019,
            "Text": "every malloc"
        },
        {
            "BeginOffset": 68,
            "EndOffset": 89,
            "Score": 0.8247073292732239,
            "Text": "an equal and opposite"
        },
        {
            "BeginOffset": 104,
            "EndOffset": 110,
            "Score": 0.9944807291030884,
            "Text": "memory"
        },
        {
            "BeginOffset": 114,
            "EndOffset": 131,
            "Score": 0.9973689913749695,
            "Text": "a finite resource"
        },
        {
            "BeginOffset": 142,
            "EndOffset": 148,
            "Score": 0.9970779418945312,
            "Text": "memory"
        },
        {
            "BeginOffset": 152,
            "EndOffset": 164,
            "Score": 0.7569918632507324,
            "Text": "bad practice"
        },
        {
            "BeginOffset": 181,
            "EndOffset": 200,
            "Score": 0.9965092539787292,
            "Text": "long-lived programs"
        },
        {
            "BeginOffset": 209,
            "EndOffset": 213,
            "Score": 0.9087345600128174,
            "Text": "e.g."
        },
        {
            "BeginOffset": 215,
            "EndOffset": 221,
            "Score": 0.9678409099578857,
            "Text": "Chrome"
        }
    ],
    "ResponseMetadata": {
        "HTTPHeaders": {
            "content-length": "1022",
            "content-type": "application/x-amz-json-1.1",
            "date": "Thu, 28 Mar 2019 12:59:31 GMT",
            "x-amzn-requestid": "53fcb4aa-5159-11e9-ad04-91cf7a3e7941"
        },
        "HTTPStatusCode": 200,
        "RequestId": "53fcb4aa-5159-11e9-ad04-91cf7a3e7941",
        "RetryAttempts": 0
    }
},
{
    "Week": 9,
    "Slide": 11,
    "KeyPhrases": [
        {
            "BeginOffset": 44,
            "EndOffset": 53,
            "Score": 0.6336010098457336,
            "Text": "100000000"
        },
        {
            "BeginOffset": 56,
            "EndOffset": 62,
            "Score": 0.8291639685630798,
            "Text": "sizeof"
        },
        {
            "BeginOffset": 64,
            "EndOffset": 67,
            "Score": 0.9703081250190735,
            "Text": "int"
        },
        {
            "BeginOffset": 77,
            "EndOffset": 86,
            "Score": 0.7787113785743713,
            "Text": "p == NULL"
        },
        {
            "BeginOffset": 96,
            "EndOffset": 102,
            "Score": 0.7493540644645691,
            "Text": "printf"
        },
        {
            "BeginOffset": 103,
            "EndOffset": 109,
            "Score": 0.7527125477790833,
            "Text": "\"Error"
        },
        {
            "BeginOffset": 111,
            "EndOffset": 116,
            "Score": 0.9940325617790222,
            "Text": "array"
        },
        {
            "BeginOffset": 152,
            "EndOffset": 156,
            "Score": 0.8572211861610413,
            "Text": "exit"
        },
        {
            "BeginOffset": 157,
            "EndOffset": 158,
            "Score": 0.9908275008201599,
            "Text": "1"
        },
        {
            "BeginOffset": 188,
            "EndOffset": 199,
            "Score": 0.7145826816558838,
            "Text": "the pointer"
        },
        {
            "BeginOffset": 209,
            "EndOffset": 213,
            "Score": 0.9929991960525513,
            "Text": "lots"
        },
        {
            "BeginOffset": 217,
            "EndOffset": 223,
            "Score": 0.9991200566291809,
            "Text": "things"
        },
        {
            "BeginOffset": 246,
            "EndOffset": 256,
            "Score": 0.9996365308761597,
            "Text": "the memory"
        }
    ],
    "ResponseMetadata": {
        "HTTPHeaders": {
            "connection": "close",
            "content-length": "1037",
            "content-type": "application/x-amz-json-1.1",
            "date": "Thu, 28 Mar 2019 12:59:32 GMT",
            "x-amzn-requestid": "549cc488-5159-11e9-b1f4-0d6fc4dbbbce"
        },
        "HTTPStatusCode": 200,
        "RequestId": "549cc488-5159-11e9-b1f4-0d6fc4dbbbce",
        "RetryAttempts": 0
    }
},
{
    "Week": 9,
    "Slide": 12,
    "KeyPhrases": [],
    "ResponseMetadata": {
        "HTTPHeaders": {
            "content-length": "17",
            "content-type": "application/x-amz-json-1.1",
            "date": "Thu, 28 Mar 2019 12:59:33 GMT",
            "x-amzn-requestid": "555b5a30-5159-11e9-9c6b-1b49fa666314"
        },
        "HTTPStatusCode": 200,
        "RequestId": "555b5a30-5159-11e9-9c6b-1b49fa666314",
        "RetryAttempts": 0
    }
},
{
    "Week": 9,
    "Slide": 13,
    "KeyPhrases": [
        {
            "BeginOffset": 11,
            "EndOffset": 17,
            "Score": 0.8874799013137817,
            "Text": "Arrays"
        },
        {
            "BeginOffset": 19,
            "EndOffset": 25,
            "Score": 0.843673050403595,
            "Text": "arrays"
        },
        {
            "BeginOffset": 27,
            "EndOffset": 45,
            "Score": 0.9964708089828491,
            "Text": "a contiguous block"
        },
        {
            "BeginOffset": 49,
            "EndOffset": 55,
            "Score": 0.9973344802856445,
            "Text": "memory"
        },
        {
            "BeginOffset": 59,
            "EndOffset": 78,
            "Score": 0.9985740780830383,
            "Text": "a continuous series"
        },
        {
            "BeginOffset": 82,
            "EndOffset": 87,
            "Score": 0.9987881779670715,
            "Text": "boxes"
        },
        {
            "BeginOffset": 91,
            "EndOffset": 97,
            "Score": 0.9967526197433472,
            "Text": "memory"
        },
        {
            "BeginOffset": 100,
            "EndOffset": 109,
            "Score": 0.9980385303497314,
            "Text": "each item"
        },
        {
            "BeginOffset": 114,
            "EndOffset": 130,
            "Score": 0.8757147789001465,
            "Text": "a known location"
        },
        {
            "BeginOffset": 151,
            "EndOffset": 168,
            "Score": 0.8136520981788635,
            "Text": "the previous item"
        },
        {
            "BeginOffset": 174,
            "EndOffset": 182,
            "Score": 0.6468595862388611,
            "Text": "array[7]"
        },
        {
            "BeginOffset": 187,
            "EndOffset": 206,
            "Score": 0.9550153613090515,
            "Text": "3, 1, 4, 1, 5, 9, 2"
        },
        {
            "BeginOffset": 220,
            "EndOffset": 230,
            "Score": 0.9998349547386169,
            "Text": "a sequence"
        },
        {
            "BeginOffset": 234,
            "EndOffset": 242,
            "Score": 0.999424934387207,
            "Text": "elements"
        },
        {
            "BeginOffset": 246,
            "EndOffset": 252,
            "Score": 0.9933033585548401,
            "Text": "memory"
        },
        {
            "BeginOffset": 255,
            "EndOffset": 378,
            "Score": 0.952898383140564,
            "Text": "\u2504\u2500\u252c\u2500\u2500\u2500\u2500\u252c\u2500\u2500\u2500\u2500\u252c\u2500\u2500\u2500\u2500\u252c\u2500\u2500\u2500\u2500\u252c\u2500\u2500\u2500\u2500\u252c\u2500\u2500\u2500\u2500\u252c\u2500\u2500\u2500\u2500\u252c\u2500\u2504 \n\n  \u2502  3 \u2502  1 \u2502  4 \u2502  1 \u2502  5 \u2502  9 \u2502  2 \u2502 \n\n\u2504\u2500\u2534\u2500\u2500\u2500\u2500\u2534\u2500\u2500\u2500\u2500\u2534\u2500\u2500\u2500\u2500\u2534\u2500\u2500\u2500\u2500\u2534\u2500\u2500\u2500\u2500\u2534\u2500\u2500\u2500\u2500\u2534\u2500\u2500\u2500\u2500\u2534\u2500"
        }
    ],
    "ResponseMetadata": {
        "HTTPHeaders": {
            "content-length": "1627",
            "content-type": "application/x-amz-json-1.1",
            "date": "Thu, 28 Mar 2019 12:59:34 GMT",
            "x-amzn-requestid": "55faa782-5159-11e9-845e-7f0c2f11cc2d"
        },
        "HTTPStatusCode": 200,
        "RequestId": "55faa782-5159-11e9-845e-7f0c2f11cc2d",
        "RetryAttempts": 0
    }
},
{
    "Week": 9,
    "Slide": 14,
    "KeyPhrases": [
        {
            "BeginOffset": 2,
            "EndOffset": 20,
            "Score": 0.805357038974762,
            "Text": "Varying the Length"
        },
        {
            "BeginOffset": 47,
            "EndOffset": 60,
            "Score": 0.8315525054931641,
            "Text": "big our array"
        },
        {
            "BeginOffset": 76,
            "EndOffset": 83,
            "Score": 0.9971412420272827,
            "Text": "advance"
        },
        {
            "BeginOffset": 114,
            "EndOffset": 124,
            "Score": 0.9846959710121155,
            "Text": "the length"
        },
        {
            "BeginOffset": 141,
            "EndOffset": 160,
            "Score": 0.952092707157135,
            "Text": "dynamic allocation\u2026"
        },
        {
            "BeginOffset": 202,
            "EndOffset": 208,
            "Score": 0.992003858089447,
            "Text": "length"
        },
        {
            "BeginOffset": 218,
            "EndOffset": 227,
            "Score": 0.9992801547050476,
            "Text": "a new way"
        },
        {
            "BeginOffset": 242,
            "EndOffset": 253,
            "Score": 0.9993613362312317,
            "Text": "collections"
        }
    ],
    "ResponseMetadata": {
        "HTTPHeaders": {
            "content-length": "685",
            "content-type": "application/x-amz-json-1.1",
            "date": "Thu, 28 Mar 2019 12:59:35 GMT",
            "x-amzn-requestid": "56a9fa63-5159-11e9-845e-7f0c2f11cc2d"
        },
        "HTTPStatusCode": 200,
        "RequestId": "56a9fa63-5159-11e9-845e-7f0c2f11cc2d",
        "RetryAttempts": 0
    }
},
{
    "Week": 9,
    "Slide": 15,
    "KeyPhrases": [
        {
            "BeginOffset": 30,
            "EndOffset": 46,
            "Score": 0.9988178014755249,
            "Text": "several pointers"
        },
        {
            "BeginOffset": 59,
            "EndOffset": 70,
            "Score": 0.9975391626358032,
            "Text": "allocations"
        },
        {
            "BeginOffset": 78,
            "EndOffset": 88,
            "Score": 0.9655368328094482,
            "Text": "a = malloc"
        },
        {
            "BeginOffset": 90,
            "EndOffset": 100,
            "Score": 0.7135757803916931,
            "Text": "1 * sizeof"
        },
        {
            "BeginOffset": 102,
            "EndOffset": 105,
            "Score": 0.9251963496208191,
            "Text": "int"
        },
        {
            "BeginOffset": 112,
            "EndOffset": 117,
            "Score": 0.9636532664299011,
            "Text": "a = 3"
        },
        {
            "BeginOffset": 121,
            "EndOffset": 124,
            "Score": 0.37670961022377014,
            "Text": "int"
        },
        {
            "BeginOffset": 138,
            "EndOffset": 139,
            "Score": 0.6233458518981934,
            "Text": "1"
        },
        {
            "BeginOffset": 142,
            "EndOffset": 148,
            "Score": 0.8530011773109436,
            "Text": "sizeof"
        },
        {
            "BeginOffset": 150,
            "EndOffset": 153,
            "Score": 0.9612399339675903,
            "Text": "int"
        },
        {
            "BeginOffset": 164,
            "EndOffset": 165,
            "Score": 0.7953338623046875,
            "Text": "1"
        },
        {
            "BeginOffset": 169,
            "EndOffset": 172,
            "Score": 0.587065577507019,
            "Text": "int"
        },
        {
            "BeginOffset": 186,
            "EndOffset": 187,
            "Score": 0.6303163170814514,
            "Text": "1"
        },
        {
            "BeginOffset": 190,
            "EndOffset": 196,
            "Score": 0.8523762226104736,
            "Text": "sizeof"
        },
        {
            "BeginOffset": 198,
            "EndOffset": 201,
            "Score": 0.9613015055656433,
            "Text": "int"
        },
        {
            "BeginOffset": 259,
            "EndOffset": 278,
            "Score": 0.9110642671585083,
            "Text": "all those pointers\u2026"
        },
        {
            "BeginOffset": 298,
            "EndOffset": 308,
            "Score": 0.9992839097976685,
            "Text": "a nice way"
        }
    ],
    "ResponseMetadata": {
        "HTTPHeaders": {
            "content-length": "1363",
            "content-type": "application/x-amz-json-1.1",
            "date": "Thu, 28 Mar 2019 12:59:36 GMT",
            "x-amzn-requestid": "57496dc7-5159-11e9-9bf3-7b40ac3c3f45"
        },
        "HTTPStatusCode": 200,
        "RequestId": "57496dc7-5159-11e9-9bf3-7b40ac3c3f45",
        "RetryAttempts": 0
    }
},
{
    "Week": 9,
    "Slide": 16,
    "KeyPhrases": [
        {
            "BeginOffset": 11,
            "EndOffset": 20,
            "Score": 0.9994953870773315,
            "Text": "each item"
        },
        {
            "BeginOffset": 35,
            "EndOffset": 47,
            "Score": 0.9976230263710022,
            "Text": "the next one"
        }
    ],
    "ResponseMetadata": {
        "HTTPHeaders": {
            "content-length": "179",
            "content-type": "application/x-amz-json-1.1",
            "date": "Thu, 28 Mar 2019 12:59:38 GMT",
            "x-amzn-requestid": "57f899f9-5159-11e9-b1f4-0d6fc4dbbbce"
        },
        "HTTPStatusCode": 200,
        "RequestId": "57f899f9-5159-11e9-b1f4-0d6fc4dbbbce",
        "RetryAttempts": 0
    }
},
{
    "Week": 9,
    "Slide": 17,
    "KeyPhrases": [],
    "ResponseMetadata": {
        "HTTPHeaders": {
            "content-length": "17",
            "content-type": "application/x-amz-json-1.1",
            "date": "Thu, 28 Mar 2019 12:59:38 GMT",
            "x-amzn-requestid": "5897c01c-5159-11e9-a698-9b1a515702e6"
        },
        "HTTPStatusCode": 200,
        "RequestId": "5897c01c-5159-11e9-a698-9b1a515702e6",
        "RetryAttempts": 0
    }
},
{
    "Week": 9,
    "Slide": 18,
    "KeyPhrases": [
        {
            "BeginOffset": 2,
            "EndOffset": 249,
            "Score": 0.9576807618141174,
            "Text": "Continual Discontinuity\n \u256d\u2500\u2500\u2500\u256e   \u256d\u2500\u2500\u2500\u256e   \u256d\u2500\u2500\u2500\u256e   \u256d\u2500\u2500\u2500\u256e  \n \u2502 3 \u251c\u2500\u256e \u2502 5 \u251c\u2500\u2500\u2500\u2502 9 \u251c\u2500\u2500\u2500\u2502 2 \u251c\u2573 \n \u2570\u2500\u2500\u2500\u256f \u2502 \u2570\u2500\u2500\u2500\u256f   \u2570\u2500\u2500\u2500\u256f   \u2570\u2500\u2500\u2500\u256f  \n       \u2502   \u2570\u2500\u2500\u2500\u2500\u2500\u2500\u2500\u2500\u2500\u2500\u2500\u2500\u2500\u2500\u2500\u256e    \n     \u256d\u2500\u2500\u2500\u256e   \u256d\u2500\u2500\u2500\u256e   \u256d\u2500\u2500\u2500\u256e \u2502    \n     \u2502 1 \u251c\u2500\u2500\u2500\u2502 4 \u251c\u2500\u2500\u2500\u2502 1 \u251c\u2500\u256f    \n     \u2570\u2500\u2500\u2500\u256f   \u2570\u2500\u2500\u2500\u256f   \u2570\u2500\u2500\u2500"
        }
    ],
    "ResponseMetadata": {
        "HTTPHeaders": {
            "content-length": "581",
            "content-type": "application/x-amz-json-1.1",
            "date": "Thu, 28 Mar 2019 12:59:40 GMT",
            "x-amzn-requestid": "5947616c-5159-11e9-8d49-d71cd8da7611"
        },
        "HTTPStatusCode": 200,
        "RequestId": "5947616c-5159-11e9-8d49-d71cd8da7611",
        "RetryAttempts": 0
    }
},
{
    "Week": 9,
    "Slide": 19,
    "KeyPhrases": [
        {
            "BeginOffset": 2,
            "EndOffset": 25,
            "Score": 0.9230785965919495,
            "Text": "Continual Discontinuity"
        },
        {
            "BeginOffset": 26,
            "EndOffset": 36,
            "Score": 0.9968993067741394,
            "Text": "a sequence"
        },
        {
            "BeginOffset": 40,
            "EndOffset": 45,
            "Score": 0.996672511100769,
            "Text": "nodes"
        },
        {
            "BeginOffset": 59,
            "EndOffset": 66,
            "Score": 0.997002363204956,
            "Text": "a value"
        },
        {
            "BeginOffset": 71,
            "EndOffset": 94,
            "Score": 0.8689448833465576,
            "Text": "a next\n\n\u256d\u2500\u2500\u2500\u256e   \n\u2502 3 \u251c\u2500"
        }
    ],
    "ResponseMetadata": {
        "HTTPHeaders": {
            "content-length": "455",
            "content-type": "application/x-amz-json-1.1",
            "date": "Thu, 28 Mar 2019 12:59:41 GMT",
            "x-amzn-requestid": "59f68cfb-5159-11e9-b270-937b8b08d656"
        },
        "HTTPStatusCode": 200,
        "RequestId": "59f68cfb-5159-11e9-b270-937b8b08d656",
        "RetryAttempts": 0
    }
},
{
    "Week": 9,
    "Slide": 20,
    "KeyPhrases": [
        {
            "BeginOffset": 2,
            "EndOffset": 38,
            "Score": 0.8766241073608398,
            "Text": "Continual Discontinuity\n\nstruct node"
        },
        {
            "BeginOffset": 47,
            "EndOffset": 58,
            "Score": 0.8909148573875427,
            "Text": "struct node"
        },
        {
            "BeginOffset": 85,
            "EndOffset": 89,
            "Score": 0.998019814491272,
            "Text": "data"
        }
    ],
    "ResponseMetadata": {
        "HTTPHeaders": {
            "content-length": "280",
            "content-type": "application/x-amz-json-1.1",
            "date": "Thu, 28 Mar 2019 12:59:41 GMT",
            "x-amzn-requestid": "5aa62d66-5159-11e9-9413-d9ac0f641d76"
        },
        "HTTPStatusCode": 200,
        "RequestId": "5aa62d66-5159-11e9-9413-d9ac0f641d76",
        "RetryAttempts": 0
    }
},
{
    "Week": 9,
    "Slide": 21,
    "KeyPhrases": [
        {
            "BeginOffset": 2,
            "EndOffset": 36,
            "Score": 0.869940996170044,
            "Text": "One Fish\u2026\n\u256d\u2500\u2500\u2500\u256e            \n\u2502 3 \u251c\u2500"
        }
    ],
    "ResponseMetadata": {
        "HTTPHeaders": {
            "content-length": "139",
            "content-type": "application/x-amz-json-1.1",
            "date": "Thu, 28 Mar 2019 12:59:42 GMT",
            "x-amzn-requestid": "5b45f0a0-5159-11e9-a12c-4fc516924d62"
        },
        "HTTPStatusCode": 200,
        "RequestId": "5b45f0a0-5159-11e9-a12c-4fc516924d62",
        "RetryAttempts": 0
    }
},
{
    "Week": 9,
    "Slide": 22,
    "KeyPhrases": [
        {
            "BeginOffset": 2,
            "EndOffset": 36,
            "Score": 0.8982954025268555,
            "Text": "Two Fish\u2026\n\u256d\u2500\u2500\u2500\u256e    \u256d\u2500\u2500\u2500\u256e   \n\u2502 3 \u251c\u2500"
        }
    ],
    "ResponseMetadata": {
        "HTTPHeaders": {
            "content-length": "150",
            "content-type": "application/x-amz-json-1.1",
            "date": "Thu, 28 Mar 2019 12:59:44 GMT",
            "x-amzn-requestid": "5be4c875-5159-11e9-9c6b-1b49fa666314"
        },
        "HTTPStatusCode": 200,
        "RequestId": "5be4c875-5159-11e9-9c6b-1b49fa666314",
        "RetryAttempts": 0
    }
},
{
    "Week": 9,
    "Slide": 23,
    "KeyPhrases": [
        {
            "BeginOffset": 2,
            "EndOffset": 62,
            "Score": 0.9031800627708435,
            "Text": "Red Fish\u2026\n\u256d\u2500\u2500\u2500\u256e    \u256d\u2500\u2500\u2500\u256e   \n\u2502 3 \u251c\u2500\u2500\u2500\u2500\u2502 1 \u251c\u2500* \n\u2570\u2500\u2500\u2500\u256f    \u2570\u2500\u2500\u2500\u256f"
        },
        {
            "BeginOffset": 68,
            "EndOffset": 96,
            "Score": 0.7713391780853271,
            "Text": "a        b     \n\nstruct node"
        },
        {
            "BeginOffset": 103,
            "EndOffset": 104,
            "Score": 0.758563220500946,
            "Text": "3"
        },
        {
            "BeginOffset": 110,
            "EndOffset": 125,
            "Score": 0.703410804271698,
            "Text": "struct node b ="
        },
        {
            "BeginOffset": 128,
            "EndOffset": 129,
            "Score": 0.8986071348190308,
            "Text": "1"
        },
        {
            "BeginOffset": 138,
            "EndOffset": 146,
            "Score": 0.6129173636436462,
            "Text": "a.next ="
        }
    ],
    "ResponseMetadata": {
        "HTTPHeaders": {
            "content-length": "625",
            "content-type": "application/x-amz-json-1.1",
            "date": "Thu, 28 Mar 2019 12:59:45 GMT",
            "x-amzn-requestid": "5c941abb-5159-11e9-a41b-5514da879d83"
        },
        "HTTPStatusCode": 200,
        "RequestId": "5c941abb-5159-11e9-a41b-5514da879d83",
        "RetryAttempts": 0
    }
},
{
    "Week": 9,
    "Slide": 24,
    "KeyPhrases": [
        {
            "BeginOffset": 2,
            "EndOffset": 11,
            "Score": 0.9651317000389099,
            "Text": "Blue Fish"
        }
    ],
    "ResponseMetadata": {
        "HTTPHeaders": {
            "content-length": "95",
            "content-type": "application/x-amz-json-1.1",
            "date": "Thu, 28 Mar 2019 12:59:46 GMT",
            "x-amzn-requestid": "5d33dd10-5159-11e9-8d49-d71cd8da7611"
        },
        "HTTPStatusCode": 200,
        "RequestId": "5d33dd10-5159-11e9-8d49-d71cd8da7611",
        "RetryAttempts": 0
    }
},
{
    "Week": 9,
    "Slide": 25,
    "KeyPhrases": [
        {
            "BeginOffset": 2,
            "EndOffset": 12,
            "Score": 0.8302627801895142,
            "Text": "\u2026 pointers"
        }
    ],
    "ResponseMetadata": {
        "HTTPHeaders": {
            "content-length": "98",
            "content-type": "application/x-amz-json-1.1",
            "date": "Thu, 28 Mar 2019 12:59:47 GMT",
            "x-amzn-requestid": "5dca0295-5159-11e9-8d49-d71cd8da7611"
        },
        "HTTPStatusCode": 200,
        "RequestId": "5dca0295-5159-11e9-8d49-d71cd8da7611",
        "RetryAttempts": 0
    }
}
]