[
{
    "Week": 9,
    "Slide": 0,
    "KeyPhrases": [
        {
            "BeginOffset": 14,
            "EndOffset": 23,
            "Score": 0.7755911946296692,
            "Text": "1511 18s1"
        }
    ],
    "ResponseMetadata": {
        "HTTPHeaders": {
            "content-length": "96",
            "content-type": "application/x-amz-json-1.1",
            "date": "Thu, 28 Mar 2019 12:59:49 GMT",
            "x-amzn-requestid": "5e729f17-5159-11e9-9413-d9ac0f641d76"
        },
        "HTTPStatusCode": 200,
        "RequestId": "5e729f17-5159-11e9-9413-d9ac0f641d76",
        "RetryAttempts": 0
    }
},
{
    "Week": 9,
    "Slide": 1,
    "KeyPhrases": [
        {
            "BeginOffset": 5,
            "EndOffset": 99,
            "Score": 0.9037705063819885,
            "Text": "5 8s\n\u2014 Lecture 14 \u2014 \n\nPointers + Structs + malloc\nAndrew Bennett \n\n<andrew.bennett@unsw.edu.au"
        }
    ],
    "ResponseMetadata": {
        "HTTPHeaders": {
            "content-length": "190",
            "content-type": "application/x-amz-json-1.1",
            "date": "Thu, 28 Mar 2019 12:59:49 GMT",
            "x-amzn-requestid": "5f21cab4-5159-11e9-8cd3-a305e61d9913"
        },
        "HTTPStatusCode": 200,
        "RequestId": "5f21cab4-5159-11e9-8cd3-a305e61d9913",
        "RetryAttempts": 0
    }
},
{
    "Week": 9,
    "Slide": 2,
    "KeyPhrases": [
        {
            "BeginOffset": 19,
            "EndOffset": 20,
            "Score": 0.7555587887763977,
            "Text": "\u2026"
        },
        {
            "BeginOffset": 46,
            "EndOffset": 56,
            "Score": 0.997734785079956,
            "Text": "the person"
        },
        {
            "BeginOffset": 105,
            "EndOffset": 117,
            "Score": 0.9725195169448853,
            "Text": "assignment 2"
        }
    ],
    "ResponseMetadata": {
        "HTTPHeaders": {
            "content-length": "255",
            "content-type": "application/x-amz-json-1.1",
            "date": "Thu, 28 Mar 2019 12:59:50 GMT",
            "x-amzn-requestid": "5fb1881f-5159-11e9-9067-a580ee7ec557"
        },
        "HTTPStatusCode": 200,
        "RequestId": "5fb1881f-5159-11e9-9067-a580ee7ec557",
        "RetryAttempts": 0
    }
},
{
    "Week": 9,
    "Slide": 3,
    "KeyPhrases": [
        {
            "BeginOffset": 2,
            "EndOffset": 10,
            "Score": 0.533657431602478,
            "Text": "Overview"
        },
        {
            "BeginOffset": 17,
            "EndOffset": 29,
            "Score": 0.9970005750656128,
            "Text": "this lecture"
        },
        {
            "BeginOffset": 60,
            "EndOffset": 68,
            "Score": 0.9956164360046387,
            "Text": "progress"
        },
        {
            "BeginOffset": 72,
            "EndOffset": 84,
            "Score": 0.9475059509277344,
            "Text": "assignment 2"
        },
        {
            "BeginOffset": 91,
            "EndOffset": 113,
            "Score": 0.9963575601577759,
            "Text": "a better understanding"
        },
        {
            "BeginOffset": 117,
            "EndOffset": 125,
            "Score": 0.9995841383934021,
            "Text": "pointers"
        },
        {
            "BeginOffset": 133,
            "EndOffset": 141,
            "Score": 0.9028895497322083,
            "Text": "pointers"
        },
        {
            "BeginOffset": 159,
            "EndOffset": 167,
            "Score": 0.9933346509933472,
            "Text": "pointers"
        },
        {
            "BeginOffset": 180,
            "EndOffset": 188,
            "Score": 0.9995695948600769,
            "Text": "pointers"
        },
        {
            "BeginOffset": 195,
            "EndOffset": 217,
            "Score": 0.9970539808273315,
            "Text": "a better understanding"
        },
        {
            "BeginOffset": 221,
            "EndOffset": 228,
            "Score": 0.997654378414154,
            "Text": "structs"
        },
        {
            "BeginOffset": 235,
            "EndOffset": 257,
            "Score": 0.9977912902832031,
            "Text": "a better understanding"
        },
        {
            "BeginOffset": 261,
            "EndOffset": 267,
            "Score": 0.9978653788566589,
            "Text": "memory"
        },
        {
            "BeginOffset": 275,
            "EndOffset": 300,
            "Score": 0.9672904014587402,
            "Text": "dynamic memory allocation"
        },
        {
            "BeginOffset": 307,
            "EndOffset": 313,
            "Score": 0.4936903119087219,
            "Text": "malloc"
        },
        {
            "BeginOffset": 316,
            "EndOffset": 330,
            "Score": 0.9974974393844604,
            "Text": "the difference"
        },
        {
            "BeginOffset": 341,
            "EndOffset": 345,
            "Score": 0.7232751250267029,
            "Text": "note"
        },
        {
            "BeginOffset": 415,
            "EndOffset": 427,
            "Score": 0.982145369052887,
            "Text": "this lecture"
        },
        {
            "BeginOffset": 438,
            "EndOffset": 450,
            "Score": 0.9942170977592468,
            "Text": "this lecture"
        },
        {
            "BeginOffset": 480,
            "EndOffset": 495,
            "Score": 0.9992503523826599,
            "Text": "the foundations"
        },
        {
            "BeginOffset": 516,
            "EndOffset": 528,
            "Score": 0.9974177479743958,
            "Text": "these skills"
        },
        {
            "BeginOffset": 540,
            "EndOffset": 551,
            "Score": 0.9961270689964294,
            "Text": "programming"
        },
        {
            "BeginOffset": 569,
            "EndOffset": 588,
            "Score": 0.999396800994873,
            "Text": "any other\n\nlanguage"
        },
        {
            "BeginOffset": 599,
            "EndOffset": 630,
            "Score": 0.9729823470115662,
            "Text": "consistent and regular practice"
        }
    ],
    "ResponseMetadata": {
        "HTTPHeaders": {
            "content-length": "2068",
            "content-type": "application/x-amz-json-1.1",
            "date": "Thu, 28 Mar 2019 12:59:51 GMT",
            "x-amzn-requestid": "605800b1-5159-11e9-99c9-7369baa4d582"
        },
        "HTTPStatusCode": 200,
        "RequestId": "605800b1-5159-11e9-99c9-7369baa4d582",
        "RetryAttempts": 0
    }
},
{
    "Week": 9,
    "Slide": 4,
    "KeyPhrases": [
        {
            "BeginOffset": 2,
            "EndOffset": 7,
            "Score": 0.8646005392074585,
            "Text": "Admin"
        },
        {
            "BeginOffset": 22,
            "EndOffset": 34,
            "Score": 0.8841032981872559,
            "Text": "assignment 2"
        },
        {
            "BeginOffset": 71,
            "EndOffset": 86,
            "Score": 0.9900027513504028,
            "Text": "ASAP \n\ndeadline"
        },
        {
            "BeginOffset": 99,
            "EndOffset": 135,
            "Score": 0.7759718894958496,
            "Text": "Sunday 13th May\n\nassignment 1 \ntutor"
        },
        {
            "BeginOffset": 156,
            "EndOffset": 170,
            "Score": 0.5975807905197144,
            "Text": "progress\n\nweek"
        },
        {
            "BeginOffset": 171,
            "EndOffset": 184,
            "Score": 0.8997082114219666,
            "Text": "8 weekly test"
        },
        {
            "BeginOffset": 189,
            "EndOffset": 197,
            "Score": 0.9707968235015869,
            "Text": "tomorrow"
        },
        {
            "BeginOffset": 236,
            "EndOffset": 249,
            "Score": 0.9527119398117065,
            "Text": "help sessions"
        },
        {
            "BeginOffset": 256,
            "EndOffset": 270,
            "Score": 0.9776555895805359,
            "Text": "course website"
        }
    ],
    "ResponseMetadata": {
        "HTTPHeaders": {
            "content-length": "801",
            "content-type": "application/x-amz-json-1.1",
            "date": "Thu, 28 Mar 2019 12:59:53 GMT",
            "x-amzn-requestid": "60ffb231-5159-11e9-a8a0-9f0a29161967"
        },
        "HTTPStatusCode": 200,
        "RequestId": "60ffb231-5159-11e9-a8a0-9f0a29161967",
        "RetryAttempts": 0
    }
},
{
    "Week": 9,
    "Slide": 5,
    "KeyPhrases": [
        {
            "BeginOffset": 5,
            "EndOffset": 12,
            "Score": 0.8222870826721191,
            "Text": "\u2019s talk"
        }
    ],
    "ResponseMetadata": {
        "HTTPHeaders": {
            "content-length": "95",
            "content-type": "application/x-amz-json-1.1",
            "date": "Thu, 28 Mar 2019 12:59:54 GMT",
            "x-amzn-requestid": "61af05af-5159-11e9-b270-937b8b08d656"
        },
        "HTTPStatusCode": 200,
        "RequestId": "61af05af-5159-11e9-b270-937b8b08d656",
        "RetryAttempts": 0
    }
},
{
    "Week": 9,
    "Slide": 6,
    "KeyPhrases": [
        {
            "BeginOffset": 2,
            "EndOffset": 10,
            "Score": 0.7969534993171692,
            "Text": "Pointers"
        },
        {
            "BeginOffset": 33,
            "EndOffset": 41,
            "Score": 0.9977280497550964,
            "Text": "pointers"
        },
        {
            "BeginOffset": 54,
            "EndOffset": 60,
            "Score": 0.9906229972839355,
            "Text": "a step"
        }
    ],
    "ResponseMetadata": {
        "HTTPHeaders": {
            "content-length": "250",
            "content-type": "application/x-amz-json-1.1",
            "date": "Thu, 28 Mar 2019 12:59:55 GMT",
            "x-amzn-requestid": "6248d4d4-5159-11e9-bd32-375300018036"
        },
        "HTTPStatusCode": 200,
        "RequestId": "6248d4d4-5159-11e9-bd32-375300018036",
        "RetryAttempts": 0
    }
},
{
    "Week": 9,
    "Slide": 7,
    "KeyPhrases": [
        {
            "BeginOffset": 2,
            "EndOffset": 11,
            "Score": 0.9023564457893372,
            "Text": "Variables"
        },
        {
            "BeginOffset": 18,
            "EndOffset": 29,
            "Score": 0.9579344391822815,
            "Text": "all the way"
        },
        {
            "BeginOffset": 38,
            "EndOffset": 45,
            "Score": 0.7458171248435974,
            "Text": "week 1\u2026"
        },
        {
            "BeginOffset": 51,
            "EndOffset": 58,
            "Score": 0.7018268704414368,
            "Text": "int age"
        },
        {
            "BeginOffset": 61,
            "EndOffset": 63,
            "Score": 0.9973666071891785,
            "Text": "16"
        }
    ],
    "ResponseMetadata": {
        "HTTPHeaders": {
            "content-length": "408",
            "content-type": "application/x-amz-json-1.1",
            "date": "Thu, 28 Mar 2019 12:59:56 GMT",
            "x-amzn-requestid": "62fbf78c-5159-11e9-ad04-91cf7a3e7941"
        },
        "HTTPStatusCode": 200,
        "RequestId": "62fbf78c-5159-11e9-ad04-91cf7a3e7941",
        "RetryAttempts": 0
    }
},
{
    "Week": 9,
    "Slide": 8,
    "KeyPhrases": [
        {
            "BeginOffset": 2,
            "EndOffset": 25,
            "Score": 0.7464672327041626,
            "Text": "Variables and Functions"
        },
        {
            "BeginOffset": 33,
            "EndOffset": 37,
            "Score": 0.7270719408988953,
            "Text": "main"
        },
        {
            "BeginOffset": 38,
            "EndOffset": 42,
            "Score": 0.6776233315467834,
            "Text": "void"
        },
        {
            "BeginOffset": 52,
            "EndOffset": 59,
            "Score": 0.835737407207489,
            "Text": "int age"
        },
        {
            "BeginOffset": 62,
            "EndOffset": 64,
            "Score": 0.9843240976333618,
            "Text": "16"
        },
        {
            "BeginOffset": 72,
            "EndOffset": 82,
            "Score": 0.8030835390090942,
            "Text": "int height"
        },
        {
            "BeginOffset": 85,
            "EndOffset": 88,
            "Score": 0.9821515083312988,
            "Text": "185"
        }
    ],
    "ResponseMetadata": {
        "HTTPHeaders": {
            "content-length": "564",
            "content-type": "application/x-amz-json-1.1",
            "date": "Thu, 28 Mar 2019 12:59:56 GMT",
            "x-amzn-requestid": "63acd0e4-5159-11e9-b270-937b8b08d656"
        },
        "HTTPStatusCode": 200,
        "RequestId": "63acd0e4-5159-11e9-b270-937b8b08d656",
        "RetryAttempts": 0
    }
},
{
    "Week": 9,
    "Slide": 9,
    "KeyPhrases": [
        {
            "BeginOffset": 2,
            "EndOffset": 25,
            "Score": 0.6927170753479004,
            "Text": "Variables and Functions"
        },
        {
            "BeginOffset": 30,
            "EndOffset": 68,
            "Score": 0.8391762375831604,
            "Text": "Arrays\n \n\n#define SIZE 5 \n\n \n\nint main"
        },
        {
            "BeginOffset": 69,
            "EndOffset": 73,
            "Score": 0.5927263498306274,
            "Text": "void"
        },
        {
            "BeginOffset": 83,
            "EndOffset": 90,
            "Score": 0.8290922045707703,
            "Text": "int age"
        },
        {
            "BeginOffset": 93,
            "EndOffset": 95,
            "Score": 0.980595052242279,
            "Text": "16"
        },
        {
            "BeginOffset": 107,
            "EndOffset": 118,
            "Score": 0.867229163646698,
            "Text": "array[SIZE]"
        },
        {
            "BeginOffset": 126,
            "EndOffset": 129,
            "Score": 0.9616689085960388,
            "Text": "foo"
        },
        {
            "BeginOffset": 130,
            "EndOffset": 135,
            "Score": 0.958564817905426,
            "Text": "array"
        },
        {
            "BeginOffset": 147,
            "EndOffset": 155,
            "Score": 0.6705085039138794,
            "Text": "void foo"
        },
        {
            "BeginOffset": 156,
            "EndOffset": 165,
            "Score": 0.7674339413642883,
            "Text": "int array"
        },
        {
            "BeginOffset": 166,
            "EndOffset": 171,
            "Score": 0.9398462772369385,
            "Text": "SIZE]"
        }
    ],
    "ResponseMetadata": {
        "HTTPHeaders": {
            "content-length": "927",
            "content-type": "application/x-amz-json-1.1",
            "date": "Thu, 28 Mar 2019 12:59:59 GMT",
            "x-amzn-requestid": "645c72a5-5159-11e9-b269-c1f80b73919e"
        },
        "HTTPStatusCode": 200,
        "RequestId": "645c72a5-5159-11e9-b269-c1f80b73919e",
        "RetryAttempts": 0
    }
},
{
    "Week": 9,
    "Slide": 10,
    "KeyPhrases": [
        {
            "BeginOffset": 5,
            "EndOffset": 10,
            "Score": 0.6767825484275818,
            "Text": "num ="
        },
        {
            "BeginOffset": 18,
            "EndOffset": 23,
            "Score": 0.562033474445343,
            "Text": "array"
        },
        {
            "BeginOffset": 24,
            "EndOffset": 26,
            "Score": 0.940843403339386,
            "Text": "0]"
        },
        {
            "BeginOffset": 29,
            "EndOffset": 32,
            "Score": 0.9041266441345215,
            "Text": "100"
        },
        {
            "BeginOffset": 45,
            "EndOffset": 58,
            "Score": 0.7673854231834412,
            "Text": "10\n\nVariables"
        },
        {
            "BeginOffset": 63,
            "EndOffset": 72,
            "Score": 0.6297842860221863,
            "Text": "Functions"
        },
        {
            "BeginOffset": 77,
            "EndOffset": 83,
            "Score": 0.5638673901557922,
            "Text": "Arrays"
        },
        {
            "BeginOffset": 88,
            "EndOffset": 128,
            "Score": 0.8133809566497803,
            "Text": "Pointers\n \n\n#define SIZE 5 \n\n \n\nint main"
        },
        {
            "BeginOffset": 129,
            "EndOffset": 133,
            "Score": 0.6130880117416382,
            "Text": "void"
        },
        {
            "BeginOffset": 143,
            "EndOffset": 150,
            "Score": 0.8484315276145935,
            "Text": "int age"
        },
        {
            "BeginOffset": 153,
            "EndOffset": 155,
            "Score": 0.9809114933013916,
            "Text": "16"
        },
        {
            "BeginOffset": 167,
            "EndOffset": 178,
            "Score": 0.8673354983329773,
            "Text": "array[SIZE]"
        },
        {
            "BeginOffset": 186,
            "EndOffset": 189,
            "Score": 0.956867516040802,
            "Text": "foo"
        },
        {
            "BeginOffset": 190,
            "EndOffset": 195,
            "Score": 0.9415009617805481,
            "Text": "array"
        },
        {
            "BeginOffset": 198,
            "EndOffset": 201,
            "Score": 0.9725574851036072,
            "Text": "age"
        },
        {
            "BeginOffset": 213,
            "EndOffset": 221,
            "Score": 0.6769973039627075,
            "Text": "void foo"
        },
        {
            "BeginOffset": 222,
            "EndOffset": 231,
            "Score": 0.7572944760322571,
            "Text": "int array"
        },
        {
            "BeginOffset": 232,
            "EndOffset": 237,
            "Score": 0.9232915639877319,
            "Text": "SIZE]"
        },
        {
            "BeginOffset": 239,
            "EndOffset": 247,
            "Score": 0.6718124151229858,
            "Text": "int *age"
        },
        {
            "BeginOffset": 257,
            "EndOffset": 264,
            "Score": 0.7227546572685242,
            "Text": "int num"
        },
        {
            "BeginOffset": 267,
            "EndOffset": 269,
            "Score": 0.8671144843101501,
            "Text": "10"
        },
        {
            "BeginOffset": 277,
            "EndOffset": 282,
            "Score": 0.538167417049408,
            "Text": "array"
        },
        {
            "BeginOffset": 283,
            "EndOffset": 285,
            "Score": 0.9385190010070801,
            "Text": "0]"
        },
        {
            "BeginOffset": 288,
            "EndOffset": 291,
            "Score": 0.974518895149231,
            "Text": "100"
        },
        {
            "BeginOffset": 300,
            "EndOffset": 303,
            "Score": 0.6453513503074646,
            "Text": "age"
        },
        {
            "BeginOffset": 306,
            "EndOffset": 308,
            "Score": 0.9922618865966797,
            "Text": "21"
        }
    ],
    "ResponseMetadata": {
        "HTTPHeaders": {
            "content-length": "2074",
            "content-type": "application/x-amz-json-1.1",
            "date": "Thu, 28 Mar 2019 13:00:00 GMT",
            "x-amzn-requestid": "659b0ce5-5159-11e9-a12c-4fc516924d62"
        },
        "HTTPStatusCode": 200,
        "RequestId": "659b0ce5-5159-11e9-a12c-4fc516924d62",
        "RetryAttempts": 0
    }
},
{
    "Week": 9,
    "Slide": 11,
    "KeyPhrases": [],
    "ResponseMetadata": {
        "HTTPHeaders": {
            "content-length": "17",
            "content-type": "application/x-amz-json-1.1",
            "date": "Thu, 28 Mar 2019 13:00:01 GMT",
            "x-amzn-requestid": "663a80fb-5159-11e9-9067-a580ee7ec557"
        },
        "HTTPStatusCode": 200,
        "RequestId": "663a80fb-5159-11e9-9067-a580ee7ec557",
        "RetryAttempts": 0
    }
},
{
    "Week": 9,
    "Slide": 12,
    "KeyPhrases": [
        {
            "BeginOffset": 2,
            "EndOffset": 15,
            "Score": 0.9782259464263916,
            "Text": "Arrays\narrays"
        },
        {
            "BeginOffset": 20,
            "EndOffset": 32,
            "Score": 0.9977143406867981,
            "Text": "a collection"
        },
        {
            "BeginOffset": 44,
            "EndOffset": 57,
            "Score": 0.9997144341468811,
            "Text": "the same type"
        },
        {
            "BeginOffset": 61,
            "EndOffset": 83,
            "Score": 0.9029866456985474,
            "Text": "variable\n\n \n\nint array"
        },
        {
            "BeginOffset": 84,
            "EndOffset": 87,
            "Score": 0.9131972789764404,
            "Text": "10]"
        },
        {
            "BeginOffset": 94,
            "EndOffset": 106,
            "Score": 0.696549117565155,
            "Text": "// ten boxes"
        },
        {
            "BeginOffset": 126,
            "EndOffset": 182,
            "Score": 0.941238284111023,
            "Text": "1 int \n\n[ ][ ][ ][ ][ ][ ][ ][ ][ ][ ] \n\n \n\n// ten boxes"
        },
        {
            "BeginOffset": 202,
            "EndOffset": 207,
            "Score": 0.7143486738204956,
            "Text": "1 int"
        },
        {
            "BeginOffset": 211,
            "EndOffset": 239,
            "Score": 0.8660156726837158,
            "Text": "0][1][2][3][4][5][6][7][8][9"
        }
    ],
    "ResponseMetadata": {
        "HTTPHeaders": {
            "content-length": "834",
            "content-type": "application/x-amz-json-1.1",
            "date": "Thu, 28 Mar 2019 13:00:03 GMT",
            "x-amzn-requestid": "66e9acf2-5159-11e9-9ee0-d7b69e2c846a"
        },
        "HTTPStatusCode": 200,
        "RequestId": "66e9acf2-5159-11e9-9ee0-d7b69e2c846a",
        "RetryAttempts": 0
    }
},
{
    "Week": 9,
    "Slide": 13,
    "KeyPhrases": [
        {
            "BeginOffset": 2,
            "EndOffset": 17,
            "Score": 0.9915540218353271,
            "Text": "Structs\nstructs"
        },
        {
            "BeginOffset": 22,
            "EndOffset": 34,
            "Score": 0.9976584315299988,
            "Text": "a collection"
        },
        {
            "BeginOffset": 46,
            "EndOffset": 61,
            "Score": 0.9994023442268372,
            "Text": "different types"
        },
        {
            "BeginOffset": 65,
            "EndOffset": 74,
            "Score": 0.7520060539245605,
            "Text": "variables"
        },
        {
            "BeginOffset": 79,
            "EndOffset": 93,
            "Score": 0.8122543692588806,
            "Text": "struct student"
        },
        {
            "BeginOffset": 106,
            "EndOffset": 109,
            "Score": 0.9263864159584045,
            "Text": "zid"
        },
        {
            "BeginOffset": 117,
            "EndOffset": 140,
            "Score": 0.7931308150291443,
            "Text": "char name[MAX_NAME_LEN]"
        },
        {
            "BeginOffset": 148,
            "EndOffset": 161,
            "Score": 0.8027711510658264,
            "Text": "int ass1_mark"
        },
        {
            "BeginOffset": 176,
            "EndOffset": 183,
            "Score": 0.9529563188552856,
            "Text": "one box"
        },
        {
            "BeginOffset": 198,
            "EndOffset": 240,
            "Score": 0.8910313248634338,
            "Text": "an int \n\n[5112345] \n\n// MAX_NAME_LEN boxes"
        },
        {
            "BeginOffset": 255,
            "EndOffset": 305,
            "Score": 0.9222683310508728,
            "Text": "a char \n\n[A][n][d][r][e][w][\\0][ ][ ] \n\n// one box"
        },
        {
            "BeginOffset": 320,
            "EndOffset": 326,
            "Score": 0.7197794318199158,
            "Text": "an int"
        },
        {
            "BeginOffset": 329,
            "EndOffset": 334,
            "Score": 0.7567217350006104,
            "Text": "[94.5"
        }
    ],
    "ResponseMetadata": {
        "HTTPHeaders": {
            "content-length": "1178",
            "content-type": "application/x-amz-json-1.1",
            "date": "Thu, 28 Mar 2019 13:00:03 GMT",
            "x-amzn-requestid": "6798ff86-5159-11e9-88a1-7f24626c0794"
        },
        "HTTPStatusCode": 200,
        "RequestId": "6798ff86-5159-11e9-88a1-7f24626c0794",
        "RetryAttempts": 0
    }
},
{
    "Week": 9,
    "Slide": 14,
    "KeyPhrases": [
        {
            "BeginOffset": 2,
            "EndOffset": 17,
            "Score": 0.9915540218353271,
            "Text": "Structs\nstructs"
        },
        {
            "BeginOffset": 22,
            "EndOffset": 34,
            "Score": 0.9976584315299988,
            "Text": "a collection"
        },
        {
            "BeginOffset": 46,
            "EndOffset": 61,
            "Score": 0.9994023442268372,
            "Text": "different types"
        },
        {
            "BeginOffset": 65,
            "EndOffset": 74,
            "Score": 0.7520060539245605,
            "Text": "variables"
        },
        {
            "BeginOffset": 79,
            "EndOffset": 93,
            "Score": 0.8122543692588806,
            "Text": "struct student"
        },
        {
            "BeginOffset": 106,
            "EndOffset": 109,
            "Score": 0.9263864159584045,
            "Text": "zid"
        },
        {
            "BeginOffset": 117,
            "EndOffset": 140,
            "Score": 0.7931308150291443,
            "Text": "char name[MAX_NAME_LEN]"
        },
        {
            "BeginOffset": 148,
            "EndOffset": 161,
            "Score": 0.8027727007865906,
            "Text": "int ass1_mark"
        },
        {
            "BeginOffset": 173,
            "EndOffset": 194,
            "Score": 0.9062372446060181,
            "Text": "struct student andrew"
        },
        {
            "BeginOffset": 198,
            "EndOffset": 218,
            "Score": 0.7685492634773254,
            "Text": "andrew.zid = 5112345"
        },
        {
            "BeginOffset": 222,
            "EndOffset": 238,
            "Score": 0.7727433443069458,
            "Text": "andrew.ass1_mark"
        },
        {
            "BeginOffset": 241,
            "EndOffset": 245,
            "Score": 0.9814706444740295,
            "Text": "94.5"
        },
        {
            "BeginOffset": 249,
            "EndOffset": 255,
            "Score": 0.7578018307685852,
            "Text": "strcpy"
        },
        {
            "BeginOffset": 256,
            "EndOffset": 267,
            "Score": 0.6718552112579346,
            "Text": "andrew.name"
        },
        {
            "BeginOffset": 270,
            "EndOffset": 276,
            "Score": 0.8427127599716187,
            "Text": "Andrew"
        },
        {
            "BeginOffset": 288,
            "EndOffset": 295,
            "Score": 0.9441890120506287,
            "Text": "one box"
        },
        {
            "BeginOffset": 310,
            "EndOffset": 352,
            "Score": 0.8909665942192078,
            "Text": "an int \n\n[5112345] \n\n// MAX_NAME_LEN boxes"
        },
        {
            "BeginOffset": 367,
            "EndOffset": 417,
            "Score": 0.9222691059112549,
            "Text": "a char \n\n[A][n][d][r][e][w][\\0][ ][ ] \n\n// one box"
        },
        {
            "BeginOffset": 432,
            "EndOffset": 438,
            "Score": 0.7197808027267456,
            "Text": "an int"
        },
        {
            "BeginOffset": 441,
            "EndOffset": 446,
            "Score": 0.7567247152328491,
            "Text": "[94.5"
        }
    ],
    "ResponseMetadata": {
        "HTTPHeaders": {
            "content-length": "1773",
            "content-type": "application/x-amz-json-1.1",
            "date": "Thu, 28 Mar 2019 13:00:05 GMT",
            "x-amzn-requestid": "684852dc-5159-11e9-a283-3b6eea63fce5"
        },
        "HTTPStatusCode": 200,
        "RequestId": "684852dc-5159-11e9-a283-3b6eea63fce5",
        "RetryAttempts": 0
    }
},
{
    "Week": 9,
    "Slide": 15,
    "KeyPhrases": [
        {
            "BeginOffset": 2,
            "EndOffset": 8,
            "Score": 0.9378335475921631,
            "Text": "Arrays"
        },
        {
            "BeginOffset": 12,
            "EndOffset": 19,
            "Score": 0.8477784395217896,
            "Text": "Structs"
        },
        {
            "BeginOffset": 24,
            "EndOffset": 38,
            "Score": 0.7899819612503052,
            "Text": "struct student"
        },
        {
            "BeginOffset": 51,
            "EndOffset": 54,
            "Score": 0.911289632320404,
            "Text": "zid"
        },
        {
            "BeginOffset": 62,
            "EndOffset": 85,
            "Score": 0.7926400899887085,
            "Text": "char name[MAX_NAME_LEN]"
        },
        {
            "BeginOffset": 93,
            "EndOffset": 106,
            "Score": 0.8034128546714783,
            "Text": "int ass1_mark"
        },
        {
            "BeginOffset": 118,
            "EndOffset": 141,
            "Score": 0.8757124543190002,
            "Text": "struct student students"
        },
        {
            "BeginOffset": 141,
            "EndOffset": 155,
            "Score": 0.7775865793228149,
            "Text": "[NUM_STUDENTS]"
        },
        {
            "BeginOffset": 171,
            "EndOffset": 189,
            "Score": 0.9553558230400085,
            "Text": "one student struct"
        },
        {
            "BeginOffset": 193,
            "EndOffset": 202,
            "Score": 0.9995694756507874,
            "Text": "the array"
        },
        {
            "BeginOffset": 206,
            "EndOffset": 224,
            "Score": 0.877086877822876,
            "Text": "structs \n\nstudents"
        },
        {
            "BeginOffset": 225,
            "EndOffset": 227,
            "Score": 0.9603554606437683,
            "Text": "0]"
        },
        {
            "BeginOffset": 228,
            "EndOffset": 231,
            "Score": 0.4484736919403076,
            "Text": "zid"
        },
        {
            "BeginOffset": 234,
            "EndOffset": 241,
            "Score": 0.9918445944786072,
            "Text": "5112345"
        },
        {
            "BeginOffset": 245,
            "EndOffset": 253,
            "Score": 0.9122834801673889,
            "Text": "students"
        },
        {
            "BeginOffset": 254,
            "EndOffset": 256,
            "Score": 0.9257171750068665,
            "Text": "0]"
        },
        {
            "BeginOffset": 257,
            "EndOffset": 266,
            "Score": 0.8268774747848511,
            "Text": "ass1_mark"
        },
        {
            "BeginOffset": 269,
            "EndOffset": 273,
            "Score": 0.9822296500205994,
            "Text": "94.5"
        },
        {
            "BeginOffset": 277,
            "EndOffset": 283,
            "Score": 0.8311576247215271,
            "Text": "strcpy"
        },
        {
            "BeginOffset": 284,
            "EndOffset": 292,
            "Score": 0.6382415294647217,
            "Text": "students"
        },
        {
            "BeginOffset": 293,
            "EndOffset": 295,
            "Score": 0.9672666192054749,
            "Text": "0]"
        },
        {
            "BeginOffset": 302,
            "EndOffset": 309,
            "Score": 0.792971134185791,
            "Text": "\"Andrew"
        },
        {
            "BeginOffset": 330,
            "EndOffset": 352,
            "Score": 0.9559844136238098,
            "Text": "another student struct"
        },
        {
            "BeginOffset": 356,
            "EndOffset": 365,
            "Score": 0.9995607137680054,
            "Text": "the array"
        },
        {
            "BeginOffset": 369,
            "EndOffset": 387,
            "Score": 0.8831928968429565,
            "Text": "structs \n\nstudents"
        },
        {
            "BeginOffset": 388,
            "EndOffset": 390,
            "Score": 0.9426496028900146,
            "Text": "1]"
        },
        {
            "BeginOffset": 391,
            "EndOffset": 394,
            "Score": 0.438255250453949,
            "Text": "zid"
        },
        {
            "BeginOffset": 397,
            "EndOffset": 404,
            "Score": 0.9930869936943054,
            "Text": "9100123"
        },
        {
            "BeginOffset": 408,
            "EndOffset": 416,
            "Score": 0.8969524502754211,
            "Text": "students"
        },
        {
            "BeginOffset": 417,
            "EndOffset": 419,
            "Score": 0.8895753026008606,
            "Text": "2]"
        },
        {
            "BeginOffset": 420,
            "EndOffset": 429,
            "Score": 0.8245032429695129,
            "Text": "ass1_mark"
        },
        {
            "BeginOffset": 432,
            "EndOffset": 436,
            "Score": 0.9616736769676208,
            "Text": "64.2"
        },
        {
            "BeginOffset": 440,
            "EndOffset": 446,
            "Score": 0.8302582502365112,
            "Text": "strcpy"
        },
        {
            "BeginOffset": 447,
            "EndOffset": 455,
            "Score": 0.582149863243103,
            "Text": "students"
        },
        {
            "BeginOffset": 456,
            "EndOffset": 458,
            "Score": 0.9549495577812195,
            "Text": "3]"
        },
        {
            "BeginOffset": 465,
            "EndOffset": 472,
            "Score": 0.8049559593200684,
            "Text": "\"Andrew"
        }
    ],
    "ResponseMetadata": {
        "HTTPHeaders": {
            "content-length": "2945",
            "content-type": "application/x-amz-json-1.1",
            "date": "Thu, 28 Mar 2019 13:00:06 GMT",
            "x-amzn-requestid": "68f7cc77-5159-11e9-b1f4-0d6fc4dbbbce"
        },
        "HTTPStatusCode": 200,
        "RequestId": "68f7cc77-5159-11e9-b1f4-0d6fc4dbbbce",
        "RetryAttempts": 0
    }
},
{
    "Week": 9,
    "Slide": 16,
    "KeyPhrases": [
        {
            "BeginOffset": 5,
            "EndOffset": 12,
            "Score": 0.7918353080749512,
            "Text": "\u2019s play"
        }
    ],
    "ResponseMetadata": {
        "HTTPHeaders": {
            "content-length": "95",
            "content-type": "application/x-amz-json-1.1",
            "date": "Thu, 28 Mar 2019 13:00:06 GMT",
            "x-amzn-requestid": "69a6f7b6-5159-11e9-968d-b5d967a94d5a"
        },
        "HTTPStatusCode": 200,
        "RequestId": "69a6f7b6-5159-11e9-968d-b5d967a94d5a",
        "RetryAttempts": 0
    }
},
{
    "Week": 9,
    "Slide": 17,
    "KeyPhrases": [
        {
            "BeginOffset": 12,
            "EndOffset": 21,
            "Score": 0.9939520359039307,
            "Text": "your task"
        },
        {
            "BeginOffset": 29,
            "EndOffset": 38,
            "Score": 0.9986627697944641,
            "Text": "a program"
        },
        {
            "BeginOffset": 47,
            "EndOffset": 65,
            "Score": 0.8492000102996826,
            "Text": "the game Intensity"
        },
        {
            "BeginOffset": 67,
            "EndOffset": 88,
            "Score": 0.9809427261352539,
            "Text": "the Intensity referee"
        },
        {
            "BeginOffset": 97,
            "EndOffset": 105,
            "Score": 0.7466090321540833,
            "Text": "the game"
        },
        {
            "BeginOffset": 116,
            "EndOffset": 129,
            "Score": 0.7096684575080872,
            "Text": "cards \n\ndeals"
        },
        {
            "BeginOffset": 130,
            "EndOffset": 135,
            "Score": 0.9664810299873352,
            "Text": "cards"
        },
        {
            "BeginOffset": 143,
            "EndOffset": 150,
            "Score": 0.9981417655944824,
            "Text": "players"
        },
        {
            "BeginOffset": 155,
            "EndOffset": 160,
            "Score": 0.8362598419189453,
            "Text": "moves"
        },
        {
            "BeginOffset": 168,
            "EndOffset": 177,
            "Score": 0.9737136363983154,
            "Text": "all input"
        },
        {
            "BeginOffset": 192,
            "EndOffset": 206,
            "Score": 0.9973678588867188,
            "Text": "standard input"
        },
        {
            "BeginOffset": 209,
            "EndOffset": 219,
            "Score": 0.8698230981826782,
            "Text": "i.e.\u00a0scanf"
        },
        {
            "BeginOffset": 222,
            "EndOffset": 232,
            "Score": 0.9844964742660522,
            "Text": "all output"
        },
        {
            "BeginOffset": 247,
            "EndOffset": 262,
            "Score": 0.9961315989494324,
            "Text": "standard output"
        },
        {
            "BeginOffset": 265,
            "EndOffset": 276,
            "Score": 0.834143877029419,
            "Text": "i.e.\u00a0printf"
        }
    ],
    "ResponseMetadata": {
        "HTTPHeaders": {
            "content-length": "1269",
            "content-type": "application/x-amz-json-1.1",
            "date": "Thu, 28 Mar 2019 13:00:08 GMT",
            "x-amzn-requestid": "6a567203-5159-11e9-88a1-7f24626c0794"
        },
        "HTTPStatusCode": 200,
        "RequestId": "6a567203-5159-11e9-88a1-7f24626c0794",
        "RetryAttempts": 0
    }
},
{
    "Week": 9,
    "Slide": 18,
    "KeyPhrases": [
        {
            "BeginOffset": 2,
            "EndOffset": 14,
            "Score": 0.834764301776886,
            "Text": "Stateless AI"
        },
        {
            "BeginOffset": 15,
            "EndOffset": 35,
            "Score": 0.9964666366577148,
            "Text": "an important concept"
        },
        {
            "BeginOffset": 51,
            "EndOffset": 58,
            "Score": 0.997101366519928,
            "Text": "your AI"
        },
        {
            "BeginOffset": 85,
            "EndOffset": 89,
            "Score": 0.9993078708648682,
            "Text": "life"
        },
        {
            "BeginOffset": 94,
            "EndOffset": 109,
            "Score": 0.9878685474395752,
            "Text": "one single move"
        },
        {
            "BeginOffset": 117,
            "EndOffset": 126,
            "Score": 0.9982684850692749,
            "Text": "the input"
        },
        {
            "BeginOffset": 154,
            "EndOffset": 160,
            "Score": 0.9730140566825867,
            "Text": "prints"
        }
    ],
    "ResponseMetadata": {
        "HTTPHeaders": {
            "content-length": "588",
            "content-type": "application/x-amz-json-1.1",
            "date": "Thu, 28 Mar 2019 13:00:09 GMT",
            "x-amzn-requestid": "6b059d59-5159-11e9-b269-c1f80b73919e"
        },
        "HTTPStatusCode": 200,
        "RequestId": "6b059d59-5159-11e9-b269-c1f80b73919e",
        "RetryAttempts": 0
    }
},
{
    "Week": 9,
    "Slide": 19,
    "KeyPhrases": [
        {
            "BeginOffset": 2,
            "EndOffset": 19,
            "Score": 0.7939838171005249,
            "Text": "Intensity Referee"
        },
        {
            "BeginOffset": 20,
            "EndOffset": 41,
            "Score": 0.9572663903236389,
            "Text": "the Intensity Referee"
        },
        {
            "BeginOffset": 47,
            "EndOffset": 79,
            "Score": 0.9096156358718872,
            "Text": "the game\n\n1511 intensity_referee"
        },
        {
            "BeginOffset": 93,
            "EndOffset": 100,
            "Score": 0.9988309144973755,
            "Text": "your AI"
        },
        {
            "BeginOffset": 114,
            "EndOffset": 136,
            "Score": 0.8496850728988647,
            "Text": "1511 intensity_referee"
        },
        {
            "BeginOffset": 137,
            "EndOffset": 149,
            "Score": 0.9885631799697876,
            "Text": "your_ai_code"
        },
        {
            "BeginOffset": 182,
            "EndOffset": 204,
            "Score": 0.8484810590744019,
            "Text": "1511 intensity_referee"
        }
    ],
    "ResponseMetadata": {
        "HTTPHeaders": {
            "content-length": "654",
            "content-type": "application/x-amz-json-1.1",
            "date": "Thu, 28 Mar 2019 13:00:11 GMT",
            "x-amzn-requestid": "6bf4b82f-5159-11e9-a4ee-c948411f9c0e"
        },
        "HTTPStatusCode": 200,
        "RequestId": "6bf4b82f-5159-11e9-a4ee-c948411f9c0e",
        "RetryAttempts": 0
    }
},
{
    "Week": 9,
    "Slide": 20,
    "KeyPhrases": [
        {
            "BeginOffset": 2,
            "EndOffset": 13,
            "Score": 0.9420942068099976,
            "Text": "Valid Cards"
        }
    ],
    "ResponseMetadata": {
        "HTTPHeaders": {
            "content-length": "97",
            "content-type": "application/x-amz-json-1.1",
            "date": "Thu, 28 Mar 2019 13:00:12 GMT",
            "x-amzn-requestid": "6cb4d484-5159-11e9-8eba-154ad056dc4d"
        },
        "HTTPStatusCode": 200,
        "RequestId": "6cb4d484-5159-11e9-8eba-154ad056dc4d",
        "RetryAttempts": 0
    }
},
{
    "Week": 9,
    "Slide": 21,
    "KeyPhrases": [],
    "ResponseMetadata": {
        "HTTPHeaders": {
            "content-length": "17",
            "content-type": "application/x-amz-json-1.1",
            "date": "Thu, 28 Mar 2019 13:00:14 GMT",
            "x-amzn-requestid": "6d633cae-5159-11e9-b7b4-8f0a6db039e5"
        },
        "HTTPStatusCode": 200,
        "RequestId": "6d633cae-5159-11e9-b7b4-8f0a6db039e5",
        "RetryAttempts": 0
    }
},
{
    "Week": 9,
    "Slide": 22,
    "KeyPhrases": [
        {
            "BeginOffset": 2,
            "EndOffset": 21,
            "Score": 0.9069997668266296,
            "Text": "Scope and Lifetimes"
        },
        {
            "BeginOffset": 22,
            "EndOffset": 35,
            "Score": 0.9918992519378662,
            "Text": "the variables"
        },
        {
            "BeginOffset": 43,
            "EndOffset": 53,
            "Score": 0.9981251955032349,
            "Text": "a function"
        },
        {
            "BeginOffset": 76,
            "EndOffset": 88,
            "Score": 0.9998440742492676,
            "Text": "the function"
        },
        {
            "BeginOffset": 100,
            "EndOffset": 113,
            "Score": 0.9651053547859192,
            "Text": "your function"
        },
        {
            "BeginOffset": 123,
            "EndOffset": 136,
            "Score": 0.9893041253089905,
            "Text": "the variables"
        },
        {
            "BeginOffset": 186,
            "EndOffset": 194,
            "Score": 0.9997256994247437,
            "Text": "an array"
        },
        {
            "BeginOffset": 200,
            "EndOffset": 210,
            "Score": 0.9915147423744202,
            "Text": "a function"
        }
    ],
    "ResponseMetadata": {
        "HTTPHeaders": {
            "content-length": "689",
            "content-type": "application/x-amz-json-1.1",
            "date": "Thu, 28 Mar 2019 13:00:14 GMT",
            "x-amzn-requestid": "6df67c37-5159-11e9-a41b-5514da879d83"
        },
        "HTTPStatusCode": 200,
        "RequestId": "6df67c37-5159-11e9-a41b-5514da879d83",
        "RetryAttempts": 0
    }
},
{
    "Week": 9,
    "Slide": 23,
    "KeyPhrases": [
        {
            "BeginOffset": 60,
            "EndOffset": 66,
            "Score": 0.6008661985397339,
            "Text": "longer"
        },
        {
            "BeginOffset": 69,
            "EndOffset": 80,
            "Score": 0.989808201789856,
            "Text": "two options"
        },
        {
            "BeginOffset": 94,
            "EndOffset": 126,
            "Score": 0.7442566156387329,
            "Text": "a \u201cparent\u201d function \ndynamically"
        }
    ],
    "ResponseMetadata": {
        "HTTPHeaders": {
            "content-length": "283",
            "content-type": "application/x-amz-json-1.1",
            "date": "Thu, 28 Mar 2019 13:00:15 GMT",
            "x-amzn-requestid": "6e8749f0-5159-11e9-a283-3b6eea63fce5"
        },
        "HTTPStatusCode": 200,
        "RequestId": "6e8749f0-5159-11e9-a283-3b6eea63fce5",
        "RetryAttempts": 0
    }
},
{
    "Week": 9,
    "Slide": 24,
    "KeyPhrases": [
        {
            "BeginOffset": 2,
            "EndOffset": 11,
            "Score": 0.9927589893341064,
            "Text": "Lifetimes"
        },
        {
            "BeginOffset": 23,
            "EndOffset": 55,
            "Score": 0.8679173588752747,
            "Text": "a \u201cparent\u201d function\n\n \n\nvoid foo"
        },
        {
            "BeginOffset": 56,
            "EndOffset": 60,
            "Score": 0.643065869808197,
            "Text": "void"
        },
        {
            "BeginOffset": 70,
            "EndOffset": 79,
            "Score": 0.6998014450073242,
            "Text": "int array"
        },
        {
            "BeginOffset": 80,
            "EndOffset": 85,
            "Score": 0.9474364519119263,
            "Text": "SIZE]"
        },
        {
            "BeginOffset": 93,
            "EndOffset": 96,
            "Score": 0.8392576575279236,
            "Text": "bar"
        },
        {
            "BeginOffset": 97,
            "EndOffset": 102,
            "Score": 0.9809384346008301,
            "Text": "array"
        },
        {
            "BeginOffset": 111,
            "EndOffset": 117,
            "Score": 0.8281400203704834,
            "Text": "printf"
        },
        {
            "BeginOffset": 124,
            "EndOffset": 129,
            "Score": 0.45943135023117065,
            "Text": "array"
        },
        {
            "BeginOffset": 130,
            "EndOffset": 132,
            "Score": 0.9619107842445374,
            "Text": "0]"
        },
        {
            "BeginOffset": 144,
            "EndOffset": 152,
            "Score": 0.6192532777786255,
            "Text": "void bar"
        },
        {
            "BeginOffset": 153,
            "EndOffset": 162,
            "Score": 0.7238804697990417,
            "Text": "int array"
        },
        {
            "BeginOffset": 163,
            "EndOffset": 168,
            "Score": 0.9347660541534424,
            "Text": "SIZE]"
        },
        {
            "BeginOffset": 178,
            "EndOffset": 183,
            "Score": 0.6001151204109192,
            "Text": "array"
        },
        {
            "BeginOffset": 184,
            "EndOffset": 186,
            "Score": 0.9315577745437622,
            "Text": "0]"
        },
        {
            "BeginOffset": 189,
            "EndOffset": 192,
            "Score": 0.9443845152854919,
            "Text": "123"
        }
    ],
    "ResponseMetadata": {
        "HTTPHeaders": {
            "content-length": "1290",
            "content-type": "application/x-amz-json-1.1",
            "date": "Thu, 28 Mar 2019 13:00:16 GMT",
            "x-amzn-requestid": "6f316cc5-5159-11e9-9067-a580ee7ec557"
        },
        "HTTPStatusCode": 200,
        "RequestId": "6f316cc5-5159-11e9-9067-a580ee7ec557",
        "RetryAttempts": 0
    }
}
]