{"Slide-1": "", "Slide22": "An aside: Function Comments\nit’s important to document your functions:\n\nwhat do they assume?\n\nwhat does the caller need to do?", "Slide20": "Inserting Into a List\nadding new nodes to our list….\n\ninsert at the start\n\ninsert at the end\n\ninsert in the middle", "Slide21": "An aside: When things go wrong\nwhat if our list is empty?\n\nwhat would this look like in code?", "Slide19": "The Standard List Loop – List Sum\nHow can we sum all of the elements in a list? \n\ni.e. add the values of all of the nodes together\n\nstruct node *curr = list;\n\n// int num_nodes = 0; \n\n????? \n\nwhile (curr != NULL) { \n\n    // num_nodes += 1; \n\n    ????? \n\n    curr = curr->next; \n\n}", "Slide18": "The Standard List Loop – List Length\nHow can we calculate the length of a list? \n\ni.e. how many nodes are in the list\n\nstruct node *curr = list; \n\nint num_nodes = 0; \n\nwhile (curr != NULL) { \n\n    num_nodes += 1; \n\n   curr = curr->next; \n\n}", "Slide13": "array/list “traversal”\n(going through every element)", "Slide12": "Node pointers vs allocated nodes\nreference to a node (arrow) vs \n\nmaking (allocating) a new node (circle)", "Slide11": "Node pointers vs allocated nodes\nreference to a node \n\narrow\n\nstruct node *curr ...\n\nvs\n\nmaking (allocating) a new node \ncircle\n\n... = malloc(1 * sizeof(struct node));", "Slide10": "struct node *hello = make_node(); \n\nfree_node(hello);\n\n10\n\nNode pointers vs allocated nodes\nreference to a node \n\narrow\n\nstruct node *curr ...\n\nvs\n\nmaking (allocating) a new node \ncircle\n\n... = malloc(1 * sizeof(struct node));", "Slide17": "The Standard List Loop\n\nstruct node *curr = list; \n\nwhile (curr != NULL) { \n\n    ????? \n\n    curr = curr->next; \n\n}", "Slide16": "and now for today’s content…", "Slide15": "Traversing… a Linked List\n\nvoid fillList (struct node *list, int value) { \n\n    struct node *curr = list; \n\n    while (curr != NULL) { \n\n        curr->data = value; // set the value \n\n        curr = curr->next;   // move to next node \n\n    } \n\n}", "Slide14": "Traversing… an Array\n\nvoid fillArray (int array[ARRAY_SIZE], int value) { \n\n    int i = 0; \n\n    while (i < ARRAY_SIZE) { \n\n        array[i] = value;  // set the value \n\n        i++;               // move to next element \n\n    } \n\n}", "Slide3": "Admin\n\nDon’t panic!\nassignment 2 \n\n(if you haven’t started yet, start ASAP) \ndeadline extended to Sunday 13th May\n\nassignment 1 \ntutor marking/feedback in progress\n\nweek 9 weekly test out now\n\ndon’t forget about help sessions! \nsee course website for details", "Slide2": "Overview\nafter this lecture, you should be able to…\n\nhave a better understanding of linked lists\n\nwrite code to create a linked list\n\nwrite code to traverse a linked list\n\nsolve simple problems using linked lists\n\n(note: you shouldn’t be able to do all of these immediately after watching this lecture. however, this lecture should (hopefully!) give you the foundations you need to develop these skills. remember: programming is\n\nlike learning any other language, it takes consistent and regular practice.)", "Slide1": "COMP5 8s \n— Lecture 17 — \n\nLinked Lists\nAndrew Bennett \n\n<andrew.bennett@unsw.edu.au>", "Slide0": "Welcome!\nCOMP1511 18s1 \n\nProgramming Fundamentals", "Slide7": "Interacting with a node struct\n\nstruct node { \n\n    int data; \n\n    struct node *next; \n\n}; \n\n// \"struct node hello\" (no *) \n\n// \"hello\" is an actual node in the function's memory \n\nstruct node hello; \n\nhello.data = 10; \n\nhello.next = NULL; \n\n// in the function's memory \n\n//        ______ \n\n// hello |  10  | \n\n//       |------| \n\n//       | NULL | \n\n//       |______|", "Slide6": "The node struct\n\nstruct node { \n\n    int data; \n\n    struct node *next; \n\n};", "Slide5": "a quick recap of yesterday", "Slide4": "Help Sessions\nWednesday \n\n6-8pm, J17 201\n\nThursday \n6-8pm, J17 201\n\nFriday \n10am-12pm, Brass Lab (J17 Level 3) \n\n2pm-4pm, Brass Lab (J17 Level 3) \n4pm-6pm, Oboe Lab (J17 Level 3)\n\nnote: Brass Lab = Bugle/Horn", "Slide9": "Freeing a node\n\n// In accordance with Newton's 3rd Law of Memory Allocation \n\n// \"For every malloc, there is an equal and opposite free\" \n\nvoid free_node(struct node *node) { \n\n    free(node); \n\n} \n\n ", "Slide8": "Making a new node\n\n// Allocates memory for a new node; returns its address \n\nstruct node *make_node(int value) { \n\n    struct node *new = malloc(1 * sizeof(struct node)); \n\n    new->data = value; \n\n    new->next = NULL; \n\n    return new; \n\n} \n\n// \"struct node * hello\" \n\n// \"hello\" is a pointer to a node, \n\n// it just stores the _address_ \n\n// (of the memory we get from malloc) \n\nstruct node *hello = make_node(10); \n\n// in the heap (malloced memory) \n\n//        ______ \n\n// hello |  10  | \n\n//       |------| \n\n//       | NULL | \n\n//       |______|"}