[
{
    "Week": 10,
    "Slide": 0,
    "KeyPhrases": [
        {
            "BeginOffset": 15,
            "EndOffset": 24,
            "Score": 0.7755911946296692,
            "Text": "1511 18s1"
        }
    ],
    "ResponseMetadata": {
        "HTTPHeaders": {
            "content-length": "96",
            "content-type": "application/x-amz-json-1.1",
            "date": "Thu, 28 Mar 2019 12:59:04 GMT",
            "x-amzn-requestid": "440ccebf-5159-11e9-a8a0-9f0a29161967"
        },
        "HTTPStatusCode": 200,
        "RequestId": "440ccebf-5159-11e9-a8a0-9f0a29161967",
        "RetryAttempts": 0
    }
},
{
    "Week": 10,
    "Slide": 1,
    "KeyPhrases": [
        {
            "BeginOffset": 5,
            "EndOffset": 84,
            "Score": 0.8888744115829468,
            "Text": "5 8s\n\u2014 Lecture 16 \u2014 \n\nLinked Lists\nAndrew Bennett \n\n<andrew.bennett@unsw.edu.au"
        }
    ],
    "ResponseMetadata": {
        "HTTPHeaders": {
            "content-length": "175",
            "content-type": "application/x-amz-json-1.1",
            "date": "Thu, 28 Mar 2019 12:59:05 GMT",
            "x-amzn-requestid": "44ada35a-5159-11e9-ad77-439f6b464df0"
        },
        "HTTPStatusCode": 200,
        "RequestId": "44ada35a-5159-11e9-ad77-439f6b464df0",
        "RetryAttempts": 0
    }
},
{
    "Week": 10,
    "Slide": 2,
    "KeyPhrases": [
        {
            "BeginOffset": 2,
            "EndOffset": 10,
            "Score": 0.533657431602478,
            "Text": "Overview"
        },
        {
            "BeginOffset": 17,
            "EndOffset": 29,
            "Score": 0.9970005750656128,
            "Text": "this lecture"
        },
        {
            "BeginOffset": 60,
            "EndOffset": 82,
            "Score": 0.9972294569015503,
            "Text": "a better understanding"
        },
        {
            "BeginOffset": 86,
            "EndOffset": 98,
            "Score": 0.9536229968070984,
            "Text": "linked lists"
        },
        {
            "BeginOffset": 106,
            "EndOffset": 110,
            "Score": 0.9926947355270386,
            "Text": "code"
        },
        {
            "BeginOffset": 121,
            "EndOffset": 134,
            "Score": 0.9662255644798279,
            "Text": "a linked list"
        },
        {
            "BeginOffset": 142,
            "EndOffset": 146,
            "Score": 0.9919915795326233,
            "Text": "code"
        },
        {
            "BeginOffset": 159,
            "EndOffset": 172,
            "Score": 0.9946281313896179,
            "Text": "a linked list"
        },
        {
            "BeginOffset": 180,
            "EndOffset": 195,
            "Score": 0.9991081357002258,
            "Text": "simple problems"
        },
        {
            "BeginOffset": 202,
            "EndOffset": 214,
            "Score": 0.8877381682395935,
            "Text": "linked lists"
        },
        {
            "BeginOffset": 217,
            "EndOffset": 221,
            "Score": 0.6583355665206909,
            "Text": "note"
        },
        {
            "BeginOffset": 291,
            "EndOffset": 303,
            "Score": 0.9821453094482422,
            "Text": "this lecture"
        },
        {
            "BeginOffset": 314,
            "EndOffset": 326,
            "Score": 0.9942169189453125,
            "Text": "this lecture"
        },
        {
            "BeginOffset": 356,
            "EndOffset": 371,
            "Score": 0.9992503523826599,
            "Text": "the foundations"
        },
        {
            "BeginOffset": 392,
            "EndOffset": 404,
            "Score": 0.9974177479743958,
            "Text": "these skills"
        },
        {
            "BeginOffset": 416,
            "EndOffset": 427,
            "Score": 0.9961270689964294,
            "Text": "programming"
        },
        {
            "BeginOffset": 446,
            "EndOffset": 464,
            "Score": 0.999396800994873,
            "Text": "any other language"
        },
        {
            "BeginOffset": 475,
            "EndOffset": 506,
            "Score": 0.9729822874069214,
            "Text": "consistent and regular practice"
        }
    ],
    "ResponseMetadata": {
        "HTTPHeaders": {
            "content-length": "1549",
            "content-type": "application/x-amz-json-1.1",
            "date": "Thu, 28 Mar 2019 12:59:06 GMT",
            "x-amzn-requestid": "455b4844-5159-11e9-b269-c1f80b73919e"
        },
        "HTTPStatusCode": 200,
        "RequestId": "455b4844-5159-11e9-b269-c1f80b73919e",
        "RetryAttempts": 0
    }
},
{
    "Week": 10,
    "Slide": 3,
    "KeyPhrases": [
        {
            "BeginOffset": 2,
            "EndOffset": 7,
            "Score": 0.8646005392074585,
            "Text": "Admin"
        },
        {
            "BeginOffset": 22,
            "EndOffset": 34,
            "Score": 0.8841032981872559,
            "Text": "assignment 2"
        },
        {
            "BeginOffset": 72,
            "EndOffset": 76,
            "Score": 0.9430605173110962,
            "Text": "ASAP"
        },
        {
            "BeginOffset": 79,
            "EndOffset": 87,
            "Score": 0.8215178847312927,
            "Text": "deadline"
        },
        {
            "BeginOffset": 100,
            "EndOffset": 136,
            "Score": 0.773515522480011,
            "Text": "Sunday 13th May\n\nassignment 1 \ntutor"
        },
        {
            "BeginOffset": 157,
            "EndOffset": 171,
            "Score": 0.6287206411361694,
            "Text": "progress\n\nweek"
        },
        {
            "BeginOffset": 172,
            "EndOffset": 185,
            "Score": 0.8317148089408875,
            "Text": "9 weekly test"
        },
        {
            "BeginOffset": 214,
            "EndOffset": 227,
            "Score": 0.9527091383934021,
            "Text": "help sessions"
        },
        {
            "BeginOffset": 234,
            "EndOffset": 248,
            "Score": 0.977664053440094,
            "Text": "course website"
        }
    ],
    "ResponseMetadata": {
        "HTTPHeaders": {
            "content-length": "785",
            "content-type": "application/x-amz-json-1.1",
            "date": "Thu, 28 Mar 2019 12:59:07 GMT",
            "x-amzn-requestid": "460a9b41-5159-11e9-b269-c1f80b73919e"
        },
        "HTTPStatusCode": 200,
        "RequestId": "460a9b41-5159-11e9-b269-c1f80b73919e",
        "RetryAttempts": 0
    }
},
{
    "Week": 10,
    "Slide": 4,
    "KeyPhrases": [
        {
            "BeginOffset": 2,
            "EndOffset": 15,
            "Score": 0.710783064365387,
            "Text": "Help Sessions"
        },
        {
            "BeginOffset": 16,
            "EndOffset": 33,
            "Score": 0.839043915271759,
            "Text": "Wednesday \n\n6-8pm"
        },
        {
            "BeginOffset": 35,
            "EndOffset": 42,
            "Score": 0.8208898901939392,
            "Text": "J17 201"
        },
        {
            "BeginOffset": 44,
            "EndOffset": 59,
            "Score": 0.9014841318130493,
            "Text": "Thursday \n6-8pm"
        },
        {
            "BeginOffset": 61,
            "EndOffset": 68,
            "Score": 0.8433597683906555,
            "Text": "J17 201"
        },
        {
            "BeginOffset": 70,
            "EndOffset": 87,
            "Score": 0.8070549964904785,
            "Text": "Friday \n10am-12pm"
        },
        {
            "BeginOffset": 89,
            "EndOffset": 98,
            "Score": 0.9828909039497375,
            "Text": "Brass Lab"
        },
        {
            "BeginOffset": 100,
            "EndOffset": 111,
            "Score": 0.9048391580581665,
            "Text": "J17 Level 3"
        },
        {
            "BeginOffset": 115,
            "EndOffset": 118,
            "Score": 0.7210084795951843,
            "Text": "2pm"
        },
        {
            "BeginOffset": 119,
            "EndOffset": 122,
            "Score": 0.8976520299911499,
            "Text": "4pm"
        },
        {
            "BeginOffset": 124,
            "EndOffset": 133,
            "Score": 0.9813653826713562,
            "Text": "Brass Lab"
        },
        {
            "BeginOffset": 135,
            "EndOffset": 146,
            "Score": 0.9036214351654053,
            "Text": "J17 Level 3"
        },
        {
            "BeginOffset": 149,
            "EndOffset": 152,
            "Score": 0.7158253192901611,
            "Text": "4pm"
        },
        {
            "BeginOffset": 153,
            "EndOffset": 156,
            "Score": 0.8814725875854492,
            "Text": "6pm"
        },
        {
            "BeginOffset": 158,
            "EndOffset": 166,
            "Score": 0.9062488079071045,
            "Text": "Oboe Lab"
        },
        {
            "BeginOffset": 168,
            "EndOffset": 179,
            "Score": 0.8950717449188232,
            "Text": "J17 Level 3"
        },
        {
            "BeginOffset": 182,
            "EndOffset": 186,
            "Score": 0.628727376461029,
            "Text": "note"
        },
        {
            "BeginOffset": 188,
            "EndOffset": 197,
            "Score": 0.9406970739364624,
            "Text": "Brass Lab"
        }
    ],
    "ResponseMetadata": {
        "HTTPHeaders": {
            "content-length": "1476",
            "content-type": "application/x-amz-json-1.1",
            "date": "Thu, 28 Mar 2019 12:59:08 GMT",
            "x-amzn-requestid": "46ba14f6-5159-11e9-a1f4-5925745f18c1"
        },
        "HTTPStatusCode": 200,
        "RequestId": "46ba14f6-5159-11e9-a1f4-5925745f18c1",
        "RetryAttempts": 0
    }
},
{
    "Week": 10,
    "Slide": 5,
    "KeyPhrases": [
        {
            "BeginOffset": 2,
            "EndOffset": 10,
            "Score": 0.7898585796356201,
            "Text": "The node"
        },
        {
            "BeginOffset": 19,
            "EndOffset": 30,
            "Score": 0.9766324758529663,
            "Text": "struct node"
        },
        {
            "BeginOffset": 39,
            "EndOffset": 47,
            "Score": 0.7585291862487793,
            "Text": "int data"
        },
        {
            "BeginOffset": 55,
            "EndOffset": 66,
            "Score": 0.9319189190864563,
            "Text": "struct node"
        }
    ],
    "ResponseMetadata": {
        "HTTPHeaders": {
            "content-length": "337",
            "content-type": "application/x-amz-json-1.1",
            "date": "Thu, 28 Mar 2019 12:59:10 GMT",
            "x-amzn-requestid": "47498382-5159-11e9-99c9-7369baa4d582"
        },
        "HTTPStatusCode": 200,
        "RequestId": "47498382-5159-11e9-99c9-7369baa4d582",
        "RetryAttempts": 0
    }
},
{
    "Week": 10,
    "Slide": 6,
    "KeyPhrases": [
        {
            "BeginOffset": 19,
            "EndOffset": 45,
            "Score": 0.8760466575622559,
            "Text": "a node struct\n\nstruct node"
        },
        {
            "BeginOffset": 54,
            "EndOffset": 62,
            "Score": 0.7826262712478638,
            "Text": "int data"
        },
        {
            "BeginOffset": 70,
            "EndOffset": 81,
            "Score": 0.933860719203949,
            "Text": "struct node"
        },
        {
            "BeginOffset": 103,
            "EndOffset": 114,
            "Score": 0.6532323360443115,
            "Text": "struct node"
        },
        {
            "BeginOffset": 145,
            "EndOffset": 159,
            "Score": 0.9994404911994934,
            "Text": "an actual node"
        },
        {
            "BeginOffset": 163,
            "EndOffset": 175,
            "Score": 0.9978828430175781,
            "Text": "the function"
        },
        {
            "BeginOffset": 178,
            "EndOffset": 204,
            "Score": 0.8431978225708008,
            "Text": "memory \n\nstruct node hello"
        },
        {
            "BeginOffset": 214,
            "EndOffset": 218,
            "Score": 0.7817901372909546,
            "Text": "data"
        },
        {
            "BeginOffset": 221,
            "EndOffset": 223,
            "Score": 0.9668903350830078,
            "Text": "10"
        },
        {
            "BeginOffset": 257,
            "EndOffset": 269,
            "Score": 0.9841116070747375,
            "Text": "the function"
        },
        {
            "BeginOffset": 272,
            "EndOffset": 376,
            "Score": 0.9178333282470703,
            "Text": "memory \n\n//        ______ \n\n// hello |  10  | \n\n//       |------| \n\n//       | NULL | \n\n//       |______"
        }
    ],
    "ResponseMetadata": {
        "HTTPHeaders": {
            "content-length": "1056",
            "content-type": "application/x-amz-json-1.1",
            "date": "Thu, 28 Mar 2019 12:59:10 GMT",
            "x-amzn-requestid": "47df33e2-5159-11e9-a41b-5514da879d83"
        },
        "HTTPStatusCode": 200,
        "RequestId": "47df33e2-5159-11e9-a41b-5514da879d83",
        "RetryAttempts": 0
    }
},
{
    "Week": 10,
    "Slide": 7,
    "KeyPhrases": [
        {
            "BeginOffset": 9,
            "EndOffset": 19,
            "Score": 0.8814283013343811,
            "Text": "a new node"
        },
        {
            "BeginOffset": 24,
            "EndOffset": 40,
            "Score": 0.665167510509491,
            "Text": "Allocates memory"
        },
        {
            "BeginOffset": 45,
            "EndOffset": 55,
            "Score": 0.9988805651664734,
            "Text": "a new node"
        },
        {
            "BeginOffset": 65,
            "EndOffset": 90,
            "Score": 0.9161905646324158,
            "Text": "its address \n\nstruct node"
        },
        {
            "BeginOffset": 102,
            "EndOffset": 111,
            "Score": 0.9222333431243896,
            "Text": "int value"
        },
        {
            "BeginOffset": 121,
            "EndOffset": 132,
            "Score": 0.9446987509727478,
            "Text": "struct node"
        },
        {
            "BeginOffset": 134,
            "EndOffset": 146,
            "Score": 0.9196448922157288,
            "Text": "new = malloc"
        },
        {
            "BeginOffset": 147,
            "EndOffset": 157,
            "Score": 0.7396872639656067,
            "Text": "1 * sizeof"
        },
        {
            "BeginOffset": 158,
            "EndOffset": 169,
            "Score": 0.9679669141769409,
            "Text": "struct node"
        },
        {
            "BeginOffset": 179,
            "EndOffset": 188,
            "Score": 0.8612796664237976,
            "Text": "new->data"
        },
        {
            "BeginOffset": 209,
            "EndOffset": 220,
            "Score": 0.6972236037254333,
            "Text": "next = NULL"
        },
        {
            "BeginOffset": 231,
            "EndOffset": 241,
            "Score": 0.8180046081542969,
            "Text": "return new"
        },
        {
            "BeginOffset": 256,
            "EndOffset": 267,
            "Score": 0.7782712578773499,
            "Text": "struct node"
        },
        {
            "BeginOffset": 293,
            "EndOffset": 302,
            "Score": 0.9950363636016846,
            "Text": "a pointer"
        },
        {
            "BeginOffset": 306,
            "EndOffset": 312,
            "Score": 0.9814703464508057,
            "Text": "a node"
        },
        {
            "BeginOffset": 334,
            "EndOffset": 352,
            "Score": 0.9308663010597229,
            "Text": "the _address_ \n\n//"
        },
        {
            "BeginOffset": 357,
            "EndOffset": 367,
            "Score": 0.997398853302002,
            "Text": "the memory"
        },
        {
            "BeginOffset": 380,
            "EndOffset": 386,
            "Score": 0.9390206933021545,
            "Text": "malloc"
        },
        {
            "BeginOffset": 390,
            "EndOffset": 401,
            "Score": 0.7791324257850647,
            "Text": "struct node"
        },
        {
            "BeginOffset": 411,
            "EndOffset": 420,
            "Score": 0.8232836127281189,
            "Text": "make_node"
        },
        {
            "BeginOffset": 421,
            "EndOffset": 423,
            "Score": 0.9786591529846191,
            "Text": "10"
        },
        {
            "BeginOffset": 437,
            "EndOffset": 445,
            "Score": 0.9854463934898376,
            "Text": "the heap"
        },
        {
            "BeginOffset": 447,
            "EndOffset": 462,
            "Score": 0.8710312247276306,
            "Text": "malloced memory"
        },
        {
            "BeginOffset": 497,
            "EndOffset": 561,
            "Score": 0.8958446979522705,
            "Text": "10  | \n\n//       |------| \n\n//       | NULL | \n\n//       |______"
        }
    ],
    "ResponseMetadata": {
        "HTTPHeaders": {
            "content-length": "2080",
            "content-type": "application/x-amz-json-1.1",
            "date": "Thu, 28 Mar 2019 12:59:11 GMT",
            "x-amzn-requestid": "48982360-5159-11e9-9bf3-7b40ac3c3f45"
        },
        "HTTPStatusCode": 200,
        "RequestId": "48982360-5159-11e9-9bf3-7b40ac3c3f45",
        "RetryAttempts": 0
    }
},
{
    "Week": 10,
    "Slide": 8,
    "KeyPhrases": [
        {
            "BeginOffset": 10,
            "EndOffset": 16,
            "Score": 0.9082045555114746,
            "Text": "a node"
        },
        {
            "BeginOffset": 24,
            "EndOffset": 34,
            "Score": 0.9694637656211853,
            "Text": "accordance"
        },
        {
            "BeginOffset": 40,
            "EndOffset": 46,
            "Score": 0.9975587129592896,
            "Text": "Newton"
        },
        {
            "BeginOffset": 49,
            "EndOffset": 56,
            "Score": 0.9781197905540466,
            "Text": "3rd Law"
        },
        {
            "BeginOffset": 60,
            "EndOffset": 82,
            "Score": 0.7898471355438232,
            "Text": "Memory Allocation \n\n//"
        },
        {
            "BeginOffset": 88,
            "EndOffset": 100,
            "Score": 0.9984855055809021,
            "Text": "every malloc"
        },
        {
            "BeginOffset": 111,
            "EndOffset": 155,
            "Score": 0.8991307616233826,
            "Text": "an equal and opposite free\" \n\nvoid free_node"
        },
        {
            "BeginOffset": 156,
            "EndOffset": 167,
            "Score": 0.8437709212303162,
            "Text": "struct node"
        },
        {
            "BeginOffset": 169,
            "EndOffset": 173,
            "Score": 0.6172117590904236,
            "Text": "node"
        },
        {
            "BeginOffset": 188,
            "EndOffset": 192,
            "Score": 0.7993625998497009,
            "Text": "node"
        },
        {
            "BeginOffset": 204,
            "EndOffset": 215,
            "Score": 0.8769777417182922,
            "Text": "struct node"
        },
        {
            "BeginOffset": 225,
            "EndOffset": 234,
            "Score": 0.8238113522529602,
            "Text": "make_node"
        },
        {
            "BeginOffset": 235,
            "EndOffset": 237,
            "Score": 0.986842691898346,
            "Text": "10"
        },
        {
            "BeginOffset": 242,
            "EndOffset": 251,
            "Score": 0.9145709276199341,
            "Text": "free_node"
        }
    ],
    "ResponseMetadata": {
        "HTTPHeaders": {
            "content-length": "1188",
            "content-type": "application/x-amz-json-1.1",
            "date": "Thu, 28 Mar 2019 12:59:12 GMT",
            "x-amzn-requestid": "49474eee-5159-11e9-9ee0-d7b69e2c846a"
        },
        "HTTPStatusCode": 200,
        "RequestId": "49474eee-5159-11e9-9ee0-d7b69e2c846a",
        "RetryAttempts": 0
    }
},
{
    "Week": 10,
    "Slide": 9,
    "KeyPhrases": [
        {
            "BeginOffset": 2,
            "EndOffset": 15,
            "Score": 0.9485867023468018,
            "Text": "Node pointers"
        },
        {
            "BeginOffset": 19,
            "EndOffset": 34,
            "Score": 0.8669466972351074,
            "Text": "allocated nodes"
        },
        {
            "BeginOffset": 35,
            "EndOffset": 44,
            "Score": 0.5845935940742493,
            "Text": "reference"
        },
        {
            "BeginOffset": 48,
            "EndOffset": 75,
            "Score": 0.8659473657608032,
            "Text": "a node \n\narrow\n\nstruct node"
        },
        {
            "BeginOffset": 77,
            "EndOffset": 81,
            "Score": 0.47559216618537903,
            "Text": "curr"
        },
        {
            "BeginOffset": 99,
            "EndOffset": 109,
            "Score": 0.6077748537063599,
            "Text": "allocating"
        },
        {
            "BeginOffset": 111,
            "EndOffset": 129,
            "Score": 0.9902777075767517,
            "Text": "a new node \ncircle"
        },
        {
            "BeginOffset": 135,
            "EndOffset": 143,
            "Score": 0.7450949549674988,
            "Text": "= malloc"
        },
        {
            "BeginOffset": 144,
            "EndOffset": 154,
            "Score": 0.7378213405609131,
            "Text": "1 * sizeof"
        },
        {
            "BeginOffset": 155,
            "EndOffset": 166,
            "Score": 0.9681635499000549,
            "Text": "struct node"
        }
    ],
    "ResponseMetadata": {
        "HTTPHeaders": {
            "content-length": "865",
            "content-type": "application/x-amz-json-1.1",
            "date": "Thu, 28 Mar 2019 12:59:13 GMT",
            "x-amzn-requestid": "49f6a275-5159-11e9-99c9-7369baa4d582"
        },
        "HTTPStatusCode": 200,
        "RequestId": "49f6a275-5159-11e9-99c9-7369baa4d582",
        "RetryAttempts": 0
    }
},
{
    "Week": 10,
    "Slide": 10,
    "KeyPhrases": [
        {
            "BeginOffset": 2,
            "EndOffset": 15,
            "Score": 0.9485867023468018,
            "Text": "Node pointers"
        },
        {
            "BeginOffset": 19,
            "EndOffset": 34,
            "Score": 0.8669466972351074,
            "Text": "allocated nodes"
        },
        {
            "BeginOffset": 35,
            "EndOffset": 44,
            "Score": 0.5845935940742493,
            "Text": "reference"
        },
        {
            "BeginOffset": 48,
            "EndOffset": 75,
            "Score": 0.8659473657608032,
            "Text": "a node \n\narrow\n\nstruct node"
        },
        {
            "BeginOffset": 77,
            "EndOffset": 81,
            "Score": 0.47559216618537903,
            "Text": "curr"
        },
        {
            "BeginOffset": 99,
            "EndOffset": 109,
            "Score": 0.6077748537063599,
            "Text": "allocating"
        },
        {
            "BeginOffset": 111,
            "EndOffset": 129,
            "Score": 0.9902777075767517,
            "Text": "a new node \ncircle"
        },
        {
            "BeginOffset": 135,
            "EndOffset": 143,
            "Score": 0.7450949549674988,
            "Text": "= malloc"
        },
        {
            "BeginOffset": 144,
            "EndOffset": 154,
            "Score": 0.7378213405609131,
            "Text": "1 * sizeof"
        },
        {
            "BeginOffset": 155,
            "EndOffset": 166,
            "Score": 0.9681635499000549,
            "Text": "struct node"
        }
    ],
    "ResponseMetadata": {
        "HTTPHeaders": {
            "content-length": "865",
            "content-type": "application/x-amz-json-1.1",
            "date": "Thu, 28 Mar 2019 12:59:15 GMT",
            "x-amzn-requestid": "4aa5cdc4-5159-11e9-b1f4-0d6fc4dbbbce"
        },
        "HTTPStatusCode": 200,
        "RequestId": "4aa5cdc4-5159-11e9-b1f4-0d6fc4dbbbce",
        "RetryAttempts": 0
    }
},
{
    "Week": 10,
    "Slide": 11,
    "KeyPhrases": [
        {
            "BeginOffset": 2,
            "EndOffset": 15,
            "Score": 0.9485867023468018,
            "Text": "Node pointers"
        },
        {
            "BeginOffset": 19,
            "EndOffset": 34,
            "Score": 0.8669466972351074,
            "Text": "allocated nodes"
        },
        {
            "BeginOffset": 35,
            "EndOffset": 44,
            "Score": 0.5855788588523865,
            "Text": "reference"
        },
        {
            "BeginOffset": 48,
            "EndOffset": 54,
            "Score": 0.9833252429962158,
            "Text": "a node"
        },
        {
            "BeginOffset": 56,
            "EndOffset": 61,
            "Score": 0.9826521873474121,
            "Text": "arrow"
        },
        {
            "BeginOffset": 76,
            "EndOffset": 86,
            "Score": 0.5930731296539307,
            "Text": "allocating"
        },
        {
            "BeginOffset": 88,
            "EndOffset": 98,
            "Score": 0.994672417640686,
            "Text": "a new node"
        },
        {
            "BeginOffset": 100,
            "EndOffset": 106,
            "Score": 0.9707351922988892,
            "Text": "circle"
        }
    ],
    "ResponseMetadata": {
        "HTTPHeaders": {
            "content-length": "658",
            "content-type": "application/x-amz-json-1.1",
            "date": "Thu, 28 Mar 2019 12:59:16 GMT",
            "x-amzn-requestid": "4b55481a-5159-11e9-adf9-192c939d7e83"
        },
        "HTTPStatusCode": 200,
        "RequestId": "4b55481a-5159-11e9-adf9-192c939d7e83",
        "RetryAttempts": 0
    }
},
{
    "Week": 10,
    "Slide": 12,
    "KeyPhrases": [
        {
            "BeginOffset": 2,
            "EndOffset": 12,
            "Score": 0.5975732803344727,
            "Text": "array/list"
        },
        {
            "BeginOffset": 14,
            "EndOffset": 24,
            "Score": 0.9719827175140381,
            "Text": "traversal\u201d"
        },
        {
            "BeginOffset": 40,
            "EndOffset": 53,
            "Score": 0.9995323419570923,
            "Text": "every element"
        }
    ],
    "ResponseMetadata": {
        "HTTPHeaders": {
            "content-length": "263",
            "content-type": "application/x-amz-json-1.1",
            "date": "Thu, 28 Mar 2019 12:59:17 GMT",
            "x-amzn-requestid": "4c049a43-5159-11e9-b270-937b8b08d656"
        },
        "HTTPStatusCode": 200,
        "RequestId": "4c049a43-5159-11e9-b270-937b8b08d656",
        "RetryAttempts": 0
    }
},
{
    "Week": 10,
    "Slide": 13,
    "KeyPhrases": [
        {
            "BeginOffset": 12,
            "EndOffset": 22,
            "Score": 0.6174404621124268,
            "Text": "\u2026 an Array"
        },
        {
            "BeginOffset": 40,
            "EndOffset": 49,
            "Score": 0.7158892154693604,
            "Text": "int array"
        },
        {
            "BeginOffset": 49,
            "EndOffset": 61,
            "Score": 0.7706974148750305,
            "Text": "[ARRAY_SIZE]"
        },
        {
            "BeginOffset": 63,
            "EndOffset": 72,
            "Score": 0.9092813730239868,
            "Text": "int value"
        },
        {
            "BeginOffset": 90,
            "EndOffset": 91,
            "Score": 0.9591078162193298,
            "Text": "0"
        },
        {
            "BeginOffset": 106,
            "EndOffset": 120,
            "Score": 0.834560215473175,
            "Text": "i < ARRAY_SIZE"
        },
        {
            "BeginOffset": 122,
            "EndOffset": 139,
            "Score": 0.667503297328949,
            "Text": "{ \n\n        array"
        },
        {
            "BeginOffset": 160,
            "EndOffset": 169,
            "Score": 0.8165382146835327,
            "Text": "the value"
        },
        {
            "BeginOffset": 210,
            "EndOffset": 222,
            "Score": 0.9964379072189331,
            "Text": "next element"
        }
    ],
    "ResponseMetadata": {
        "HTTPHeaders": {
            "content-length": "758",
            "content-type": "application/x-amz-json-1.1",
            "date": "Thu, 28 Mar 2019 12:59:18 GMT",
            "x-amzn-requestid": "4cb3ed52-5159-11e9-b269-c1f80b73919e"
        },
        "HTTPStatusCode": 200,
        "RequestId": "4cb3ed52-5159-11e9-b269-c1f80b73919e",
        "RetryAttempts": 0
    }
}
]