[
{
    "Week": 10,
    "Slide": 0,
    "KeyPhrases": [
        {
            "BeginOffset": 15,
            "EndOffset": 24,
            "Score": 0.7755911946296692,
            "Text": "1511 18s1"
        }
    ],
    "ResponseMetadata": {
        "HTTPHeaders": {
            "content-length": "96",
            "content-type": "application/x-amz-json-1.1",
            "date": "Thu, 28 Mar 2019 12:58:39 GMT",
            "x-amzn-requestid": "358b46ae-5159-11e9-9c6b-1b49fa666314"
        },
        "HTTPStatusCode": 200,
        "RequestId": "358b46ae-5159-11e9-9c6b-1b49fa666314",
        "RetryAttempts": 0
    }
},
{
    "Week": 10,
    "Slide": 1,
    "KeyPhrases": [
        {
            "BeginOffset": 5,
            "EndOffset": 84,
            "Score": 0.8931788206100464,
            "Text": "5 8s\n\u2014 Lecture 17 \u2014 \n\nLinked Lists\nAndrew Bennett \n\n<andrew.bennett@unsw.edu.au"
        }
    ],
    "ResponseMetadata": {
        "HTTPHeaders": {
            "content-length": "175",
            "content-type": "application/x-amz-json-1.1",
            "date": "Thu, 28 Mar 2019 12:58:40 GMT",
            "x-amzn-requestid": "3611dc4f-5159-11e9-a1f4-5925745f18c1"
        },
        "HTTPStatusCode": 200,
        "RequestId": "3611dc4f-5159-11e9-a1f4-5925745f18c1",
        "RetryAttempts": 0
    }
},
{
    "Week": 10,
    "Slide": 2,
    "KeyPhrases": [
        {
            "BeginOffset": 2,
            "EndOffset": 10,
            "Score": 0.533657431602478,
            "Text": "Overview"
        },
        {
            "BeginOffset": 17,
            "EndOffset": 29,
            "Score": 0.9970005750656128,
            "Text": "this lecture"
        },
        {
            "BeginOffset": 60,
            "EndOffset": 82,
            "Score": 0.9972294569015503,
            "Text": "a better understanding"
        },
        {
            "BeginOffset": 86,
            "EndOffset": 98,
            "Score": 0.9536229968070984,
            "Text": "linked lists"
        },
        {
            "BeginOffset": 106,
            "EndOffset": 110,
            "Score": 0.9926947355270386,
            "Text": "code"
        },
        {
            "BeginOffset": 121,
            "EndOffset": 134,
            "Score": 0.9662255644798279,
            "Text": "a linked list"
        },
        {
            "BeginOffset": 142,
            "EndOffset": 146,
            "Score": 0.9919915795326233,
            "Text": "code"
        },
        {
            "BeginOffset": 159,
            "EndOffset": 172,
            "Score": 0.9946281313896179,
            "Text": "a linked list"
        },
        {
            "BeginOffset": 180,
            "EndOffset": 195,
            "Score": 0.9991081357002258,
            "Text": "simple problems"
        },
        {
            "BeginOffset": 202,
            "EndOffset": 214,
            "Score": 0.8877381682395935,
            "Text": "linked lists"
        },
        {
            "BeginOffset": 217,
            "EndOffset": 221,
            "Score": 0.6583355665206909,
            "Text": "note"
        },
        {
            "BeginOffset": 291,
            "EndOffset": 303,
            "Score": 0.9821453094482422,
            "Text": "this lecture"
        },
        {
            "BeginOffset": 314,
            "EndOffset": 326,
            "Score": 0.9942169189453125,
            "Text": "this lecture"
        },
        {
            "BeginOffset": 356,
            "EndOffset": 371,
            "Score": 0.9992503523826599,
            "Text": "the foundations"
        },
        {
            "BeginOffset": 392,
            "EndOffset": 404,
            "Score": 0.9974177479743958,
            "Text": "these skills"
        },
        {
            "BeginOffset": 416,
            "EndOffset": 427,
            "Score": 0.9961270689964294,
            "Text": "programming"
        },
        {
            "BeginOffset": 446,
            "EndOffset": 464,
            "Score": 0.999396800994873,
            "Text": "any other language"
        },
        {
            "BeginOffset": 475,
            "EndOffset": 506,
            "Score": 0.9729822874069214,
            "Text": "consistent and regular practice"
        }
    ],
    "ResponseMetadata": {
        "HTTPHeaders": {
            "content-length": "1549",
            "content-type": "application/x-amz-json-1.1",
            "date": "Thu, 28 Mar 2019 12:58:41 GMT",
            "x-amzn-requestid": "369c417d-5159-11e9-9067-a580ee7ec557"
        },
        "HTTPStatusCode": 200,
        "RequestId": "369c417d-5159-11e9-9067-a580ee7ec557",
        "RetryAttempts": 0
    }
},
{
    "Week": 10,
    "Slide": 3,
    "KeyPhrases": [
        {
            "BeginOffset": 2,
            "EndOffset": 7,
            "Score": 0.8646005392074585,
            "Text": "Admin"
        },
        {
            "BeginOffset": 22,
            "EndOffset": 34,
            "Score": 0.8841032981872559,
            "Text": "assignment 2"
        },
        {
            "BeginOffset": 72,
            "EndOffset": 76,
            "Score": 0.9430605173110962,
            "Text": "ASAP"
        },
        {
            "BeginOffset": 79,
            "EndOffset": 87,
            "Score": 0.8215178847312927,
            "Text": "deadline"
        },
        {
            "BeginOffset": 100,
            "EndOffset": 136,
            "Score": 0.773515522480011,
            "Text": "Sunday 13th May\n\nassignment 1 \ntutor"
        },
        {
            "BeginOffset": 157,
            "EndOffset": 171,
            "Score": 0.6287206411361694,
            "Text": "progress\n\nweek"
        },
        {
            "BeginOffset": 172,
            "EndOffset": 185,
            "Score": 0.8317148089408875,
            "Text": "9 weekly test"
        },
        {
            "BeginOffset": 214,
            "EndOffset": 227,
            "Score": 0.9527091383934021,
            "Text": "help sessions"
        },
        {
            "BeginOffset": 234,
            "EndOffset": 248,
            "Score": 0.977664053440094,
            "Text": "course website"
        }
    ],
    "ResponseMetadata": {
        "HTTPHeaders": {
            "content-length": "785",
            "content-type": "application/x-amz-json-1.1",
            "date": "Thu, 28 Mar 2019 12:58:42 GMT",
            "x-amzn-requestid": "372aed35-5159-11e9-b79a-031038b16953"
        },
        "HTTPStatusCode": 200,
        "RequestId": "372aed35-5159-11e9-b79a-031038b16953",
        "RetryAttempts": 0
    }
},
{
    "Week": 10,
    "Slide": 4,
    "KeyPhrases": [
        {
            "BeginOffset": 2,
            "EndOffset": 15,
            "Score": 0.710783064365387,
            "Text": "Help Sessions"
        },
        {
            "BeginOffset": 16,
            "EndOffset": 33,
            "Score": 0.839043915271759,
            "Text": "Wednesday \n\n6-8pm"
        },
        {
            "BeginOffset": 35,
            "EndOffset": 42,
            "Score": 0.8208898901939392,
            "Text": "J17 201"
        },
        {
            "BeginOffset": 44,
            "EndOffset": 59,
            "Score": 0.9014841318130493,
            "Text": "Thursday \n6-8pm"
        },
        {
            "BeginOffset": 61,
            "EndOffset": 68,
            "Score": 0.8433597683906555,
            "Text": "J17 201"
        },
        {
            "BeginOffset": 70,
            "EndOffset": 87,
            "Score": 0.8070549964904785,
            "Text": "Friday \n10am-12pm"
        },
        {
            "BeginOffset": 89,
            "EndOffset": 98,
            "Score": 0.9828909039497375,
            "Text": "Brass Lab"
        },
        {
            "BeginOffset": 100,
            "EndOffset": 111,
            "Score": 0.9048391580581665,
            "Text": "J17 Level 3"
        },
        {
            "BeginOffset": 115,
            "EndOffset": 118,
            "Score": 0.7210084795951843,
            "Text": "2pm"
        },
        {
            "BeginOffset": 119,
            "EndOffset": 122,
            "Score": 0.8976520299911499,
            "Text": "4pm"
        },
        {
            "BeginOffset": 124,
            "EndOffset": 133,
            "Score": 0.9813653826713562,
            "Text": "Brass Lab"
        },
        {
            "BeginOffset": 135,
            "EndOffset": 146,
            "Score": 0.9036214351654053,
            "Text": "J17 Level 3"
        },
        {
            "BeginOffset": 149,
            "EndOffset": 152,
            "Score": 0.7158253192901611,
            "Text": "4pm"
        },
        {
            "BeginOffset": 153,
            "EndOffset": 156,
            "Score": 0.8814725875854492,
            "Text": "6pm"
        },
        {
            "BeginOffset": 158,
            "EndOffset": 166,
            "Score": 0.9062488079071045,
            "Text": "Oboe Lab"
        },
        {
            "BeginOffset": 168,
            "EndOffset": 179,
            "Score": 0.8950717449188232,
            "Text": "J17 Level 3"
        },
        {
            "BeginOffset": 182,
            "EndOffset": 186,
            "Score": 0.628727376461029,
            "Text": "note"
        },
        {
            "BeginOffset": 188,
            "EndOffset": 197,
            "Score": 0.9406970739364624,
            "Text": "Brass Lab"
        }
    ],
    "ResponseMetadata": {
        "HTTPHeaders": {
            "content-length": "1476",
            "content-type": "application/x-amz-json-1.1",
            "date": "Thu, 28 Mar 2019 12:58:43 GMT",
            "x-amzn-requestid": "37b4dd5f-5159-11e9-968d-b5d967a94d5a"
        },
        "HTTPStatusCode": 200,
        "RequestId": "37b4dd5f-5159-11e9-968d-b5d967a94d5a",
        "RetryAttempts": 0
    }
},
{
    "Week": 10,
    "Slide": 5,
    "KeyPhrases": [
        {
            "BeginOffset": 2,
            "EndOffset": 15,
            "Score": 0.9979181289672852,
            "Text": "a quick recap"
        }
    ],
    "ResponseMetadata": {
        "HTTPHeaders": {
            "content-length": "99",
            "content-type": "application/x-amz-json-1.1",
            "date": "Thu, 28 Mar 2019 12:58:44 GMT",
            "x-amzn-requestid": "3847a7b2-5159-11e9-8eba-154ad056dc4d"
        },
        "HTTPStatusCode": 200,
        "RequestId": "3847a7b2-5159-11e9-8eba-154ad056dc4d",
        "RetryAttempts": 0
    }
},
{
    "Week": 10,
    "Slide": 6,
    "KeyPhrases": [
        {
            "BeginOffset": 2,
            "EndOffset": 10,
            "Score": 0.7898585796356201,
            "Text": "The node"
        },
        {
            "BeginOffset": 19,
            "EndOffset": 30,
            "Score": 0.9766324758529663,
            "Text": "struct node"
        },
        {
            "BeginOffset": 39,
            "EndOffset": 47,
            "Score": 0.7585291862487793,
            "Text": "int data"
        },
        {
            "BeginOffset": 55,
            "EndOffset": 66,
            "Score": 0.9319189190864563,
            "Text": "struct node"
        }
    ],
    "ResponseMetadata": {
        "HTTPHeaders": {
            "content-length": "337",
            "content-type": "application/x-amz-json-1.1",
            "date": "Thu, 28 Mar 2019 12:58:45 GMT",
            "x-amzn-requestid": "38d7d9c9-5159-11e9-a1f4-5925745f18c1"
        },
        "HTTPStatusCode": 200,
        "RequestId": "38d7d9c9-5159-11e9-a1f4-5925745f18c1",
        "RetryAttempts": 0
    }
},
{
    "Week": 10,
    "Slide": 7,
    "KeyPhrases": [
        {
            "BeginOffset": 19,
            "EndOffset": 45,
            "Score": 0.8760466575622559,
            "Text": "a node struct\n\nstruct node"
        },
        {
            "BeginOffset": 54,
            "EndOffset": 62,
            "Score": 0.7826262712478638,
            "Text": "int data"
        },
        {
            "BeginOffset": 70,
            "EndOffset": 81,
            "Score": 0.933860719203949,
            "Text": "struct node"
        },
        {
            "BeginOffset": 103,
            "EndOffset": 114,
            "Score": 0.6532323360443115,
            "Text": "struct node"
        },
        {
            "BeginOffset": 145,
            "EndOffset": 159,
            "Score": 0.9994404911994934,
            "Text": "an actual node"
        },
        {
            "BeginOffset": 163,
            "EndOffset": 175,
            "Score": 0.9978828430175781,
            "Text": "the function"
        },
        {
            "BeginOffset": 178,
            "EndOffset": 204,
            "Score": 0.8431978225708008,
            "Text": "memory \n\nstruct node hello"
        },
        {
            "BeginOffset": 214,
            "EndOffset": 218,
            "Score": 0.7817901372909546,
            "Text": "data"
        },
        {
            "BeginOffset": 221,
            "EndOffset": 223,
            "Score": 0.9668903350830078,
            "Text": "10"
        },
        {
            "BeginOffset": 257,
            "EndOffset": 269,
            "Score": 0.9841116070747375,
            "Text": "the function"
        },
        {
            "BeginOffset": 272,
            "EndOffset": 376,
            "Score": 0.9178333282470703,
            "Text": "memory \n\n//        ______ \n\n// hello |  10  | \n\n//       |------| \n\n//       | NULL | \n\n//       |______"
        }
    ],
    "ResponseMetadata": {
        "HTTPHeaders": {
            "content-length": "1056",
            "content-type": "application/x-amz-json-1.1",
            "date": "Thu, 28 Mar 2019 12:58:46 GMT",
            "x-amzn-requestid": "3979bf6b-5159-11e9-8cd3-a305e61d9913"
        },
        "HTTPStatusCode": 200,
        "RequestId": "3979bf6b-5159-11e9-8cd3-a305e61d9913",
        "RetryAttempts": 0
    }
},
{
    "Week": 10,
    "Slide": 8,
    "KeyPhrases": [
        {
            "BeginOffset": 9,
            "EndOffset": 19,
            "Score": 0.8814283013343811,
            "Text": "a new node"
        },
        {
            "BeginOffset": 24,
            "EndOffset": 40,
            "Score": 0.665167510509491,
            "Text": "Allocates memory"
        },
        {
            "BeginOffset": 45,
            "EndOffset": 55,
            "Score": 0.9988805651664734,
            "Text": "a new node"
        },
        {
            "BeginOffset": 65,
            "EndOffset": 90,
            "Score": 0.9161905646324158,
            "Text": "its address \n\nstruct node"
        },
        {
            "BeginOffset": 102,
            "EndOffset": 111,
            "Score": 0.9222333431243896,
            "Text": "int value"
        },
        {
            "BeginOffset": 121,
            "EndOffset": 132,
            "Score": 0.9446987509727478,
            "Text": "struct node"
        },
        {
            "BeginOffset": 134,
            "EndOffset": 146,
            "Score": 0.9196448922157288,
            "Text": "new = malloc"
        },
        {
            "BeginOffset": 147,
            "EndOffset": 157,
            "Score": 0.7396872639656067,
            "Text": "1 * sizeof"
        },
        {
            "BeginOffset": 158,
            "EndOffset": 169,
            "Score": 0.9679669141769409,
            "Text": "struct node"
        },
        {
            "BeginOffset": 179,
            "EndOffset": 188,
            "Score": 0.8612796664237976,
            "Text": "new->data"
        },
        {
            "BeginOffset": 209,
            "EndOffset": 220,
            "Score": 0.6972236037254333,
            "Text": "next = NULL"
        },
        {
            "BeginOffset": 228,
            "EndOffset": 238,
            "Score": 0.8180046081542969,
            "Text": "return new"
        },
        {
            "BeginOffset": 253,
            "EndOffset": 264,
            "Score": 0.7782712578773499,
            "Text": "struct node"
        },
        {
            "BeginOffset": 290,
            "EndOffset": 299,
            "Score": 0.9950363636016846,
            "Text": "a pointer"
        },
        {
            "BeginOffset": 303,
            "EndOffset": 309,
            "Score": 0.9814703464508057,
            "Text": "a node"
        },
        {
            "BeginOffset": 331,
            "EndOffset": 349,
            "Score": 0.9308663010597229,
            "Text": "the _address_ \n\n//"
        },
        {
            "BeginOffset": 354,
            "EndOffset": 364,
            "Score": 0.997398853302002,
            "Text": "the memory"
        },
        {
            "BeginOffset": 377,
            "EndOffset": 383,
            "Score": 0.9390206933021545,
            "Text": "malloc"
        },
        {
            "BeginOffset": 387,
            "EndOffset": 398,
            "Score": 0.7791324257850647,
            "Text": "struct node"
        },
        {
            "BeginOffset": 408,
            "EndOffset": 417,
            "Score": 0.8232836127281189,
            "Text": "make_node"
        },
        {
            "BeginOffset": 418,
            "EndOffset": 420,
            "Score": 0.9786591529846191,
            "Text": "10"
        },
        {
            "BeginOffset": 434,
            "EndOffset": 442,
            "Score": 0.9854463934898376,
            "Text": "the heap"
        },
        {
            "BeginOffset": 444,
            "EndOffset": 459,
            "Score": 0.8710312247276306,
            "Text": "malloced memory"
        },
        {
            "BeginOffset": 494,
            "EndOffset": 558,
            "Score": 0.8958446979522705,
            "Text": "10  | \n\n//       |------| \n\n//       | NULL | \n\n//       |______"
        }
    ],
    "ResponseMetadata": {
        "HTTPHeaders": {
            "content-length": "2080",
            "content-type": "application/x-amz-json-1.1",
            "date": "Thu, 28 Mar 2019 12:58:48 GMT",
            "x-amzn-requestid": "3a26c7b7-5159-11e9-a369-99e6fd3713b6"
        },
        "HTTPStatusCode": 200,
        "RequestId": "3a26c7b7-5159-11e9-a369-99e6fd3713b6",
        "RetryAttempts": 0
    }
},
{
    "Week": 10,
    "Slide": 9,
    "KeyPhrases": [
        {
            "BeginOffset": 10,
            "EndOffset": 16,
            "Score": 0.9082045555114746,
            "Text": "a node"
        },
        {
            "BeginOffset": 24,
            "EndOffset": 34,
            "Score": 0.9694637656211853,
            "Text": "accordance"
        },
        {
            "BeginOffset": 40,
            "EndOffset": 46,
            "Score": 0.9975587129592896,
            "Text": "Newton"
        },
        {
            "BeginOffset": 49,
            "EndOffset": 56,
            "Score": 0.9781197905540466,
            "Text": "3rd Law"
        },
        {
            "BeginOffset": 60,
            "EndOffset": 82,
            "Score": 0.7898471355438232,
            "Text": "Memory Allocation \n\n//"
        },
        {
            "BeginOffset": 88,
            "EndOffset": 100,
            "Score": 0.9984855055809021,
            "Text": "every malloc"
        },
        {
            "BeginOffset": 111,
            "EndOffset": 155,
            "Score": 0.8991307616233826,
            "Text": "an equal and opposite free\" \n\nvoid free_node"
        },
        {
            "BeginOffset": 156,
            "EndOffset": 167,
            "Score": 0.8437709212303162,
            "Text": "struct node"
        },
        {
            "BeginOffset": 169,
            "EndOffset": 173,
            "Score": 0.6172117590904236,
            "Text": "node"
        },
        {
            "BeginOffset": 188,
            "EndOffset": 192,
            "Score": 0.7989769577980042,
            "Text": "node"
        }
    ],
    "ResponseMetadata": {
        "HTTPHeaders": {
            "content-length": "866",
            "content-type": "application/x-amz-json-1.1",
            "date": "Thu, 28 Mar 2019 12:58:48 GMT",
            "x-amzn-requestid": "3acec80b-5159-11e9-8eba-154ad056dc4d"
        },
        "HTTPStatusCode": 200,
        "RequestId": "3acec80b-5159-11e9-8eba-154ad056dc4d",
        "RetryAttempts": 0
    }
},
{
    "Week": 10,
    "Slide": 10,
    "KeyPhrases": [
        {
            "BeginOffset": 1,
            "EndOffset": 12,
            "Score": 0.8220016360282898,
            "Text": "struct node"
        },
        {
            "BeginOffset": 22,
            "EndOffset": 31,
            "Score": 0.7981821298599243,
            "Text": "make_node"
        },
        {
            "BeginOffset": 36,
            "EndOffset": 45,
            "Score": 0.9249858260154724,
            "Text": "free_node"
        },
        {
            "BeginOffset": 57,
            "EndOffset": 74,
            "Score": 0.9020591378211975,
            "Text": "10\n\nNode pointers"
        },
        {
            "BeginOffset": 78,
            "EndOffset": 93,
            "Score": 0.9104548692703247,
            "Text": "allocated nodes"
        },
        {
            "BeginOffset": 94,
            "EndOffset": 103,
            "Score": 0.7440285086631775,
            "Text": "reference"
        },
        {
            "BeginOffset": 107,
            "EndOffset": 134,
            "Score": 0.8701022863388062,
            "Text": "a node \n\narrow\n\nstruct node"
        },
        {
            "BeginOffset": 136,
            "EndOffset": 140,
            "Score": 0.49833112955093384,
            "Text": "curr"
        },
        {
            "BeginOffset": 158,
            "EndOffset": 168,
            "Score": 0.6076281666755676,
            "Text": "allocating"
        },
        {
            "BeginOffset": 170,
            "EndOffset": 188,
            "Score": 0.9902790188789368,
            "Text": "a new node \ncircle"
        },
        {
            "BeginOffset": 194,
            "EndOffset": 202,
            "Score": 0.7450253963470459,
            "Text": "= malloc"
        },
        {
            "BeginOffset": 203,
            "EndOffset": 213,
            "Score": 0.7378116250038147,
            "Text": "1 * sizeof"
        },
        {
            "BeginOffset": 214,
            "EndOffset": 225,
            "Score": 0.968159019947052,
            "Text": "struct node"
        }
    ],
    "ResponseMetadata": {
        "HTTPHeaders": {
            "content-length": "1118",
            "content-type": "application/x-amz-json-1.1",
            "date": "Thu, 28 Mar 2019 12:58:49 GMT",
            "x-amzn-requestid": "3b754106-5159-11e9-bd32-375300018036"
        },
        "HTTPStatusCode": 200,
        "RequestId": "3b754106-5159-11e9-bd32-375300018036",
        "RetryAttempts": 0
    }
},
{
    "Week": 10,
    "Slide": 11,
    "KeyPhrases": [
        {
            "BeginOffset": 2,
            "EndOffset": 15,
            "Score": 0.9485867023468018,
            "Text": "Node pointers"
        },
        {
            "BeginOffset": 19,
            "EndOffset": 34,
            "Score": 0.8669466972351074,
            "Text": "allocated nodes"
        },
        {
            "BeginOffset": 35,
            "EndOffset": 44,
            "Score": 0.5845935940742493,
            "Text": "reference"
        },
        {
            "BeginOffset": 48,
            "EndOffset": 75,
            "Score": 0.8659473657608032,
            "Text": "a node \n\narrow\n\nstruct node"
        },
        {
            "BeginOffset": 77,
            "EndOffset": 81,
            "Score": 0.47559216618537903,
            "Text": "curr"
        },
        {
            "BeginOffset": 99,
            "EndOffset": 109,
            "Score": 0.6077748537063599,
            "Text": "allocating"
        },
        {
            "BeginOffset": 111,
            "EndOffset": 129,
            "Score": 0.9902777075767517,
            "Text": "a new node \ncircle"
        },
        {
            "BeginOffset": 135,
            "EndOffset": 143,
            "Score": 0.7450949549674988,
            "Text": "= malloc"
        },
        {
            "BeginOffset": 144,
            "EndOffset": 154,
            "Score": 0.7378213405609131,
            "Text": "1 * sizeof"
        },
        {
            "BeginOffset": 155,
            "EndOffset": 166,
            "Score": 0.9681635499000549,
            "Text": "struct node"
        }
    ],
    "ResponseMetadata": {
        "HTTPHeaders": {
            "content-length": "865",
            "content-type": "application/x-amz-json-1.1",
            "date": "Thu, 28 Mar 2019 12:58:51 GMT",
            "x-amzn-requestid": "3c148e17-5159-11e9-b270-937b8b08d656"
        },
        "HTTPStatusCode": 200,
        "RequestId": "3c148e17-5159-11e9-b270-937b8b08d656",
        "RetryAttempts": 0
    }
},
{
    "Week": 10,
    "Slide": 12,
    "KeyPhrases": [
        {
            "BeginOffset": 2,
            "EndOffset": 15,
            "Score": 0.9485867023468018,
            "Text": "Node pointers"
        },
        {
            "BeginOffset": 19,
            "EndOffset": 34,
            "Score": 0.8669466972351074,
            "Text": "allocated nodes"
        },
        {
            "BeginOffset": 35,
            "EndOffset": 44,
            "Score": 0.5855788588523865,
            "Text": "reference"
        },
        {
            "BeginOffset": 48,
            "EndOffset": 54,
            "Score": 0.9833252429962158,
            "Text": "a node"
        },
        {
            "BeginOffset": 56,
            "EndOffset": 61,
            "Score": 0.9826521873474121,
            "Text": "arrow"
        },
        {
            "BeginOffset": 76,
            "EndOffset": 86,
            "Score": 0.5930731296539307,
            "Text": "allocating"
        },
        {
            "BeginOffset": 88,
            "EndOffset": 98,
            "Score": 0.994672417640686,
            "Text": "a new node"
        },
        {
            "BeginOffset": 100,
            "EndOffset": 106,
            "Score": 0.9707351922988892,
            "Text": "circle"
        }
    ],
    "ResponseMetadata": {
        "HTTPHeaders": {
            "content-length": "658",
            "content-type": "application/x-amz-json-1.1",
            "date": "Thu, 28 Mar 2019 12:58:52 GMT",
            "x-amzn-requestid": "3cc3e187-5159-11e9-968d-b5d967a94d5a"
        },
        "HTTPStatusCode": 200,
        "RequestId": "3cc3e187-5159-11e9-968d-b5d967a94d5a",
        "RetryAttempts": 0
    }
},
{
    "Week": 10,
    "Slide": 13,
    "KeyPhrases": [
        {
            "BeginOffset": 2,
            "EndOffset": 12,
            "Score": 0.5975732803344727,
            "Text": "array/list"
        },
        {
            "BeginOffset": 14,
            "EndOffset": 24,
            "Score": 0.9719827175140381,
            "Text": "traversal\u201d"
        },
        {
            "BeginOffset": 40,
            "EndOffset": 53,
            "Score": 0.9995323419570923,
            "Text": "every element"
        }
    ],
    "ResponseMetadata": {
        "HTTPHeaders": {
            "content-length": "263",
            "content-type": "application/x-amz-json-1.1",
            "date": "Thu, 28 Mar 2019 12:58:53 GMT",
            "x-amzn-requestid": "3d637cba-5159-11e9-9413-d9ac0f641d76"
        },
        "HTTPStatusCode": 200,
        "RequestId": "3d637cba-5159-11e9-9413-d9ac0f641d76",
        "RetryAttempts": 0
    }
},
{
    "Week": 10,
    "Slide": 14,
    "KeyPhrases": [
        {
            "BeginOffset": 12,
            "EndOffset": 22,
            "Score": 0.6174404621124268,
            "Text": "\u2026 an Array"
        },
        {
            "BeginOffset": 40,
            "EndOffset": 49,
            "Score": 0.7158892154693604,
            "Text": "int array"
        },
        {
            "BeginOffset": 49,
            "EndOffset": 61,
            "Score": 0.7706974148750305,
            "Text": "[ARRAY_SIZE]"
        },
        {
            "BeginOffset": 63,
            "EndOffset": 72,
            "Score": 0.9092813730239868,
            "Text": "int value"
        },
        {
            "BeginOffset": 90,
            "EndOffset": 91,
            "Score": 0.9591078162193298,
            "Text": "0"
        },
        {
            "BeginOffset": 106,
            "EndOffset": 120,
            "Score": 0.834560215473175,
            "Text": "i < ARRAY_SIZE"
        },
        {
            "BeginOffset": 122,
            "EndOffset": 139,
            "Score": 0.667503297328949,
            "Text": "{ \n\n        array"
        },
        {
            "BeginOffset": 160,
            "EndOffset": 169,
            "Score": 0.8165382146835327,
            "Text": "the value"
        },
        {
            "BeginOffset": 210,
            "EndOffset": 222,
            "Score": 0.9964379072189331,
            "Text": "next element"
        }
    ],
    "ResponseMetadata": {
        "HTTPHeaders": {
            "content-length": "758",
            "content-type": "application/x-amz-json-1.1",
            "date": "Thu, 28 Mar 2019 12:58:54 GMT",
            "x-amzn-requestid": "3e128167-5159-11e9-b270-937b8b08d656"
        },
        "HTTPStatusCode": 200,
        "RequestId": "3e128167-5159-11e9-b270-937b8b08d656",
        "RetryAttempts": 0
    }
},
{
    "Week": 10,
    "Slide": 15,
    "KeyPhrases": [
        {
            "BeginOffset": 12,
            "EndOffset": 42,
            "Score": 0.7218931913375854,
            "Text": "\u2026 a Linked List\n\nvoid fillList"
        },
        {
            "BeginOffset": 44,
            "EndOffset": 55,
            "Score": 0.9116923213005066,
            "Text": "struct node"
        },
        {
            "BeginOffset": 57,
            "EndOffset": 61,
            "Score": 0.838801920413971,
            "Text": "list"
        },
        {
            "BeginOffset": 63,
            "EndOffset": 72,
            "Score": 0.8464849591255188,
            "Text": "int value"
        },
        {
            "BeginOffset": 82,
            "EndOffset": 93,
            "Score": 0.9047016501426697,
            "Text": "struct node"
        },
        {
            "BeginOffset": 95,
            "EndOffset": 106,
            "Score": 0.826178252696991,
            "Text": "curr = list"
        },
        {
            "BeginOffset": 121,
            "EndOffset": 125,
            "Score": 0.32899564504623413,
            "Text": "curr"
        },
        {
            "BeginOffset": 147,
            "EndOffset": 157,
            "Score": 0.7312893271446228,
            "Text": "curr->data"
        },
        {
            "BeginOffset": 174,
            "EndOffset": 198,
            "Score": 0.8413568139076233,
            "Text": "the value \n\n        curr"
        },
        {
            "BeginOffset": 201,
            "EndOffset": 207,
            "Score": 0.7730614542961121,
            "Text": "curr->"
        },
        {
            "BeginOffset": 226,
            "EndOffset": 235,
            "Score": 0.9915405511856079,
            "Text": "next node"
        }
    ],
    "ResponseMetadata": {
        "HTTPHeaders": {
            "content-length": "942",
            "content-type": "application/x-amz-json-1.1",
            "date": "Thu, 28 Mar 2019 12:58:55 GMT",
            "x-amzn-requestid": "3ec1d403-5159-11e9-a8a0-9f0a29161967"
        },
        "HTTPStatusCode": 200,
        "RequestId": "3ec1d403-5159-11e9-a8a0-9f0a29161967",
        "RetryAttempts": 0
    }
},
{
    "Week": 10,
    "Slide": 16,
    "KeyPhrases": [
        {
            "BeginOffset": 13,
            "EndOffset": 18,
            "Score": 0.9928062558174133,
            "Text": "today"
        },
        {
            "BeginOffset": 18,
            "EndOffset": 28,
            "Score": 0.8659868836402893,
            "Text": "\u2019s content"
        }
    ],
    "ResponseMetadata": {
        "HTTPHeaders": {
            "content-length": "175",
            "content-type": "application/x-amz-json-1.1",
            "date": "Thu, 28 Mar 2019 12:58:56 GMT",
            "x-amzn-requestid": "3f717546-5159-11e9-9413-d9ac0f641d76"
        },
        "HTTPStatusCode": 200,
        "RequestId": "3f717546-5159-11e9-9413-d9ac0f641d76",
        "RetryAttempts": 0
    }
},
{
    "Week": 10,
    "Slide": 17,
    "KeyPhrases": [
        {
            "BeginOffset": 2,
            "EndOffset": 37,
            "Score": 0.8609239459037781,
            "Text": "The Standard List Loop\n\nstruct node"
        },
        {
            "BeginOffset": 38,
            "EndOffset": 50,
            "Score": 0.6020342111587524,
            "Text": "*curr = list"
        },
        {
            "BeginOffset": 64,
            "EndOffset": 68,
            "Score": 0.5351633429527283,
            "Text": "curr"
        },
        {
            "BeginOffset": 89,
            "EndOffset": 115,
            "Score": 0.6852174401283264,
            "Text": "????? \n\n \n\n    curr = curr"
        }
    ],
    "ResponseMetadata": {
        "HTTPHeaders": {
            "content-length": "383",
            "content-type": "application/x-amz-json-1.1",
            "date": "Thu, 28 Mar 2019 12:58:57 GMT",
            "x-amzn-requestid": "4020796b-5159-11e9-a9c1-9d8813a6657d"
        },
        "HTTPStatusCode": 200,
        "RequestId": "4020796b-5159-11e9-a9c1-9d8813a6657d",
        "RetryAttempts": 0
    }
},
{
    "Week": 10,
    "Slide": 18,
    "KeyPhrases": [
        {
            "BeginOffset": 2,
            "EndOffset": 38,
            "Score": 0.955091655254364,
            "Text": "The Standard List Loop \u2013 List Length"
        },
        {
            "BeginOffset": 60,
            "EndOffset": 70,
            "Score": 0.9996680021286011,
            "Text": "the length"
        },
        {
            "BeginOffset": 74,
            "EndOffset": 80,
            "Score": 0.993744432926178,
            "Text": "a list"
        },
        {
            "BeginOffset": 98,
            "EndOffset": 103,
            "Score": 0.9663290977478027,
            "Text": "nodes"
        },
        {
            "BeginOffset": 111,
            "EndOffset": 132,
            "Score": 0.8355884552001953,
            "Text": "the list\n\nstruct node"
        },
        {
            "BeginOffset": 134,
            "EndOffset": 145,
            "Score": 0.795418381690979,
            "Text": "curr = list"
        },
        {
            "BeginOffset": 152,
            "EndOffset": 165,
            "Score": 0.8699066042900085,
            "Text": "int num_nodes"
        },
        {
            "BeginOffset": 168,
            "EndOffset": 169,
            "Score": 0.9580458998680115,
            "Text": "0"
        },
        {
            "BeginOffset": 183,
            "EndOffset": 187,
            "Score": 0.33783289790153503,
            "Text": "curr"
        },
        {
            "BeginOffset": 197,
            "EndOffset": 217,
            "Score": 0.7204146981239319,
            "Text": "{ \n\n \n\n    num_nodes"
        },
        {
            "BeginOffset": 219,
            "EndOffset": 222,
            "Score": 0.8170254230499268,
            "Text": "= 1"
        },
        {
            "BeginOffset": 233,
            "EndOffset": 244,
            "Score": 0.735680341720581,
            "Text": "curr = curr"
        }
    ],
    "ResponseMetadata": {
        "HTTPHeaders": {
            "content-length": "1030",
            "content-type": "application/x-amz-json-1.1",
            "date": "Thu, 28 Mar 2019 12:58:58 GMT",
            "x-amzn-requestid": "40cfcc8c-5159-11e9-a698-9b1a515702e6"
        },
        "HTTPStatusCode": 200,
        "RequestId": "40cfcc8c-5159-11e9-a698-9b1a515702e6",
        "RetryAttempts": 0
    }
},
{
    "Week": 10,
    "Slide": 19,
    "KeyPhrases": [
        {
            "BeginOffset": 2,
            "EndOffset": 35,
            "Score": 0.9615516066551208,
            "Text": "The Standard List Loop \u2013 List Sum"
        },
        {
            "BeginOffset": 58,
            "EndOffset": 70,
            "Score": 0.9997227191925049,
            "Text": "the elements"
        },
        {
            "BeginOffset": 74,
            "EndOffset": 80,
            "Score": 0.993157148361206,
            "Text": "a list"
        },
        {
            "BeginOffset": 93,
            "EndOffset": 103,
            "Score": 0.9994572997093201,
            "Text": "the values"
        },
        {
            "BeginOffset": 114,
            "EndOffset": 123,
            "Score": 0.9985765218734741,
            "Text": "the nodes"
        },
        {
            "BeginOffset": 134,
            "EndOffset": 145,
            "Score": 0.7979225516319275,
            "Text": "struct node"
        },
        {
            "BeginOffset": 147,
            "EndOffset": 158,
            "Score": 0.7891761660575867,
            "Text": "curr = list"
        },
        {
            "BeginOffset": 165,
            "EndOffset": 181,
            "Score": 0.7990195155143738,
            "Text": "// int num_nodes"
        },
        {
            "BeginOffset": 184,
            "EndOffset": 185,
            "Score": 0.849122166633606,
            "Text": "0"
        },
        {
            "BeginOffset": 207,
            "EndOffset": 211,
            "Score": 0.31235653162002563,
            "Text": "curr"
        },
        {
            "BeginOffset": 235,
            "EndOffset": 244,
            "Score": 0.5721010565757751,
            "Text": "num_nodes"
        },
        {
            "BeginOffset": 246,
            "EndOffset": 249,
            "Score": 0.814479410648346,
            "Text": "= 1"
        },
        {
            "BeginOffset": 257,
            "EndOffset": 276,
            "Score": 0.7213824391365051,
            "Text": "????? \n\n \n\n    curr"
        },
        {
            "BeginOffset": 279,
            "EndOffset": 285,
            "Score": 0.775576651096344,
            "Text": "curr->"
        }
    ],
    "ResponseMetadata": {
        "HTTPHeaders": {
            "content-length": "1183",
            "content-type": "application/x-amz-json-1.1",
            "date": "Thu, 28 Mar 2019 12:59:00 GMT",
            "x-amzn-requestid": "417f46d5-5159-11e9-a4ee-c948411f9c0e"
        },
        "HTTPStatusCode": 200,
        "RequestId": "417f46d5-5159-11e9-a4ee-c948411f9c0e",
        "RetryAttempts": 0
    }
},
{
    "Week": 10,
    "Slide": 20,
    "KeyPhrases": [
        {
            "BeginOffset": 2,
            "EndOffset": 11,
            "Score": 0.35522398352622986,
            "Text": "Inserting"
        },
        {
            "BeginOffset": 17,
            "EndOffset": 23,
            "Score": 0.9776168465614319,
            "Text": "a List"
        },
        {
            "BeginOffset": 31,
            "EndOffset": 40,
            "Score": 0.997454822063446,
            "Text": "new nodes"
        },
        {
            "BeginOffset": 44,
            "EndOffset": 53,
            "Score": 0.916775643825531,
            "Text": "our list\u2026"
        },
        {
            "BeginOffset": 66,
            "EndOffset": 83,
            "Score": 0.9327058792114258,
            "Text": "the start\n\ninsert"
        },
        {
            "BeginOffset": 87,
            "EndOffset": 102,
            "Score": 0.9628049731254578,
            "Text": "the end\n\ninsert"
        }
    ],
    "ResponseMetadata": {
        "HTTPHeaders": {
            "content-length": "512",
            "content-type": "application/x-amz-json-1.1",
            "date": "Thu, 28 Mar 2019 12:59:01 GMT",
            "x-amzn-requestid": "421e939f-5159-11e9-b1f4-0d6fc4dbbbce"
        },
        "HTTPStatusCode": 200,
        "RequestId": "421e939f-5159-11e9-b1f4-0d6fc4dbbbce",
        "RetryAttempts": 0
    }
},
{
    "Week": 10,
    "Slide": 21,
    "KeyPhrases": [
        {
            "BeginOffset": 2,
            "EndOffset": 10,
            "Score": 0.8386993408203125,
            "Text": "An aside"
        },
        {
            "BeginOffset": 17,
            "EndOffset": 23,
            "Score": 0.9996830224990845,
            "Text": "things"
        },
        {
            "BeginOffset": 41,
            "EndOffset": 49,
            "Score": 0.9999086260795593,
            "Text": "our list"
        },
        {
            "BeginOffset": 90,
            "EndOffset": 94,
            "Score": 0.999231219291687,
            "Text": "code"
        }
    ],
    "ResponseMetadata": {
        "HTTPHeaders": {
            "content-length": "324",
            "content-type": "application/x-amz-json-1.1",
            "date": "Thu, 28 Mar 2019 12:59:01 GMT",
            "x-amzn-requestid": "42b2bcfc-5159-11e9-9413-d9ac0f641d76"
        },
        "HTTPStatusCode": 200,
        "RequestId": "42b2bcfc-5159-11e9-9413-d9ac0f641d76",
        "RetryAttempts": 0
    }
},
{
    "Week": 10,
    "Slide": 22,
    "KeyPhrases": [
        {
            "BeginOffset": 2,
            "EndOffset": 10,
            "Score": 0.8517858982086182,
            "Text": "An aside"
        },
        {
            "BeginOffset": 12,
            "EndOffset": 29,
            "Score": 0.7908315062522888,
            "Text": "Function Comments"
        },
        {
            "BeginOffset": 57,
            "EndOffset": 71,
            "Score": 0.999233603477478,
            "Text": "your functions"
        },
        {
            "BeginOffset": 106,
            "EndOffset": 116,
            "Score": 0.9989731311798096,
            "Text": "the caller"
        }
    ],
    "ResponseMetadata": {
        "HTTPHeaders": {
            "content-length": "349",
            "content-type": "application/x-amz-json-1.1",
            "date": "Thu, 28 Mar 2019 12:59:03 GMT",
            "x-amzn-requestid": "435d55bf-5159-11e9-9067-a580ee7ec557"
        },
        "HTTPStatusCode": 200,
        "RequestId": "435d55bf-5159-11e9-9067-a580ee7ec557",
        "RetryAttempts": 0
    }
}
]