[
    {
        "Week": 10,
        "Slide": 0,
        "KeyPhrases": []
    },
    {
        "Week": 10,
        "Slide": 1,
        "KeyPhrases": [
            {
                "Score": 0.8931788206100464,
                "Text": "lecture"
            },
            {
                "Score": 0.8931788206100464,
                "Text": "bennett"
            },
            {
                "Score": 0.8931788206100464,
                "Text": "linked"
            },
            {
                "Score": 0.8931788206100464,
                "Text": "list"
            },
            {
                "Score": 0.8931788206100464,
                "Text": "andrew"
            }
        ]
    },
    {
        "Week": 10,
        "Slide": 2,
        "KeyPhrases": [
            {
                "Score": 0.533657431602478,
                "Text": "overview"
            },
            {
                "Score": 0.9970005750656128,
                "Text": "lecture"
            },
            {
                "Score": 0.9536229968070984,
                "Text": "linked"
            },
            {
                "Score": 0.9536229968070984,
                "Text": "list"
            },
            {
                "Score": 0.9926947355270386,
                "Text": "code"
            },
            {
                "Score": 0.9662255644798279,
                "Text": "linked"
            },
            {
                "Score": 0.9662255644798279,
                "Text": "list"
            },
            {
                "Score": 0.9919915795326233,
                "Text": "code"
            },
            {
                "Score": 0.9946281313896179,
                "Text": "linked"
            },
            {
                "Score": 0.9946281313896179,
                "Text": "list"
            },
            {
                "Score": 0.9991081357002258,
                "Text": "simple"
            },
            {
                "Score": 0.9991081357002258,
                "Text": "problem"
            },
            {
                "Score": 0.8877381682395935,
                "Text": "linked"
            },
            {
                "Score": 0.8877381682395935,
                "Text": "list"
            },
            {
                "Score": 0.6583355665206909,
                "Text": "note"
            },
            {
                "Score": 0.9821453094482422,
                "Text": "lecture"
            },
            {
                "Score": 0.9942169189453125,
                "Text": "lecture"
            },
            {
                "Score": 0.9992503523826599,
                "Text": "foundation"
            },
            {
                "Score": 0.9974177479743958,
                "Text": "skill"
            },
            {
                "Score": 0.999396800994873,
                "Text": "language"
            },
            {
                "Score": 0.9729822874069214,
                "Text": "consistent"
            },
            {
                "Score": 0.9729822874069214,
                "Text": "practice"
            }
        ]
    },
    {
        "Week": 10,
        "Slide": 3,
        "KeyPhrases": [
            {
                "Score": 0.8646005392074585,
                "Text": "admin"
            },
            {
                "Score": 0.8841032981872559,
                "Text": "assignment"
            },
            {
                "Score": 0.9430605173110962,
                "Text": "asap"
            },
            {
                "Score": 0.8215178847312927,
                "Text": "deadline"
            },
            {
                "Score": 0.773515522480011,
                "Text": "sunday"
            },
            {
                "Score": 0.773515522480011,
                "Text": "assignment"
            },
            {
                "Score": 0.6287206411361694,
                "Text": "progress"
            },
            {
                "Score": 0.6287206411361694,
                "Text": "week"
            },
            {
                "Score": 0.8317148089408875,
                "Text": "test"
            },
            {
                "Score": 0.9527091383934021,
                "Text": "help"
            },
            {
                "Score": 0.9527091383934021,
                "Text": "session"
            },
            {
                "Score": 0.977664053440094,
                "Text": "course"
            },
            {
                "Score": 0.977664053440094,
                "Text": "website"
            }
        ]
    },
    {
        "Week": 10,
        "Slide": 4,
        "KeyPhrases": [
            {
                "Score": 0.710783064365387,
                "Text": "help"
            },
            {
                "Score": 0.710783064365387,
                "Text": "session"
            },
            {
                "Score": 0.839043915271759,
                "Text": "wednesday"
            },
            {
                "Score": 0.9014841318130493,
                "Text": "thursday"
            },
            {
                "Score": 0.8070549964904785,
                "Text": "friday"
            },
            {
                "Score": 0.9828909039497375,
                "Text": "brass"
            },
            {
                "Score": 0.9828909039497375,
                "Text": "lab"
            },
            {
                "Score": 0.9048391580581665,
                "Text": "level"
            },
            {
                "Score": 0.9813653826713562,
                "Text": "brass"
            },
            {
                "Score": 0.9813653826713562,
                "Text": "lab"
            },
            {
                "Score": 0.9036214351654053,
                "Text": "level"
            },
            {
                "Score": 0.9062488079071045,
                "Text": "oboe"
            },
            {
                "Score": 0.9062488079071045,
                "Text": "lab"
            },
            {
                "Score": 0.8950717449188232,
                "Text": "level"
            },
            {
                "Score": 0.628727376461029,
                "Text": "note"
            },
            {
                "Score": 0.9406970739364624,
                "Text": "brass"
            },
            {
                "Score": 0.9406970739364624,
                "Text": "lab"
            }
        ]
    },
    {
        "Week": 10,
        "Slide": 5,
        "KeyPhrases": [
            {
                "Score": 0.9979181289672852,
                "Text": "quick"
            },
            {
                "Score": 0.9979181289672852,
                "Text": "recap"
            }
        ]
    },
    {
        "Week": 10,
        "Slide": 6,
        "KeyPhrases": [
            {
                "Score": 0.7898585796356201,
                "Text": "node"
            },
            {
                "Score": 0.9766324758529663,
                "Text": "struct"
            },
            {
                "Score": 0.9766324758529663,
                "Text": "node"
            },
            {
                "Score": 0.7585291862487793,
                "Text": "int"
            },
            {
                "Score": 0.7585291862487793,
                "Text": "data"
            },
            {
                "Score": 0.9319189190864563,
                "Text": "struct"
            },
            {
                "Score": 0.9319189190864563,
                "Text": "node"
            }
        ]
    },
    {
        "Week": 10,
        "Slide": 7,
        "KeyPhrases": [
            {
                "Score": 0.8760466575622559,
                "Text": "node"
            },
            {
                "Score": 0.8760466575622559,
                "Text": "node"
            },
            {
                "Score": 0.8760466575622559,
                "Text": "struct"
            },
            {
                "Score": 0.8760466575622559,
                "Text": "struct"
            },
            {
                "Score": 0.7826262712478638,
                "Text": "int"
            },
            {
                "Score": 0.7826262712478638,
                "Text": "data"
            },
            {
                "Score": 0.933860719203949,
                "Text": "struct"
            },
            {
                "Score": 0.933860719203949,
                "Text": "node"
            },
            {
                "Score": 0.6532323360443115,
                "Text": "struct"
            },
            {
                "Score": 0.6532323360443115,
                "Text": "node"
            },
            {
                "Score": 0.9994404911994934,
                "Text": "node"
            },
            {
                "Score": 0.9978828430175781,
                "Text": "function"
            },
            {
                "Score": 0.8431978225708008,
                "Text": "memory"
            },
            {
                "Score": 0.8431978225708008,
                "Text": "node"
            },
            {
                "Score": 0.8431978225708008,
                "Text": "hello"
            },
            {
                "Score": 0.8431978225708008,
                "Text": "struct"
            },
            {
                "Score": 0.7817901372909546,
                "Text": "data"
            },
            {
                "Score": 0.9841116070747375,
                "Text": "function"
            },
            {
                "Score": 0.9178333282470703,
                "Text": "memory"
            },
            {
                "Score": 0.9178333282470703,
                "Text": "hello"
            },
            {
                "Score": 0.9178333282470703,
                "Text": "null"
            }
        ]
    },
    {
        "Week": 10,
        "Slide": 8,
        "KeyPhrases": [
            {
                "Score": 0.8814283013343811,
                "Text": "node"
            },
            {
                "Score": 0.665167510509491,
                "Text": "allocates"
            },
            {
                "Score": 0.665167510509491,
                "Text": "memory"
            },
            {
                "Score": 0.9988805651664734,
                "Text": "node"
            },
            {
                "Score": 0.9161905646324158,
                "Text": "address"
            },
            {
                "Score": 0.9161905646324158,
                "Text": "node"
            },
            {
                "Score": 0.9161905646324158,
                "Text": "struct"
            },
            {
                "Score": 0.9222333431243896,
                "Text": "int"
            },
            {
                "Score": 0.9222333431243896,
                "Text": "value"
            },
            {
                "Score": 0.9446987509727478,
                "Text": "struct"
            },
            {
                "Score": 0.9446987509727478,
                "Text": "node"
            },
            {
                "Score": 0.9196448922157288,
                "Text": "malloc"
            },
            {
                "Score": 0.7396872639656067,
                "Text": "sizeof"
            },
            {
                "Score": 0.9679669141769409,
                "Text": "struct"
            },
            {
                "Score": 0.9679669141769409,
                "Text": "node"
            },
            {
                "Score": 0.6972236037254333,
                "Text": "null"
            },
            {
                "Score": 0.8180046081542969,
                "Text": "return"
            },
            {
                "Score": 0.7782712578773499,
                "Text": "struct"
            },
            {
                "Score": 0.7782712578773499,
                "Text": "node"
            },
            {
                "Score": 0.9950363636016846,
                "Text": "pointer"
            },
            {
                "Score": 0.9814703464508057,
                "Text": "node"
            },
            {
                "Score": 0.997398853302002,
                "Text": "memory"
            },
            {
                "Score": 0.9390206933021545,
                "Text": "malloc"
            },
            {
                "Score": 0.7791324257850647,
                "Text": "struct"
            },
            {
                "Score": 0.7791324257850647,
                "Text": "node"
            },
            {
                "Score": 0.9854463934898376,
                "Text": "heap"
            },
            {
                "Score": 0.8710312247276306,
                "Text": "malloced"
            },
            {
                "Score": 0.8710312247276306,
                "Text": "memory"
            },
            {
                "Score": 0.8958446979522705,
                "Text": "null"
            }
        ]
    },
    {
        "Week": 10,
        "Slide": 9,
        "KeyPhrases": [
            {
                "Score": 0.9082045555114746,
                "Text": "node"
            },
            {
                "Score": 0.9694637656211853,
                "Text": "accordance"
            },
            {
                "Score": 0.9975587129592896,
                "Text": "newton"
            },
            {
                "Score": 0.9781197905540466,
                "Text": "law"
            },
            {
                "Score": 0.7898471355438232,
                "Text": "memory"
            },
            {
                "Score": 0.7898471355438232,
                "Text": "allocation"
            },
            {
                "Score": 0.9984855055809021,
                "Text": "malloc"
            },
            {
                "Score": 0.8991307616233826,
                "Text": "opposite"
            },
            {
                "Score": 0.8991307616233826,
                "Text": "void"
            },
            {
                "Score": 0.8437709212303162,
                "Text": "struct"
            },
            {
                "Score": 0.8437709212303162,
                "Text": "node"
            },
            {
                "Score": 0.6172117590904236,
                "Text": "node"
            },
            {
                "Score": 0.7989769577980042,
                "Text": "node"
            }
        ]
    },
    {
        "Week": 10,
        "Slide": 10,
        "KeyPhrases": [
            {
                "Score": 0.8220016360282898,
                "Text": "struct"
            },
            {
                "Score": 0.8220016360282898,
                "Text": "node"
            },
            {
                "Score": 0.9020591378211975,
                "Text": "pointer"
            },
            {
                "Score": 0.9020591378211975,
                "Text": "node"
            },
            {
                "Score": 0.9104548692703247,
                "Text": "allocated"
            },
            {
                "Score": 0.9104548692703247,
                "Text": "node"
            },
            {
                "Score": 0.7440285086631775,
                "Text": "reference"
            },
            {
                "Score": 0.8701022863388062,
                "Text": "node"
            },
            {
                "Score": 0.8701022863388062,
                "Text": "node"
            },
            {
                "Score": 0.8701022863388062,
                "Text": "arrow"
            },
            {
                "Score": 0.8701022863388062,
                "Text": "struct"
            },
            {
                "Score": 0.49833112955093384,
                "Text": "curr"
            },
            {
                "Score": 0.9902790188789368,
                "Text": "node"
            },
            {
                "Score": 0.9902790188789368,
                "Text": "circle"
            },
            {
                "Score": 0.7450253963470459,
                "Text": "malloc"
            },
            {
                "Score": 0.7378116250038147,
                "Text": "sizeof"
            },
            {
                "Score": 0.968159019947052,
                "Text": "struct"
            },
            {
                "Score": 0.968159019947052,
                "Text": "node"
            }
        ]
    },
    {
        "Week": 10,
        "Slide": 11,
        "KeyPhrases": [
            {
                "Score": 0.9485867023468018,
                "Text": "node"
            },
            {
                "Score": 0.9485867023468018,
                "Text": "pointer"
            },
            {
                "Score": 0.8669466972351074,
                "Text": "allocated"
            },
            {
                "Score": 0.8669466972351074,
                "Text": "node"
            },
            {
                "Score": 0.5845935940742493,
                "Text": "reference"
            },
            {
                "Score": 0.8659473657608032,
                "Text": "node"
            },
            {
                "Score": 0.8659473657608032,
                "Text": "node"
            },
            {
                "Score": 0.8659473657608032,
                "Text": "arrow"
            },
            {
                "Score": 0.8659473657608032,
                "Text": "struct"
            },
            {
                "Score": 0.47559216618537903,
                "Text": "curr"
            },
            {
                "Score": 0.9902777075767517,
                "Text": "node"
            },
            {
                "Score": 0.9902777075767517,
                "Text": "circle"
            },
            {
                "Score": 0.7450949549674988,
                "Text": "malloc"
            },
            {
                "Score": 0.7378213405609131,
                "Text": "sizeof"
            },
            {
                "Score": 0.9681635499000549,
                "Text": "struct"
            },
            {
                "Score": 0.9681635499000549,
                "Text": "node"
            }
        ]
    },
    {
        "Week": 10,
        "Slide": 12,
        "KeyPhrases": [
            {
                "Score": 0.9485867023468018,
                "Text": "node"
            },
            {
                "Score": 0.9485867023468018,
                "Text": "pointer"
            },
            {
                "Score": 0.8669466972351074,
                "Text": "allocated"
            },
            {
                "Score": 0.8669466972351074,
                "Text": "node"
            },
            {
                "Score": 0.5855788588523865,
                "Text": "reference"
            },
            {
                "Score": 0.9833252429962158,
                "Text": "node"
            },
            {
                "Score": 0.9826521873474121,
                "Text": "arrow"
            },
            {
                "Score": 0.994672417640686,
                "Text": "node"
            },
            {
                "Score": 0.9707351922988892,
                "Text": "circle"
            }
        ]
    },
    {
        "Week": 10,
        "Slide": 13,
        "KeyPhrases": [
            {
                "Score": 0.9719827175140381,
                "Text": "traversal"
            },
            {
                "Score": 0.9995323419570923,
                "Text": "element"
            }
        ]
    },
    {
        "Week": 10,
        "Slide": 14,
        "KeyPhrases": [
            {
                "Score": 0.6174404621124268,
                "Text": "array"
            },
            {
                "Score": 0.7158892154693604,
                "Text": "int"
            },
            {
                "Score": 0.7158892154693604,
                "Text": "array"
            },
            {
                "Score": 0.9092813730239868,
                "Text": "int"
            },
            {
                "Score": 0.9092813730239868,
                "Text": "value"
            },
            {
                "Score": 0.667503297328949,
                "Text": "array"
            },
            {
                "Score": 0.8165382146835327,
                "Text": "value"
            },
            {
                "Score": 0.9964379072189331,
                "Text": "element"
            }
        ]
    },
    {
        "Week": 10,
        "Slide": 15,
        "KeyPhrases": [
            {
                "Score": 0.7218931913375854,
                "Text": "linked"
            },
            {
                "Score": 0.7218931913375854,
                "Text": "filllist"
            },
            {
                "Score": 0.7218931913375854,
                "Text": "list"
            },
            {
                "Score": 0.7218931913375854,
                "Text": "void"
            },
            {
                "Score": 0.9116923213005066,
                "Text": "struct"
            },
            {
                "Score": 0.9116923213005066,
                "Text": "node"
            },
            {
                "Score": 0.838801920413971,
                "Text": "list"
            },
            {
                "Score": 0.8464849591255188,
                "Text": "int"
            },
            {
                "Score": 0.8464849591255188,
                "Text": "value"
            },
            {
                "Score": 0.9047016501426697,
                "Text": "struct"
            },
            {
                "Score": 0.9047016501426697,
                "Text": "node"
            },
            {
                "Score": 0.826178252696991,
                "Text": "curr"
            },
            {
                "Score": 0.826178252696991,
                "Text": "list"
            },
            {
                "Score": 0.32899564504623413,
                "Text": "curr"
            },
            {
                "Score": 0.7312893271446228,
                "Text": "curr"
            },
            {
                "Score": 0.8413568139076233,
                "Text": "value"
            },
            {
                "Score": 0.8413568139076233,
                "Text": "curr"
            },
            {
                "Score": 0.7730614542961121,
                "Text": "curr"
            },
            {
                "Score": 0.9915405511856079,
                "Text": "node"
            }
        ]
    },
    {
        "Week": 10,
        "Slide": 16,
        "KeyPhrases": [
            {
                "Score": 0.9928062558174133,
                "Text": "today"
            },
            {
                "Score": 0.8659868836402893,
                "Text": "content"
            }
        ]
    },
    {
        "Week": 10,
        "Slide": 17,
        "KeyPhrases": [
            {
                "Score": 0.8609239459037781,
                "Text": "standard"
            },
            {
                "Score": 0.8609239459037781,
                "Text": "list"
            },
            {
                "Score": 0.8609239459037781,
                "Text": "node"
            },
            {
                "Score": 0.8609239459037781,
                "Text": "loop"
            },
            {
                "Score": 0.8609239459037781,
                "Text": "struct"
            },
            {
                "Score": 0.6020342111587524,
                "Text": "list"
            },
            {
                "Score": 0.5351633429527283,
                "Text": "curr"
            },
            {
                "Score": 0.6852174401283264,
                "Text": "curr"
            },
            {
                "Score": 0.6852174401283264,
                "Text": "curr"
            }
        ]
    },
    {
        "Week": 10,
        "Slide": 18,
        "KeyPhrases": [
            {
                "Score": 0.955091655254364,
                "Text": "standard"
            },
            {
                "Score": 0.955091655254364,
                "Text": "list"
            },
            {
                "Score": 0.955091655254364,
                "Text": "loop"
            },
            {
                "Score": 0.955091655254364,
                "Text": "list"
            },
            {
                "Score": 0.955091655254364,
                "Text": "length"
            },
            {
                "Score": 0.9996680021286011,
                "Text": "length"
            },
            {
                "Score": 0.993744432926178,
                "Text": "list"
            },
            {
                "Score": 0.9663290977478027,
                "Text": "node"
            },
            {
                "Score": 0.8355884552001953,
                "Text": "node"
            },
            {
                "Score": 0.8355884552001953,
                "Text": "list"
            },
            {
                "Score": 0.8355884552001953,
                "Text": "struct"
            },
            {
                "Score": 0.795418381690979,
                "Text": "curr"
            },
            {
                "Score": 0.795418381690979,
                "Text": "list"
            },
            {
                "Score": 0.8699066042900085,
                "Text": "int"
            },
            {
                "Score": 0.33783289790153503,
                "Text": "curr"
            },
            {
                "Score": 0.735680341720581,
                "Text": "curr"
            },
            {
                "Score": 0.735680341720581,
                "Text": "curr"
            }
        ]
    },
    {
        "Week": 10,
        "Slide": 19,
        "KeyPhrases": [
            {
                "Score": 0.9615516066551208,
                "Text": "standard"
            },
            {
                "Score": 0.9615516066551208,
                "Text": "list"
            },
            {
                "Score": 0.9615516066551208,
                "Text": "loop"
            },
            {
                "Score": 0.9615516066551208,
                "Text": "list"
            },
            {
                "Score": 0.9615516066551208,
                "Text": "sum"
            },
            {
                "Score": 0.9997227191925049,
                "Text": "element"
            },
            {
                "Score": 0.993157148361206,
                "Text": "list"
            },
            {
                "Score": 0.9994572997093201,
                "Text": "value"
            },
            {
                "Score": 0.9985765218734741,
                "Text": "node"
            },
            {
                "Score": 0.7979225516319275,
                "Text": "struct"
            },
            {
                "Score": 0.7979225516319275,
                "Text": "node"
            },
            {
                "Score": 0.7891761660575867,
                "Text": "curr"
            },
            {
                "Score": 0.7891761660575867,
                "Text": "list"
            },
            {
                "Score": 0.7990195155143738,
                "Text": "int"
            },
            {
                "Score": 0.31235653162002563,
                "Text": "curr"
            },
            {
                "Score": 0.7213824391365051,
                "Text": "curr"
            },
            {
                "Score": 0.775576651096344,
                "Text": "curr"
            }
        ]
    },
    {
        "Week": 10,
        "Slide": 20,
        "KeyPhrases": [
            {
                "Score": 0.9776168465614319,
                "Text": "list"
            },
            {
                "Score": 0.997454822063446,
                "Text": "node"
            },
            {
                "Score": 0.916775643825531,
                "Text": "list"
            },
            {
                "Score": 0.9327058792114258,
                "Text": "start"
            },
            {
                "Score": 0.9327058792114258,
                "Text": "insert"
            },
            {
                "Score": 0.9628049731254578,
                "Text": "end"
            },
            {
                "Score": 0.9628049731254578,
                "Text": "insert"
            }
        ]
    },
    {
        "Week": 10,
        "Slide": 21,
        "KeyPhrases": [
            {
                "Score": 0.9996830224990845,
                "Text": "thing"
            },
            {
                "Score": 0.9999086260795593,
                "Text": "list"
            },
            {
                "Score": 0.999231219291687,
                "Text": "code"
            }
        ]
    },
    {
        "Week": 10,
        "Slide": 22,
        "KeyPhrases": [
            {
                "Score": 0.7908315062522888,
                "Text": "function"
            },
            {
                "Score": 0.7908315062522888,
                "Text": "comment"
            },
            {
                "Score": 0.999233603477478,
                "Text": "function"
            },
            {
                "Score": 0.9989731311798096,
                "Text": "caller"
            }
        ]
    }
]