{"Slide-1": "", "Slide22": "Why?\nSolution: Use an array!\n\n \n\nint mark[1160]; \n\nmark[0] = 85; \n\nmark[1] = 90; \n\nmark[2] = 45; \n\n... ", "Slide23": "Arrays in C\na collection of array elements \n\neach element must be the same type\n\nwe refer to arrays by their index \nvalid indices for\n\nelements are\n\nno real limit on number of elements\n\nwe cannot assign, scan, or print whole arrays… \nbut we can assign, scan, and print elements", "Slide20": "Arrays\nA series of boxes with a common type, \n\nall next to each other\n\n \n\n  0    1    2    3    4    5    6    7    8    9    10    11 \n\n╔════╤════╤════╤════╦════╤════╤════╤════╦════╤════╤════╤════╦┄ \n\n║    │    │    │    ║    │    │    │    ║    │    │    │    ║ \n\n╚════╧════╧════╧════╩════╧════╧════╧════╩════╧════╧════╧════╩┄ ", "Slide21": "Why?\nSuppose we need to compute statistics on class marks…\n\n \n\nint mark_student0, mark_student1, mark_student2, ...; \n\nmark_student0 = 85; \n\nmark_student1 = 90; \n\nmark_student2 = 45; \n\n... \n\nbecomes unfeasible if dealing with a lot of values \n… we’d need hundreds of individual variables!", "Slide26": "Arrays in C\n \n\nint myArray[10] = {0}; \n\n// Put some values into the array. \n\nmyArray[0] = 3; \n\nmyArray[5] = 17; \n\nmyArray[10] = 42; // <-- Error \n\n \n\n┌────┬────┬────┬────┬────┬────┬────┬────┬────┬────┐ \n\n│  3 │  0 │  0 │  0 │  0 │ 17 │  0 │  0 │  0 │  0 │ ??? \n\n└────┴────┴────┴────┴────┴────┴────┴────┴────┴────┘ \n\n| 0  | 1  | 2  | 3  | 4  | 5  | 6  | 7  | 8  | 9 ", "Slide27": "Reading an Array\nscanf()  can’t read an entire array. \n\nthis will only read 1 number:\n\n \n\n#define ARRAY_SIZE 42 \n\n... \n\nint array[ARRAY_SIZE]; \n\nscanf (\"%d\", &array); \n\ninstead, you must read the elements one by one:\n\n \n\nint i = 0; \n\nwhile (i < ARRAY_SIZE) { \n\n    scanf (\"%d\", &array[i]); \n\n    i++; \n\n} ", "Slide24": "Arrays in C\n \n\n// Declare an array with 10 elements \n\n// and initialises all elements to 0. \n\nint myArray[10] = {0}; \n\n \n\n \n\n┌────┬────┬────┬────┬────┬────┬────┬────┬────┬────┐ \n\n│  0 │  0 │  0 │  0 │  0 │  0 │  0 │  0 │  0 │  0 │ \n\n└────┴────┴────┴────┴────┴────┴────┴────┴────┴────┘ \n\n| 0  | 1  | 2  | 3  | 4  | 5  | 6  | 7  | 8  | 9 ", "Slide25": "Arrays in C\n \n\nint myArray[10] = {0}; \n\n// Put some values into the array. \n\nmyArray[0] = 3; \n\nmyArray[5] = 17; \n\n \n\n \n\n┌────┬────┬────┬────┬────┬────┬────┬────┬────┬────┐ \n\n│  3 │  0 │  0 │  0 │  0 │ 17 │  0 │  0 │  0 │  0 │ \n\n└────┴────┴────┴────┴────┴────┴────┴────┴────┴────┘ \n\n| 0  | 1  | 2  | 3  | 4  | 5  | 6  | 7  | 8  | 9 ", "Slide28": "Printing an Array\nprintf()  also can’t print an entire array. \n\nthis won’t compile…\n\n \n\n#define ARRAY_SIZE 42 \n\n... \n\nint array[ARRAY_SIZE]; \n\nprintf (\"%d\", array); \n\ninstead, you must print the elements one by one:\n\n \n\nint i = 0; \n\nwhile (i < ARRAY_SIZE) { \n\n    printf (\"%d\", array[i]); \n\n    i++; \n\n} ", "Slide19": "Arrays\nA series of boxes with a common type, \n\nall next to each other\n\n \n\n╔════╤════╤════╤════╦════╤════╤════╤════╦════╤════╤════╤════╦┄ \n\n║    │    │    │    ║    │    │    │    ║    │    │    │    ║ \n\n╚════╧════╧════╧════╩════╧════╧════╧════╩════╧════╧════╧════╩┄ ", "Slide18": "introducing: arrays", "Slide13": "revisiting: variables", "Slide12": "Nested Loops\n \n\nint i = 0; \n\nwhile (i < n) { \n\n    int j = 0; \n\n    while (j < n) { \n\n        // do something \n\n        printf(\"!!\"); \n\n        j++; \n\n    } \n\n    i++; \n\n} ", "Slide11": "Nested Loops\n \n\nwhile (something) { \n\n    while (somethingElse) { \n\n \n\n    } \n\n} ", "Slide10": "Stopping: Sentinel Value (Flag)\n \n\n// Print out the number that the user entered \n\n// Stop when they type 0 \n\n \n\nint n = 1; \n\nwhile (n != 0) { \n\n    printf (\"You entered: %d\\n\", n); \n\n    scanf(\"%d\", &n); \n\n} ", "Slide17": "Lots of Variables\nsometimes we want to store a lot of related variables\n\n \n\nint mark_student0 = 85; \n\nint mark_student1 = 90; \n\nint mark_student2 = 45; \n\n \n\ndouble averageMark = (mark_student1 + mark_student2 + mark_student3)/3; \n\nprintf(\"The average mark was: %lf\\n\", averageMark); \n\nThis doesn’t scale!", "Slide16": "Lots of Variables\nsometimes we want to store a lot of related variables\n\n \n\nint mark_student0 = 85; \n\n ______ \n\n|      | \n\n|  85  | \n\n|______| \n\n \n\nint mark_student1 = 90; \n\n ______ \n\n|      | \n\n|  90  | \n\n|______| \n\n \n\nint mark_student2 = 45; \n\n ______ \n\n|      | \n\n|  45  | \n\n|______| ", "Slide15": "Variables\nwe can have as many variables as we like\n\n \n\nint i = 5; \n\n ______ \n\n|      | \n\n|   5  | \n\n|______| \n\n \n\nint age = 18; \n\n ______ \n\n|      | \n\n|  18  | \n\n|______| \n\n \n\ndouble pi = 3.14; \n\n ______ \n\n|      | \n\n| 3.14 | \n\n|______| ", "Slide14": "Variables\nvariables are like a box \nthat can hold a value \n\nof a certain type\n\n \n\nint i = 5; \n\n ______ \n\n|      | \n\n|   5  | \n\n|______| ", "Slide3": "Feedback\nupload lecture code\n\nupload/incorporate diagrams \nin lecture recordings\n\nmore diagrams\n\ngo through programs as a whole \nbefore running them\n\nlecture subtitles", "Slide2": " \n\nBefore we begin…\n \n\nintroduce yourself to the person sitting next to you\n\n \n\nwhy did they decide to study computing?", "Slide1": "COMP5 8s \n— Lecture 6 — \n\nLoops + Arrays\nAndrew Bennett \n\n<andrew.bennett@unsw.edu.au>\n\nloops inside loops \nstopping loops \n\narrays", "Slide0": "Welcome!\nCOMP1511 18s1 \n\nProgramming Fundamentals", "Slide7": "Anatomy of a Loop\ninitialisation \n\nset up our variables\n\ncondition \nwhile “something”…\n\nstatements \nthings we do inside our loop\n\nupdate \nmove along to the next iteration", "Slide6": "Loops\nwhat if we want to do something multiple times?\n\nUse a loop!\n\nkeep doing this while this condition is true", "Slide5": "Admin\nDon’t panic!\n\nlecture recordings are on WebCMS3 \nI’ll try to add drawings/diagrams + upload to YouTube\n\ncourse style guide published\n\nweekly test due wednesday \ndon’t be scared!\n\nassignment 1 coming soon \nmore on that tomorrow!\n\ndon’t forget about help sessions! \nsee course website for details", "Slide4": "Overview\nafter this lecture, you should be able to…\n\nwrite programs using nested while loops to solve simple problems\n\nunderstand how to stop loops \nusing loop counters and sentinel variables\n\nunderstand the basics of arrays\n\nunderstand the basics of designing a solution to a problem \n(time permitting)\n\n(note: you shouldn’t be able to do all of these immediately after watching this lecture. however, this lecture should (hopefully!) give you the foundations you need to develop these skills. remember: programming is like\n\nlearning any other language, it takes consistent and regular practice.)", "Slide9": "Stopping: Loop Counters\n \n\n// Print out \"hello, world!\" n times, \n\n// where n is chosen by the user. \n\n \n\nint num; \n\nprintf (\"Enter a number: \"); \n\nscanf (\"%d\", &num); \n\n \n\nint i = 0; \n\nwhile (i < num) { \n\n    printf (\"hello, world!\\n\"); \n\n    i = i + 1; \n\n} ", "Slide8": "Anatomy of a Loop\n \n\n// initialisation \n\nint i = 0; \n\n \n\n// condition \n\nwhile (i < n) { \n\n    // statements -- do something in the loop \n\n    printf(\"Hello!\\n\"); \n\n \n\n    // update \n\n    i++; \n\n} "}