{"Slide10": "Review: Function Parameters\nnames don’t matter\n\norder matters", "Slide-1": "", "Slide3": "Overview\nafter this lecture, you should be able to…\n\nunderstand the basics of unit testing using asserts\n\nunderstand the basics of designing a solution to a problem\n\nhave a rough understanding of Assignment 1\n\nunderstand more about passing parameters into functions\n\nwrite programs using arrays to solve simple problems\n\n(note: you shouldn’t be able to do all of these immediately after watching this lecture. however, this lecture should (hopefully!) give you the foundations you need to develop these skills. remember:\n\nprogramming is like learning any other language, it takes consistent and regular practice.)", "Slide2": " \n\nBefore we begin…\n \n\nintroduce yourself to the person sitting next to you\n\n \n\nwhy did they decide to study computing?", "Slide1": "COMP5 8s \n— Lecture 7 — \n\nUnit Testing, Arrays + Functions\nAndrew Bennett \n\n<andrew.bennett@unsw.edu.au>", "Slide0": "Welcome!\nCOMP1511 18s1 \n\nProgramming Fundamentals", "Slide7": "Unit Tests\n“As well as testing my whole program, \nI’ll test each of the small parts of it.”\n\nfaster and easier to check our small units \nand then check the whole program", "Slide6": "C Requirements\nif statements \n\nfunctions \nasserts (unit testing)", "Slide5": "time2code\n(assignment spec on course website)", "Slide4": "Admin\nDon’t panic!\n\nlecture recordings are on WebCMS3\n\ncourse style guide published\n\nweekly test due tonight \ndon’t be scared!\n\nassignment 1 released!\n\ndon’t forget about help sessions! \nsee course website for details", "Slide9": "Review: Features of Functions\na function can have zero or more parameter(s)\n\na function can only return zero or one value(s)\n\n* * *\n\na function stores a local copy of parameters passed to it\n\nthe original values of variables remain unaltered\n\nparameters received by the function, \nand local variables created by the function, \nare all discarded when the function returns", "Slide8": "Testing with assert\n \n\n#include <assert.h> \n\n…\n\n \n\n    int i = 3; \n\n    assert (i == 3); \n\n \n\n    assert (doubled(3) == 6); \n\n "}