{"Slide62": "\fSlide:\nSample code\n\n⚫ Data reception\n\nUSART_Receive:\n\n; Wait for data to be received\nlds\nsbrs \n\nr10, UCSR1A\nr10, RXC1\n\nrjmp  USART_Receive\n\n; Get and return received data from buffer\nlds \n\nr16, UDR1\n\n63", "Slide-1": "", "Slide63": "\fSlide:\nStatus of Data Reception\n\n⚫ The Receive Complete (RXC) flag indicates if \n\nthere are unread data present in the receive \nbuffer.\n⚫ Set: when unread data exist in the receive buffer\n\n⚫ Clear: otherwise\n\n⚫ If the receiver is disabled (RXEN = 0), the \n\nreceive buffer will be flushed and \nconsequently the RXC bit will become zero.\n\n64", "Slide22": "\fSlide:\nTwo RS232-C Connectors\n\nDE9 pin assignments\n\nDB25 pin assignments\n\n23", "Slide23": "\fSlide:\nRS-232-C Signal Definitions\n\nDE9     DB25    Signal                               Purpose\n\n1            PG\n\n3             2           TxD\n\n2             3           RxD\n\n7             4           RTS\n\nProtective ground: this is actually the shield \nin a shielded cable. It is designed to be \nconnected to the equipment frame and may \nbe connected to external grounds. \n\nTransmitted data: Sourced by DTE and \nreceived by DCE. Data terminal equipment \ncannot send unless RTS, CTS, DSR and \nDTR are asserted. \n\nReceived data: Received by DTE, sourced \nby DCE.\n\nRequest to send: Sourced by DTE, received \nby DCE. RTS is asserted by the DTE when \nit wants to send data. The DCE responds by \nasserting CTS. \n\n24", "Slide20": "\fSlide:\nStandards for the Serial I/O \nInterface\n\n⚫ Interface standards are needed to allow \ndifferent manufacturers’ equipment to be \ninterconnected\n\n⚫ Must define the following elements:\n\n⚫ Handshaking signals\n\n⚫ Direction of data flow\n\n⚫ Types of communication devices.\n\n⚫ Connectors and interface mechanical \n\nconsiderations.\n\n⚫ Electrical signal levels.\n\n21", "Slide21": "\fSlide:\nStandards for the Serial I/O \nInterface (cont.)\n\n⚫ Popular standards include RS-232-C, RS-\n\n422, RS-423 and RS-485.\n⚫ RS-232-C standard is used in most serial \n\ninterface.\n\n⚫ If the signals must be transmitted farther than 50 \n\nfeet or greater than 20 Kbits/second, another \nelectrical interface standard such as RS-422, RS-\n423 or RS-485 should be chosen.\n\n⚫ For RS-422, RS-423 and RS-485, handshaking, \n\ndirection of signal flow, and the types of \ncommunication devices are based on the RS-232-\nC standard.\n\n22", "Slide26": "\fSlide:\nRS-232-C Interconnections\n\n⚫ When two serial ports are connected, the data rate, the \nnumber of data bits, whether parity is used, the type of \nparity, and the number of stop bits must be set properly \nand identically on each UART.\n\n⚫ Proper cables must be used. There are four kinds of \n\ncables from which to choose, depending on the types of \ndevices to be interconnected.\n⚫ Full DTE – DCE cable\n\n⚫ Minimal DTE – DCE cable\n\n⚫ DTE – DTE null modem cable\n\n⚫ Minimal null modem cable\n\n27", "Slide27": "\fSlide:\nRS-232-C Interconnections \n(cont.)\n\nDE9 DB25                       DB25   DE9   \n\nDTE DTE                         DCE   DCE   \n\nTxD     3        2                                2        3         TxD     \n\nRxD     2        3                                3        2         RxD\n\nSG       5        7                                7        5         SG\n\nRTS     7        4                                4        7         RTS\n\nCTS     8        5                                5        8         CTS\n\nDCD    1        8                                8        1         DCD\n\nDSR     6        6                                6        6         DSR\n\nDTR     4       20                              20       4         DTR\n\nFull DTE – DCE cable\n\n28", "Slide24": "\fSlide:\nRS-232-C Signal Definitions \n(cont.)\n\nDE9     DB25    Signal                               Purpose\n\n8             5           CTS\n\n6             6           DSR\n\n5             7           SG\n\nClear to send: Sourced by DCE, received \nby DTE. CTS must be asserted before the \nDTE can transmit data.  \n\nData set ready: Sourced by DCE and \nreceived by DTE. Indicates that the DCE \nhas made a connection on the telephone \nline and is ready to receive data from the \nterminal. The DTE must see this asserted \nbefore it can transmit data.\n\nSignal ground: Ground reference for this \nsignal is separate from pin 1, protective \nground.\n\n25", "Slide25": "\fSlide:\nRS-232-C Signal Definitions \n(cont.)\n\nDE9     DB25    Signal                               Purpose\n\n1             8           DCD\n\n4             20         DTR\n\n9             22          RI\n\nData carrier detect: Sourced by DCE, \nreceived by DTE. Indicates that a DCE has \ndetected the carrier on the telephone line. \nOriginally it was used in half-duplex \nsystems but can be used in full-duplex \nsystems, too.\n\nData terminal ready: Sourced by DTE and \nreceived by DCE. Indicates that DTE is \nready to send or receive data. \n\nRing indicator: Sourced by DCE and \nreceived by DTE. Indicates that a ringing \nsignal is detected. \n\n26", "Slide60": "\fSlide:\nStatus of Data Transmission\n\n⚫ The USART Transmitter has two flags that indicate its \n\nstate:\n⚫ USART Data Register Empty (UDRE)\n\n⚫ Set: when the transmit buffer is empty and ready to receiver new data\n\n⚫ Clear: when the transmit butter contains data to be moved into the \n\nshift register\n\n⚫ Transmit Complete (TXC)\n\n⚫ Set: when data in the Transmit Shift Register has been shifted out \n\nand there are no new data currently present in the transmit buffer\n\n⚫ Clear: otherwise\n\n⚫ Both flags can be used for generating interrupts.\n\n61", "Slide28": "\fSlide:\nRS-232-C Interconnections \n(cont.)\n\nDE9 DB25                       DB25   DE9   \n\nDTE DTE                         DCE   DCE   \n\nTxD     3        2                                2        3         TxD     \n\nRxD     2        3                                3        2         RxD\n\nSG       5        7                                7        5         SG\n\nRTS     7        4                                4        7         RTS\n\nCTS     8        5                                5        8         CTS\n\nDCD    1        8                                8        1         DCD\n\nDSR     6        6                                6        6         DSR\n\nDTR     4       20                              20       4         DTR\n\nMinimal DTE-DCE cable \n\n29", "Slide29": "\fSlide:\nRS-232-C Interconnections \n(cont.)\n\nDE9 DB25                       DB25   DE9   \n\nDTE DTE                         DTE   DTE   \n\nTxD     3        2                                2        3         TxD     \n\nRxD     2        3                                3        2         RxD\n\nSG       5        7                                7        5         SG\n\nRTS     7        4                                4        7         RTS\n\nCTS     8        5                                5        8         CTS\n\nDCD    1        8                                8        1         DCD\n\nDSR     6        6                                6        6         DSR\n\nDTR     4       20                              20       4         DTR\n\nDTE – DTE null modem cable \n\n30", "Slide44": "\fSlide:\nUCSRA\n\n⚫ USART Control and Status Register A\n\n45", "Slide45": "\fSlide:\nUCSRA Bit Descriptions\n\n⚫ Bit 7 – RXC: USART Receive Complete\n\n⚫ Set when the receive buffer is not empty\n\n⚫ The RXC flag can be used to generate a Receive \n\nComplete interrupt\n\n⚫ Bit 6 – TXC: USART Transmit Complete\n\n⚫ Set when the entire frame in the Transmit Shift \n\nRegister has been shifted out and there are no new \ndata present in the transmit butter\n\n⚫ TXC is automatically cleared when a transmit \n\ncomplete interrupt is executed.\n\n⚫ TXC can generate a Transmit Complete interrupt\n\n46", "Slide46": "\fSlide:\nUCSRA Bit Descriptions (cont.)\n\n⚫ Bit 5 – UDRE: USART Data Register Empty\n\n⚫ Set when the transmit buffer (UDR) is empty\n⚫ Can be used to generate a Data Register Empty \n\ninterrupt\n\n⚫ Bit 4 – FE: Frame Error\n\n⚫ Set when the next character in the receive buffer \n\nhad a Frame Error when received.\n\n⚫ Bit 3 – DOR: Data OverRun\n\n⚫ Set when a Data OverRun condition is detected.\n⚫ A Data OverRun occurs when the receive buffers \n\nare all full and a new start bit is detected.\n\n47", "Slide47": "\fSlide:\nUCSRA Bit Descriptions (cont.)\n\n⚫ Bit 2 – UPE: USART Parity Error\n\n⚫ Set when the next character in the receive buffer had a Parity \n\nError when received and the Parity Checking was enabled\n\n⚫ Bit 1 – U2X: Double the USART Transmission Speed\n\n⚫ Set for doubling the transfer rate for asynchronous \n\ncommunication\n\n⚫ Bit 0 – MPCM: Multi-processor Communication Mode\n\n⚫ If set, all the incoming frames received by the USART Receiver \n\nthat do not contain address information will be ignored.\n\n48", "Slide40": "\fSlide:\nAVR USART Structure (cont.)\n\n⚫ Receiver\n\n⚫ The Receiver is the most complex part of the \n\nUSART module due to its clock and data recovery \nunits.\n⚫ The recovery units are used for asynchronous data \n\nreception. \n\n⚫ In addition to the recovery units, the Receiver \n\nincludes a Parity Checker, Control Logic, a Shift \nRegister and a Receive Buffer (UDR).\n\n⚫ The Receiver supports the same frame formats as \nthe Transmitter, and can detect Frame Error, Data \n41\nOver Run and Parity Error.", "Slide41": "\fSlide:\nFrame Formats\n\n⚫ Up to 30 formats\n⚫ combinations of\n\n⚫ 1 start bit (St)\n⚫ 5, 6, 7, 8, or 9 data bits\n⚫ no, even or odd parity bit (P)\n⚫ 1 or 2 stop bits (Sp)\n\n⚫ Example\n\n42", "Slide42": "\fSlide:\nParity Bit\n\n⚫ Used to check whether the received data is \n\ndifferent from the sending data\n\n⚫ Two forms of the parity bit\n\n⚫ Even parity\n\n⚫ Odd parity\n\n⚫ Where di in the two formulas is a data bit, n is the \n\nnumber of data bits. \n\n43\n\n0ddddP011nneven=−1ddddP011nnodd=−\fSlide44:\nControl Registers\n⚫ Three control registers are used in USART \n\noperation:\n⚫ UCSRA\n\n⚫ for storing the status flags of USART\n⚫ for controlling transmission speed and use of multiple \n\nprocessors\n\n⚫ UCSRB\n\n⚫ for enabling interrupts, transmission operations\n⚫ for setting frame formats\n⚫ for bit extension\n\n⚫ UCSRC\n\n⚫ For operation configuration", "Slide43": "", "Slide66": "\fSlide:\nError Recovery (cont.)\n\n⚫ AVR includes a clock recovery and a data \n\nrecovery unit for handling errors in \nasynchronous transmission.\n⚫ The clock recovery logic is used for synchronizing \n\nthe internally generated baud rate clock to the \nincoming asynchronous serial frames at the RxD \npin.\n⚫ Based on the start bit\n\n⚫ The data recovery logic samples and low pass \nfilters each incoming bit, thereby improving the \nnoise immunity of the Receiver\n⚫ Based on multiple sampling and majority policy for \n\neach incoming bit\n\n67", "Slide67": "\fSlide:\nError Recovery (cont.)\n\n⚫ The following figure gives an illustration\n\n⚫ The sample rate is 16 times the baud rate\n\n⚫ When the Clock Recovery logic detects a high (idle) to low (start) \n\ntransition on the RxD line, it uses the samples 8, 9 and 10 to \ndecide if it is a valid bit (namely, 0) \n⚫ If the majority of the three bits are 0, the bit is valid; data recovery is \n\nfollowed.\n\n⚫ If the majority of the three bits are 1, the bit is invalid; the circuit looks \n\nfor next start bit.\n\n68", "Slide64": "\fSlide:\nError Detection\n\n⚫ Three errors are checked on the receiver \n\nside:\n⚫ Frame error \n\n⚫ By checking whether the first stop bit is corrected \n\nreceived\n\n⚫ Parity error\n\n⚫ By checking whether the data received has the same \n\n(odd or even) number of 1’s as in the data from the \ntranmistter.\n\n⚫ Data OverRun error\n\n⚫ By checking if any data is yet read but is overwritten \n\nby incoming data frame.\n\n65", "Slide65": "\fSlide:\nError Recovery\n\n⚫ Main sources of errors in asynchronous data \n\ntransmission\n⚫ Data reception is “out sync” with transmission\n\n⚫ Noise  added to the data\n\n66", "Slide48": "\fSlide:\nUCSRB\n\n⚫ USART Control and Status Register B\n\n49", "Slide49": "\fSlide:\nUCSRB Bit Descriptions\n\n⚫ Bit 7 – RXCIE: RX Complete Interrupt Enable\n\n⚫ Set to enable interrupt on the RXC flag\n\n⚫ Bit 6 – TXCIE: TX Complete Interrupt Enable\n\n⚫ Set to enable interrupt on the TXC flag\n\n⚫ Bit 5 – UDRIE: USART Data Register Empty \n\nInterrupt Enable\n⚫ Set to enable interrupt on the UDRE flag.\n\n50", "Slide58": "\fSlide:\nData Transmission\n\n⚫ The USART Transmitter is enabled by setting \n\nthe Transmit Enable (TXEN) bit in the \nUCSRB Register.\n⚫ A data transmission is initiated by loading the \ntransmit buffer with the data to be transmitted.\n⚫ The CPU can load the transmit buffer by writing to the \n\nUDR I/O location. The buffered data in the transmit \nbuffer will be moved to the Shift Register when the \nShift Register is ready to send a new frame. \n▪ The Shift Register is loaded with new data if it is in idle state \n(no ongoing transmission) or immediately after the last stop \nbit of the previous frame is transmitted. When the Shift \nRegister is loaded with new data, it will transfer one \ncomplete frame at the rate given by the baud register, U2X \nbit or by XCK depending on mode of operation.\n\n59", "Slide61": "\fSlide:\nData Reception\n\n⚫ The USART Receiver is enabled by writing \n\nthe Receive Enable (RXEN) bit in the UCSRB \nRegister\n⚫ The baud rate, mode of operation and frame \nformat must be set up once before doing any \ntransmissions. If synchronous operation is used, \nthe clock on the XCK pin will be overridden and \nused as transmission clock.\n\n62", "Slide59": "\fSlide:\nSample code\n⚫ Data Transmission\n\n⚫ The code below uses polling of the Data Register \n\nEmpty (UDRE) flag. \n⚫ When using frames with less than eight bits, the most \n\nsignificant bits written to the UDR are ignored. \n\nUSART_Transmit:\n\n; Wait for empty transmit buffer\nlds r15, UCSR1A\nsbrs r15,UDRE1\nrjmp USART_Transmit\n\n; Put data (r16) into buffer, sends the data\nsts UDR1,r16\n\n60", "Slide55": "\fSlide:\nUCSRC Bit Descriptions (cont.)\n\n⚫ Bit 0 – UCPOL: Clock Polarity\n\nUCPOL\nSampled\n\nTransmitted Data Changed\n\nReceived Data \n\n(Output of TxD Pin)\n\n(Input on RxD Pin)\n\n0\n1\n\nRising XCK Edge\nFailing XCK Edge\n\nFailing XCK Edge\nRising XCK Edge\n\n56", "Slide35": "\fSlide:\nSummary of Standards\n\nSpecification                  RS-232-C             RS-423                RS-422                 RS-485\n\nReceiver input                3 to 15V     200mV to 12V   200mV to \n\n200mV to \n\nvoltage                                                                                   7V                    -7 to +12V     \n\nDriver output signal       5 to 15V    3.6 to 6V            2 to 5V            1.5 to 5V\n\nMaximum data rate        20 Kb/s\n\n100 Kb/s\n\nMaximum cable        \n\n50 ft\n\n4000 ft\n\n10 Mb/s \n\n4000 ft \n\n10 Mb/s\n\n4000 ft\n\nlength\n\nDriver source                  3-7 K\n\n450  min               100 \n\n54\n\nImpedance \n\nReceiver input                3 K\n\n4 K min                4 K  min            12 K minimum\n\nresistance\n\nMode                         Singled-ended   Singled-ended          Differential           Differential\n\nNumber of drivers        1 Driver          1 driver                    1 Driver                32 Driver \n\nand receivers \n\nallowed on one line      1 Receivers     10 Receivers           10 Receivers         32 Receivers\n\n36", "Slide34": "\fSlide:\nRS-485 Standard\n⚫ Similar to RS-422 in that it uses differential line \n\ndrivers and receivers.\n\n⚫ Unlike RS-422, RS-485 provides for multiple drivers \n\nand receivers in a bussed environment.\n⚫ Up to 32 drivers/receivers pairs can be used together.\n\nD\n\nD\n\nUp to 32 \ndrivers\n\nR\n\nR\n\nUp to 32 \nreceivers\n\nCOMP2121 Week13\n\nRS-485 Interface\n\n35", "Slide37": "\fSlide:\nAVR USARTs (cont.)\n\n⚫ Support many serial frames.\n\n⚫ Have transmission error detection \n\n⚫ Odd or even parity error\n\n⚫ Framing error\n\n⚫ Three interrupts on\n\n⚫ TX Complete\n\n⚫ TX Data Register Empty\n\n⚫ RX Complete.\n\n38", "Slide36": "\fSlide:\nAVR USARTs\n\n⚫ Two USART units\n\n⚫ Unit 0\n\n⚫ Unit 1\n\n⚫ Each unit can be configured for synchronous \n\nor asynchronous serial communication\n\n⚫ USART unit 0 is used on our lab board to \n\nreceive program code downloaded from the \nPC host via USB\n\n37", "Slide31": "\fSlide:\nRS-232-C Interface\n\nRS-232-C Logic levels:\n\nMark     -25 to –3 volts\n\nSpace    +25 to +3 volts\n\nTTL Logic \nlevels\n\nD\n\nRS-232-C \nLogic levels\n\nR\n\nTTL Logic \nlevels\n\n32", "Slide30": "\fSlide:\nRS-232-C Interconnections \n(cont.)\n\nDE9 DB25                       DB25   DE9   \n\nDTE DTE                         DTE   DTE   \n\nTxD     3        2                                2        3         TxD     \n\nRxD     2        3                                3        2         RxD\n\nSG       5        7                                7        5         SG\n\nRTS     7        4                                4        7         RTS\n\nCTS     8        5                                5        8         CTS\n\nDCD    1        8                                8        1         DCD\n\nDSR     6        6                                6        6         DSR\n\nDTR     4       20                              20       4         DTR\n\nMinimal null modem cable \n\n31", "Slide33": "\fSlide:\nRS-422 Standard\n⚫ RS-422 line drivers and receivers operates with \n\ndifferential amplifier. \n⚫ These drivers eliminate much of the common-mode noise \nexperienced with long transmission lines, thus allowing the \nlonger distances and higher data rates.  \n\nD\n\nR\n\nR\n\nUp to 10 \nreceivers\n\nRS-422 Interface\n\n34", "Slide32": "\fSlide:\nRS-423 Standard\n⚫ Also a single ended system.\n\n⚫ Allows longer distance and higher data rates than RS-\n\n232-C.\n\n⚫ Allows a driver to broadcast data to 10 receivers.\n\nD\n\nR\n\nR\n\nUp to 10 \nreceivers\n\nRS-423 Interface\n\n33", "Slide39": "\fSlide:\nAVR USART Structure\n\n⚫ The USART consists of three components: \n\nclock generator, transmitter and receiver\n\n⚫ Clock generator\n\n⚫ consists of synchronization logic for external clock \n\ninput used by synchronous slave operation, and \nthe baud rate generator.\n\n⚫ Transmitter\n\n⚫ consists of a single write buffer, a serial Shift \n\nRegister, Parity Generator and Control Logic for \nhandling different serial frame formats.\n\n40", "Slide38": "\fSlide:\nUSART\nBlock \nDiagram\n\nCOMP2121 Week13\n\n39", "Slide57": "\fSlide:\nSample Code\n\n⚫ Initialize USART 1\n\nUSART_Init:\n\n; Set baud rate, which is stored in r17:r16\nsts UBRR1H, r17\nsts UBRR1L, r16\n\n; Enable receiver and transmitter\nldi r16, (1<<RXEN1)|(1<<TXEN1)\nsts UCSR1B,r16\n\n; Set frame format: 8 bit data, 2 stop bits\nldi r16, (1<<USBS1)|(3<<UCSZ10)\nsts UCSR1C,r16\n\n58", "Slide56": "\fSlide:\nUSART Initialization\n\n⚫ Initialization process consists of\n\n⚫ Setting the baud rate,\n\n⚫ Setting the frame format; and\n\n⚫ Enabling the Transmitter or the Receiver\n\n⚫ For interrupt driven USART operation, the \n\nGlobal Interrupt Flag should be cleared when \ndoing the initialization \n\n57", "Slide19": "\fSlide:\nModem\n\n⚫ A modulator/demodulator\n\n⚫ It converts logic levels into tones to be sent over a \n\ntelephone line.\n\n⚫ At the other end of the telephone line, a \n\ndemodulator converts the tones back to logic \nlevels. \n\n20", "Slide18": "\fSlide:\nDTE & DCE – example\n\n⚫ A communication system for internet access\n\n⚫ PC and Internet provider server are DTEs\n\n⚫ Two modems are DCEs\n\nPC\n\nmodem\n\nmodem\n\nphone line\n\nProvider\n\nserver\n\n19", "Slide53": "\fSlide:\nUCSRC Bit Descriptions\n\n⚫ Bit 6 – UMSEL: USART Mode Select\n\n⚫ 0: Asynchronous Operation\n\n⚫ 1: Synchronous Operation\n\n⚫ Bit 5:4 – UPM1:0: Parity Mode\n⚫ Set to enable Parity bit operation\n\nUPM1 UPM0 Parity Mode\n\n0 \n\n0 \n\n1\n\n1 \n\n0 \n\n1 \n\n0 \n\n1 \n\nDisabled\n\nReserved\n\nEnabled, Even Parity\n\nEnabled, Odd Parity\n\n54", "Slide52": "\fSlide:\nUCSRC\n\n⚫ USART Control and Status Register C\n\n53", "Slide51": "\fSlide:\nUCSRB Bit Descriptions (cont.)\n\n⚫ Bit 2 – UCSZ2: Character Size\n\n⚫ The bit combined with the UCSZ1:0 bits in UCSRC sets the \n\nnumber of data bits in a frame.\n\n⚫ Bit 1 – RXB8: Receive Data Bit 8\n\n⚫ The ninth data bit of the received character when operating with \n\nserial frames with nine data bits. Must be read before reading the \nlow bits from UDR\n\n⚫ Bit 0 – TXB8: Transmit Data Bit 8\n\n⚫ The ninth data bit in the character to be transmitted when \n\noperating with serial frames with nine data bits. Must be written \nbefore writing the low bits to UDR\n\n52", "Slide50": "\fSlide:\nUCSRB Bit Descriptions (cont.)\n\n⚫ Bit 4 – RXEN: Receiver Enable\n\n⚫ Set the enable the USART receiver.\n⚫ The Receiver will override normal port operation \n\nfor the RxD pin when enabled. Disable the \nReceiver will flush the receive buffer invalidating \nthe FE, DOR and UPE flags.\n\n⚫ Bit 3 – TXEN: Transmitter Enable\n\n⚫ Set to enable the USART Transmitter\n⚫ The Transmitter will override normal port \n\noperations for the TxD pin when enabled. The \ndisabling of the Transmitter will not become \neffective until transmissions are complete.\n\n51", "Slide13": "\fSlide:\nCommunication System Types\n\n⚫ Three ways that data can be sent in serial \n\ncommunication system:\n⚫ Simplex system\n\n⚫ Full-duplex (FDX) system \n\n⚫ Half-duplex (HDX) system\n\n14", "Slide12": "\fSlide:\nData Transmission Rate\n\n⚫ The rate at which bits are transmitted is \n\ncalled baud rate.\n\n⚫ It is given in bits per second\n\n⚫ Standard data rates – Baud:\n\n110, 150, 300, 600, 900, 1200, 2400, 4800, 9600, \n14400, 19200, 38400, 57600, 115200, 230400, \n460800, 921600\n\n13", "Slide11": "\fSlide:\nUART Data Formats (cont.)\n\n⚫ Typical bits in data transmission:\n\n⚫ Start bit: When the transmitter has data to send, it first changes \n\nthe line from the mark to the space level for one bit time. This \nsynchronises the receiver with transmitter. When the receiver \ndetects the start bit, it knows to start clocking in the serial data \nbits.\n\n⚫ Data bits: representing a data, such as a character \n⚫ Parity bit: used to detect errors in the data\n\n⚫ For odd parity: the bit makes the total number of 1s in the data odd \n⚫ For even parity: the bit makes the total number of 1s in the data even.\n\n⚫ Stop bit: added at the end of data bits. It gives one bit-time \n\nbetween successive data.  Some systems require more than one \nstop bit.\n\n12", "Slide10": "\fSlide:\nUART Data Formats\n\n⚫ Before transmission, data should be encoded\n\n⚫ Many encoding schemes, such as ASCII\n\n⚫ Each encoded data is encapsulated with two bits\n\n⚫ Start bit and stop bit\n\n⚫ Mark and space: the logic one and zero levels are \n\ncalled mark and space. \n⚫ When the transmitter is not sending anything, it holds the line at \n\nmark level, also called idle level.\n\nLeast Significant \n\nBit\n\nOptional \nParity Bit\n\nMark\n\nSpace\n\nStop \nBit\n\nStart \nBit\n\nCOMP2121 Week13\n\nData Bits\n\n11", "Slide17": "\fSlide:\nDTE & DCE\n\n⚫ There are two typical devices in \n\ncommunications\n\n⚫ DCE\n\n⚫ Data Communications Equipment\n⚫ Provides a path for communication\n\n⚫ DTE\n\n⚫ Data Terminal Equipment\n\n⚫ Connects to a communication line\n\n18", "Slide16": "\fSlide:\nHalf-Duplex (HDX) System\n\n⚫ Data are transmitted in two directions with only \n\none pair of signal lines.\n\n⚫ Additional hardware and handshaking signals \n\nmust be added to an HDX system.\n\nComputer\n\nComputer\n\n17", "Slide15": "\fSlide:\nFull-Duplex (FDX) System\n\n⚫ Data are transmitted in two directions.\n\n⚫ It is called four-wire system, although only two \n\nsignal wires and a common ground are sufficient. \n\nTerminal\n\nComputer\n\n16", "Slide14": "\fSlide:\nSimplex System\n\n⚫ Data are sent in one direction only\n\n⚫ For example, computer to a serial printer.\n\n⚫ Simple\n\n⚫ If the computer does not send data faster than the \n\nprinter can accept it, no handshaking signals are \nrequired.\n\n⚫ Two signal wires are needed for this system.\n\nComputer\n\nPrinter\n\n15", "Slide3": "\fSlide:\nSerial Communication System \nStructure\n\nData From \n\nSource\n\nn \n\nTransmit Data \n\nBuffer\n\nData To Destination\n\nn \n\nReceived Data \n\nBuffer\n\nTclock\n\nParallel In/Serial \nOut Shift Register \n\nSerial Data \n\nSerial In/Parallel \nOut Shift Register \n\nRclock\n\nTRANSMITTER\n\nRECEIVER\n\n4", "Slide2": "\fSlide:\nWhy Serial I/O?\n\n⚫ Problems with Parallel I/O:  \n\n⚫ Needs a wire for each bit. \n\n⚫ When the source and destination are more than a \n\nfew feet the parallel cable can be bulky and \nexpensive.\n\n⚫ Susceptible to reflections and induced noises for \n\nlong distance communication.\n\n⚫ Serial I/O overcomes these problems.  \n\n3", "Slide1": "\fSlide:\nLecture overview\n\n⚫ Serial communication\n\n⚫ Concepts\n\n⚫ Standards\n\n⚫ USART in AVR\n\n2", "Slide0": "Slide:\nSerial Input/Output\n\nLecturer: Sri Parameswaran \nNotes By: Annie Guo\n\n1", "Slide7": "\fSlide:\nSynchronous VS \nAsynchronous \n\n⚫ Synchronous\n\n⚫ Transmitter and receiver are synchronized\n⚫ Need extra hardware for clock synchronization\n\n⚫ Having faster data transfer rate\n\n⚫ Asynchronous\n\n⚫ Transmitter and receiver use different clocks. No \n\nclock synchronization is required.\n\n⚫ Used in many applications such as keyboards, \n\nmice, modems\n\n⚫ The rest of this lecture focuses on Asynchronous \n\ncommunication\n\n8", "Slide6": "\fSlide:\nSerial Communication\n\n⚫ There are two basic types of serial \n\ncommunications\n⚫ synchronous\n\n⚫ asynchronous\n\n7", "Slide5": "\fSlide:\nSerial Communication System \nStructure (cont.)\n\n⚫ At the communication destination:\n\n⚫ Rclock shifts each bit received into the Serial In \n\nParallel Out (SIPO) register.\n\n⚫ After all data bits have been shifted, they are \n\ntransferred to the received data buffer. \n\n⚫ The data in the received data buffer can be \n\nread by an input operation via the parallel \ninterface. \n\n6", "Slide4": "\fSlide:\nSerial Communication System \nStructure (cont.)\n\n⚫ At the communication source:\n\n⚫ The parallel interface transfers data from the \n\nsource to the transmit data buffer.\n\n⚫ The data is loaded into the Parallel In Serial \nOut (PISO) register and Tclock shifts the data \nbits out from the shift register to the receiver.\n\n5", "Slide9": "\fSlide:\nUART Structure \n\nData Bus\n\nTclock1\n\nRclock1\n\nTransmitter\n\nReceiver\n\nReceiver\n\nTransmitter\n\nRclock2\n\nTclock2\n\nData Bus\n\nUART\n\nUART\n\n10", "Slide8": "\fSlide:\nUART\n\n⚫ The device that implements both transmitter and receiver \n\nin a single integrated circuit is called a UART (Universal \nAsynchronous Receiver/Transmitter).\n\n⚫ UART uses least significant first order\n\n⚫ The least significant bit of data is transferred first\n\n⚫ Data are transmitted asynchronously. \n⚫ Clocks on both sides are not synchronized\n\n⚫ But receivers have a way to synchronise the data receiving \n\noperation with data transmission operation\n\n⚫ UART is the basis for most serial communication \n\nhardware.\n\n9", "Slide68": "\fSlide:\nError Recovery (cont.)\n\n⚫ When the receiver clock is synchronized to the \nstart bit, the data recovery can begin for each \nsubsequent data bit.\n\n⚫ The decision of the logic level of the received bit \n\nis taken by doing a majority voting of the logic \nvalue to the three samples in the center of the \nreceived bit.\n\n69", "Slide54": "\fSlide:\nUCSRC Bit Descriptions (cont.)\n\n⚫ Bit 3 – USBS: Stop Bit Select\n\n⚫ 0: 1-bit\n\n⚫ 1: 2-bit\n\n⚫ Bit 2:1 – UCSZ1:0: Character Size\n\n⚫ Together with UCSZ2 to determine the number of bits \n\nfor a character\n\nUCSZ2 UCSZ1 UCSZ0 Character Size\n\n0 \n0\n0 \n0 \n1 \n1\n1 \nCOMP2121 Week13\n1 \n\n0 \n0\n1\n1 \n0 \n0 \n1\n1\n\n0 \n1 \n0 \n1\n0 \n1 \n0\n1 \n\n5-bit\n6-bit\n7-bit\n8-bit\n\nReserved\nReserved\nReserved\n\n9-bit \n\n55"}