[
    {
        "Week": 4,
        "Slide": 0,
        "KeyPhrases": []
    },
    {
        "Week": 4,
        "Slide": 1,
        "KeyPhrases": [
            {
                "Score": 0.8877831101417542,
                "Text": "lecture"
            },
            {
                "Score": 0.8877831101417542,
                "Text": "bennett"
            },
            {
                "Score": 0.8877831101417542,
                "Text": "loop"
            },
            {
                "Score": 0.8877831101417542,
                "Text": "array"
            },
            {
                "Score": 0.8877831101417542,
                "Text": "andrew"
            },
            {
                "Score": 0.8877831101417542,
                "Text": "loop"
            },
            {
                "Score": 0.770534336566925,
                "Text": "loop"
            }
        ]
    },
    {
        "Week": 4,
        "Slide": 2,
        "KeyPhrases": [
            {
                "Score": 0.997734785079956,
                "Text": "person"
            }
        ]
    },
    {
        "Week": 4,
        "Slide": 3,
        "KeyPhrases": [
            {
                "Score": 0.7297179102897644,
                "Text": "lecture"
            },
            {
                "Score": 0.7297179102897644,
                "Text": "code"
            },
            {
                "Score": 0.7297179102897644,
                "Text": "feedback"
            },
            {
                "Score": 0.7297179102897644,
                "Text": "upload"
            },
            {
                "Score": 0.9898550510406494,
                "Text": "diagram"
            },
            {
                "Score": 0.9238514304161072,
                "Text": "lecture"
            },
            {
                "Score": 0.9798877835273743,
                "Text": "diagram"
            },
            {
                "Score": 0.9949702620506287,
                "Text": "program"
            }
        ]
    },
    {
        "Week": 4,
        "Slide": 4,
        "KeyPhrases": [
            {
                "Score": 0.533657431602478,
                "Text": "overview"
            },
            {
                "Score": 0.9970005750656128,
                "Text": "lecture"
            },
            {
                "Score": 0.9170446991920471,
                "Text": "write"
            },
            {
                "Score": 0.9170446991920471,
                "Text": "program"
            },
            {
                "Score": 0.7616450190544128,
                "Text": "nested"
            },
            {
                "Score": 0.7616450190544128,
                "Text": "while"
            },
            {
                "Score": 0.7616450190544128,
                "Text": "loop"
            },
            {
                "Score": 0.9970955848693848,
                "Text": "simple"
            },
            {
                "Score": 0.9970955848693848,
                "Text": "problem"
            },
            {
                "Score": 0.9771151542663574,
                "Text": "loop"
            },
            {
                "Score": 0.9091888070106506,
                "Text": "loop"
            },
            {
                "Score": 0.9091888070106506,
                "Text": "counter"
            },
            {
                "Score": 0.9879578948020935,
                "Text": "sentinel"
            },
            {
                "Score": 0.9938185811042786,
                "Text": "array"
            },
            {
                "Score": 0.9994506239891052,
                "Text": "solution"
            },
            {
                "Score": 0.9946050047874451,
                "Text": "problem"
            },
            {
                "Score": 0.7861950993537903,
                "Text": "time"
            },
            {
                "Score": 0.7631077170372009,
                "Text": "note"
            },
            {
                "Score": 0.982145369052887,
                "Text": "lecture"
            },
            {
                "Score": 0.9942173361778259,
                "Text": "lecture"
            },
            {
                "Score": 0.9992502927780151,
                "Text": "foundation"
            },
            {
                "Score": 0.9974177479743958,
                "Text": "skill"
            },
            {
                "Score": 0.999396800994873,
                "Text": "language"
            },
            {
                "Score": 0.9729824066162109,
                "Text": "consistent"
            },
            {
                "Score": 0.9729824066162109,
                "Text": "practice"
            }
        ]
    },
    {
        "Week": 4,
        "Slide": 5,
        "KeyPhrases": [
            {
                "Score": 0.8646005392074585,
                "Text": "admin"
            },
            {
                "Score": 0.9517659544944763,
                "Text": "lecture"
            },
            {
                "Score": 0.8784335255622864,
                "Text": "upload"
            },
            {
                "Score": 0.9451348185539246,
                "Text": "style"
            },
            {
                "Score": 0.9451348185539246,
                "Text": "guide"
            },
            {
                "Score": 0.9451348185539246,
                "Text": "youtube"
            },
            {
                "Score": 0.9451348185539246,
                "Text": "course"
            },
            {
                "Score": 0.9547155499458313,
                "Text": "test"
            },
            {
                "Score": 0.689177393913269,
                "Text": "wednesday"
            },
            {
                "Score": 0.9204554557800293,
                "Text": "assignment"
            },
            {
                "Score": 0.8369287848472595,
                "Text": "that"
            },
            {
                "Score": 0.8369287848472595,
                "Text": "tomorrow"
            },
            {
                "Score": 0.9531809091567993,
                "Text": "help"
            },
            {
                "Score": 0.9531809091567993,
                "Text": "session"
            },
            {
                "Score": 0.9776438474655151,
                "Text": "course"
            },
            {
                "Score": 0.9776438474655151,
                "Text": "website"
            }
        ]
    },
    {
        "Week": 4,
        "Slide": 6,
        "KeyPhrases": [
            {
                "Score": 0.7817610502243042,
                "Text": "loop"
            },
            {
                "Score": 0.9890230298042297,
                "Text": "multiple"
            },
            {
                "Score": 0.9890230298042297,
                "Text": "time"
            },
            {
                "Score": 0.9863025546073914,
                "Text": "loop"
            },
            {
                "Score": 0.9994005560874939,
                "Text": "condition"
            }
        ]
    },
    {
        "Week": 4,
        "Slide": 7,
        "KeyPhrases": [
            {
                "Score": 0.9000965356826782,
                "Text": "anatomy"
            },
            {
                "Score": 0.9976963400840759,
                "Text": "loop"
            },
            {
                "Score": 0.9976963400840759,
                "Text": "initialisation"
            },
            {
                "Score": 0.9627324342727661,
                "Text": "condition"
            },
            {
                "Score": 0.8060096502304077,
                "Text": "statement"
            },
            {
                "Score": 0.8143423199653625,
                "Text": "thing"
            },
            {
                "Score": 0.9193575978279114,
                "Text": "loop"
            },
            {
                "Score": 0.9193575978279114,
                "Text": "update"
            },
            {
                "Score": 0.9193575978279114,
                "Text": "move"
            }
        ]
    },
    {
        "Week": 4,
        "Slide": 8,
        "KeyPhrases": [
            {
                "Score": 0.8962956070899963,
                "Text": "anatomy"
            },
            {
                "Score": 0.838185727596283,
                "Text": "initialisation"
            },
            {
                "Score": 0.838185727596283,
                "Text": "loop"
            },
            {
                "Score": 0.7880139350891113,
                "Text": "condition"
            },
            {
                "Score": 0.5872979164123535,
                "Text": "statement"
            },
            {
                "Score": 0.948536217212677,
                "Text": "loop"
            },
            {
                "Score": 0.948536217212677,
                "Text": "printf"
            }
        ]
    },
    {
        "Week": 4,
        "Slide": 9,
        "KeyPhrases": [
            {
                "Score": 0.8793057799339294,
                "Text": "loop"
            },
            {
                "Score": 0.8793057799339294,
                "Text": "counter"
            },
            {
                "Score": 0.5124803185462952,
                "Text": "print"
            },
            {
                "Score": 0.9857447743415833,
                "Text": "world"
            },
            {
                "Score": 0.8763716816902161,
                "Text": "time"
            },
            {
                "Score": 0.8785955309867859,
                "Text": "user"
            },
            {
                "Score": 0.9230960011482239,
                "Text": "num"
            },
            {
                "Score": 0.6895681023597717,
                "Text": "printf"
            },
            {
                "Score": 0.9945448637008667,
                "Text": "number"
            },
            {
                "Score": 0.8546048402786255,
                "Text": "scanf"
            },
            {
                "Score": 0.8927146792411804,
                "Text": "num"
            },
            {
                "Score": 0.7918928861618042,
                "Text": "num"
            },
            {
                "Score": 0.7662999629974365,
                "Text": "printf"
            },
            {
                "Score": 0.973893940448761,
                "Text": "world"
            }
        ]
    },
    {
        "Week": 4,
        "Slide": 10,
        "KeyPhrases": [
            {
                "Score": 0.9695248603820801,
                "Text": "sentinel"
            },
            {
                "Score": 0.9695248603820801,
                "Text": "value"
            },
            {
                "Score": 0.986785352230072,
                "Text": "flag"
            },
            {
                "Score": 0.5489857196807861,
                "Text": "print"
            },
            {
                "Score": 0.9983131289482117,
                "Text": "number"
            },
            {
                "Score": 0.9735885262489319,
                "Text": "user"
            },
            {
                "Score": 0.8147121667861938,
                "Text": "stop"
            },
            {
                "Score": 0.8053736090660095,
                "Text": "int"
            },
            {
                "Score": 0.7915087938308716,
                "Text": "printf"
            },
            {
                "Score": 0.8502489328384399,
                "Text": "scanf"
            }
        ]
    },
    {
        "Week": 4,
        "Slide": 11,
        "KeyPhrases": [
            {
                "Score": 0.873495876789093,
                "Text": "nested"
            },
            {
                "Score": 0.873495876789093,
                "Text": "loop"
            },
            {
                "Score": 0.9078161716461182,
                "Text": "somethingelse"
            }
        ]
    },
    {
        "Week": 4,
        "Slide": 12,
        "KeyPhrases": [
            {
                "Score": 0.9143877029418945,
                "Text": "nested"
            },
            {
                "Score": 0.9143877029418945,
                "Text": "loop"
            },
            {
                "Score": 0.6168350577354431,
                "Text": "int"
            },
            {
                "Score": 0.834331214427948,
                "Text": "something"
            },
            {
                "Score": 0.834331214427948,
                "Text": "printf"
            }
        ]
    },
    {
        "Week": 4,
        "Slide": 13,
        "KeyPhrases": []
    },
    {
        "Week": 4,
        "Slide": 14,
        "KeyPhrases": [
            {
                "Score": 0.9995720982551575,
                "Text": "box"
            },
            {
                "Score": 0.9997941851615906,
                "Text": "value"
            },
            {
                "Score": 0.8052107095718384,
                "Text": "type"
            },
            {
                "Score": 0.8052107095718384,
                "Text": "int"
            }
        ]
    },
    {
        "Week": 4,
        "Slide": 15,
        "KeyPhrases": [
            {
                "Score": 0.9327338337898254,
                "Text": "age"
            },
            {
                "Score": 0.9327338337898254,
                "Text": "int"
            }
        ]
    },
    {
        "Week": 4,
        "Slide": 16,
        "KeyPhrases": [
            {
                "Score": 0.9910761117935181,
                "Text": "lot"
            },
            {
                "Score": 0.9996956586837769,
                "Text": "lot"
            },
            {
                "Score": 0.9218050241470337,
                "Text": "int"
            },
            {
                "Score": 0.9504449367523193,
                "Text": "int"
            }
        ]
    },
    {
        "Week": 4,
        "Slide": 17,
        "KeyPhrases": [
            {
                "Score": 0.9910761117935181,
                "Text": "lot"
            },
            {
                "Score": 0.9996956586837769,
                "Text": "lot"
            },
            {
                "Score": 0.6612593531608582,
                "Text": "averagemark"
            },
            {
                "Score": 0.9389380812644958,
                "Text": "printf"
            },
            {
                "Score": 0.9955082535743713,
                "Text": "mark"
            },
            {
                "Score": 0.8825111389160156,
                "Text": "averagemark"
            }
        ]
    },
    {
        "Week": 4,
        "Slide": 18,
        "KeyPhrases": []
    },
    {
        "Week": 4,
        "Slide": 19,
        "KeyPhrases": [
            {
                "Score": 0.9994764924049377,
                "Text": "series"
            },
            {
                "Score": 0.9995489716529846,
                "Text": "box"
            },
            {
                "Score": 0.9995694160461426,
                "Text": "type"
            }
        ]
    },
    {
        "Week": 4,
        "Slide": 20,
        "KeyPhrases": [
            {
                "Score": 0.9994764924049377,
                "Text": "series"
            },
            {
                "Score": 0.9995489716529846,
                "Text": "box"
            },
            {
                "Score": 0.9995694160461426,
                "Text": "type"
            }
        ]
    },
    {
        "Week": 4,
        "Slide": 21,
        "KeyPhrases": [
            {
                "Score": 0.8687846660614014,
                "Text": "class"
            },
            {
                "Score": 0.8687846660614014,
                "Text": "mark"
            },
            {
                "Score": 0.7106489539146423,
                "Text": "int"
            },
            {
                "Score": 0.999596893787384,
                "Text": "lot"
            },
            {
                "Score": 0.7068071365356445,
                "Text": "value"
            },
            {
                "Score": 0.9616039991378784,
                "Text": "hundred"
            }
        ]
    },
    {
        "Week": 4,
        "Slide": 22,
        "KeyPhrases": [
            {
                "Score": 0.9798336625099182,
                "Text": "solution"
            },
            {
                "Score": 0.9343528151512146,
                "Text": "array"
            },
            {
                "Score": 0.9046704173088074,
                "Text": "mark"
            },
            {
                "Score": 0.774522066116333,
                "Text": "mark"
            },
            {
                "Score": 0.6188799738883972,
                "Text": "mark"
            },
            {
                "Score": 0.6580601334571838,
                "Text": "mark"
            }
        ]
    },
    {
        "Week": 4,
        "Slide": 23,
        "KeyPhrases": [
            {
                "Score": 0.8305203914642334,
                "Text": "array"
            },
            {
                "Score": 0.9942392706871033,
                "Text": "collection"
            },
            {
                "Score": 0.9766279458999634,
                "Text": "array"
            },
            {
                "Score": 0.9766279458999634,
                "Text": "element"
            },
            {
                "Score": 0.9976781606674194,
                "Text": "element"
            },
            {
                "Score": 0.998879611492157,
                "Text": "type"
            },
            {
                "Score": 0.9986329674720764,
                "Text": "array"
            },
            {
                "Score": 0.9577388763427734,
                "Text": "index"
            },
            {
                "Score": 0.9577388763427734,
                "Text": "index"
            },
            {
                "Score": 0.9995842576026917,
                "Text": "element"
            },
            {
                "Score": 0.9898259043693542,
                "Text": "limit"
            },
            {
                "Score": 0.9984466433525085,
                "Text": "number"
            },
            {
                "Score": 0.9966318011283875,
                "Text": "element"
            },
            {
                "Score": 0.9000633955001831,
                "Text": "array"
            }
        ]
    },
    {
        "Week": 4,
        "Slide": 24,
        "KeyPhrases": [
            {
                "Score": 0.8472402691841125,
                "Text": "array"
            },
            {
                "Score": 0.9987214803695679,
                "Text": "array"
            },
            {
                "Score": 0.887896716594696,
                "Text": "element"
            },
            {
                "Score": 0.566425621509552,
                "Text": "initialises"
            },
            {
                "Score": 0.925552487373352,
                "Text": "element"
            },
            {
                "Score": 0.8045691847801208,
                "Text": "myarray"
            },
            {
                "Score": 0.8045691847801208,
                "Text": "int"
            }
        ]
    },
    {
        "Week": 4,
        "Slide": 25,
        "KeyPhrases": [
            {
                "Score": 0.8527409434318542,
                "Text": "array"
            },
            {
                "Score": 0.7170737385749817,
                "Text": "myarray"
            },
            {
                "Score": 0.7170737385749817,
                "Text": "int"
            },
            {
                "Score": 0.983974814414978,
                "Text": "value"
            },
            {
                "Score": 0.9967674612998962,
                "Text": "array"
            },
            {
                "Score": 0.7742862105369568,
                "Text": "myarray"
            },
            {
                "Score": 0.7681811451911926,
                "Text": "myarray"
            }
        ]
    },
    {
        "Week": 4,
        "Slide": 26,
        "KeyPhrases": [
            {
                "Score": 0.8527409434318542,
                "Text": "array"
            },
            {
                "Score": 0.7170737385749817,
                "Text": "myarray"
            },
            {
                "Score": 0.7170737385749817,
                "Text": "int"
            },
            {
                "Score": 0.983974814414978,
                "Text": "value"
            },
            {
                "Score": 0.9967674612998962,
                "Text": "array"
            },
            {
                "Score": 0.7742862105369568,
                "Text": "myarray"
            },
            {
                "Score": 0.7717166543006897,
                "Text": "myarray"
            },
            {
                "Score": 0.7784909009933472,
                "Text": "myarray"
            },
            {
                "Score": 0.9503079652786255,
                "Text": "error"
            }
        ]
    },
    {
        "Week": 4,
        "Slide": 27,
        "KeyPhrases": [
            {
                "Score": 0.7498431205749512,
                "Text": "array"
            },
            {
                "Score": 0.5871424674987793,
                "Text": "scanf"
            },
            {
                "Score": 0.9989832639694214,
                "Text": "array"
            },
            {
                "Score": 0.9908063411712646,
                "Text": "number"
            },
            {
                "Score": 0.8163468837738037,
                "Text": "array"
            },
            {
                "Score": 0.8878368139266968,
                "Text": "scanf"
            },
            {
                "Score": 0.9519850015640259,
                "Text": "array"
            },
            {
                "Score": 0.8805954456329346,
                "Text": "element"
            },
            {
                "Score": 0.7870302200317383,
                "Text": "scanf"
            },
            {
                "Score": 0.7678843140602112,
                "Text": "array"
            }
        ]
    },
    {
        "Week": 4,
        "Slide": 28,
        "KeyPhrases": [
            {
                "Score": 0.6479763984680176,
                "Text": "printing"
            },
            {
                "Score": 0.7178384065628052,
                "Text": "array"
            },
            {
                "Score": 0.38935035467147827,
                "Text": "printf"
            },
            {
                "Score": 0.9992594718933105,
                "Text": "array"
            },
            {
                "Score": 0.6491762399673462,
                "Text": "int"
            },
            {
                "Score": 0.6491762399673462,
                "Text": "array"
            },
            {
                "Score": 0.8977330327033997,
                "Text": "printf"
            },
            {
                "Score": 0.9408767819404602,
                "Text": "array"
            },
            {
                "Score": 0.8805952668190002,
                "Text": "element"
            },
            {
                "Score": 0.79468834400177,
                "Text": "printf"
            },
            {
                "Score": 0.7419121265411377,
                "Text": "array"
            }
        ]
    }
]