[
{
    "Week": 4,
    "Slide": 0,
    "KeyPhrases": [
        {
            "BeginOffset": 14,
            "EndOffset": 23,
            "Score": 0.7755911946296692,
            "Text": "1511 18s1"
        }
    ],
    "ResponseMetadata": {
        "HTTPHeaders": {
            "content-length": "96",
            "content-type": "application/x-amz-json-1.1",
            "date": "Thu, 28 Mar 2019 12:52:49 GMT",
            "x-amzn-requestid": "64cc6729-5158-11e9-8d49-d71cd8da7611"
        },
        "HTTPStatusCode": 200,
        "RequestId": "64cc6729-5158-11e9-8d49-d71cd8da7611",
        "RetryAttempts": 0
    }
},
{
    "Week": 4,
    "Slide": 1,
    "KeyPhrases": [
        {
            "BeginOffset": 5,
            "EndOffset": 38,
            "Score": 0.8783004879951477,
            "Text": "5 8s\n\u2014 Lecture 7 \u2014 \n\nUnit Testing"
        },
        {
            "BeginOffset": 40,
            "EndOffset": 103,
            "Score": 0.8664977550506592,
            "Text": "Arrays + Functions\nAndrew Bennett \n\n<andrew.bennett@unsw.edu.au"
        }
    ],
    "ResponseMetadata": {
        "HTTPHeaders": {
            "content-length": "264",
            "content-type": "application/x-amz-json-1.1",
            "date": "Thu, 28 Mar 2019 12:52:50 GMT",
            "x-amzn-requestid": "65617b3d-5158-11e9-8d49-d71cd8da7611"
        },
        "HTTPStatusCode": 200,
        "RequestId": "65617b3d-5158-11e9-8d49-d71cd8da7611",
        "RetryAttempts": 0
    }
},
{
    "Week": 4,
    "Slide": 2,
    "KeyPhrases": [
        {
            "BeginOffset": 19,
            "EndOffset": 20,
            "Score": 0.7555587887763977,
            "Text": "\u2026"
        },
        {
            "BeginOffset": 46,
            "EndOffset": 56,
            "Score": 0.997734785079956,
            "Text": "the person"
        },
        {
            "BeginOffset": 110,
            "EndOffset": 119,
            "Score": 0.9876183271408081,
            "Text": "computing"
        }
    ],
    "ResponseMetadata": {
        "HTTPHeaders": {
            "content-length": "252",
            "content-type": "application/x-amz-json-1.1",
            "date": "Thu, 28 Mar 2019 12:52:51 GMT",
            "x-amzn-requestid": "65f13854-5158-11e9-a369-99e6fd3713b6"
        },
        "HTTPStatusCode": 200,
        "RequestId": "65f13854-5158-11e9-a369-99e6fd3713b6",
        "RetryAttempts": 0
    }
},
{
    "Week": 4,
    "Slide": 3,
    "KeyPhrases": [
        {
            "BeginOffset": 2,
            "EndOffset": 10,
            "Score": 0.533657431602478,
            "Text": "Overview"
        },
        {
            "BeginOffset": 17,
            "EndOffset": 29,
            "Score": 0.9970005750656128,
            "Text": "this lecture"
        },
        {
            "BeginOffset": 66,
            "EndOffset": 76,
            "Score": 0.9997622966766357,
            "Text": "the basics"
        },
        {
            "BeginOffset": 80,
            "EndOffset": 92,
            "Score": 0.8998841643333435,
            "Text": "unit testing"
        },
        {
            "BeginOffset": 99,
            "EndOffset": 106,
            "Score": 0.8672399520874023,
            "Text": "asserts"
        },
        {
            "BeginOffset": 119,
            "EndOffset": 129,
            "Score": 0.9996197819709778,
            "Text": "the basics"
        },
        {
            "BeginOffset": 143,
            "EndOffset": 153,
            "Score": 0.9994423985481262,
            "Text": "a solution"
        },
        {
            "BeginOffset": 157,
            "EndOffset": 166,
            "Score": 0.9998233318328857,
            "Text": "a problem"
        },
        {
            "BeginOffset": 173,
            "EndOffset": 194,
            "Score": 0.998840868473053,
            "Text": "a rough understanding"
        },
        {
            "BeginOffset": 198,
            "EndOffset": 210,
            "Score": 0.972998857498169,
            "Text": "Assignment 1"
        },
        {
            "BeginOffset": 242,
            "EndOffset": 252,
            "Score": 0.9982019662857056,
            "Text": "parameters"
        },
        {
            "BeginOffset": 258,
            "EndOffset": 267,
            "Score": 0.8451265096664429,
            "Text": "functions"
        },
        {
            "BeginOffset": 275,
            "EndOffset": 283,
            "Score": 0.9957661628723145,
            "Text": "programs"
        },
        {
            "BeginOffset": 290,
            "EndOffset": 296,
            "Score": 0.9303280711174011,
            "Text": "arrays"
        },
        {
            "BeginOffset": 306,
            "EndOffset": 321,
            "Score": 0.9987120628356934,
            "Text": "simple problems"
        },
        {
            "BeginOffset": 324,
            "EndOffset": 328,
            "Score": 0.7205596566200256,
            "Text": "note"
        },
        {
            "BeginOffset": 398,
            "EndOffset": 410,
            "Score": 0.9821452498435974,
            "Text": "this lecture"
        },
        {
            "BeginOffset": 421,
            "EndOffset": 433,
            "Score": 0.9942169785499573,
            "Text": "this lecture"
        },
        {
            "BeginOffset": 463,
            "EndOffset": 478,
            "Score": 0.9992503523826599,
            "Text": "the foundations"
        },
        {
            "BeginOffset": 499,
            "EndOffset": 511,
            "Score": 0.9974177479743958,
            "Text": "these skills"
        },
        {
            "BeginOffset": 524,
            "EndOffset": 535,
            "Score": 0.9961270689964294,
            "Text": "programming"
        },
        {
            "BeginOffset": 553,
            "EndOffset": 571,
            "Score": 0.999396800994873,
            "Text": "any other language"
        },
        {
            "BeginOffset": 582,
            "EndOffset": 613,
            "Score": 0.9729823470115662,
            "Text": "consistent and regular practice"
        }
    ],
    "ResponseMetadata": {
        "HTTPHeaders": {
            "content-length": "1955",
            "content-type": "application/x-amz-json-1.1",
            "date": "Thu, 28 Mar 2019 12:52:52 GMT",
            "x-amzn-requestid": "667d246c-5158-11e9-99c9-7369baa4d582"
        },
        "HTTPStatusCode": 200,
        "RequestId": "667d246c-5158-11e9-99c9-7369baa4d582",
        "RetryAttempts": 0
    }
},
{
    "Week": 4,
    "Slide": 4,
    "KeyPhrases": [
        {
            "BeginOffset": 2,
            "EndOffset": 7,
            "Score": 0.8646005392074585,
            "Text": "Admin"
        },
        {
            "BeginOffset": 22,
            "EndOffset": 40,
            "Score": 0.9517659544944763,
            "Text": "lecture recordings"
        },
        {
            "BeginOffset": 48,
            "EndOffset": 75,
            "Score": 0.9353395104408264,
            "Text": "WebCMS3\n\ncourse style guide"
        },
        {
            "BeginOffset": 87,
            "EndOffset": 98,
            "Score": 0.9180827140808105,
            "Text": "weekly test"
        },
        {
            "BeginOffset": 103,
            "EndOffset": 110,
            "Score": 0.850200355052948,
            "Text": "tonight"
        },
        {
            "BeginOffset": 130,
            "EndOffset": 142,
            "Score": 0.9422212839126587,
            "Text": "assignment 1"
        },
        {
            "BeginOffset": 173,
            "EndOffset": 186,
            "Score": 0.9529449343681335,
            "Text": "help sessions"
        },
        {
            "BeginOffset": 193,
            "EndOffset": 207,
            "Score": 0.9776498675346375,
            "Text": "course website"
        }
    ],
    "ResponseMetadata": {
        "HTTPHeaders": {
            "content-length": "698",
            "content-type": "application/x-amz-json-1.1",
            "date": "Thu, 28 Mar 2019 12:52:53 GMT",
            "x-amzn-requestid": "671a0127-5158-11e9-ad04-91cf7a3e7941"
        },
        "HTTPStatusCode": 200,
        "RequestId": "671a0127-5158-11e9-ad04-91cf7a3e7941",
        "RetryAttempts": 0
    }
},
{
    "Week": 4,
    "Slide": 5,
    "KeyPhrases": [
        {
            "BeginOffset": 2,
            "EndOffset": 11,
            "Score": 0.7967814803123474,
            "Text": "time2code"
        },
        {
            "BeginOffset": 13,
            "EndOffset": 28,
            "Score": 0.9312905669212341,
            "Text": "assignment spec"
        },
        {
            "BeginOffset": 32,
            "EndOffset": 46,
            "Score": 0.9531957507133484,
            "Text": "course website"
        }
    ],
    "ResponseMetadata": {
        "HTTPHeaders": {
            "content-length": "266",
            "content-type": "application/x-amz-json-1.1",
            "date": "Thu, 28 Mar 2019 12:52:55 GMT",
            "x-amzn-requestid": "67c953ed-5158-11e9-9ee0-d7b69e2c846a"
        },
        "HTTPStatusCode": 200,
        "RequestId": "67c953ed-5158-11e9-9ee0-d7b69e2c846a",
        "RetryAttempts": 0
    }
},
{
    "Week": 4,
    "Slide": 6,
    "KeyPhrases": [
        {
            "BeginOffset": 2,
            "EndOffset": 16,
            "Score": 0.9387869238853455,
            "Text": "C Requirements"
        },
        {
            "BeginOffset": 20,
            "EndOffset": 30,
            "Score": 0.5504630208015442,
            "Text": "statements"
        },
        {
            "BeginOffset": 44,
            "EndOffset": 51,
            "Score": 0.684848427772522,
            "Text": "asserts"
        },
        {
            "BeginOffset": 53,
            "EndOffset": 65,
            "Score": 0.9144876003265381,
            "Text": "unit testing"
        }
    ],
    "ResponseMetadata": {
        "HTTPHeaders": {
            "content-length": "341",
            "content-type": "application/x-amz-json-1.1",
            "date": "Thu, 28 Mar 2019 12:52:56 GMT",
            "x-amzn-requestid": "6878f46f-5158-11e9-b7b4-8f0a6db039e5"
        },
        "HTTPStatusCode": 200,
        "RequestId": "6878f46f-5158-11e9-b7b4-8f0a6db039e5",
        "RetryAttempts": 0
    }
},
{
    "Week": 4,
    "Slide": 7,
    "KeyPhrases": [
        {
            "BeginOffset": 2,
            "EndOffset": 12,
            "Score": 0.8797934055328369,
            "Text": "Unit Tests"
        },
        {
            "BeginOffset": 33,
            "EndOffset": 49,
            "Score": 0.999567449092865,
            "Text": "my whole program"
        },
        {
            "BeginOffset": 70,
            "EndOffset": 85,
            "Score": 0.999407947063446,
            "Text": "the small parts"
        },
        {
            "BeginOffset": 122,
            "EndOffset": 137,
            "Score": 0.998246431350708,
            "Text": "our small units"
        }
    ],
    "ResponseMetadata": {
        "HTTPHeaders": {
            "content-length": "354",
            "content-type": "application/x-amz-json-1.1",
            "date": "Thu, 28 Mar 2019 12:52:57 GMT",
            "x-amzn-requestid": "6928205d-5158-11e9-b270-937b8b08d656"
        },
        "HTTPStatusCode": 200,
        "RequestId": "6928205d-5158-11e9-b270-937b8b08d656",
        "RetryAttempts": 0
    }
},
{
    "Week": 4,
    "Slide": 8,
    "KeyPhrases": [
        {
            "BeginOffset": 2,
            "EndOffset": 9,
            "Score": 0.7824052572250366,
            "Text": "Testing"
        },
        {
            "BeginOffset": 15,
            "EndOffset": 41,
            "Score": 0.6216079592704773,
            "Text": "assert\n \n\n#include <assert"
        },
        {
            "BeginOffset": 42,
            "EndOffset": 48,
            "Score": 0.8583592176437378,
            "Text": "h> \n\n\u2026"
        },
        {
            "BeginOffset": 65,
            "EndOffset": 66,
            "Score": 0.9722580909729004,
            "Text": "3"
        },
        {
            "BeginOffset": 85,
            "EndOffset": 88,
            "Score": 0.8699719309806824,
            "Text": "= 3"
        },
        {
            "BeginOffset": 108,
            "EndOffset": 115,
            "Score": 0.4642527997493744,
            "Text": "doubled"
        },
        {
            "BeginOffset": 116,
            "EndOffset": 117,
            "Score": 0.975521981716156,
            "Text": "3"
        },
        {
            "BeginOffset": 120,
            "EndOffset": 123,
            "Score": 0.758945107460022,
            "Text": "= 6"
        }
    ],
    "ResponseMetadata": {
        "HTTPHeaders": {
            "content-length": "647",
            "content-type": "application/x-amz-json-1.1",
            "date": "Thu, 28 Mar 2019 12:52:57 GMT",
            "x-amzn-requestid": "69d74bc0-5158-11e9-8eba-154ad056dc4d"
        },
        "HTTPStatusCode": 200,
        "RequestId": "69d74bc0-5158-11e9-8eba-154ad056dc4d",
        "RetryAttempts": 0
    }
},
{
    "Week": 4,
    "Slide": 9,
    "KeyPhrases": [
        {
            "BeginOffset": 2,
            "EndOffset": 8,
            "Score": 0.8768813014030457,
            "Text": "Review"
        },
        {
            "BeginOffset": 10,
            "EndOffset": 18,
            "Score": 0.9921894073486328,
            "Text": "Features"
        },
        {
            "BeginOffset": 22,
            "EndOffset": 31,
            "Score": 0.9185113310813904,
            "Text": "Functions"
        },
        {
            "BeginOffset": 32,
            "EndOffset": 42,
            "Score": 0.9974061250686646,
            "Text": "a function"
        },
        {
            "BeginOffset": 52,
            "EndOffset": 74,
            "Score": 0.8741952180862427,
            "Text": "zero or more parameter"
        },
        {
            "BeginOffset": 79,
            "EndOffset": 89,
            "Score": 0.9968987703323364,
            "Text": "a function"
        },
        {
            "BeginOffset": 114,
            "EndOffset": 123,
            "Score": 0.966840386390686,
            "Text": "one value"
        },
        {
            "BeginOffset": 135,
            "EndOffset": 145,
            "Score": 0.9378969073295593,
            "Text": "a function"
        },
        {
            "BeginOffset": 153,
            "EndOffset": 165,
            "Score": 0.9993395209312439,
            "Text": "a local copy"
        },
        {
            "BeginOffset": 169,
            "EndOffset": 179,
            "Score": 0.9991113543510437,
            "Text": "parameters"
        },
        {
            "BeginOffset": 194,
            "EndOffset": 213,
            "Score": 0.9972670078277588,
            "Text": "the original values"
        },
        {
            "BeginOffset": 217,
            "EndOffset": 226,
            "Score": 0.9939082860946655,
            "Text": "variables"
        },
        {
            "BeginOffset": 234,
            "EndOffset": 255,
            "Score": 0.9961997270584106,
            "Text": "unaltered\n\nparameters"
        },
        {
            "BeginOffset": 268,
            "EndOffset": 280,
            "Score": 0.9935698509216309,
            "Text": "the function"
        },
        {
            "BeginOffset": 287,
            "EndOffset": 302,
            "Score": 0.9995290040969849,
            "Text": "local variables"
        },
        {
            "BeginOffset": 314,
            "EndOffset": 326,
            "Score": 0.9980239868164062,
            "Text": "the function"
        },
        {
            "BeginOffset": 352,
            "EndOffset": 364,
            "Score": 0.9444884061813354,
            "Text": "the function"
        }
    ],
    "ResponseMetadata": {
        "HTTPHeaders": {
            "content-length": "1450",
            "content-type": "application/x-amz-json-1.1",
            "date": "Thu, 28 Mar 2019 12:52:59 GMT",
            "x-amzn-requestid": "6a76c010-5158-11e9-ad04-91cf7a3e7941"
        },
        "HTTPStatusCode": 200,
        "RequestId": "6a76c010-5158-11e9-ad04-91cf7a3e7941",
        "RetryAttempts": 0
    }
},
{
    "Week": 4,
    "Slide": 10,
    "KeyPhrases": [
        {
            "BeginOffset": 2,
            "EndOffset": 8,
            "Score": 0.9133899211883545,
            "Text": "Review"
        },
        {
            "BeginOffset": 10,
            "EndOffset": 29,
            "Score": 0.7681972980499268,
            "Text": "Function Parameters"
        },
        {
            "BeginOffset": 30,
            "EndOffset": 35,
            "Score": 0.9789469242095947,
            "Text": "names"
        }
    ],
    "ResponseMetadata": {
        "HTTPHeaders": {
            "content-length": "257",
            "content-type": "application/x-amz-json-1.1",
            "date": "Thu, 28 Mar 2019 12:53:00 GMT",
            "x-amzn-requestid": "6b25289a-5158-11e9-a12c-4fc516924d62"
        },
        "HTTPStatusCode": 200,
        "RequestId": "6b25289a-5158-11e9-a12c-4fc516924d62",
        "RetryAttempts": 0
    }
}
]