[
{
    "Week": 4,
    "Slide": 0,
    "KeyPhrases": [
        {
            "BeginOffset": 14,
            "EndOffset": 23,
            "Score": 0.7755911946296692,
            "Text": "1511 18s1"
        }
    ],
    "ResponseMetadata": {
        "HTTPHeaders": {
            "content-length": "96",
            "content-type": "application/x-amz-json-1.1",
            "date": "Thu, 28 Mar 2019 12:53:14 GMT",
            "x-amzn-requestid": "731dde99-5158-11e9-b1f4-0d6fc4dbbbce"
        },
        "HTTPStatusCode": 200,
        "RequestId": "731dde99-5158-11e9-b1f4-0d6fc4dbbbce",
        "RetryAttempts": 0
    }
},
{
    "Week": 4,
    "Slide": 1,
    "KeyPhrases": [
        {
            "BeginOffset": 5,
            "EndOffset": 93,
            "Score": 0.8877831101417542,
            "Text": "5 8s\n\u2014 Lecture 6 \u2014 \n\nLoops + Arrays\nAndrew Bennett \n\n<andrew.bennett@unsw.edu.au>\n\nloops"
        },
        {
            "BeginOffset": 101,
            "EndOffset": 106,
            "Score": 0.770534336566925,
            "Text": "loops"
        }
    ],
    "ResponseMetadata": {
        "HTTPHeaders": {
            "content-length": "263",
            "content-type": "application/x-amz-json-1.1",
            "date": "Thu, 28 Mar 2019 12:53:14 GMT",
            "x-amzn-requestid": "73cd8013-5158-11e9-a698-9b1a515702e6"
        },
        "HTTPStatusCode": 200,
        "RequestId": "73cd8013-5158-11e9-a698-9b1a515702e6",
        "RetryAttempts": 0
    }
},
{
    "Week": 4,
    "Slide": 2,
    "KeyPhrases": [
        {
            "BeginOffset": 19,
            "EndOffset": 20,
            "Score": 0.7555587887763977,
            "Text": "\u2026"
        },
        {
            "BeginOffset": 46,
            "EndOffset": 56,
            "Score": 0.997734785079956,
            "Text": "the person"
        },
        {
            "BeginOffset": 110,
            "EndOffset": 119,
            "Score": 0.9876183271408081,
            "Text": "computing"
        }
    ],
    "ResponseMetadata": {
        "HTTPHeaders": {
            "content-length": "252",
            "content-type": "application/x-amz-json-1.1",
            "date": "Thu, 28 Mar 2019 12:53:16 GMT",
            "x-amzn-requestid": "747c8479-5158-11e9-a8a0-9f0a29161967"
        },
        "HTTPStatusCode": 200,
        "RequestId": "747c8479-5158-11e9-a8a0-9f0a29161967",
        "RetryAttempts": 0
    }
},
{
    "Week": 4,
    "Slide": 3,
    "KeyPhrases": [
        {
            "BeginOffset": 2,
            "EndOffset": 30,
            "Score": 0.7297179102897644,
            "Text": "Feedback\nupload lecture code"
        },
        {
            "BeginOffset": 51,
            "EndOffset": 59,
            "Score": 0.9898550510406494,
            "Text": "diagrams"
        },
        {
            "BeginOffset": 64,
            "EndOffset": 82,
            "Score": 0.9238514304161072,
            "Text": "lecture recordings"
        },
        {
            "BeginOffset": 84,
            "EndOffset": 97,
            "Score": 0.9798877835273743,
            "Text": "more diagrams"
        },
        {
            "BeginOffset": 110,
            "EndOffset": 118,
            "Score": 0.9949702620506287,
            "Text": "programs"
        },
        {
            "BeginOffset": 122,
            "EndOffset": 129,
            "Score": 0.9969373941421509,
            "Text": "a whole"
        }
    ],
    "ResponseMetadata": {
        "HTTPHeaders": {
            "content-length": "528",
            "content-type": "application/x-amz-json-1.1",
            "date": "Thu, 28 Mar 2019 12:53:17 GMT",
            "x-amzn-requestid": "752c7323-5158-11e9-8d49-d71cd8da7611"
        },
        "HTTPStatusCode": 200,
        "RequestId": "752c7323-5158-11e9-8d49-d71cd8da7611",
        "RetryAttempts": 0
    }
},
{
    "Week": 4,
    "Slide": 4,
    "KeyPhrases": [
        {
            "BeginOffset": 2,
            "EndOffset": 10,
            "Score": 0.533657431602478,
            "Text": "Overview"
        },
        {
            "BeginOffset": 17,
            "EndOffset": 29,
            "Score": 0.9970005750656128,
            "Text": "this lecture"
        },
        {
            "BeginOffset": 55,
            "EndOffset": 69,
            "Score": 0.9170446991920471,
            "Text": "write programs"
        },
        {
            "BeginOffset": 76,
            "EndOffset": 94,
            "Score": 0.7616450190544128,
            "Text": "nested while loops"
        },
        {
            "BeginOffset": 104,
            "EndOffset": 119,
            "Score": 0.9970955848693848,
            "Text": "simple problems"
        },
        {
            "BeginOffset": 144,
            "EndOffset": 149,
            "Score": 0.9771151542663574,
            "Text": "loops"
        },
        {
            "BeginOffset": 157,
            "EndOffset": 170,
            "Score": 0.9091888070106506,
            "Text": "loop counters"
        },
        {
            "BeginOffset": 175,
            "EndOffset": 193,
            "Score": 0.9879578948020935,
            "Text": "sentinel variables"
        },
        {
            "BeginOffset": 206,
            "EndOffset": 216,
            "Score": 0.9996498227119446,
            "Text": "the basics"
        },
        {
            "BeginOffset": 220,
            "EndOffset": 226,
            "Score": 0.9938185811042786,
            "Text": "arrays"
        },
        {
            "BeginOffset": 239,
            "EndOffset": 249,
            "Score": 0.9996663928031921,
            "Text": "the basics"
        },
        {
            "BeginOffset": 263,
            "EndOffset": 273,
            "Score": 0.9994506239891052,
            "Text": "a solution"
        },
        {
            "BeginOffset": 277,
            "EndOffset": 286,
            "Score": 0.9946050047874451,
            "Text": "a problem"
        },
        {
            "BeginOffset": 289,
            "EndOffset": 304,
            "Score": 0.7861950993537903,
            "Text": "time permitting"
        },
        {
            "BeginOffset": 308,
            "EndOffset": 312,
            "Score": 0.7631077170372009,
            "Text": "note"
        },
        {
            "BeginOffset": 382,
            "EndOffset": 394,
            "Score": 0.982145369052887,
            "Text": "this lecture"
        },
        {
            "BeginOffset": 405,
            "EndOffset": 417,
            "Score": 0.9942173361778259,
            "Text": "this lecture"
        },
        {
            "BeginOffset": 447,
            "EndOffset": 462,
            "Score": 0.9992502927780151,
            "Text": "the foundations"
        },
        {
            "BeginOffset": 483,
            "EndOffset": 495,
            "Score": 0.9974177479743958,
            "Text": "these skills"
        },
        {
            "BeginOffset": 507,
            "EndOffset": 518,
            "Score": 0.996127188205719,
            "Text": "programming"
        },
        {
            "BeginOffset": 537,
            "EndOffset": 555,
            "Score": 0.999396800994873,
            "Text": "any other language"
        },
        {
            "BeginOffset": 566,
            "EndOffset": 597,
            "Score": 0.9729824066162109,
            "Text": "consistent and regular practice"
        }
    ],
    "ResponseMetadata": {
        "HTTPHeaders": {
            "content-length": "1887",
            "content-type": "application/x-amz-json-1.1",
            "date": "Thu, 28 Mar 2019 12:53:17 GMT",
            "x-amzn-requestid": "75cb7296-5158-11e9-a369-99e6fd3713b6"
        },
        "HTTPStatusCode": 200,
        "RequestId": "75cb7296-5158-11e9-a369-99e6fd3713b6",
        "RetryAttempts": 0
    }
},
{
    "Week": 4,
    "Slide": 5,
    "KeyPhrases": [
        {
            "BeginOffset": 2,
            "EndOffset": 7,
            "Score": 0.8646005392074585,
            "Text": "Admin"
        },
        {
            "BeginOffset": 22,
            "EndOffset": 40,
            "Score": 0.9517659544944763,
            "Text": "lecture recordings"
        },
        {
            "BeginOffset": 48,
            "EndOffset": 55,
            "Score": 0.9481369853019714,
            "Text": "WebCMS3"
        },
        {
            "BeginOffset": 73,
            "EndOffset": 99,
            "Score": 0.8784335255622864,
            "Text": "drawings/diagrams + upload"
        },
        {
            "BeginOffset": 103,
            "EndOffset": 130,
            "Score": 0.9451348185539246,
            "Text": "YouTube\n\ncourse style guide"
        },
        {
            "BeginOffset": 142,
            "EndOffset": 153,
            "Score": 0.9547155499458313,
            "Text": "weekly test"
        },
        {
            "BeginOffset": 158,
            "EndOffset": 167,
            "Score": 0.689177393913269,
            "Text": "wednesday"
        },
        {
            "BeginOffset": 187,
            "EndOffset": 199,
            "Score": 0.9204554557800293,
            "Text": "assignment 1"
        },
        {
            "BeginOffset": 221,
            "EndOffset": 234,
            "Score": 0.8369287848472595,
            "Text": "that tomorrow"
        },
        {
            "BeginOffset": 256,
            "EndOffset": 269,
            "Score": 0.9531809091567993,
            "Text": "help sessions"
        },
        {
            "BeginOffset": 276,
            "EndOffset": 290,
            "Score": 0.9776438474655151,
            "Text": "course website"
        }
    ],
    "ResponseMetadata": {
        "HTTPHeaders": {
            "content-length": "965",
            "content-type": "application/x-amz-json-1.1",
            "date": "Thu, 28 Mar 2019 12:53:19 GMT",
            "x-amzn-requestid": "767a77cd-5158-11e9-a698-9b1a515702e6"
        },
        "HTTPStatusCode": 200,
        "RequestId": "767a77cd-5158-11e9-a698-9b1a515702e6",
        "RetryAttempts": 0
    }
},
{
    "Week": 4,
    "Slide": 6,
    "KeyPhrases": [
        {
            "BeginOffset": 2,
            "EndOffset": 7,
            "Score": 0.7817610502243042,
            "Text": "Loops"
        },
        {
            "BeginOffset": 40,
            "EndOffset": 54,
            "Score": 0.9890230298042297,
            "Text": "multiple times"
        },
        {
            "BeginOffset": 61,
            "EndOffset": 67,
            "Score": 0.9863025546073914,
            "Text": "a loop"
        },
        {
            "BeginOffset": 92,
            "EndOffset": 106,
            "Score": 0.9994005560874939,
            "Text": "this condition"
        }
    ],
    "ResponseMetadata": {
        "HTTPHeaders": {
            "content-length": "338",
            "content-type": "application/x-amz-json-1.1",
            "date": "Thu, 28 Mar 2019 12:53:20 GMT",
            "x-amzn-requestid": "772a17d1-5158-11e9-902b-adbe1c0e68b7"
        },
        "HTTPStatusCode": 200,
        "RequestId": "772a17d1-5158-11e9-902b-adbe1c0e68b7",
        "RetryAttempts": 0
    }
},
{
    "Week": 4,
    "Slide": 7,
    "KeyPhrases": [
        {
            "BeginOffset": 2,
            "EndOffset": 9,
            "Score": 0.9000965356826782,
            "Text": "Anatomy"
        },
        {
            "BeginOffset": 13,
            "EndOffset": 34,
            "Score": 0.9976963400840759,
            "Text": "a Loop\ninitialisation"
        },
        {
            "BeginOffset": 44,
            "EndOffset": 68,
            "Score": 0.9627324342727661,
            "Text": "our variables\n\ncondition"
        },
        {
            "BeginOffset": 76,
            "EndOffset": 100,
            "Score": 0.8060096502304077,
            "Text": "\u201csomething\u201d\u2026\n\nstatements"
        },
        {
            "BeginOffset": 102,
            "EndOffset": 108,
            "Score": 0.8143423199653625,
            "Text": "things"
        },
        {
            "BeginOffset": 122,
            "EndOffset": 144,
            "Score": 0.9193575978279114,
            "Text": "our loop\n\nupdate \nmove"
        }
    ],
    "ResponseMetadata": {
        "HTTPHeaders": {
            "content-length": "563",
            "content-type": "application/x-amz-json-1.1",
            "date": "Thu, 28 Mar 2019 12:53:21 GMT",
            "x-amzn-requestid": "77d9443e-5158-11e9-b270-937b8b08d656"
        },
        "HTTPStatusCode": 200,
        "RequestId": "77d9443e-5158-11e9-b270-937b8b08d656",
        "RetryAttempts": 0
    }
},
{
    "Week": 4,
    "Slide": 8,
    "KeyPhrases": [
        {
            "BeginOffset": 2,
            "EndOffset": 9,
            "Score": 0.8962956070899963,
            "Text": "Anatomy"
        },
        {
            "BeginOffset": 13,
            "EndOffset": 40,
            "Score": 0.838185727596283,
            "Text": "a Loop\n \n\n// initialisation"
        },
        {
            "BeginOffset": 51,
            "EndOffset": 71,
            "Score": 0.7880139350891113,
            "Text": "0; \n\n \n\n// condition"
        },
        {
            "BeginOffset": 81,
            "EndOffset": 86,
            "Score": 0.851626455783844,
            "Text": "i < n"
        },
        {
            "BeginOffset": 97,
            "EndOffset": 109,
            "Score": 0.5872979164123535,
            "Text": "/ statements"
        },
        {
            "BeginOffset": 129,
            "EndOffset": 150,
            "Score": 0.948536217212677,
            "Text": "the loop \n\n    printf"
        }
    ],
    "ResponseMetadata": {
        "HTTPHeaders": {
            "content-length": "541",
            "content-type": "application/x-amz-json-1.1",
            "date": "Thu, 28 Mar 2019 12:53:23 GMT",
            "x-amzn-requestid": "78890bd2-5158-11e9-8d49-d71cd8da7611"
        },
        "HTTPStatusCode": 200,
        "RequestId": "78890bd2-5158-11e9-8d49-d71cd8da7611",
        "RetryAttempts": 0
    }
},
{
    "Week": 4,
    "Slide": 9,
    "KeyPhrases": [
        {
            "BeginOffset": 2,
            "EndOffset": 10,
            "Score": 0.6742410659790039,
            "Text": "Stopping"
        },
        {
            "BeginOffset": 12,
            "EndOffset": 25,
            "Score": 0.8793057799339294,
            "Text": "Loop Counters"
        },
        {
            "BeginOffset": 32,
            "EndOffset": 37,
            "Score": 0.5124803185462952,
            "Text": "Print"
        },
        {
            "BeginOffset": 50,
            "EndOffset": 55,
            "Score": 0.9857447743415833,
            "Text": "world"
        },
        {
            "BeginOffset": 58,
            "EndOffset": 65,
            "Score": 0.8763716816902161,
            "Text": "n times"
        },
        {
            "BeginOffset": 93,
            "EndOffset": 101,
            "Score": 0.8785955309867859,
            "Text": "the user"
        },
        {
            "BeginOffset": 112,
            "EndOffset": 115,
            "Score": 0.9230960011482239,
            "Text": "num"
        },
        {
            "BeginOffset": 119,
            "EndOffset": 125,
            "Score": 0.6895681023597717,
            "Text": "printf"
        },
        {
            "BeginOffset": 134,
            "EndOffset": 142,
            "Score": 0.9945448637008667,
            "Text": "a number"
        },
        {
            "BeginOffset": 150,
            "EndOffset": 155,
            "Score": 0.8546048402786255,
            "Text": "scanf"
        },
        {
            "BeginOffset": 164,
            "EndOffset": 167,
            "Score": 0.8927146792411804,
            "Text": "num"
        },
        {
            "BeginOffset": 183,
            "EndOffset": 184,
            "Score": 0.9585171937942505,
            "Text": "0"
        },
        {
            "BeginOffset": 195,
            "EndOffset": 202,
            "Score": 0.7918928861618042,
            "Text": "i < num"
        },
        {
            "BeginOffset": 212,
            "EndOffset": 218,
            "Score": 0.7662999629974365,
            "Text": "printf"
        },
        {
            "BeginOffset": 228,
            "EndOffset": 233,
            "Score": 0.973893940448761,
            "Text": "world"
        },
        {
            "BeginOffset": 250,
            "EndOffset": 255,
            "Score": 0.8818688988685608,
            "Text": "i + 1"
        }
    ],
    "ResponseMetadata": {
        "HTTPHeaders": {
            "content-length": "1266",
            "content-type": "application/x-amz-json-1.1",
            "date": "Thu, 28 Mar 2019 12:53:24 GMT",
            "x-amzn-requestid": "7937e9a3-5158-11e9-9067-a580ee7ec557"
        },
        "HTTPStatusCode": 200,
        "RequestId": "7937e9a3-5158-11e9-9067-a580ee7ec557",
        "RetryAttempts": 0
    }
},
{
    "Week": 4,
    "Slide": 10,
    "KeyPhrases": [
        {
            "BeginOffset": 2,
            "EndOffset": 10,
            "Score": 0.5916762948036194,
            "Text": "Stopping"
        },
        {
            "BeginOffset": 12,
            "EndOffset": 26,
            "Score": 0.9695248603820801,
            "Text": "Sentinel Value"
        },
        {
            "BeginOffset": 28,
            "EndOffset": 32,
            "Score": 0.986785352230072,
            "Text": "Flag"
        },
        {
            "BeginOffset": 40,
            "EndOffset": 45,
            "Score": 0.5489857196807861,
            "Text": "Print"
        },
        {
            "BeginOffset": 50,
            "EndOffset": 60,
            "Score": 0.9983131289482117,
            "Text": "the number"
        },
        {
            "BeginOffset": 66,
            "EndOffset": 74,
            "Score": 0.9735885262489319,
            "Text": "the user"
        },
        {
            "BeginOffset": 85,
            "EndOffset": 92,
            "Score": 0.8147121667861938,
            "Text": "// Stop"
        },
        {
            "BeginOffset": 108,
            "EndOffset": 120,
            "Score": 0.8053736090660095,
            "Text": "0 \n\n \n\nint n"
        },
        {
            "BeginOffset": 123,
            "EndOffset": 124,
            "Score": 0.9838692545890808,
            "Text": "1"
        },
        {
            "BeginOffset": 140,
            "EndOffset": 141,
            "Score": 0.7428964972496033,
            "Text": "0"
        },
        {
            "BeginOffset": 151,
            "EndOffset": 157,
            "Score": 0.7915087938308716,
            "Text": "printf"
        },
        {
            "BeginOffset": 174,
            "EndOffset": 177,
            "Score": 0.6902494430541992,
            "Text": "d\\n"
        },
        {
            "BeginOffset": 190,
            "EndOffset": 195,
            "Score": 0.8502489328384399,
            "Text": "scanf"
        }
    ],
    "ResponseMetadata": {
        "HTTPHeaders": {
            "content-length": "1038",
            "content-type": "application/x-amz-json-1.1",
            "date": "Thu, 28 Mar 2019 12:53:24 GMT",
            "x-amzn-requestid": "79e73c13-5158-11e9-b79a-031038b16953"
        },
        "HTTPStatusCode": 200,
        "RequestId": "79e73c13-5158-11e9-b79a-031038b16953",
        "RetryAttempts": 0
    }
},
{
    "Week": 4,
    "Slide": 11,
    "KeyPhrases": [
        {
            "BeginOffset": 2,
            "EndOffset": 14,
            "Score": 0.873495876789093,
            "Text": "Nested Loops"
        },
        {
            "BeginOffset": 51,
            "EndOffset": 64,
            "Score": 0.9078161716461182,
            "Text": "somethingElse"
        }
    ],
    "ResponseMetadata": {
        "HTTPHeaders": {
            "content-length": "181",
            "content-type": "application/x-amz-json-1.1",
            "date": "Thu, 28 Mar 2019 12:53:26 GMT",
            "x-amzn-requestid": "7a86629d-5158-11e9-a698-9b1a515702e6"
        },
        "HTTPStatusCode": 200,
        "RequestId": "7a86629d-5158-11e9-a698-9b1a515702e6",
        "RetryAttempts": 0
    }
},
{
    "Week": 4,
    "Slide": 12,
    "KeyPhrases": [
        {
            "BeginOffset": 2,
            "EndOffset": 14,
            "Score": 0.9143877029418945,
            "Text": "Nested Loops"
        },
        {
            "BeginOffset": 26,
            "EndOffset": 27,
            "Score": 0.9581470489501953,
            "Text": "0"
        },
        {
            "BeginOffset": 38,
            "EndOffset": 43,
            "Score": 0.8232835531234741,
            "Text": "i < n"
        },
        {
            "BeginOffset": 53,
            "EndOffset": 58,
            "Score": 0.6168350577354431,
            "Text": "int j"
        },
        {
            "BeginOffset": 61,
            "EndOffset": 62,
            "Score": 0.9552651047706604,
            "Text": "0"
        },
        {
            "BeginOffset": 77,
            "EndOffset": 82,
            "Score": 0.9403030276298523,
            "Text": "j < n"
        },
        {
            "BeginOffset": 102,
            "EndOffset": 128,
            "Score": 0.834331214427948,
            "Text": "something \n\n        printf"
        }
    ],
    "ResponseMetadata": {
        "HTTPHeaders": {
            "content-length": "570",
            "content-type": "application/x-amz-json-1.1",
            "date": "Thu, 28 Mar 2019 12:53:27 GMT",
            "x-amzn-requestid": "7b15f8ec-5158-11e9-bd32-375300018036"
        },
        "HTTPStatusCode": 200,
        "RequestId": "7b15f8ec-5158-11e9-bd32-375300018036",
        "RetryAttempts": 0
    }
},
{
    "Week": 4,
    "Slide": 13,
    "KeyPhrases": [],
    "ResponseMetadata": {
        "HTTPHeaders": {
            "content-length": "17",
            "content-type": "application/x-amz-json-1.1",
            "date": "Thu, 28 Mar 2019 12:53:28 GMT",
            "x-amzn-requestid": "7bbac458-5158-11e9-b270-937b8b08d656"
        },
        "HTTPStatusCode": 200,
        "RequestId": "7bbac458-5158-11e9-b270-937b8b08d656",
        "RetryAttempts": 0
    }
},
{
    "Week": 4,
    "Slide": 14,
    "KeyPhrases": [
        {
            "BeginOffset": 2,
            "EndOffset": 21,
            "Score": 0.9468523859977722,
            "Text": "Variables\nvariables"
        },
        {
            "BeginOffset": 31,
            "EndOffset": 36,
            "Score": 0.9995720982551575,
            "Text": "a box"
        },
        {
            "BeginOffset": 52,
            "EndOffset": 59,
            "Score": 0.9997941851615906,
            "Text": "a value"
        },
        {
            "BeginOffset": 65,
            "EndOffset": 89,
            "Score": 0.8052107095718384,
            "Text": "a certain type\n\n \n\nint i"
        },
        {
            "BeginOffset": 92,
            "EndOffset": 93,
            "Score": 0.9510864019393921,
            "Text": "5"
        },
        {
            "BeginOffset": 98,
            "EndOffset": 136,
            "Score": 0.9525517225265503,
            "Text": "______ \n\n|      | \n\n|   5  | \n\n|______"
        }
    ],
    "ResponseMetadata": {
        "HTTPHeaders": {
            "content-length": "547",
            "content-type": "application/x-amz-json-1.1",
            "date": "Thu, 28 Mar 2019 12:53:29 GMT",
            "x-amzn-requestid": "7c64984b-5158-11e9-a8a0-9f0a29161967"
        },
        "HTTPStatusCode": 200,
        "RequestId": "7c64984b-5158-11e9-a8a0-9f0a29161967",
        "RetryAttempts": 0
    }
},
{
    "Week": 4,
    "Slide": 15,
    "KeyPhrases": [
        {
            "BeginOffset": 24,
            "EndOffset": 41,
            "Score": 0.8619465231895447,
            "Text": "as many variables"
        },
        {
            "BeginOffset": 65,
            "EndOffset": 66,
            "Score": 0.9562415480613708,
            "Text": "5"
        },
        {
            "BeginOffset": 71,
            "EndOffset": 123,
            "Score": 0.9327338337898254,
            "Text": "______ \n\n|      | \n\n|   5  | \n\n|______| \n\n \n\nint age"
        },
        {
            "BeginOffset": 126,
            "EndOffset": 128,
            "Score": 0.9730345606803894,
            "Text": "18"
        },
        {
            "BeginOffset": 133,
            "EndOffset": 189,
            "Score": 0.9084168672561646,
            "Text": "______ \n\n|      | \n\n|  18  | \n\n|______| \n\n \n\ndouble pi ="
        },
        {
            "BeginOffset": 190,
            "EndOffset": 194,
            "Score": 0.9372878670692444,
            "Text": "3.14"
        },
        {
            "BeginOffset": 199,
            "EndOffset": 237,
            "Score": 0.944162130355835,
            "Text": "______ \n\n|      | \n\n| 3.14 | \n\n|______"
        }
    ],
    "ResponseMetadata": {
        "HTTPHeaders": {
            "content-length": "717",
            "content-type": "application/x-amz-json-1.1",
            "date": "Thu, 28 Mar 2019 12:53:30 GMT",
            "x-amzn-requestid": "7d1412eb-5158-11e9-adf9-192c939d7e83"
        },
        "HTTPStatusCode": 200,
        "RequestId": "7d1412eb-5158-11e9-adf9-192c939d7e83",
        "RetryAttempts": 0
    }
},
{
    "Week": 4,
    "Slide": 16,
    "KeyPhrases": [
        {
            "BeginOffset": 2,
            "EndOffset": 6,
            "Score": 0.9910761117935181,
            "Text": "Lots"
        },
        {
            "BeginOffset": 10,
            "EndOffset": 19,
            "Score": 0.5911651253700256,
            "Text": "Variables"
        },
        {
            "BeginOffset": 47,
            "EndOffset": 52,
            "Score": 0.9996956586837769,
            "Text": "a lot"
        },
        {
            "BeginOffset": 56,
            "EndOffset": 73,
            "Score": 0.8299826979637146,
            "Text": "related variables"
        },
        {
            "BeginOffset": 82,
            "EndOffset": 95,
            "Score": 0.8604537844657898,
            "Text": "mark_student0"
        },
        {
            "BeginOffset": 98,
            "EndOffset": 100,
            "Score": 0.9792851805686951,
            "Text": "85"
        },
        {
            "BeginOffset": 105,
            "EndOffset": 172,
            "Score": 0.9218050241470337,
            "Text": "______ \n\n|      | \n\n|  85  | \n\n|______| \n\n \n\nint mark_student1 = 90"
        },
        {
            "BeginOffset": 177,
            "EndOffset": 287,
            "Score": 0.9504449367523193,
            "Text": "______ \n\n|      | \n\n|  90  | \n\n|______| \n\n \n\nint mark_student2 = 45; \n\n ______ \n\n|      | \n\n|  45  | \n\n|______"
        }
    ],
    "ResponseMetadata": {
        "HTTPHeaders": {
            "content-length": "842",
            "content-type": "application/x-amz-json-1.1",
            "date": "Thu, 28 Mar 2019 12:53:32 GMT",
            "x-amzn-requestid": "7dd31cc3-5158-11e9-ad04-91cf7a3e7941"
        },
        "HTTPStatusCode": 200,
        "RequestId": "7dd31cc3-5158-11e9-ad04-91cf7a3e7941",
        "RetryAttempts": 0
    }
},
{
    "Week": 4,
    "Slide": 17,
    "KeyPhrases": [
        {
            "BeginOffset": 2,
            "EndOffset": 6,
            "Score": 0.9910761117935181,
            "Text": "Lots"
        },
        {
            "BeginOffset": 10,
            "EndOffset": 19,
            "Score": 0.5911651253700256,
            "Text": "Variables"
        },
        {
            "BeginOffset": 47,
            "EndOffset": 52,
            "Score": 0.9996956586837769,
            "Text": "a lot"
        },
        {
            "BeginOffset": 56,
            "EndOffset": 73,
            "Score": 0.8299826979637146,
            "Text": "related variables"
        },
        {
            "BeginOffset": 82,
            "EndOffset": 95,
            "Score": 0.8586620688438416,
            "Text": "mark_student0"
        },
        {
            "BeginOffset": 98,
            "EndOffset": 100,
            "Score": 0.9874465465545654,
            "Text": "85"
        },
        {
            "BeginOffset": 108,
            "EndOffset": 121,
            "Score": 0.8423471450805664,
            "Text": "mark_student1"
        },
        {
            "BeginOffset": 124,
            "EndOffset": 126,
            "Score": 0.9658480882644653,
            "Text": "90"
        },
        {
            "BeginOffset": 134,
            "EndOffset": 147,
            "Score": 0.819406270980835,
            "Text": "mark_student2"
        },
        {
            "BeginOffset": 150,
            "EndOffset": 152,
            "Score": 0.9591710567474365,
            "Text": "45"
        },
        {
            "BeginOffset": 159,
            "EndOffset": 177,
            "Score": 0.6612593531608582,
            "Text": "double averageMark"
        },
        {
            "BeginOffset": 181,
            "EndOffset": 226,
            "Score": 0.7763696908950806,
            "Text": "mark_student1 + mark_student2 + mark_student3"
        },
        {
            "BeginOffset": 228,
            "EndOffset": 229,
            "Score": 0.7867777347564697,
            "Text": "3"
        },
        {
            "BeginOffset": 233,
            "EndOffset": 239,
            "Score": 0.9389380812644958,
            "Text": "printf"
        },
        {
            "BeginOffset": 241,
            "EndOffset": 257,
            "Score": 0.9955082535743713,
            "Text": "The average mark"
        },
        {
            "BeginOffset": 271,
            "EndOffset": 282,
            "Score": 0.8825111389160156,
            "Text": "averageMark"
        }
    ],
    "ResponseMetadata": {
        "HTTPHeaders": {
            "content-length": "1347",
            "content-type": "application/x-amz-json-1.1",
            "date": "Thu, 28 Mar 2019 12:53:32 GMT",
            "x-amzn-requestid": "7e826fcf-5158-11e9-b7b4-8f0a6db039e5"
        },
        "HTTPStatusCode": 200,
        "RequestId": "7e826fcf-5158-11e9-b7b4-8f0a6db039e5",
        "RetryAttempts": 0
    }
},
{
    "Week": 4,
    "Slide": 18,
    "KeyPhrases": [],
    "ResponseMetadata": {
        "HTTPHeaders": {
            "content-length": "17",
            "content-type": "application/x-amz-json-1.1",
            "date": "Thu, 28 Mar 2019 12:53:34 GMT",
            "x-amzn-requestid": "7f0cae87-5158-11e9-a12c-4fc516924d62"
        },
        "HTTPStatusCode": 200,
        "RequestId": "7f0cae87-5158-11e9-a12c-4fc516924d62",
        "RetryAttempts": 0
    }
},
{
    "Week": 4,
    "Slide": 19,
    "KeyPhrases": [
        {
            "BeginOffset": 9,
            "EndOffset": 17,
            "Score": 0.9994764924049377,
            "Text": "A series"
        },
        {
            "BeginOffset": 21,
            "EndOffset": 26,
            "Score": 0.9995489716529846,
            "Text": "boxes"
        },
        {
            "BeginOffset": 32,
            "EndOffset": 45,
            "Score": 0.9995694160461426,
            "Text": "a common type"
        },
        {
            "BeginOffset": 61,
            "EndOffset": 81,
            "Score": 0.7272531390190125,
            "Text": "each other\n\n \n\n\u2554\u2550\u2550\u2550\u2550"
        },
        {
            "BeginOffset": 81,
            "EndOffset": 86,
            "Score": 0.6209168434143066,
            "Text": "\u2564\u2550\u2550\u2550\u2550"
        }
    ],
    "ResponseMetadata": {
        "HTTPHeaders": {
            "content-length": "445",
            "content-type": "application/x-amz-json-1.1",
            "date": "Thu, 28 Mar 2019 12:53:34 GMT",
            "x-amzn-requestid": "7f96ec6a-5158-11e9-ad77-439f6b464df0"
        },
        "HTTPStatusCode": 200,
        "RequestId": "7f96ec6a-5158-11e9-ad77-439f6b464df0",
        "RetryAttempts": 0
    }
},
{
    "Week": 4,
    "Slide": 20,
    "KeyPhrases": [
        {
            "BeginOffset": 9,
            "EndOffset": 17,
            "Score": 0.9994764924049377,
            "Text": "A series"
        },
        {
            "BeginOffset": 21,
            "EndOffset": 26,
            "Score": 0.9995489716529846,
            "Text": "boxes"
        },
        {
            "BeginOffset": 32,
            "EndOffset": 45,
            "Score": 0.9995694160461426,
            "Text": "a common type"
        },
        {
            "BeginOffset": 61,
            "EndOffset": 328,
            "Score": 0.8309599161148071,
            "Text": "each other\n\n \n\n  0    1    2    3    4    5    6    7    8    9    10    11 \n\n\u2554\u2550\u2550\u2550\u2550\u2564\u2550\u2550\u2550\u2550\u2564\u2550\u2550\u2550\u2550\u2564\u2550\u2550\u2550\u2550\u2566\u2550\u2550\u2550\u2550\u2564\u2550\u2550\u2550\u2550\u2564\u2550\u2550\u2550\u2550\u2564\u2550\u2550\u2550\u2550\u2566\u2550\u2550\u2550\u2550\u2564\u2550\u2550\u2550\u2550\u2564\u2550\u2550\u2550\u2550\u2564\u2550\u2550\u2550\u2550\u2566\u2504 \n\n\u2551    \u2502    \u2502    \u2502    \u2551    \u2502    \u2502    \u2502    \u2551    \u2502    \u2502    \u2502    \u2551 \n\n\u255a\u2550\u2550\u2550\u2550\u2567\u2550\u2550\u2550\u2550\u2567\u2550\u2550\u2550\u2550\u2567\u2550\u2550\u2550\u2550\u2569\u2550\u2550\u2550\u2550\u2567\u2550\u2550\u2550\u2550\u2567\u2550\u2550\u2550\u2550\u2567\u2550\u2550\u2550\u2550\u2569\u2550\u2550\u2550\u2550\u2567\u2550\u2550\u2550\u2550\u2567\u2550\u2550\u2550\u2550\u2567\u2550\u2550\u2550\u2550"
        }
    ],
    "ResponseMetadata": {
        "HTTPHeaders": {
            "content-length": "873",
            "content-type": "application/x-amz-json-1.1",
            "date": "Thu, 28 Mar 2019 12:53:35 GMT",
            "x-amzn-requestid": "8030bc0b-5158-11e9-a698-9b1a515702e6"
        },
        "HTTPStatusCode": 200,
        "RequestId": "8030bc0b-5158-11e9-a698-9b1a515702e6",
        "RetryAttempts": 0
    }
},
{
    "Week": 4,
    "Slide": 21,
    "KeyPhrases": [
        {
            "BeginOffset": 34,
            "EndOffset": 44,
            "Score": 0.9996757507324219,
            "Text": "statistics"
        },
        {
            "BeginOffset": 48,
            "EndOffset": 59,
            "Score": 0.8687846660614014,
            "Text": "class marks"
        },
        {
            "BeginOffset": 59,
            "EndOffset": 82,
            "Score": 0.7106489539146423,
            "Text": "\u2026\n\n \n\nint mark_student0"
        },
        {
            "BeginOffset": 84,
            "EndOffset": 97,
            "Score": 0.8419472575187683,
            "Text": "mark_student1"
        },
        {
            "BeginOffset": 99,
            "EndOffset": 112,
            "Score": 0.8587413430213928,
            "Text": "mark_student2"
        },
        {
            "BeginOffset": 121,
            "EndOffset": 134,
            "Score": 0.8016430139541626,
            "Text": "mark_student0"
        },
        {
            "BeginOffset": 137,
            "EndOffset": 139,
            "Score": 0.9671919941902161,
            "Text": "85"
        },
        {
            "BeginOffset": 143,
            "EndOffset": 156,
            "Score": 0.8208872675895691,
            "Text": "mark_student1"
        },
        {
            "BeginOffset": 159,
            "EndOffset": 161,
            "Score": 0.9086102843284607,
            "Text": "90"
        },
        {
            "BeginOffset": 165,
            "EndOffset": 178,
            "Score": 0.808460533618927,
            "Text": "mark_student2"
        },
        {
            "BeginOffset": 181,
            "EndOffset": 183,
            "Score": 0.9556305408477783,
            "Text": "45"
        },
        {
            "BeginOffset": 228,
            "EndOffset": 233,
            "Score": 0.999596893787384,
            "Text": "a lot"
        },
        {
            "BeginOffset": 237,
            "EndOffset": 243,
            "Score": 0.7068071365356445,
            "Text": "values"
        },
        {
            "BeginOffset": 257,
            "EndOffset": 265,
            "Score": 0.9616039991378784,
            "Text": "hundreds"
        },
        {
            "BeginOffset": 269,
            "EndOffset": 289,
            "Score": 0.9967190623283386,
            "Text": "individual variables"
        }
    ],
    "ResponseMetadata": {
        "HTTPHeaders": {
            "content-length": "1260",
            "content-type": "application/x-amz-json-1.1",
            "date": "Thu, 28 Mar 2019 12:53:37 GMT",
            "x-amzn-requestid": "80d0cca2-5158-11e9-a4ee-c948411f9c0e"
        },
        "HTTPStatusCode": 200,
        "RequestId": "80d0cca2-5158-11e9-a4ee-c948411f9c0e",
        "RetryAttempts": 0
    }
},
{
    "Week": 4,
    "Slide": 22,
    "KeyPhrases": [
        {
            "BeginOffset": 7,
            "EndOffset": 15,
            "Score": 0.9798336625099182,
            "Text": "Solution"
        },
        {
            "BeginOffset": 21,
            "EndOffset": 29,
            "Score": 0.9343528151512146,
            "Text": "an array"
        },
        {
            "BeginOffset": 39,
            "EndOffset": 49,
            "Score": 0.9046704173088074,
            "Text": "mark[1160]"
        },
        {
            "BeginOffset": 53,
            "EndOffset": 60,
            "Score": 0.774522066116333,
            "Text": "mark[0]"
        },
        {
            "BeginOffset": 63,
            "EndOffset": 65,
            "Score": 0.9906705617904663,
            "Text": "85"
        },
        {
            "BeginOffset": 69,
            "EndOffset": 76,
            "Score": 0.6188799738883972,
            "Text": "mark[1]"
        },
        {
            "BeginOffset": 79,
            "EndOffset": 81,
            "Score": 0.9611737132072449,
            "Text": "90"
        },
        {
            "BeginOffset": 85,
            "EndOffset": 92,
            "Score": 0.6580601334571838,
            "Text": "mark[2]"
        },
        {
            "BeginOffset": 95,
            "EndOffset": 97,
            "Score": 0.9485476016998291,
            "Text": "45"
        }
    ],
    "ResponseMetadata": {
        "HTTPHeaders": {
            "content-length": "706",
            "content-type": "application/x-amz-json-1.1",
            "date": "Thu, 28 Mar 2019 12:53:38 GMT",
            "x-amzn-requestid": "816fcbe7-5158-11e9-b7b4-8f0a6db039e5"
        },
        "HTTPStatusCode": 200,
        "RequestId": "816fcbe7-5158-11e9-b7b4-8f0a6db039e5",
        "RetryAttempts": 0
    }
},
{
    "Week": 4,
    "Slide": 23,
    "KeyPhrases": [
        {
            "BeginOffset": 2,
            "EndOffset": 8,
            "Score": 0.8305203914642334,
            "Text": "Arrays"
        },
        {
            "BeginOffset": 14,
            "EndOffset": 26,
            "Score": 0.9942392706871033,
            "Text": "a collection"
        },
        {
            "BeginOffset": 30,
            "EndOffset": 44,
            "Score": 0.9766279458999634,
            "Text": "array elements"
        },
        {
            "BeginOffset": 47,
            "EndOffset": 59,
            "Score": 0.9976781606674194,
            "Text": "each element"
        },
        {
            "BeginOffset": 68,
            "EndOffset": 81,
            "Score": 0.998879611492157,
            "Text": "the same type"
        },
        {
            "BeginOffset": 95,
            "EndOffset": 101,
            "Score": 0.9986329674720764,
            "Text": "arrays"
        },
        {
            "BeginOffset": 105,
            "EndOffset": 131,
            "Score": 0.9577388763427734,
            "Text": "their index \nvalid indices"
        },
        {
            "BeginOffset": 137,
            "EndOffset": 145,
            "Score": 0.9995842576026917,
            "Text": "elements"
        },
        {
            "BeginOffset": 151,
            "EndOffset": 164,
            "Score": 0.9898259043693542,
            "Text": "no real limit"
        },
        {
            "BeginOffset": 168,
            "EndOffset": 174,
            "Score": 0.9984466433525085,
            "Text": "number"
        },
        {
            "BeginOffset": 178,
            "EndOffset": 186,
            "Score": 0.9966318011283875,
            "Text": "elements"
        },
        {
            "BeginOffset": 221,
            "EndOffset": 234,
            "Score": 0.9000633955001831,
            "Text": "whole arrays\u2026"
        }
    ],
    "ResponseMetadata": {
        "HTTPHeaders": {
            "content-length": "1018",
            "content-type": "application/x-amz-json-1.1",
            "date": "Thu, 28 Mar 2019 12:53:39 GMT",
            "x-amzn-requestid": "821f1e98-5158-11e9-9c6b-1b49fa666314"
        },
        "HTTPStatusCode": 200,
        "RequestId": "821f1e98-5158-11e9-9c6b-1b49fa666314",
        "RetryAttempts": 0
    }
},
{
    "Week": 4,
    "Slide": 24,
    "KeyPhrases": [
        {
            "BeginOffset": 2,
            "EndOffset": 8,
            "Score": 0.8472402691841125,
            "Text": "Arrays"
        },
        {
            "BeginOffset": 28,
            "EndOffset": 36,
            "Score": 0.9987214803695679,
            "Text": "an array"
        },
        {
            "BeginOffset": 42,
            "EndOffset": 53,
            "Score": 0.887896716594696,
            "Text": "10 elements"
        },
        {
            "BeginOffset": 63,
            "EndOffset": 74,
            "Score": 0.566425621509552,
            "Text": "initialises"
        },
        {
            "BeginOffset": 75,
            "EndOffset": 87,
            "Score": 0.925552487373352,
            "Text": "all elements"
        },
        {
            "BeginOffset": 91,
            "EndOffset": 113,
            "Score": 0.8045691847801208,
            "Text": "0. \n\nint myArray[10] ="
        },
        {
            "BeginOffset": 115,
            "EndOffset": 116,
            "Score": 0.4876832365989685,
            "Text": "0"
        },
        {
            "BeginOffset": 127,
            "EndOffset": 335,
            "Score": 0.9467665553092957,
            "Text": "\u250c\u2500\u2500\u2500\u2500\u252c\u2500\u2500\u2500\u2500\u252c\u2500\u2500\u2500\u2500\u252c\u2500\u2500\u2500\u2500\u252c\u2500\u2500\u2500\u2500\u252c\u2500\u2500\u2500\u2500\u252c\u2500\u2500\u2500\u2500\u252c\u2500\u2500\u2500\u2500\u252c\u2500\u2500\u2500\u2500\u252c\u2500\u2500\u2500\u2500\u2510 \n\n\u2502  0 \u2502  0 \u2502  0 \u2502  0 \u2502  0 \u2502  0 \u2502  0 \u2502  0 \u2502  0 \u2502  0 \u2502 \n\n\u2514\u2500\u2500\u2500\u2500\u2534\u2500\u2500\u2500\u2500\u2534\u2500\u2500\u2500\u2500\u2534\u2500\u2500\u2500\u2500\u2534\u2500\u2500\u2500\u2500\u2534\u2500\u2500\u2500\u2500\u2534\u2500\u2500\u2500\u2500\u2534\u2500\u2500\u2500\u2500\u2534\u2500\u2500\u2500\u2500\u2534\u2500\u2500\u2500\u2500\u2518 \n\n| 0  | 1  | 2  | 3  | 4  | 5  | 6  | 7  | 8  |"
        }
    ],
    "ResponseMetadata": {
        "HTTPHeaders": {
            "content-length": "1097",
            "content-type": "application/x-amz-json-1.1",
            "date": "Thu, 28 Mar 2019 12:53:40 GMT",
            "x-amzn-requestid": "82ce4990-5158-11e9-9ee0-d7b69e2c846a"
        },
        "HTTPStatusCode": 200,
        "RequestId": "82ce4990-5158-11e9-9ee0-d7b69e2c846a",
        "RetryAttempts": 0
    }
},
{
    "Week": 4,
    "Slide": 25,
    "KeyPhrases": [
        {
            "BeginOffset": 2,
            "EndOffset": 8,
            "Score": 0.8527409434318542,
            "Text": "Arrays"
        },
        {
            "BeginOffset": 12,
            "EndOffset": 34,
            "Score": 0.7170737385749817,
            "Text": "C\n \n\nint myArray[10] ="
        },
        {
            "BeginOffset": 36,
            "EndOffset": 38,
            "Score": 0.5751892924308777,
            "Text": "0}"
        },
        {
            "BeginOffset": 49,
            "EndOffset": 60,
            "Score": 0.983974814414978,
            "Text": "some values"
        },
        {
            "BeginOffset": 66,
            "EndOffset": 75,
            "Score": 0.9967674612998962,
            "Text": "the array"
        },
        {
            "BeginOffset": 79,
            "EndOffset": 89,
            "Score": 0.7742862105369568,
            "Text": "myArray[0]"
        },
        {
            "BeginOffset": 92,
            "EndOffset": 93,
            "Score": 0.9644255042076111,
            "Text": "3"
        },
        {
            "BeginOffset": 97,
            "EndOffset": 107,
            "Score": 0.7681811451911926,
            "Text": "myArray[5]"
        },
        {
            "BeginOffset": 110,
            "EndOffset": 112,
            "Score": 0.9854743480682373,
            "Text": "17"
        },
        {
            "BeginOffset": 122,
            "EndOffset": 330,
            "Score": 0.9644737243652344,
            "Text": "\u250c\u2500\u2500\u2500\u2500\u252c\u2500\u2500\u2500\u2500\u252c\u2500\u2500\u2500\u2500\u252c\u2500\u2500\u2500\u2500\u252c\u2500\u2500\u2500\u2500\u252c\u2500\u2500\u2500\u2500\u252c\u2500\u2500\u2500\u2500\u252c\u2500\u2500\u2500\u2500\u252c\u2500\u2500\u2500\u2500\u252c\u2500\u2500\u2500\u2500\u2510 \n\n\u2502  3 \u2502  0 \u2502  0 \u2502  0 \u2502  0 \u2502 17 \u2502  0 \u2502  0 \u2502  0 \u2502  0 \u2502 \n\n\u2514\u2500\u2500\u2500\u2500\u2534\u2500\u2500\u2500\u2500\u2534\u2500\u2500\u2500\u2500\u2534\u2500\u2500\u2500\u2500\u2534\u2500\u2500\u2500\u2500\u2534\u2500\u2500\u2500\u2500\u2534\u2500\u2500\u2500\u2500\u2534\u2500\u2500\u2500\u2500\u2534\u2500\u2500\u2500\u2500\u2534\u2500\u2500\u2500\u2500\u2518 \n\n| 0  | 1  | 2  | 3  | 4  | 5  | 6  | 7  | 8  |"
        }
    ],
    "ResponseMetadata": {
        "HTTPHeaders": {
            "content-length": "1244",
            "content-type": "application/x-amz-json-1.1",
            "date": "Thu, 28 Mar 2019 12:53:41 GMT",
            "x-amzn-requestid": "837d9c68-5158-11e9-b7b4-8f0a6db039e5"
        },
        "HTTPStatusCode": 200,
        "RequestId": "837d9c68-5158-11e9-b7b4-8f0a6db039e5",
        "RetryAttempts": 0
    }
},
{
    "Week": 4,
    "Slide": 26,
    "KeyPhrases": [
        {
            "BeginOffset": 2,
            "EndOffset": 8,
            "Score": 0.8527409434318542,
            "Text": "Arrays"
        },
        {
            "BeginOffset": 12,
            "EndOffset": 34,
            "Score": 0.7170737385749817,
            "Text": "C\n \n\nint myArray[10] ="
        },
        {
            "BeginOffset": 36,
            "EndOffset": 38,
            "Score": 0.5751892924308777,
            "Text": "0}"
        },
        {
            "BeginOffset": 49,
            "EndOffset": 60,
            "Score": 0.983974814414978,
            "Text": "some values"
        },
        {
            "BeginOffset": 66,
            "EndOffset": 75,
            "Score": 0.9967674612998962,
            "Text": "the array"
        },
        {
            "BeginOffset": 79,
            "EndOffset": 89,
            "Score": 0.7742862105369568,
            "Text": "myArray[0]"
        },
        {
            "BeginOffset": 92,
            "EndOffset": 93,
            "Score": 0.9644255042076111,
            "Text": "3"
        },
        {
            "BeginOffset": 97,
            "EndOffset": 107,
            "Score": 0.7717166543006897,
            "Text": "myArray[5]"
        },
        {
            "BeginOffset": 110,
            "EndOffset": 112,
            "Score": 0.9916018843650818,
            "Text": "17"
        },
        {
            "BeginOffset": 116,
            "EndOffset": 127,
            "Score": 0.7784909009933472,
            "Text": "myArray[10]"
        },
        {
            "BeginOffset": 130,
            "EndOffset": 132,
            "Score": 0.8817170262336731,
            "Text": "42"
        },
        {
            "BeginOffset": 141,
            "EndOffset": 364,
            "Score": 0.9503079652786255,
            "Text": "Error \n\n \n\n\u250c\u2500\u2500\u2500\u2500\u252c\u2500\u2500\u2500\u2500\u252c\u2500\u2500\u2500\u2500\u252c\u2500\u2500\u2500\u2500\u252c\u2500\u2500\u2500\u2500\u252c\u2500\u2500\u2500\u2500\u252c\u2500\u2500\u2500\u2500\u252c\u2500\u2500\u2500\u2500\u252c\u2500\u2500\u2500\u2500\u252c\u2500\u2500\u2500\u2500\u2510 \n\n\u2502  3 \u2502  0 \u2502  0 \u2502  0 \u2502  0 \u2502 17 \u2502  0 \u2502  0 \u2502  0 \u2502  0 \u2502 ??? \n\n\u2514\u2500\u2500\u2500\u2500\u2534\u2500\u2500\u2500\u2500\u2534\u2500\u2500\u2500\u2500\u2534\u2500\u2500\u2500\u2500\u2534\u2500\u2500\u2500\u2500\u2534\u2500\u2500\u2500\u2500\u2534\u2500\u2500\u2500\u2500\u2534\u2500\u2500\u2500\u2500\u2534\u2500\u2500\u2500\u2500\u2534\u2500\u2500\u2500\u2500\u2518 \n\n| 0  | 1  | 2  | 3  | 4  | 5  | 6  | 7  | 8  |"
        }
    ],
    "ResponseMetadata": {
        "HTTPHeaders": {
            "content-length": "1422",
            "content-type": "application/x-amz-json-1.1",
            "date": "Thu, 28 Mar 2019 12:53:42 GMT",
            "x-amzn-requestid": "842d168c-5158-11e9-a369-99e6fd3713b6"
        },
        "HTTPStatusCode": 200,
        "RequestId": "842d168c-5158-11e9-a369-99e6fd3713b6",
        "RetryAttempts": 0
    }
},
{
    "Week": 4,
    "Slide": 27,
    "KeyPhrases": [
        {
            "BeginOffset": 10,
            "EndOffset": 18,
            "Score": 0.7498431205749512,
            "Text": "an Array"
        },
        {
            "BeginOffset": 19,
            "EndOffset": 24,
            "Score": 0.5871424674987793,
            "Text": "scanf"
        },
        {
            "BeginOffset": 39,
            "EndOffset": 54,
            "Score": 0.9989832639694214,
            "Text": "an entire array"
        },
        {
            "BeginOffset": 78,
            "EndOffset": 86,
            "Score": 0.9908063411712646,
            "Text": "1 number"
        },
        {
            "BeginOffset": 92,
            "EndOffset": 110,
            "Score": 0.6798564195632935,
            "Text": "#define ARRAY_SIZE"
        },
        {
            "BeginOffset": 111,
            "EndOffset": 113,
            "Score": 0.7353677749633789,
            "Text": "42"
        },
        {
            "BeginOffset": 126,
            "EndOffset": 143,
            "Score": 0.8163468837738037,
            "Text": "array[ARRAY_SIZE]"
        },
        {
            "BeginOffset": 147,
            "EndOffset": 152,
            "Score": 0.8878368139266968,
            "Text": "scanf"
        },
        {
            "BeginOffset": 161,
            "EndOffset": 166,
            "Score": 0.9519850015640259,
            "Text": "array"
        },
        {
            "BeginOffset": 194,
            "EndOffset": 206,
            "Score": 0.8805954456329346,
            "Text": "the elements"
        },
        {
            "BeginOffset": 231,
            "EndOffset": 232,
            "Score": 0.9590463638305664,
            "Text": "0"
        },
        {
            "BeginOffset": 243,
            "EndOffset": 257,
            "Score": 0.8346121907234192,
            "Text": "i < ARRAY_SIZE"
        },
        {
            "BeginOffset": 267,
            "EndOffset": 272,
            "Score": 0.7870302200317383,
            "Text": "scanf"
        },
        {
            "BeginOffset": 281,
            "EndOffset": 289,
            "Score": 0.7678843140602112,
            "Text": "array[i]"
        }
    ],
    "ResponseMetadata": {
        "HTTPHeaders": {
            "content-length": "1152",
            "content-type": "application/x-amz-json-1.1",
            "date": "Thu, 28 Mar 2019 12:53:43 GMT",
            "x-amzn-requestid": "84dc6912-5158-11e9-9c6b-1b49fa666314"
        },
        "HTTPStatusCode": 200,
        "RequestId": "84dc6912-5158-11e9-9c6b-1b49fa666314",
        "RetryAttempts": 0
    }
},
{
    "Week": 4,
    "Slide": 28,
    "KeyPhrases": [
        {
            "BeginOffset": 2,
            "EndOffset": 10,
            "Score": 0.6479763984680176,
            "Text": "Printing"
        },
        {
            "BeginOffset": 11,
            "EndOffset": 19,
            "Score": 0.7178384065628052,
            "Text": "an Array"
        },
        {
            "BeginOffset": 20,
            "EndOffset": 26,
            "Score": 0.38935035467147827,
            "Text": "printf"
        },
        {
            "BeginOffset": 47,
            "EndOffset": 62,
            "Score": 0.9992594718933105,
            "Text": "an entire array"
        },
        {
            "BeginOffset": 84,
            "EndOffset": 111,
            "Score": 0.8460337519645691,
            "Text": "\u2026\n\n \n\n#define ARRAY_SIZE 42"
        },
        {
            "BeginOffset": 120,
            "EndOffset": 129,
            "Score": 0.6491762399673462,
            "Text": "int array"
        },
        {
            "BeginOffset": 130,
            "EndOffset": 141,
            "Score": 0.9458226561546326,
            "Text": "ARRAY_SIZE]"
        },
        {
            "BeginOffset": 145,
            "EndOffset": 151,
            "Score": 0.8977330327033997,
            "Text": "printf"
        },
        {
            "BeginOffset": 159,
            "EndOffset": 164,
            "Score": 0.9408767819404602,
            "Text": "array"
        },
        {
            "BeginOffset": 193,
            "EndOffset": 205,
            "Score": 0.8805952668190002,
            "Text": "the elements"
        },
        {
            "BeginOffset": 230,
            "EndOffset": 231,
            "Score": 0.9590598940849304,
            "Text": "0"
        },
        {
            "BeginOffset": 242,
            "EndOffset": 256,
            "Score": 0.8346680402755737,
            "Text": "i < ARRAY_SIZE"
        },
        {
            "BeginOffset": 266,
            "EndOffset": 272,
            "Score": 0.79468834400177,
            "Text": "printf"
        },
        {
            "BeginOffset": 280,
            "EndOffset": 288,
            "Score": 0.7419121265411377,
            "Text": "array[i]"
        }
    ],
    "ResponseMetadata": {
        "HTTPHeaders": {
            "content-length": "1169",
            "content-type": "application/x-amz-json-1.1",
            "date": "Thu, 28 Mar 2019 12:53:45 GMT",
            "x-amzn-requestid": "858b6dc6-5158-11e9-a9c1-9d8813a6657d"
        },
        "HTTPStatusCode": 200,
        "RequestId": "858b6dc6-5158-11e9-a9c1-9d8813a6657d",
        "RetryAttempts": 0
    }
}
]