[
    {
        "Week": 4,
        "Slide": 0,
        "KeyPhrases": []
    },
    {
        "Week": 4,
        "Slide": 1,
        "KeyPhrases": [
            {
                "Score": 0.8783004879951477,
                "Text": "lecture"
            },
            {
                "Score": 0.8783004879951477,
                "Text": "unit"
            },
            {
                "Score": 0.8664977550506592,
                "Text": "array"
            },
            {
                "Score": 0.8664977550506592,
                "Text": "bennett"
            },
            {
                "Score": 0.8664977550506592,
                "Text": "function"
            },
            {
                "Score": 0.8664977550506592,
                "Text": "andrew"
            }
        ]
    },
    {
        "Week": 4,
        "Slide": 2,
        "KeyPhrases": [
            {
                "Score": 0.997734785079956,
                "Text": "person"
            }
        ]
    },
    {
        "Week": 4,
        "Slide": 3,
        "KeyPhrases": [
            {
                "Score": 0.533657431602478,
                "Text": "overview"
            },
            {
                "Score": 0.9970005750656128,
                "Text": "lecture"
            },
            {
                "Score": 0.8998841643333435,
                "Text": "unit"
            },
            {
                "Score": 0.8672399520874023,
                "Text": "asserts"
            },
            {
                "Score": 0.9994423985481262,
                "Text": "solution"
            },
            {
                "Score": 0.9998233318328857,
                "Text": "problem"
            },
            {
                "Score": 0.998840868473053,
                "Text": "rough"
            },
            {
                "Score": 0.972998857498169,
                "Text": "assignment"
            },
            {
                "Score": 0.9982019662857056,
                "Text": "parameter"
            },
            {
                "Score": 0.8451265096664429,
                "Text": "function"
            },
            {
                "Score": 0.9957661628723145,
                "Text": "program"
            },
            {
                "Score": 0.9303280711174011,
                "Text": "array"
            },
            {
                "Score": 0.9987120628356934,
                "Text": "simple"
            },
            {
                "Score": 0.9987120628356934,
                "Text": "problem"
            },
            {
                "Score": 0.7205596566200256,
                "Text": "note"
            },
            {
                "Score": 0.9821452498435974,
                "Text": "lecture"
            },
            {
                "Score": 0.9942169785499573,
                "Text": "lecture"
            },
            {
                "Score": 0.9992503523826599,
                "Text": "foundation"
            },
            {
                "Score": 0.9974177479743958,
                "Text": "skill"
            },
            {
                "Score": 0.999396800994873,
                "Text": "language"
            },
            {
                "Score": 0.9729823470115662,
                "Text": "consistent"
            },
            {
                "Score": 0.9729823470115662,
                "Text": "practice"
            }
        ]
    },
    {
        "Week": 4,
        "Slide": 4,
        "KeyPhrases": [
            {
                "Score": 0.8646005392074585,
                "Text": "admin"
            },
            {
                "Score": 0.9517659544944763,
                "Text": "lecture"
            },
            {
                "Score": 0.9353395104408264,
                "Text": "style"
            },
            {
                "Score": 0.9353395104408264,
                "Text": "guide"
            },
            {
                "Score": 0.9353395104408264,
                "Text": "course"
            },
            {
                "Score": 0.9180827140808105,
                "Text": "test"
            },
            {
                "Score": 0.850200355052948,
                "Text": "tonight"
            },
            {
                "Score": 0.9422212839126587,
                "Text": "assignment"
            },
            {
                "Score": 0.9529449343681335,
                "Text": "help"
            },
            {
                "Score": 0.9529449343681335,
                "Text": "session"
            },
            {
                "Score": 0.9776498675346375,
                "Text": "course"
            },
            {
                "Score": 0.9776498675346375,
                "Text": "website"
            }
        ]
    },
    {
        "Week": 4,
        "Slide": 5,
        "KeyPhrases": [
            {
                "Score": 0.9312905669212341,
                "Text": "assignment"
            },
            {
                "Score": 0.9312905669212341,
                "Text": "spec"
            },
            {
                "Score": 0.9531957507133484,
                "Text": "course"
            },
            {
                "Score": 0.9531957507133484,
                "Text": "website"
            }
        ]
    },
    {
        "Week": 4,
        "Slide": 6,
        "KeyPhrases": [
            {
                "Score": 0.9387869238853455,
                "Text": "requirement"
            },
            {
                "Score": 0.5504630208015442,
                "Text": "statement"
            },
            {
                "Score": 0.684848427772522,
                "Text": "asserts"
            },
            {
                "Score": 0.9144876003265381,
                "Text": "unit"
            }
        ]
    },
    {
        "Week": 4,
        "Slide": 7,
        "KeyPhrases": [
            {
                "Score": 0.8797934055328369,
                "Text": "unit"
            },
            {
                "Score": 0.8797934055328369,
                "Text": "test"
            },
            {
                "Score": 0.999567449092865,
                "Text": "program"
            },
            {
                "Score": 0.999407947063446,
                "Text": "part"
            },
            {
                "Score": 0.998246431350708,
                "Text": "unit"
            }
        ]
    },
    {
        "Week": 4,
        "Slide": 8,
        "KeyPhrases": [
            {
                "Score": 0.6216079592704773,
                "Text": "assert"
            }
        ]
    },
    {
        "Week": 4,
        "Slide": 9,
        "KeyPhrases": [
            {
                "Score": 0.8768813014030457,
                "Text": "review"
            },
            {
                "Score": 0.9921894073486328,
                "Text": "feature"
            },
            {
                "Score": 0.9185113310813904,
                "Text": "function"
            },
            {
                "Score": 0.9974061250686646,
                "Text": "function"
            },
            {
                "Score": 0.8741952180862427,
                "Text": "zero"
            },
            {
                "Score": 0.8741952180862427,
                "Text": "parameter"
            },
            {
                "Score": 0.9968987703323364,
                "Text": "function"
            },
            {
                "Score": 0.966840386390686,
                "Text": "value"
            },
            {
                "Score": 0.9378969073295593,
                "Text": "function"
            },
            {
                "Score": 0.9993395209312439,
                "Text": "copy"
            },
            {
                "Score": 0.9991113543510437,
                "Text": "parameter"
            },
            {
                "Score": 0.9972670078277588,
                "Text": "value"
            },
            {
                "Score": 0.9961997270584106,
                "Text": "parameter"
            },
            {
                "Score": 0.9935698509216309,
                "Text": "function"
            },
            {
                "Score": 0.9980239868164062,
                "Text": "function"
            },
            {
                "Score": 0.9444884061813354,
                "Text": "function"
            }
        ]
    },
    {
        "Week": 4,
        "Slide": 10,
        "KeyPhrases": [
            {
                "Score": 0.9133899211883545,
                "Text": "review"
            },
            {
                "Score": 0.7681972980499268,
                "Text": "function"
            },
            {
                "Score": 0.7681972980499268,
                "Text": "parameter"
            },
            {
                "Score": 0.9789469242095947,
                "Text": "name"
            }
        ]
    }
]