{"Slide-1": "", "Slide22": "Arrays in memory\nhow are they stored in memory?", "Slide23": "Arrays in memory\nwhat else is stored in memory?\n\nhint: everything!", "Slide20": "up next: where is everything?", "Slide21": "Arrays\nwhat are arrays?", "Slide26": "up next: calling functions", "Slide27": "Passing values into functions\nfunctions receive a copy of the value of the function parameter", "Slide24": "Everything in memory\nwhy does this matter?", "Slide25": "Function memory\nvariables in a function can only be accessed by that function.\n\nwhy?", "Slide28": "Passing arrays into functions?\nif functions can’t modify anything outside of their function \n\nhow do arrays work?\n\nfarnarkle.c\n\nhttps://cgi.cse.unsw.edu.au/~cs1511/lab/05/farnarkle.c", "Slide19": "fgets vs gets\nnever use the function gets ! (why?)\n\nman pages + demo", "Slide18": "More input\nfgets(array, array size, stream)  reads a line of text\n\narray - char array in which to store the line \narray size - the size of the array \n\nstream - where to read the line from, e.g. stdin\n\nfgets won’t try to store more than array size chars in the array\n\nlet’s try it out!", "Slide13": "using getchar and putchar in a loop\n \n\nint c = ???? \n\nwhile (c != EOF) { \n\n    printf(\"%c\", c); \n\n    c = getchar(); \n\n} ", "Slide12": "using getchar and putchar in a loop\n \n\nwhile (c != EOF) { \n\n    printf(\"%c\", c); \n\n    c = getchar(); \n\n} ", "Slide11": "getchar and putchar\ngetchar()\n\nreads a character from standard input \nreturns an int\n\nputchar('A')\n\nprints a character to standard output\n\nlet’s try it!", "Slide10": "letters are just ASCII values are just letters\nthis means we can do cool things\n\n \n\n// what will something be? \n\nint something = 'B' - 'A'; ", "Slide17": "More input\n(re-)introducing: fgets", "Slide16": "More input\nwhat if we wanted to scan more than one character at a time?", "Slide15": "up next: beyond getchar()", "Slide14": "using getchar and putchar in a loop\n \n\nint c = getchar(); \n\nwhile (c != EOF) { \n\n    printf(\"%c\", c); \n\n    c = getchar(); \n\n} ", "Slide3": "Overview\nafter this lecture, you should be able to…\n\nunderstand the basics of working with getchar, putchar, fgets\n\nwrite programs using strings to solve simple problems\n\nhave a deeper understanding about arrays\n\nhave a deeper understanding about calling functions and function parameters\n\nhave a deeper understanding about passing values into functions\n\n(note: you shouldn’t be able to do all of these immediately after watching this lecture. however, this lecture should (hopefully!) give you the foundations you need to develop these skills. remember: programming is\n\nlike learning any other language, it takes consistent and regular practice.)", "Slide2": " \n\nBefore we begin…\n \n\nintroduce yourself to the person sitting next to you\n\n \n\nwhy did they decide to study computing?", "Slide1": "COMP5 8s \n— Lecture 10 — \n\nStrings+Arrarys+Functions\nAndrew Bennett \n\n<andrew.bennett@unsw.edu.au>\n\nJashank Jeremy \n<jashank.jeremy@unsw.edu.au>", "Slide0": "Welcome!\nCOMP1511 18s1 \n\nProgramming Fundamentals", "Slide7": "remember strings?\nnever use the ASCII values directly\n\n \n\n \n\nchar name[] = \"ANDREW\"; \n\n \n\n// Prints out A \n\nprintf(\"name[0] as a char is: %c\\n\"); \n\n \n\n// Prints out 65 \n\nprintf(\"name[0] as an int is: %d\\n\"); \n\n ", "Slide6": "remember strings?\ncharacters store ASCII values\n\n \n\nchar name[] = \"ANDREW\"; \n\n \n\n┌───┬───┬───┬───┬───┬───┬────┐ \n\n│ A │ N │ D │ R │ E │ W │ \\0 │ \n\n└───┴───┴───┴───┴───┴───┴────┘ \n\n| 0 | 1 | 2 | 3 | 4 | 5 |  6 \n\nis equivalent to\n\n \n\n┌───┬───┬───┬───┬───┬───┬────┐ \n\n│65 │78 │68 │83 │69 │87 │ 0  │ \n\n└───┴───┴───┴───┴───┴───┴────┘ \n\n| 0 | 1 | 2 | 3 | 4 | 5 |  6 ", "Slide5": "week  weekly test due thursday \ndon’t be scared!\n\nlab marks released \npost in class forum || email your tutor\n\ndon’t forget about help sessions! \nsee course website for details\n\n\n\n5\n\nremember strings?\na string is an array of characters\n\n \n\nchar name[] = \"ANDREW\"; \n\n \n\n┌───┬───┬───┬───┬───┬───┬────┐ \n\n│ A │ N │ D │ R │ E │ W │ \\0 │ \n\n└───┴───┴───┴───┴───┴───┴────┘ \n\n| 0 | 1 | 2 | 3 | 4 | 5 |  6 ", "Slide4": "Admin\nDon’t panic!\n\nassignment 1 due TONIGHT \nyou can do it!", "Slide9": "letters are just ASCII values are just letters\nASCII values are sequential\n\n \n\nprintf(\"the ascii value for %c is: %d\\n\", 'A', 'A'); \n\nprintf(\"the ascii value for %c is: %d\\n\", 'B', 'B'); \n\nprintf(\"the ascii value for %c is: %d\\n\", 'C', 'C'); ", "Slide8": "remember strings?\nnever use the ASCII values directly\n\n \n\nint some_letter = 'A'; \n\nint another_letter = 65; \n\n \n\nassert(some_letter == another_letter); \n\nwe can acccess the ASCII value for the letter A with ‘A’.\n\nmuch better to use ‘A’ than 65 – why?"}