{"Slide-1": "", "Slide22": "up next: references", "Slide23": "address of\nfrom earlier:\n\nwe can get the address with & (“address of”)\n\n \n\nint number = 10; \n\nprintf(\"The address of number is: %p\\n\", &number); \n\nwe sometimes call this a “reference” \ni.e. “&number” is a reference to the variable “number”", "Slide20": "Memory Addresses\nsince everything is stored somewhere in memory, everything has an address.\n\nwe can get the address with & (“address of”)\n\nwe print memory addresses in hexidecimal \n(why?)", "Slide21": "Memory Layout\ndifferent things are stored in different places\n\nvariables are stored on the stack\n\ndynamic memory (more on that next week) is stored on the heap\n\n\n\n \n\n┌────────────────┐ \n\n│   libraries &  │              0x00000000 \n\n│      magic     │ \n\n├────────────────┤ \n\n│  your program  │             ~0x00600000 \n\n├────────────────┤ \n\n│                │             ~0x10000000 \n\n│    the HEAP    │ \n\n┆                ┆ \n\n \n\n \n\n┆                ┆ \n\n│                │ \n\n│   the STACK    │ \n\n│                │              0xBFFFFFFF \n\n├────────────────┤ \n\n│   more magic   │              0xFFFFFFFF \n\n└────────────────┘ \n\n \n\n\n\n6\n\n1\n\nr )\n\nm\n\ne\n\n0\n\n0\n\np\n\nw\n\nO\n\nn\n\ng\n\ng\n\nB\n\n0\n\n0\n\ne\n\ne\n\nw\n\nh b g\n\n\" m\n\n4\n\ny\n\nF\n\nr\n\na\n\n0\n\nC\n\nF\n\nM\n\n0\n\no a\n\nh e\n\n0\n\n0\n\na\n\np\n\nr\n\n0\n\nP E\n\n\" y\n\n0\n\ns\n\n(\n\ne s\n\nd\n\nh\n\na\n\no\n\n0\n\nd\n\n0\n\nt\n\nE\n\nl\n\nF\n\ne\n\nm\n\nt\n\n!\n\no\n\n(\n\ne\n\no y\n\n0\n\nu\n\nF F\n\nr\n\no\n\n0\n\nb\n\ne\n\n0\n\ne\n\n0\n\nR\n\n0\n\ns\n\ni\n\nG\n\n0\n\nF\n\n0\n\na\n\nS\n\nb\n\nE\n\nd\n\nr\n\nf\n\ng\n\nm i\n\n0\n\nr\n\nF\n\n0\n\n0\n\ng\n\n!\n\nt H\n\nK\n\nb\n\nx\n\nY U\n\nt\n\na\n\no\n\nr\n\n!\n\n(\n\nA\n\nF\n\no\n\n0\n\nw\n\nr\n\nw\n\na )\n\nd\n\ne\n\no\n\n0\n\nR\n\nx\n\n0\n\nO A\n\nT\n\n\" \"\n\nx\n\nR\n\na\n\n0\n\nd n\n\nr\n\ns\n\n0\n\ns\n\n00\n\nR\n\n0\n\nre ns\n\nF F\n\nr\n\nf o\n\nr\n\nh\n\nFF\n\nt\n\n0\n\n0\n\nw\n\nm\n\no\n\ns l\n\nt\n\nH\n\nr\n\nP\n\nA\n\nm\n\n0\n\ne\n\n0\n\nF\n\no\n\nF\n\np\n\nx\n\nx\n\ng\n\ne\n\n0\n\nx F\n\no\n\n \n\nnote: some people draw memory “upside down” \n\n(0xFFFFFFFF at the top) \n\nkeep an eye out for which way up any given diagram is", "Slide26": "going to the address of\nwe could do this directly in the printf:\n\n\n\n \n\nint number = 10; \n\nprintf(\"The address of number is: %p\\n\", &number); \n\n// might print something like: \n\n// The address of number is: 0xffd53f50 \n\n \n\nprintf(\"The value at address %p is %d\\n\", \n\n    &number,  *(&number)); \n\n \n\n// should print out something like \n\n// The value at address 0xffd53f50 is 10 \n\n \n\n \n\n \n\n \n\n// we can print out the value at that address: \n\nprintf(\"The value at address %p is %d\\n\", \n\n        0xffd53f50, *0xffd53f50); \n\n \n\n// should print out something like \n\n// The value at address 0xffd53f50 is 10 ", "Slide27": "storing the address of\n“but Andrew, why would we do that when we could just print out number directly?”\n\nexactly.\n\naddresses are most useful for telling things far away (i.e. other functions) \nabout the address of something in your function.\n\nwe have a special type for storing the addresses of values\n\n \n\nint number = 10; \n\nint *number_address = &number; \n\n \n\nprintf(\"The address of number is: %p\\n\", &number); \n\n \n\nprintf(\"The value at address %p is %d\\n\", \n\n    &number,  *(&number)); \n\n \n\nprintf(\"The value at address %p is %d\\n\", \n\n    number_address  *number_address); \n\n\n\nwe call these pointers because they “point” to the variable whose address they store", "Slide24": "address of\nwhen we have the address of something, we know how to get to it\n\n \n\nint number = 10; \n\nprintf(\"The address of number is: %p\\n\", &number); \n\n \n\n// might print something like: \n\n// The address of number is: 0xffd53f50 ", "Slide25": "going to the address of\nwhen we have the address of something, we know how to get to it\n\nwe use the *  operator for this: dereference\n\n(“de-reference” – go to the reference, to get the value there)\n\n \n\nint number = 10; \n\nprintf(\"The address of number is: %p\\n\", &number); \n\n \n\n// might print something like: \n\n// The address of number is: 0xffd53f50 \n\n \n\n// we can print out the value at that address: \n\nprintf(\"The value at address %p is %d\\n\", \n\n        0xffd53f50, *0xffd53f50); \n\n \n\n// should print out \"10\" ", "Slide28": "storing the address of\npointer syntax:\n\n \n\n[type] *[some_name] = &[something]; \n\ne.g.\n\n \n\nint *my_pointer = &my_variable; \n\nimportantly: the value of the pointer is the address of the variable it points to", "Slide19": "Memory\neffectively a GIANT array \n\n(4 GB big)\n\neverything is stored in memory somewhere\n\nvariables are stored in memory\n\nthe code for your program is stored in memory\n\nthe code for library functions you use is stored in memory \n(printf, scanf, …)\n\nsince everything is stored in memory, it has an address \n(similar to your home address)", "Slide18": "up next: memory", "Slide13": "Files in C\nwe saw the syntax earlier:\n\n \n\n// opens a file called  \"output.txt\" in \"writing\" mode \n\nFILE\\* output_file = fopen(\"output.txt\", \"w\"); \n\n \n\n// prints \"Hello!\" to the file \n\nfprintf(output_file, \"Hello!\\n\"); ", "Slide12": "Files in C\nwe can work with files in C\n\nprinting content to a file (just like printf)\n\nscanning content from a file (just like scanf)", "Slide11": "fprintf\njust like printf, but works with files\n\n \n\n// stdout is a \"file descriptor\" \n\nfprintf(stdout, \"Hello, world!\\n\"); \n\n \n\n// stderr is also a \"file descriptor\" \n\nfprintf(stderr, \"Uh oh, something went wrong!\\n\"); \n\n \n\n// can also work with real files \n\nFILE\\* output_file = fopen(\"output.txt\", \"w\"); \n\nfprintf(output_file, \"Hello!\\n\"); ", "Slide10": "stderr\ncan access with fprintf\n\n \n\nfprintf(stderr, \"Uh oh, something went wrong!\\n\"); ", "Slide17": "https://www.youtube.com/watch?v=k4kKVYxxliY\n\nhttps://www.youtube.com/watch?v=k4kKVYxxliY", "Slide16": "well…\nlet’s try it out!", "Slide15": "string.h\n#include <string.h>\n\ncontains lots of functions to work with strings\n\nman 3 string\n\nnote: many of these you can (and should, for practice) write yourself\n\ne.g.: int strlen(char *string)  – takes a string, returns the length. \nhow would you write it yourself?", "Slide14": "file redirection\nwe can also get the terminal to handle the file input/output for us\n\n \n\n// in a file \"blah.c\" \n\nprintf(\"Hello from a normal printf\\n\"); \n\n \n\ndcc -o blah blah.c \n\n \n\n./blah > output.txt \n\n \n\n$ cat output.txt \n\nHello from a normal printf ", "Slide3": "Admin\nDon’t panic!\n\nassignment 1 due YESTERDAY \nnice work :)\n\nweek 5 weekly test due thursday \ndon’t be scared!\n\nlab marks released \npost in class forum || email your tutor\n\ndon’t forget about help sessions! \nsee course website for details", "Slide2": "Overview\nafter this lecture, you should be able to…\n\nhave a basic understanding of the different types of i/o in C\n\nread and write files using C i/o functions and file redirection\n\nfeel more comfortable working with argc/argv\n\nhave a basic understanding of memory in C\n\n(note: you shouldn’t be able to do all of these immediately after watching this lecture. however, this lecture should (hopefully!) give you the foundations you need to develop these skills. remember: programming is\n\nlike learning any other language, it takes consistent and regular practice.)", "Slide1": "COMP5 8s \n— Lecture 11 — \n\nFiles, Memory\nAndrew Bennett \n\n<andrew.bennett@unsw.edu.au>", "Slide0": "Welcome!\nCOMP1511 18s1 \n\nProgramming Fundamentals", "Slide7": "input/output?\nthese all work with stdin and stdout \n\n(standard input and standard output)\n\nstdin \nscanf, getchar, fgets\n\nstdout \nprintf, putchar", "Slide6": "input/output?\nyou’ve already seen several ways\n\nprintf, scanf, getchar, putchar, fgets, ….", "Slide5": "input/output?\ni/o \n\n(input/output)\n\nvarious ways our programs can take input and give output", "Slide4": "introducing: i/o\n(input/output)", "Slide9": "stderr\nstill goes to the terminal\n\nsemantically different to stdout\n\nused to print errors\n\ncan be redirected separately to stdout", "Slide8": "Other i/o\nstdin and stdout go to the terminal\n\nbut there are other options\n\nstderr \n(standard error)\n\nfiles \n(e.g. “input.txt”)"}