[
    {
        "Week": 6,
        "Slide": 0,
        "KeyPhrases": [
            {
                "Score": 0.9586396813392639,
                "Text": "part"
            },
            {
                "Score": 0.9353582262992859,
                "Text": "introduction"
            },
            {
                "Score": 0.852781355381012,
                "Text": "binary"
            },
            {
                "Score": 0.852781355381012,
                "Text": "number"
            }
        ]
    },
    {
        "Week": 6,
        "Slide": 1,
        "KeyPhrases": [
            {
                "Score": 0.8314245939254761,
                "Text": "decimal"
            },
            {
                "Score": 0.8314245939254761,
                "Text": "binary"
            },
            {
                "Score": 0.8314245939254761,
                "Text": "representation"
            },
            {
                "Score": 0.8945404291152954,
                "Text": "decimal"
            },
            {
                "Score": 0.8945404291152954,
                "Text": "number"
            },
            {
                "Score": 0.8027483224868774,
                "Text": "place"
            },
            {
                "Score": 0.8027483224868774,
                "Text": "value"
            },
            {
                "Score": 0.9497784376144409,
                "Text": "base"
            },
            {
                "Score": 0.9497784376144409,
                "Text": "radix"
            },
            {
                "Score": 0.999081552028656,
                "Text": "digit"
            },
            {
                "Score": 0.9554743766784668,
                "Text": "base"
            },
            {
                "Score": 0.9517355561256409,
                "Text": "binary"
            },
            {
                "Score": 0.9517355561256409,
                "Text": "number"
            },
            {
                "Score": 0.7185872793197632,
                "Text": "place"
            },
            {
                "Score": 0.9458537101745605,
                "Text": "base"
            },
            {
                "Score": 0.9458537101745605,
                "Text": "radix"
            },
            {
                "Score": 0.9774312376976013,
                "Text": "decimal"
            },
            {
                "Score": 0.937938928604126,
                "Text": "binary"
            },
            {
                "Score": 0.9985870718955994,
                "Text": "digit"
            },
            {
                "Score": 0.9687656164169312,
                "Text": "base"
            }
        ]
    },
    {
        "Week": 6,
        "Slide": 2,
        "KeyPhrases": [
            {
                "Score": 0.965560257434845,
                "Text": "advantage"
            },
            {
                "Score": 0.7144485712051392,
                "Text": "binary"
            },
            {
                "Score": 0.7144485712051392,
                "Text": "representation"
            },
            {
                "Score": 0.9881601929664612,
                "Text": "binary"
            },
            {
                "Score": 0.9881601929664612,
                "Text": "notation"
            },
            {
                "Score": 0.9952754378318787,
                "Text": "processing"
            },
            {
                "Score": 0.889880895614624,
                "Text": "voltage"
            },
            {
                "Score": 0.889880895614624,
                "Text": "level"
            },
            {
                "Score": 0.9966753721237183,
                "Text": "digit"
            },
            {
                "Score": 0.9434017539024353,
                "Text": "table"
            },
            {
                "Score": 0.9932103753089905,
                "Text": "logic"
            },
            {
                "Score": 0.9932103753089905,
                "Text": "gate"
            },
            {
                "Score": 0.8941200971603394,
                "Text": "table"
            },
            {
                "Score": 0.8941200971603394,
                "Text": "addition"
            },
            {
                "Score": 0.8435028791427612,
                "Text": "table"
            },
            {
                "Score": 0.8435028791427612,
                "Text": "multiplication"
            },
            {
                "Score": 0.9981940984725952,
                "Text": "table"
            },
            {
                "Score": 0.9974387288093567,
                "Text": "entry"
            },
            {
                "Score": 0.9587666392326355,
                "Text": "decimal"
            },
            {
                "Score": 0.9988861083984375,
                "Text": "table"
            },
            {
                "Score": 0.9910893440246582,
                "Text": "entry"
            },
            {
                "Score": 0.6388420462608337,
                "Text": "notice"
            },
            {
                "Score": 0.5804028511047363,
                "Text": "that"
            }
        ]
    },
    {
        "Week": 6,
        "Slide": 3,
        "KeyPhrases": [
            {
                "Score": 0.881255567073822,
                "Text": "base"
            },
            {
                "Score": 0.9936307072639465,
                "Text": "computer"
            },
            {
                "Score": 0.9386119842529297,
                "Text": "base"
            },
            {
                "Score": 0.9960702657699585,
                "Text": "people"
            },
            {
                "Score": 0.9289678335189819,
                "Text": "base"
            },
            {
                "Score": 0.9410868287086487,
                "Text": "conversion"
            },
            {
                "Score": 0.9583016037940979,
                "Text": "binary"
            },
            {
                "Score": 0.9998051524162292,
                "Text": "method"
            },
            {
                "Score": 0.9945952296257019,
                "Text": "integer"
            },
            {
                "Score": 0.9945952296257019,
                "Text": "digit"
            },
            {
                "Score": 0.9984297752380371,
                "Text": "base"
            },
            {
                "Score": 0.885705828666687,
                "Text": "number"
            },
            {
                "Score": 0.885705828666687,
                "Text": "abcdx"
            },
            {
                "Score": 0.8601980209350586,
                "Text": "base"
            },
            {
                "Score": 0.9956182837486267,
                "Text": "polynomial"
            },
            {
                "Score": 0.9976702332496643,
                "Text": "number"
            },
            {
                "Score": 0.9377177357673645,
                "Text": "decimal"
            },
            {
                "Score": 0.9994655847549438,
                "Text": "number"
            },
            {
                "Score": 0.9996517896652222,
                "Text": "operation"
            },
            {
                "Score": 0.9983751773834229,
                "Text": "conversion"
            },
            {
                "Score": 0.994559109210968,
                "Text": "polynomial"
            },
            {
                "Score": 0.9803260564804077,
                "Text": "nested"
            },
            {
                "Score": 0.9803260564804077,
                "Text": "form"
            }
        ]
    },
    {
        "Week": 6,
        "Slide": 4,
        "KeyPhrases": [
            {
                "Score": 0.8183119297027588,
                "Text": "base"
            },
            {
                "Score": 0.8183119297027588,
                "Text": "example"
            },
            {
                "Score": 0.9985584616661072,
                "Text": "example"
            },
            {
                "Score": 0.881809651851654,
                "Text": "slide"
            },
            {
                "Score": 0.8715994954109192,
                "Text": "nested"
            },
            {
                "Score": 0.8715994954109192,
                "Text": "form"
            },
            {
                "Score": 0.998963475227356,
                "Text": "example"
            },
            {
                "Score": 0.8200766444206238,
                "Text": "base"
            },
            {
                "Score": 0.9298744201660156,
                "Text": "base"
            },
            {
                "Score": 0.9484461545944214,
                "Text": "hexadecimal"
            },
            {
                "Score": 0.94703608751297,
                "Text": "letter"
            },
            {
                "Score": 0.8496753573417664,
                "Text": "ffffhex"
            }
        ]
    },
    {
        "Week": 6,
        "Slide": 5,
        "KeyPhrases": [
            {
                "Score": 0.652332067489624,
                "Text": "base"
            },
            {
                "Score": 0.9871619343757629,
                "Text": "nested"
            },
            {
                "Score": 0.9871619343757629,
                "Text": "form"
            },
            {
                "Score": 0.8955415487289429,
                "Text": "abcdx"
            },
            {
                "Score": 0.9055632948875427,
                "Text": "above"
            },
            {
                "Score": 0.9957082271575928,
                "Text": "number"
            },
            {
                "Score": 0.9980432391166687,
                "Text": "digit"
            },
            {
                "Score": 0.9533179402351379,
                "Text": "number"
            },
            {
                "Score": 0.9533179402351379,
                "Text": "base"
            },
            {
                "Score": 0.9905725121498108,
                "Text": "equation"
            },
            {
                "Score": 0.4147656559944153,
                "Text": "left"
            },
            {
                "Score": 0.733791172504425,
                "Text": "that"
            },
            {
                "Score": 0.9979970455169678,
                "Text": "remainder"
            },
            {
                "Score": 0.9694548845291138,
                "Text": "abcdx"
            },
            {
                "Score": 0.998883843421936,
                "Text": "number"
            },
            {
                "Score": 0.8976143002510071,
                "Text": "base"
            },
            {
                "Score": 0.9998803734779358,
                "Text": "quotient"
            },
            {
                "Score": 0.998515248298645,
                "Text": "remainder"
            },
            {
                "Score": 0.9393077492713928,
                "Text": "reverse"
            }
        ]
    },
    {
        "Week": 6,
        "Slide": 6,
        "KeyPhrases": [
            {
                "Score": 0.8229413628578186,
                "Text": "base"
            },
            {
                "Score": 0.8229413628578186,
                "Text": "example"
            },
            {
                "Score": 0.8989211320877075,
                "Text": "binary"
            },
            {
                "Score": 0.9993988871574402,
                "Text": "quotient"
            },
            {
                "Score": 0.9389030933380127,
                "Text": "left"
            },
            {
                "Score": 0.9389030933380127,
                "Text": "remainder"
            },
            {
                "Score": 0.9768769145011902,
                "Text": "right"
            },
            {
                "Score": 0.9219777584075928,
                "Text": "reading"
            },
            {
                "Score": 0.9916164875030518,
                "Text": "remainder"
            },
            {
                "Score": 0.9985889792442322,
                "Text": "column"
            },
            {
                "Score": 0.894068717956543,
                "Text": "base"
            },
            {
                "Score": 0.9990904927253723,
                "Text": "result"
            }
        ]
    },
    {
        "Week": 6,
        "Slide": 7,
        "KeyPhrases": [
            {
                "Score": 0.9932383298873901,
                "Text": "fraction"
            },
            {
                "Score": 0.5612252354621887,
                "Text": "base"
            },
            {
                "Score": 0.8414998054504395,
                "Text": "number"
            },
            {
                "Score": 0.8414998054504395,
                "Text": "abcd"
            },
            {
                "Score": 0.6665922403335571,
                "Text": "pqrsx"
            },
            {
                "Score": 0.8652810454368591,
                "Text": "base"
            },
            {
                "Score": 0.9960934519767761,
                "Text": "part"
            },
            {
                "Score": 0.9891261458396912,
                "Text": "left"
            },
            {
                "Score": 0.9883316159248352,
                "Text": "radix"
            },
            {
                "Score": 0.9883316159248352,
                "Text": "point"
            },
            {
                "Score": 0.9972736835479736,
                "Text": "integer"
            },
            {
                "Score": 0.9972736835479736,
                "Text": "part"
            },
            {
                "Score": 0.9967755079269409,
                "Text": "part"
            },
            {
                "Score": 0.995659351348877,
                "Text": "right"
            },
            {
                "Score": 0.9977216124534607,
                "Text": "part"
            },
            {
                "Score": 0.9939802885055542,
                "Text": "expression"
            },
            {
                "Score": 0.9939802885055542,
                "Text": "above"
            },
            {
                "Score": 0.9975244998931885,
                "Text": "number"
            },
            {
                "Score": 0.9376574754714966,
                "Text": "decimal"
            },
            {
                "Score": 0.90204256772995,
                "Text": "exercise"
            },
            {
                "Score": 0.9942072629928589,
                "Text": "nested"
            },
            {
                "Score": 0.9942072629928589,
                "Text": "form"
            },
            {
                "Score": 0.9946662783622742,
                "Text": "calculation"
            },
            {
                "Score": 0.9630976915359497,
                "Text": "decimal"
            },
            {
                "Score": 0.9507272243499756,
                "Text": "base"
            },
            {
                "Score": 0.9989863634109497,
                "Text": "integer"
            },
            {
                "Score": 0.9989863634109497,
                "Text": "part"
            },
            {
                "Score": 0.9980242252349854,
                "Text": "method"
            },
            {
                "Score": 0.9980242252349854,
                "Text": "repeated"
            },
            {
                "Score": 0.9980242252349854,
                "Text": "division"
            },
            {
                "Score": 0.999347448348999,
                "Text": "part"
            },
            {
                "Score": 0.7399314045906067,
                "Text": "treatment"
            },
            {
                "Score": 0.8923375606536865,
                "Text": "slide"
            }
        ]
    },
    {
        "Week": 6,
        "Slide": 8,
        "KeyPhrases": [
            {
                "Score": 0.9858742952346802,
                "Text": "fraction"
            },
            {
                "Score": 0.6047593355178833,
                "Text": "base"
            },
            {
                "Score": 0.986706018447876,
                "Text": "part"
            },
            {
                "Score": 0.9405428767204285,
                "Text": "abcd"
            },
            {
                "Score": 0.941519021987915,
                "Text": "pqrsx"
            },
            {
                "Score": 0.9769098162651062,
                "Text": "part"
            },
            {
                "Score": 0.9946457743644714,
                "Text": "step"
            },
            {
                "Score": 0.9946457743644714,
                "Text": "multiply"
            },
            {
                "Score": 0.9005448222160339,
                "Text": "part"
            },
            {
                "Score": 0.9827299118041992,
                "Text": "part"
            },
            {
                "Score": 0.9827299118041992,
                "Text": "integer"
            },
            {
                "Score": 0.969842255115509,
                "Text": "order"
            },
            {
                "Score": 0.8371788859367371,
                "Text": "digit"
            },
            {
                "Score": 0.8371788859367371,
                "Text": "pqrs"
            },
            {
                "Score": 0.8371788859367371,
                "Text": "base"
            },
            {
                "Score": 0.9992163181304932,
                "Text": "process"
            },
            {
                "Score": 0.9918904304504395,
                "Text": "digit"
            }
        ]
    },
    {
        "Week": 6,
        "Slide": 9,
        "KeyPhrases": [
            {
                "Score": 0.9471135139465332,
                "Text": "convert"
            },
            {
                "Score": 0.9709566235542297,
                "Text": "base"
            },
            {
                "Score": 0.9985723495483398,
                "Text": "integer"
            },
            {
                "Score": 0.9985723495483398,
                "Text": "part"
            },
            {
                "Score": 0.9961451292037964,
                "Text": "remainder"
            },
            {
                "Score": 0.87737637758255,
                "Text": "blue"
            },
            {
                "Score": 0.9889527559280396,
                "Text": "line"
            },
            {
                "Score": 0.9994215369224548,
                "Text": "table"
            },
            {
                "Score": 0.934786856174469,
                "Text": "time"
            },
            {
                "Score": 0.9948529005050659,
                "Text": "part"
            },
            {
                "Score": 0.9983214139938354,
                "Text": "line"
            },
            {
                "Score": 0.9132499694824219,
                "Text": "part"
            },
            {
                "Score": 0.9132499694824219,
                "Text": "integer"
            },
            {
                "Score": 0.9993481040000916,
                "Text": "part"
            },
            {
                "Score": 0.7850373387336731,
                "Text": "column"
            },
            {
                "Score": 0.9821459054946899,
                "Text": "part"
            },
            {
                "Score": 0.9010941386222839,
                "Text": "answer"
            }
        ]
    },
    {
        "Week": 6,
        "Slide": 10,
        "KeyPhrases": [
            {
                "Score": 0.9142035245895386,
                "Text": "convert"
            },
            {
                "Score": 0.8940865397453308,
                "Text": "base"
            },
            {
                "Score": 0.9967668056488037,
                "Text": "integer"
            },
            {
                "Score": 0.9967668056488037,
                "Text": "part"
            },
            {
                "Score": 0.8758828043937683,
                "Text": "part"
            },
            {
                "Score": 0.8758828043937683,
                "Text": "integer"
            },
            {
                "Score": 0.9979795813560486,
                "Text": "part"
            },
            {
                "Score": 0.8516759872436523,
                "Text": "repeated"
            },
            {
                "Score": 0.8516759872436523,
                "Text": "multiplication"
            },
            {
                "Score": 0.9946449995040894,
                "Text": "denominator"
            },
            {
                "Score": 0.9991892576217651,
                "Text": "part"
            },
            {
                "Score": 0.9961545467376709,
                "Text": "integer"
            },
            {
                "Score": 0.9994210004806519,
                "Text": "process"
            },
            {
                "Score": 0.9774134159088135,
                "Text": "pattern"
            },
            {
                "Score": 0.915776789188385,
                "Text": "answer"
            }
        ]
    },
    {
        "Week": 6,
        "Slide": 11,
        "KeyPhrases": [
            {
                "Score": 0.6859171390533447,
                "Text": "note"
            },
            {
                "Score": 0.9639334678649902,
                "Text": "base"
            },
            {
                "Score": 0.9639334678649902,
                "Text": "conversion"
            },
            {
                "Score": 0.6590409874916077,
                "Text": "base"
            },
            {
                "Score": 0.9982600212097168,
                "Text": "given"
            },
            {
                "Score": 0.9982600212097168,
                "Text": "number"
            },
            {
                "Score": 0.9984574317932129,
                "Text": "power"
            },
            {
                "Score": 0.991397500038147,
                "Text": "method"
            },
            {
                "Score": 0.9771008491516113,
                "Text": "worked"
            },
            {
                "Score": 0.9771008491516113,
                "Text": "example"
            },
            {
                "Score": 0.9984904527664185,
                "Text": "given"
            },
            {
                "Score": 0.9984904527664185,
                "Text": "number"
            },
            {
                "Score": 0.9717227816581726,
                "Text": "decimal"
            },
            {
                "Score": 0.5441845655441284,
                "Text": "human"
            },
            {
                "Score": 0.9546937942504883,
                "Text": "base"
            },
            {
                "Score": 0.9866549968719482,
                "Text": "repeated"
            },
            {
                "Score": 0.9866549968719482,
                "Text": "division"
            },
            {
                "Score": 0.9973710179328918,
                "Text": "base"
            },
            {
                "Score": 0.9695984721183777,
                "Text": "expression"
            },
            {
                "Score": 0.9695984721183777,
                "Text": "power"
            },
            {
                "Score": 0.9695984721183777,
                "Text": "series"
            },
            {
                "Score": 0.9575517773628235,
                "Text": "base"
            },
            {
                "Score": 0.9973918795585632,
                "Text": "computer"
            },
            {
                "Score": 0.9239213466644287,
                "Text": "base"
            },
            {
                "Score": 0.9939773082733154,
                "Text": "way"
            },
            {
                "Score": 0.9938806295394897,
                "Text": "repeated"
            },
            {
                "Score": 0.9938806295394897,
                "Text": "division"
            },
            {
                "Score": 0.9995256066322327,
                "Text": "result"
            },
            {
                "Score": 0.9515445232391357,
                "Text": "base"
            },
            {
                "Score": 0.9683570861816406,
                "Text": "expression"
            },
            {
                "Score": 0.9683570861816406,
                "Text": "power"
            },
            {
                "Score": 0.9683570861816406,
                "Text": "series"
            },
            {
                "Score": 0.9989293217658997,
                "Text": "human"
            },
            {
                "Score": 0.9989293217658997,
                "Text": "input"
            },
            {
                "Score": 0.9259496927261353,
                "Text": "base"
            }
        ]
    },
    {
        "Week": 6,
        "Slide": 12,
        "KeyPhrases": [
            {
                "Score": 0.7485524415969849,
                "Text": "octal"
            },
            {
                "Score": 0.8915581107139587,
                "Text": "base"
            },
            {
                "Score": 0.9568374156951904,
                "Text": "octal"
            },
            {
                "Score": 0.9568374156951904,
                "Text": "binary"
            },
            {
                "Score": 0.998457133769989,
                "Text": "expression"
            },
            {
                "Score": 0.8909542560577393,
                "Text": "parenthesis"
            },
            {
                "Score": 0.9530664086341858,
                "Text": "than"
            },
            {
                "Score": 0.9975610971450806,
                "Text": "digit"
            },
            {
                "Score": 0.9975610971450806,
                "Text": "octal"
            },
            {
                "Score": 0.9997572302818298,
                "Text": "process"
            },
            {
                "Score": 0.9662913084030151,
                "Text": "octal"
            },
            {
                "Score": 0.9662913084030151,
                "Text": "digit"
            },
            {
                "Score": 0.9942988157272339,
                "Text": "binary"
            },
            {
                "Score": 0.9942988157272339,
                "Text": "digit"
            },
            {
                "Score": 0.9943607449531555,
                "Text": "binary"
            },
            {
                "Score": 0.9943607449531555,
                "Text": "digit"
            },
            {
                "Score": 0.9937371611595154,
                "Text": "radix"
            },
            {
                "Score": 0.9937371611595154,
                "Text": "point"
            }
        ]
    },
    {
        "Week": 6,
        "Slide": 13,
        "KeyPhrases": [
            {
                "Score": 0.8361384868621826,
                "Text": "conversion"
            },
            {
                "Score": 0.8361384868621826,
                "Text": "binary"
            },
            {
                "Score": 0.8361384868621826,
                "Text": "octal"
            },
            {
                "Score": 0.9541181921958923,
                "Text": "example"
            },
            {
                "Score": 0.7445602416992188,
                "Text": "octal"
            },
            {
                "Score": 0.9974536895751953,
                "Text": "conversion"
            },
            {
                "Score": 0.9880184531211853,
                "Text": "digit"
            },
            {
                "Score": 0.9880184531211853,
                "Text": "binary"
            },
            {
                "Score": 0.9828304648399353,
                "Text": "octal"
            },
            {
                "Score": 0.9828304648399353,
                "Text": "digit"
            },
            {
                "Score": 0.9784108400344849,
                "Text": "inspection"
            },
            {
                "Score": 0.9869811534881592,
                "Text": "part"
            },
            {
                "Score": 0.5104654431343079,
                "Text": "left"
            },
            {
                "Score": 0.9982568621635437,
                "Text": "zero"
            },
            {
                "Score": 0.9991834163665771,
                "Text": "proof"
            },
            {
                "Score": 0.9989140033721924,
                "Text": "exercise"
            },
            {
                "Score": 0.8375245928764343,
                "Text": "convert"
            },
            {
                "Score": 0.80339515209198,
                "Text": "octal"
            }
        ]
    },
    {
        "Week": 6,
        "Slide": 14,
        "KeyPhrases": [
            {
                "Score": 0.850857138633728,
                "Text": "hexadecimal"
            },
            {
                "Score": 0.8811355829238892,
                "Text": "base"
            },
            {
                "Score": 0.9698451161384583,
                "Text": "octal"
            },
            {
                "Score": 0.9698451161384583,
                "Text": "digit"
            },
            {
                "Score": 0.9952834248542786,
                "Text": "bit"
            },
            {
                "Score": 0.9081665873527527,
                "Text": "hex"
            },
            {
                "Score": 0.9081665873527527,
                "Text": "digit"
            },
            {
                "Score": 0.9952543377876282,
                "Text": "bit"
            },
            {
                "Score": 0.993617057800293,
                "Text": "generalized"
            },
            {
                "Score": 0.993617057800293,
                "Text": "example"
            },
            {
                "Score": 0.9994415640830994,
                "Text": "part"
            },
            {
                "Score": 0.7696794867515564,
                "Text": "abcdef"
            },
            {
                "Score": 0.7996212244033813,
                "Text": "ghijklm"
            }
        ]
    },
    {
        "Week": 6,
        "Slide": 15,
        "KeyPhrases": [
            {
                "Score": 0.8290688991546631,
                "Text": "conversion"
            },
            {
                "Score": 0.8290688991546631,
                "Text": "hex"
            },
            {
                "Score": 0.8290688991546631,
                "Text": "binary"
            },
            {
                "Score": 0.953981876373291,
                "Text": "example"
            },
            {
                "Score": 0.8828069567680359,
                "Text": "binary"
            },
            {
                "Score": 0.9483939409255981,
                "Text": "conversion"
            },
            {
                "Score": 0.9879306554794312,
                "Text": "digit"
            },
            {
                "Score": 0.9879306554794312,
                "Text": "hex"
            },
            {
                "Score": 0.9989909529685974,
                "Text": "inspection"
            },
            {
                "Score": 0.8824988007545471,
                "Text": "letter"
            },
            {
                "Score": 0.894332766532898,
                "Text": "hex"
            },
            {
                "Score": 0.8416342735290527,
                "Text": "hex"
            },
            {
                "Score": 0.9995889663696289,
                "Text": "digit"
            },
            {
                "Score": 0.9967665672302246,
                "Text": "radix"
            },
            {
                "Score": 0.9967665672302246,
                "Text": "point"
            },
            {
                "Score": 0.9625627994537354,
                "Text": "zero"
            },
            {
                "Score": 0.9986473321914673,
                "Text": "part"
            },
            {
                "Score": 0.9997624158859253,
                "Text": "group"
            }
        ]
    },
    {
        "Week": 6,
        "Slide": 16,
        "KeyPhrases": [
            {
                "Score": 0.8166738748550415,
                "Text": "conversion"
            },
            {
                "Score": 0.8708589673042297,
                "Text": "binary"
            },
            {
                "Score": 0.8311039209365845,
                "Text": "conversion"
            },
            {
                "Score": 0.8311039209365845,
                "Text": "octal"
            },
            {
                "Score": 0.9708465337753296,
                "Text": "binary"
            },
            {
                "Score": 0.9708465337753296,
                "Text": "look"
            },
            {
                "Score": 0.7620640993118286,
                "Text": "octal"
            }
        ]
    },
    {
        "Week": 6,
        "Slide": 17,
        "KeyPhrases": [
            {
                "Score": 0.8810436725616455,
                "Text": "number"
            },
            {
                "Score": 0.9642487168312073,
                "Text": "subtraction"
            },
            {
                "Score": 0.9642487168312073,
                "Text": "mathematician"
            },
            {
                "Score": 0.9856169819831848,
                "Text": "subtraction"
            },
            {
                "Score": 0.9995272159576416,
                "Text": "addition"
            },
            {
                "Score": 0.9858759641647339,
                "Text": "inverse"
            },
            {
                "Score": 0.9992747902870178,
                "Text": "theory"
            },
            {
                "Score": 0.9990041851997375,
                "Text": "trick"
            },
            {
                "Score": 0.9854918122291565,
                "Text": "subtraction"
            },
            {
                "Score": 0.9964302182197571,
                "Text": "addition"
            },
            {
                "Score": 0.9973336458206177,
                "Text": "practice"
            },
            {
                "Score": 0.9796270132064819,
                "Text": "subtraction"
            },
            {
                "Score": 0.9930177330970764,
                "Text": "notation"
            },
            {
                "Score": 0.9930177330970764,
                "Text": "magnitude"
            },
            {
                "Score": 0.9930177330970764,
                "Text": "sign"
            },
            {
                "Score": 0.9988098740577698,
                "Text": "number"
            },
            {
                "Score": 0.8531733155250549,
                "Text": "inverse"
            },
            {
                "Score": 0.9925611615180969,
                "Text": "subtraction"
            },
            {
                "Score": 0.8516249060630798,
                "Text": "integer"
            },
            {
                "Score": 0.8516249060630798,
                "Text": "base"
            },
            {
                "Score": 0.9531381726264954,
                "Text": "ten"
            },
            {
                "Score": 0.9531381726264954,
                "Text": "complement"
            }
        ]
    },
    {
        "Week": 6,
        "Slide": 18,
        "KeyPhrases": [
            {
                "Score": 0.9980243444442749,
                "Text": "discussion"
            },
            {
                "Score": 0.9930422902107239,
                "Text": "decimal"
            },
            {
                "Score": 0.9930422902107239,
                "Text": "digit"
            },
            {
                "Score": 0.8348130583763123,
                "Text": "complement"
            },
            {
                "Score": 0.9818530678749084,
                "Text": "evaluation"
            },
            {
                "Score": 0.93655925989151,
                "Text": "complement"
            },
            {
                "Score": 0.9965492486953735,
                "Text": "subtraction"
            },
            {
                "Score": 0.9965492486953735,
                "Text": "algorithm"
            },
            {
                "Score": 0.9928689002990723,
                "Text": "borrowing"
            },
            {
                "Score": 0.9991521835327148,
                "Text": "digit"
            },
            {
                "Score": 0.886432409286499,
                "Text": "complement"
            },
            {
                "Score": 0.7929199934005737,
                "Text": "number"
            }
        ]
    },
    {
        "Week": 6,
        "Slide": 19,
        "KeyPhrases": [
            {
                "Score": 0.6548112630844116,
                "Text": "subtraction"
            },
            {
                "Score": 0.7084689140319824,
                "Text": "suppose"
            },
            {
                "Score": 0.7132015228271484,
                "Text": "range"
            },
            {
                "Score": 0.9854426980018616,
                "Text": "carry"
            },
            {
                "Score": 0.9951496720314026,
                "Text": "leftmost"
            },
            {
                "Score": 0.9951496720314026,
                "Text": "column"
            },
            {
                "Score": 0.8034617304801941,
                "Text": "carry"
            },
            {
                "Score": 0.8034617304801941,
                "Text": "around"
            },
            {
                "Score": 0.9994059801101685,
                "Text": "expression"
            },
            {
                "Score": 0.990587592124939,
                "Text": "end"
            },
            {
                "Score": 0.990587592124939,
                "Text": "carry"
            },
            {
                "Score": 0.8061689734458923,
                "Text": "carry"
            },
            {
                "Score": 0.8061689734458923,
                "Text": "end"
            },
            {
                "Score": 0.8061689734458923,
                "Text": "around"
            }
        ]
    },
    {
        "Week": 6,
        "Slide": 20,
        "KeyPhrases": [
            {
                "Score": 0.92280513048172,
                "Text": "example"
            },
            {
                "Score": 0.92280513048172,
                "Text": "complement"
            },
            {
                "Score": 0.8760907649993896,
                "Text": "carry"
            },
            {
                "Score": 0.8760907649993896,
                "Text": "end"
            },
            {
                "Score": 0.8760907649993896,
                "Text": "around"
            },
            {
                "Score": 0.3728848695755005,
                "Text": "result"
            },
            {
                "Score": 0.8618729114532471,
                "Text": "mean"
            },
            {
                "Score": 0.9998636841773987,
                "Text": "conversion"
            },
            {
                "Score": 0.9995617866516113,
                "Text": "result"
            }
        ]
    },
    {
        "Week": 6,
        "Slide": 21,
        "KeyPhrases": [
            {
                "Score": 0.949517548084259,
                "Text": "ten"
            },
            {
                "Score": 0.949517548084259,
                "Text": "complement"
            },
            {
                "Score": 0.9994035363197327,
                "Text": "representation"
            },
            {
                "Score": 0.9916953444480896,
                "Text": "end"
            },
            {
                "Score": 0.9916953444480896,
                "Text": "around"
            },
            {
                "Score": 0.9916953444480896,
                "Text": "carry"
            },
            {
                "Score": 0.9825798273086548,
                "Text": "ten"
            },
            {
                "Score": 0.9825798273086548,
                "Text": "complement"
            },
            {
                "Score": 0.8826248645782471,
                "Text": "complement"
            },
            {
                "Score": 0.9860343933105469,
                "Text": "decimal"
            },
            {
                "Score": 0.9860343933105469,
                "Text": "digit"
            },
            {
                "Score": 0.9693726897239685,
                "Text": "ten"
            },
            {
                "Score": 0.9693726897239685,
                "Text": "complement"
            },
            {
                "Score": 0.9877504110336304,
                "Text": "ten"
            },
            {
                "Score": 0.9877504110336304,
                "Text": "complement"
            },
            {
                "Score": 0.970453679561615,
                "Text": "ten"
            },
            {
                "Score": 0.970453679561615,
                "Text": "complement"
            }
        ]
    },
    {
        "Week": 6,
        "Slide": 22,
        "KeyPhrases": [
            {
                "Score": 0.6318188309669495,
                "Text": "subtraction"
            },
            {
                "Score": 0.8521815538406372,
                "Text": "ten"
            },
            {
                "Score": 0.8521815538406372,
                "Text": "complement"
            },
            {
                "Score": 0.715571939945221,
                "Text": "range"
            },
            {
                "Score": 0.979603111743927,
                "Text": "carry"
            },
            {
                "Score": 0.9994051456451416,
                "Text": "expression"
            },
            {
                "Score": 0.9162545800209045,
                "Text": "than"
            },
            {
                "Score": 0.9375460147857666,
                "Text": "carry"
            },
            {
                "Score": 0.9173954725265503,
                "Text": "carry"
            },
            {
                "Score": 0.9173954725265503,
                "Text": "leaf"
            },
            {
                "Score": 0.995942234992981,
                "Text": "case"
            },
            {
                "Score": 0.9946233630180359,
                "Text": "carry"
            },
            {
                "Score": 0.9925851821899414,
                "Text": "representation"
            },
            {
                "Score": 0.9925851821899414,
                "Text": "complement"
            },
            {
                "Score": 0.9925851821899414,
                "Text": "ten"
            },
            {
                "Score": 0.9970795512199402,
                "Text": "expected"
            },
            {
                "Score": 0.9970795512199402,
                "Text": "result"
            }
        ]
    },
    {
        "Week": 6,
        "Slide": 23,
        "KeyPhrases": [
            {
                "Score": 0.9895265102386475,
                "Text": "example"
            },
            {
                "Score": 0.9895265102386475,
                "Text": "ten"
            },
            {
                "Score": 0.9895265102386475,
                "Text": "complement"
            },
            {
                "Score": 0.363164484500885,
                "Text": "result"
            },
            {
                "Score": 0.8878142833709717,
                "Text": "result"
            },
            {
                "Score": 0.9996322393417358,
                "Text": "result"
            },
            {
                "Score": 0.9974263906478882,
                "Text": "example"
            },
            {
                "Score": 0.6630998253822327,
                "Text": "comp"
            }
        ]
    },
    {
        "Week": 6,
        "Slide": 24,
        "KeyPhrases": [
            {
                "Score": 0.7155853509902954,
                "Text": "overflow"
            },
            {
                "Score": 0.9435179829597473,
                "Text": "suppose"
            },
            {
                "Score": 0.9435179829597473,
                "Text": "ten"
            },
            {
                "Score": 0.9435179829597473,
                "Text": "complement"
            },
            {
                "Score": 0.7123376131057739,
                "Text": "range"
            },
            {
                "Score": 0.9997806549072266,
                "Text": "result"
            },
            {
                "Score": 0.829278826713562,
                "Text": "range"
            },
            {
                "Score": 0.9884656667709351,
                "Text": "carry"
            },
            {
                "Score": 0.9987463355064392,
                "Text": "correct"
            },
            {
                "Score": 0.9987463355064392,
                "Text": "range"
            },
            {
                "Score": 0.9993478059768677,
                "Text": "number"
            },
            {
                "Score": 0.7819118499755859,
                "Text": "overflow"
            },
            {
                "Score": 0.9974251389503479,
                "Text": "carry"
            },
            {
                "Score": 0.9977957606315613,
                "Text": "number"
            },
            {
                "Score": 0.8051135540008545,
                "Text": "overflow"
            }
        ]
    },
    {
        "Week": 6,
        "Slide": 25,
        "KeyPhrases": [
            {
                "Score": 0.968354344367981,
                "Text": "number"
            },
            {
                "Score": 0.8236756324768066,
                "Text": "binary"
            },
            {
                "Score": 0.9692556858062744,
                "Text": "decimal"
            },
            {
                "Score": 0.9692556858062744,
                "Text": "corresponds"
            },
            {
                "Score": 0.9163970351219177,
                "Text": "binary"
            },
            {
                "Score": 0.9859215021133423,
                "Text": "notation"
            },
            {
                "Score": 0.921208381652832,
                "Text": "carry"
            },
            {
                "Score": 0.995299756526947,
                "Text": "digit"
            },
            {
                "Score": 0.9957069754600525,
                "Text": "digit"
            },
            {
                "Score": 0.7992579340934753,
                "Text": "carry"
            },
            {
                "Score": 0.7992579340934753,
                "Text": "around"
            },
            {
                "Score": 0.8440633416175842,
                "Text": "ten"
            },
            {
                "Score": 0.8440633416175842,
                "Text": "complement"
            },
            {
                "Score": 0.8745338320732117,
                "Text": "decimal"
            },
            {
                "Score": 0.8745338320732117,
                "Text": "corresponds"
            },
            {
                "Score": 0.9160630106925964,
                "Text": "binary"
            },
            {
                "Score": 0.9860259890556335,
                "Text": "notation"
            },
            {
                "Score": 0.9207072854042053,
                "Text": "carry"
            },
            {
                "Score": 0.9949151873588562,
                "Text": "digit"
            },
            {
                "Score": 0.7691137790679932,
                "Text": "slide"
            },
            {
                "Score": 0.8392007946968079,
                "Text": "concern"
            }
        ]
    },
    {
        "Week": 6,
        "Slide": 26,
        "KeyPhrases": [
            {
                "Score": 0.9928622245788574,
                "Text": "binary"
            },
            {
                "Score": 0.9928622245788574,
                "Text": "digit"
            },
            {
                "Score": 0.7399026155471802,
                "Text": "binary"
            },
            {
                "Score": 0.9967356324195862,
                "Text": "row"
            },
            {
                "Score": 0.9942936301231384,
                "Text": "digit"
            },
            {
                "Score": 0.9958450794219971,
                "Text": "digit"
            },
            {
                "Score": 0.9959613680839539,
                "Text": "bitwise"
            },
            {
                "Score": 0.9959613680839539,
                "Text": "inversion"
            },
            {
                "Score": 0.8884478211402893,
                "Text": "complement"
            },
            {
                "Score": 0.8126458525657654,
                "Text": "number"
            },
            {
                "Score": 0.9982548356056213,
                "Text": "number"
            }
        ]
    },
    {
        "Week": 6,
        "Slide": 27,
        "KeyPhrases": [
            {
                "Score": 0.6101315021514893,
                "Text": "subtraction"
            },
            {
                "Score": 0.7940230369567871,
                "Text": "suppose"
            },
            {
                "Score": 0.7601518034934998,
                "Text": "range"
            },
            {
                "Score": 0.998769223690033,
                "Text": "subtraction"
            },
            {
                "Score": 0.9019744992256165,
                "Text": "carry"
            },
            {
                "Score": 0.9019744992256165,
                "Text": "end"
            },
            {
                "Score": 0.9019744992256165,
                "Text": "around"
            },
            {
                "Score": 0.9905869960784912,
                "Text": "end"
            },
            {
                "Score": 0.9905869960784912,
                "Text": "carry"
            },
            {
                "Score": 0.8067421317100525,
                "Text": "carry"
            },
            {
                "Score": 0.8067421317100525,
                "Text": "end"
            },
            {
                "Score": 0.8067421317100525,
                "Text": "around"
            },
            {
                "Score": 0.8193628787994385,
                "Text": "complement"
            }
        ]
    },
    {
        "Week": 6,
        "Slide": 28,
        "KeyPhrases": [
            {
                "Score": 0.8626965880393982,
                "Text": "bit"
            },
            {
                "Score": 0.7676413059234619,
                "Text": "complement"
            },
            {
                "Score": 0.7676413059234619,
                "Text": "example"
            },
            {
                "Score": 0.5447452068328857,
                "Text": "result"
            },
            {
                "Score": 0.5447452068328857,
                "Text": "mean"
            },
            {
                "Score": 0.8711472749710083,
                "Text": "carry"
            },
            {
                "Score": 0.8711472749710083,
                "Text": "end"
            },
            {
                "Score": 0.8711472749710083,
                "Text": "around"
            },
            {
                "Score": 0.39489153027534485,
                "Text": "result"
            },
            {
                "Score": 0.9998636841773987,
                "Text": "conversion"
            },
            {
                "Score": 0.9993861317634583,
                "Text": "result"
            }
        ]
    },
    {
        "Week": 6,
        "Slide": 29,
        "KeyPhrases": [
            {
                "Score": 0.992749035358429,
                "Text": "binary"
            },
            {
                "Score": 0.992749035358429,
                "Text": "digit"
            },
            {
                "Score": 0.922249436378479,
                "Text": "value"
            },
            {
                "Score": 0.9399771690368652,
                "Text": "value"
            },
            {
                "Score": 0.8091943860054016,
                "Text": "value"
            },
            {
                "Score": 0.7872311472892761,
                "Text": "value"
            },
            {
                "Score": 0.9980692863464355,
                "Text": "number"
            },
            {
                "Score": 0.94074946641922,
                "Text": "leftmost"
            },
            {
                "Score": 0.94074946641922,
                "Text": "bit"
            },
            {
                "Score": 0.9693558216094971,
                "Text": "bit"
            },
            {
                "Score": 0.9915905594825745,
                "Text": "msb"
            },
            {
                "Score": 0.9980127811431885,
                "Text": "msb"
            },
            {
                "Score": 0.9874504804611206,
                "Text": "sign"
            },
            {
                "Score": 0.9874504804611206,
                "Text": "bit"
            }
        ]
    },
    {
        "Week": 6,
        "Slide": 30,
        "KeyPhrases": [
            {
                "Score": 0.6322370171546936,
                "Text": "subtraction"
            },
            {
                "Score": 0.7641746997833252,
                "Text": "range"
            },
            {
                "Score": 0.9890925288200378,
                "Text": "end"
            },
            {
                "Score": 0.9890925288200378,
                "Text": "carry"
            },
            {
                "Score": 0.9313240647315979,
                "Text": "end"
            },
            {
                "Score": 0.9313240647315979,
                "Text": "carry"
            },
            {
                "Score": 0.902530312538147,
                "Text": "carry"
            },
            {
                "Score": 0.902530312538147,
                "Text": "leaf"
            },
            {
                "Score": 0.9959444403648376,
                "Text": "case"
            },
            {
                "Score": 0.9946235418319702,
                "Text": "carry"
            },
            {
                "Score": 0.9712845087051392,
                "Text": "representation"
            },
            {
                "Score": 0.9712845087051392,
                "Text": "complement"
            },
            {
                "Score": 0.9972051978111267,
                "Text": "expected"
            },
            {
                "Score": 0.9972051978111267,
                "Text": "result"
            }
        ]
    },
    {
        "Week": 6,
        "Slide": 31,
        "KeyPhrases": [
            {
                "Score": 0.8435896039009094,
                "Text": "bit"
            },
            {
                "Score": 0.7637697458267212,
                "Text": "complement"
            },
            {
                "Score": 0.7637697458267212,
                "Text": "example"
            },
            {
                "Score": 0.7877376675605774,
                "Text": "result"
            },
            {
                "Score": 0.997337281703949,
                "Text": "example"
            },
            {
                "Score": 0.6766935586929321,
                "Text": "comp"
            }
        ]
    },
    {
        "Week": 6,
        "Slide": 32,
        "KeyPhrases": [
            {
                "Score": 0.7156597971916199,
                "Text": "overflow"
            },
            {
                "Score": 0.6565409898757935,
                "Text": "suppose"
            },
            {
                "Score": 0.7601993680000305,
                "Text": "range"
            },
            {
                "Score": 0.9997778534889221,
                "Text": "result"
            },
            {
                "Score": 0.7223172783851624,
                "Text": "range"
            },
            {
                "Score": 0.9905592203140259,
                "Text": "carry"
            },
            {
                "Score": 0.9986329674720764,
                "Text": "correct"
            },
            {
                "Score": 0.9986329674720764,
                "Text": "range"
            },
            {
                "Score": 0.999354898929596,
                "Text": "number"
            },
            {
                "Score": 0.7818987369537354,
                "Text": "overflow"
            },
            {
                "Score": 0.9974251389503479,
                "Text": "carry"
            },
            {
                "Score": 0.9972535967826843,
                "Text": "number"
            },
            {
                "Score": 0.8045862913131714,
                "Text": "overflow"
            }
        ]
    },
    {
        "Week": 6,
        "Slide": 33,
        "KeyPhrases": [
            {
                "Score": 0.8453665375709534,
                "Text": "overflow"
            },
            {
                "Score": 0.8453665375709534,
                "Text": "detection"
            },
            {
                "Score": 0.8453665375709534,
                "Text": "addition"
            },
            {
                "Score": 0.9796990752220154,
                "Text": "number"
            },
            {
                "Score": 0.9796990752220154,
                "Text": "bit"
            },
            {
                "Score": 0.833523154258728,
                "Text": "overflow"
            },
            {
                "Score": 0.833523154258728,
                "Text": "look"
            },
            {
                "Score": 0.8998724818229675,
                "Text": "carry"
            },
            {
                "Score": 0.9971871972084045,
                "Text": "msb"
            },
            {
                "Score": 0.8837399482727051,
                "Text": "carry"
            },
            {
                "Score": 0.9993545413017273,
                "Text": "illustration"
            },
            {
                "Score": 0.9995928406715393,
                "Text": "number"
            },
            {
                "Score": 0.9655942916870117,
                "Text": "bit"
            },
            {
                "Score": 0.8556422591209412,
                "Text": "overflow"
            },
            {
                "Score": 0.898299515247345,
                "Text": "carry"
            },
            {
                "Score": 0.997179388999939,
                "Text": "msb"
            },
            {
                "Score": 0.8124473690986633,
                "Text": "carry"
            },
            {
                "Score": 0.9782726764678955,
                "Text": "overflow"
            },
            {
                "Score": 0.8367146253585815,
                "Text": "carry"
            }
        ]
    },
    {
        "Week": 6,
        "Slide": 34,
        "KeyPhrases": [
            {
                "Score": 0.8769493699073792,
                "Text": "overflow"
            },
            {
                "Score": 0.8769493699073792,
                "Text": "detection"
            },
            {
                "Score": 0.8769493699073792,
                "Text": "addition"
            },
            {
                "Score": 0.8694995641708374,
                "Text": "number"
            },
            {
                "Score": 0.8694995641708374,
                "Text": "complement"
            },
            {
                "Score": 0.9508824348449707,
                "Text": "overflow"
            },
            {
                "Score": 0.9001365900039673,
                "Text": "carry"
            },
            {
                "Score": 0.997204065322876,
                "Text": "msb"
            },
            {
                "Score": 0.996458113193512,
                "Text": "sum"
            },
            {
                "Score": 0.996458113193512,
                "Text": "bit"
            },
            {
                "Score": 0.8625060319900513,
                "Text": "carry"
            },
            {
                "Score": 0.9352527260780334,
                "Text": "overflow"
            },
            {
                "Score": 0.9001006484031677,
                "Text": "carry"
            },
            {
                "Score": 0.9971747398376465,
                "Text": "msb"
            },
            {
                "Score": 0.8124444484710693,
                "Text": "carry"
            },
            {
                "Score": 0.9019071459770203,
                "Text": "overflow"
            },
            {
                "Score": 0.8351489901542664,
                "Text": "carry"
            }
        ]
    },
    {
        "Week": 6,
        "Slide": 35,
        "KeyPhrases": [
            {
                "Score": 0.538694441318512,
                "Text": "hardware"
            },
            {
                "Score": 0.538694441318512,
                "Text": "overflow"
            },
            {
                "Score": 0.998901903629303,
                "Text": "condition"
            },
            {
                "Score": 0.8469893336296082,
                "Text": "overflow"
            },
            {
                "Score": 0.9924824833869934,
                "Text": "msb"
            },
            {
                "Score": 0.9966860413551331,
                "Text": "gate"
            },
            {
                "Score": 0.9988501667976379,
                "Text": "output"
            },
            {
                "Score": 0.9999369978904724,
                "Text": "input"
            },
            {
                "Score": 0.9921627640724182,
                "Text": "overflow"
            },
            {
                "Score": 0.9921627640724182,
                "Text": "flag"
            },
            {
                "Score": 0.9429904818534851,
                "Text": "overflow"
            },
            {
                "Score": 0.6745887994766235,
                "Text": "xor"
            },
            {
                "Score": 0.9976451396942139,
                "Text": "overflow"
            },
            {
                "Score": 0.9924891591072083,
                "Text": "condition"
            },
            {
                "Score": 0.9071293473243713,
                "Text": "complement"
            },
            {
                "Score": 0.9997445940971375,
                "Text": "case"
            },
            {
                "Score": 0.9222084879875183,
                "Text": "slide"
            },
            {
                "Score": 0.9993778467178345,
                "Text": "rule"
            },
            {
                "Score": 0.937669038772583,
                "Text": "msb"
            },
            {
                "Score": 0.999004602432251,
                "Text": "number"
            },
            {
                "Score": 0.999718189239502,
                "Text": "proof"
            },
            {
                "Score": 0.991487443447113,
                "Text": "exercise"
            },
            {
                "Score": 0.765712559223175,
                "Text": "carry"
            }
        ]
    },
    {
        "Week": 6,
        "Slide": 36,
        "KeyPhrases": [
            {
                "Score": 0.9062965512275696,
                "Text": "half"
            },
            {
                "Score": 0.9062965512275696,
                "Text": "adder"
            },
            {
                "Score": 0.9961735606193542,
                "Text": "binary"
            },
            {
                "Score": 0.9961735606193542,
                "Text": "number"
            },
            {
                "Score": 0.9929096698760986,
                "Text": "bit"
            },
            {
                "Score": 0.9929096698760986,
                "Text": "right"
            },
            {
                "Score": 0.9929096698760986,
                "Text": "hand"
            },
            {
                "Score": 0.7644108533859253,
                "Text": "addition"
            },
            {
                "Score": 0.7644108533859253,
                "Text": "table"
            },
            {
                "Score": 0.9949097633361816,
                "Text": "bit"
            },
            {
                "Score": 0.9131389260292053,
                "Text": "sum"
            },
            {
                "Score": 0.9131389260292053,
                "Text": "bit"
            },
            {
                "Score": 0.8357918858528137,
                "Text": "carry"
            },
            {
                "Score": 0.8357918858528137,
                "Text": "bit"
            },
            {
                "Score": 0.9897782802581787,
                "Text": "table"
            },
            {
                "Score": 0.9897782802581787,
                "Text": "addition"
            },
            {
                "Score": 0.9824110865592957,
                "Text": "truth"
            },
            {
                "Score": 0.9824110865592957,
                "Text": "table"
            },
            {
                "Score": 0.9926315546035767,
                "Text": "sum"
            },
            {
                "Score": 0.9926315546035767,
                "Text": "bit"
            },
            {
                "Score": 0.9963930249214172,
                "Text": "bit"
            },
            {
                "Score": 0.9963930249214172,
                "Text": "right"
            },
            {
                "Score": 0.9876368641853333,
                "Text": "sum"
            },
            {
                "Score": 0.9876368641853333,
                "Text": "bit"
            },
            {
                "Score": 0.9751700758934021,
                "Text": "left"
            },
            {
                "Score": 0.9751700758934021,
                "Text": "bit"
            },
            {
                "Score": 0.8436903357505798,
                "Text": "carry"
            },
            {
                "Score": 0.8436903357505798,
                "Text": "bit"
            }
        ]
    },
    {
        "Week": 6,
        "Slide": 37,
        "KeyPhrases": [
            {
                "Score": 0.9672004580497742,
                "Text": "half"
            },
            {
                "Score": 0.9672004580497742,
                "Text": "adder"
            },
            {
                "Score": 0.9910368323326111,
                "Text": "truth"
            },
            {
                "Score": 0.9910368323326111,
                "Text": "table"
            },
            {
                "Score": 0.9375718235969543,
                "Text": "boolean"
            },
            {
                "Score": 0.9375718235969543,
                "Text": "relation"
            },
            {
                "Score": 0.9584779143333435,
                "Text": "xor"
            },
            {
                "Score": 0.9886173605918884,
                "Text": "implementation"
            },
            {
                "Score": 0.9886173605918884,
                "Text": "gate"
            },
            {
                "Score": 0.9971590042114258,
                "Text": "hand"
            },
            {
                "Score": 0.9971590042114258,
                "Text": "calculation"
            },
            {
                "Score": 0.9976255893707275,
                "Text": "bit"
            },
            {
                "Score": 0.9976255893707275,
                "Text": "sum"
            },
            {
                "Score": 0.9994795322418213,
                "Text": "column"
            },
            {
                "Score": 0.9968889355659485,
                "Text": "carry"
            },
            {
                "Score": 0.9968889355659485,
                "Text": "bit"
            },
            {
                "Score": 0.99958336353302,
                "Text": "column"
            },
            {
                "Score": 0.9891915321350098,
                "Text": "left"
            },
            {
                "Score": 0.9158247113227844,
                "Text": "that"
            },
            {
                "Score": 0.9158247113227844,
                "Text": "column"
            },
            {
                "Score": 0.9967541098594666,
                "Text": "bit"
            },
            {
                "Score": 0.995660662651062,
                "Text": "adder"
            },
            {
                "Score": 0.9880853891372681,
                "Text": "input"
            },
            {
                "Score": 0.9880853891372681,
                "Text": "bit"
            },
            {
                "Score": 0.8167344927787781,
                "Text": "adder"
            },
            {
                "Score": 0.855097234249115,
                "Text": "slide"
            },
            {
                "Score": 0.9826679229736328,
                "Text": "input"
            },
            {
                "Score": 0.8154333233833313,
                "Text": "adder"
            },
            {
                "Score": 0.8154333233833313,
                "Text": "half"
            }
        ]
    },
    {
        "Week": 6,
        "Slide": 38,
        "KeyPhrases": [
            {
                "Score": 0.9011191725730896,
                "Text": "adder"
            },
            {
                "Score": 0.9011191725730896,
                "Text": "used"
            },
            {
                "Score": 0.9558713436126709,
                "Text": "adder"
            },
            {
                "Score": 0.9558713436126709,
                "Text": "bit"
            },
            {
                "Score": 0.998857319355011,
                "Text": "adder"
            },
            {
                "Score": 0.9928984642028809,
                "Text": "number"
            },
            {
                "Score": 0.9118476510047913,
                "Text": "value"
            },
            {
                "Score": 0.998857855796814,
                "Text": "result"
            },
            {
                "Score": 0.8753724098205566,
                "Text": "range"
            },
            {
                "Score": 0.9757369756698608,
                "Text": "sum"
            },
            {
                "Score": 0.9757369756698608,
                "Text": "bit"
            },
            {
                "Score": 0.8826110363006592,
                "Text": "bit"
            },
            {
                "Score": 0.9818069338798523,
                "Text": "half"
            },
            {
                "Score": 0.9818069338798523,
                "Text": "adder"
            },
            {
                "Score": 0.9643807411193848,
                "Text": "number"
            },
            {
                "Score": 0.9643807411193848,
                "Text": "bit"
            },
            {
                "Score": 0.9406716823577881,
                "Text": "sum"
            },
            {
                "Score": 0.9620509743690491,
                "Text": "carry"
            },
            {
                "Score": 0.9995707273483276,
                "Text": "column"
            },
            {
                "Score": 0.9515935778617859,
                "Text": "adder"
            },
            {
                "Score": 0.9429537653923035,
                "Text": "half"
            },
            {
                "Score": 0.9429537653923035,
                "Text": "adder"
            },
            {
                "Score": 0.9982858300209045,
                "Text": "circuit"
            }
        ]
    },
    {
        "Week": 6,
        "Slide": 39,
        "KeyPhrases": [
            {
                "Score": 0.9066487550735474,
                "Text": "adder"
            },
            {
                "Score": 0.9066487550735474,
                "Text": "implementation"
            },
            {
                "Score": 0.9269256591796875,
                "Text": "carry"
            },
            {
                "Score": 0.994778037071228,
                "Text": "sum"
            },
            {
                "Score": 0.9889370799064636,
                "Text": "carry"
            },
            {
                "Score": 0.9889370799064636,
                "Text": "out"
            },
            {
                "Score": 0.823241651058197,
                "Text": "truth"
            },
            {
                "Score": 0.8510863184928894,
                "Text": "input"
            },
            {
                "Score": 0.99930739402771,
                "Text": "odd"
            },
            {
                "Score": 0.99930739402771,
                "Text": "number"
            },
            {
                "Score": 0.8308132290840149,
                "Text": "input"
            }
        ]
    },
    {
        "Week": 6,
        "Slide": 40,
        "KeyPhrases": [
            {
                "Score": 0.9058150053024292,
                "Text": "adder"
            },
            {
                "Score": 0.9058150053024292,
                "Text": "implementation"
            },
            {
                "Score": 0.999258816242218,
                "Text": "slide"
            },
            {
                "Score": 0.8970244526863098,
                "Text": "gate"
            },
            {
                "Score": 0.8970244526863098,
                "Text": "xor"
            },
            {
                "Score": 0.9318119287490845,
                "Text": "top"
            },
            {
                "Score": 0.9521249532699585,
                "Text": "half"
            },
            {
                "Score": 0.9521249532699585,
                "Text": "adder"
            },
            {
                "Score": 0.9889040589332581,
                "Text": "xor"
            },
            {
                "Score": 0.9889040589332581,
                "Text": "gate"
            },
            {
                "Score": 0.9966300129890442,
                "Text": "part"
            },
            {
                "Score": 0.9783556461334229,
                "Text": "half"
            },
            {
                "Score": 0.9783556461334229,
                "Text": "adder"
            },
            {
                "Score": 0.9997050166130066,
                "Text": "circuit"
            },
            {
                "Score": 0.8404934406280518,
                "Text": "label"
            },
            {
                "Score": 0.9993735551834106,
                "Text": "output"
            },
            {
                "Score": 0.9902900457382202,
                "Text": "carry"
            },
            {
                "Score": 0.9902900457382202,
                "Text": "out"
            },
            {
                "Score": 0.9889906048774719,
                "Text": "caand"
            }
        ]
    },
    {
        "Week": 6,
        "Slide": 41,
        "KeyPhrases": [
            {
                "Score": 0.9053640961647034,
                "Text": "adder"
            },
            {
                "Score": 0.9053640961647034,
                "Text": "implementation"
            },
            {
                "Score": 0.9997668862342834,
                "Text": "calculation"
            },
            {
                "Score": 0.946226179599762,
                "Text": "truth"
            },
            {
                "Score": 0.946226179599762,
                "Text": "table"
            },
            {
                "Score": 0.9728896617889404,
                "Text": "truth"
            },
            {
                "Score": 0.9728896617889404,
                "Text": "table"
            },
            {
                "Score": 0.9765933752059937,
                "Text": "circuit"
            },
            {
                "Score": 0.9707123637199402,
                "Text": "ciba"
            }
        ]
    },
    {
        "Week": 6,
        "Slide": 42,
        "KeyPhrases": [
            {
                "Score": 0.9011191725730896,
                "Text": "adder"
            },
            {
                "Score": 0.9011191725730896,
                "Text": "used"
            },
            {
                "Score": 0.9627222418785095,
                "Text": "subtractor"
            },
            {
                "Score": 0.9627222418785095,
                "Text": "bit"
            },
            {
                "Score": 0.954969584941864,
                "Text": "complement"
            },
            {
                "Score": 0.8722739219665527,
                "Text": "complement"
            },
            {
                "Score": 0.9970361590385437,
                "Text": "complement"
            },
            {
                "Score": 0.9972606897354126,
                "Text": "bit"
            },
            {
                "Score": 0.9861599206924438,
                "Text": "step"
            },
            {
                "Score": 0.98609858751297,
                "Text": "half"
            },
            {
                "Score": 0.98609858751297,
                "Text": "adder"
            },
            {
                "Score": 0.98609858751297,
                "Text": "right"
            },
            {
                "Score": 0.98609858751297,
                "Text": "hand"
            },
            {
                "Score": 0.9977142214775085,
                "Text": "adder"
            },
            {
                "Score": 0.8501101136207581,
                "Text": "subtractor"
            },
            {
                "Score": 0.9809969663619995,
                "Text": "overflow"
            },
            {
                "Score": 0.9234896898269653,
                "Text": "overflow"
            }
        ]
    },
    {
        "Week": 6,
        "Slide": 43,
        "KeyPhrases": [
            {
                "Score": 0.8739843964576721,
                "Text": "bit"
            },
            {
                "Score": 0.9975112080574036,
                "Text": "xor"
            },
            {
                "Score": 0.9975112080574036,
                "Text": "gate"
            },
            {
                "Score": 0.9986848831176758,
                "Text": "inverter"
            },
            {
                "Score": 0.9986848831176758,
                "Text": "controlled"
            },
            {
                "Score": 0.9981092214584351,
                "Text": "input"
            },
            {
                "Score": 0.9997642636299133,
                "Text": "output"
            },
            {
                "Score": 0.9979685544967651,
                "Text": "input"
            },
            {
                "Score": 0.9975261688232422,
                "Text": "input"
            },
            {
                "Score": 0.9997659921646118,
                "Text": "output"
            },
            {
                "Score": 0.9932188987731934,
                "Text": "inverse"
            },
            {
                "Score": 0.998258113861084,
                "Text": "input"
            },
            {
                "Score": 0.9939688444137573,
                "Text": "xor"
            },
            {
                "Score": 0.9939688444137573,
                "Text": "gate"
            },
            {
                "Score": 0.9461014270782471,
                "Text": "sel"
            },
            {
                "Score": 0.6840292811393738,
                "Text": "ect"
            },
            {
                "Score": 0.9405990242958069,
                "Text": "input"
            },
            {
                "Score": 0.8059688210487366,
                "Text": "step"
            },
            {
                "Score": 0.9322205185890198,
                "Text": "sel"
            },
            {
                "Score": 0.9207615256309509,
                "Text": "overflow"
            }
        ]
    },
    {
        "Week": 6,
        "Slide": 44,
        "KeyPhrases": [
            {
                "Score": 0.9676827192306519,
                "Text": "effect"
            },
            {
                "Score": 0.9676827192306519,
                "Text": "carry"
            },
            {
                "Score": 0.9938462972640991,
                "Text": "adder"
            },
            {
                "Score": 0.9938462972640991,
                "Text": "bit"
            },
            {
                "Score": 0.9950941801071167,
                "Text": "slide"
            },
            {
                "Score": 0.987627387046814,
                "Text": "out"
            },
            {
                "Score": 0.987627387046814,
                "Text": "carry"
            },
            {
                "Score": 0.9963467121124268,
                "Text": "carry"
            },
            {
                "Score": 0.9997351765632629,
                "Text": "system"
            },
            {
                "Score": 0.9662336111068726,
                "Text": "ripple"
            },
            {
                "Score": 0.9662336111068726,
                "Text": "carry"
            },
            {
                "Score": 0.997031033039093,
                "Text": "logic"
            },
            {
                "Score": 0.997031033039093,
                "Text": "gate"
            },
            {
                "Score": 0.9968603849411011,
                "Text": "input"
            },
            {
                "Score": 0.9988481402397156,
                "Text": "delay"
            },
            {
                "Score": 0.9997273683547974,
                "Text": "calculation"
            },
            {
                "Score": 0.9983238577842712,
                "Text": "correct"
            },
            {
                "Score": 0.9983238577842712,
                "Text": "value"
            },
            {
                "Score": 0.9980679750442505,
                "Text": "delay"
            },
            {
                "Score": 0.9996849894523621,
                "Text": "calculation"
            },
            {
                "Score": 0.793435275554657,
                "Text": "carry"
            },
            {
                "Score": 0.997890830039978,
                "Text": "adder"
            },
            {
                "Score": 0.9952162504196167,
                "Text": "sum"
            },
            {
                "Score": 0.9952162504196167,
                "Text": "bit"
            },
            {
                "Score": 0.9567396640777588,
                "Text": "carry"
            },
            {
                "Score": 0.9567396640777588,
                "Text": "bit"
            },
            {
                "Score": 0.9990710616111755,
                "Text": "delay"
            },
            {
                "Score": 0.9998889565467834,
                "Text": "calculation"
            },
            {
                "Score": 0.9909449219703674,
                "Text": "sum"
            }
        ]
    },
    {
        "Week": 6,
        "Slide": 45,
        "KeyPhrases": [
            {
                "Score": 0.8788772225379944,
                "Text": "carry"
            },
            {
                "Score": 0.8788772225379944,
                "Text": "acceleration"
            },
            {
                "Score": 0.8064512014389038,
                "Text": "method"
            },
            {
                "Score": 0.871649980545044,
                "Text": "carry"
            },
            {
                "Score": 0.871649980545044,
                "Text": "delay"
            },
            {
                "Score": 0.9907846450805664,
                "Text": "adder"
            },
            {
                "Score": 0.9907846450805664,
                "Text": "carry"
            },
            {
                "Score": 0.9907846450805664,
                "Text": "select"
            },
            {
                "Score": 0.9975019097328186,
                "Text": "csa"
            },
            {
                "Score": 0.8994877934455872,
                "Text": "look"
            },
            {
                "Score": 0.9984875917434692,
                "Text": "cla"
            },
            {
                "Score": 0.989530086517334,
                "Text": "adder"
            },
            {
                "Score": 0.989530086517334,
                "Text": "bit"
            },
            {
                "Score": 0.9912710189819336,
                "Text": "cascade"
            },
            {
                "Score": 0.9982564449310303,
                "Text": "adder"
            },
            {
                "Score": 0.996113121509552,
                "Text": "csa"
            },
            {
                "Score": 0.996113121509552,
                "Text": "bit"
            },
            {
                "Score": 0.9239314198493958,
                "Text": "adder"
            },
            {
                "Score": 0.9239314198493958,
                "Text": "bit"
            },
            {
                "Score": 0.9941477179527283,
                "Text": "carry"
            },
            {
                "Score": 0.9945652484893799,
                "Text": "carry"
            },
            {
                "Score": 0.9677467346191406,
                "Text": "carry"
            },
            {
                "Score": 0.999492883682251,
                "Text": "output"
            },
            {
                "Score": 0.9935050010681152,
                "Text": "adder"
            },
            {
                "Score": 0.9599174857139587,
                "Text": "sum"
            },
            {
                "Score": 0.9770853519439697,
                "Text": "carry"
            },
            {
                "Score": 0.9770853519439697,
                "Text": "out"
            },
            {
                "Score": 0.9948105216026306,
                "Text": "carry"
            },
            {
                "Score": 0.9981805086135864,
                "Text": "adder"
            },
            {
                "Score": 0.9906911849975586,
                "Text": "chain"
            }
        ]
    },
    {
        "Week": 6,
        "Slide": 46,
        "KeyPhrases": [
            {
                "Score": 0.8744620084762573,
                "Text": "carry"
            },
            {
                "Score": 0.8744620084762573,
                "Text": "acceleration"
            },
            {
                "Score": 0.9975048303604126,
                "Text": "adder"
            },
            {
                "Score": 0.916215181350708,
                "Text": "carry"
            },
            {
                "Score": 0.916215181350708,
                "Text": "look"
            },
            {
                "Score": 0.9984305500984192,
                "Text": "cla"
            },
            {
                "Score": 0.917529284954071,
                "Text": "output"
            },
            {
                "Score": 0.917529284954071,
                "Text": "carry"
            },
            {
                "Score": 0.7910638451576233,
                "Text": "carry"
            },
            {
                "Score": 0.8560993075370789,
                "Text": "carry"
            },
            {
                "Score": 0.9989933371543884,
                "Text": "intermediate"
            },
            {
                "Score": 0.9989933371543884,
                "Text": "value"
            },
            {
                "Score": 0.9525717496871948,
                "Text": "carry"
            },
            {
                "Score": 0.99336838722229,
                "Text": "adder"
            },
            {
                "Score": 0.99336838722229,
                "Text": "bit"
            },
            {
                "Score": 0.8757699131965637,
                "Text": "input"
            },
            {
                "Score": 0.9641333818435669,
                "Text": "rightmost"
            },
            {
                "Score": 0.955283522605896,
                "Text": "output"
            },
            {
                "Score": 0.9903626441955566,
                "Text": "adder"
            },
            {
                "Score": 0.9903626441955566,
                "Text": "bit"
            },
            {
                "Score": 0.9917086958885193,
                "Text": "adder"
            },
            {
                "Score": 0.9917086958885193,
                "Text": "bit"
            },
            {
                "Score": 0.9624080061912537,
                "Text": "output"
            },
            {
                "Score": 0.9954739212989807,
                "Text": "adder"
            },
            {
                "Score": 0.9937087893486023,
                "Text": "circuit"
            },
            {
                "Score": 0.9184664487838745,
                "Text": "carry"
            },
            {
                "Score": 0.9184664487838745,
                "Text": "generator"
            },
            {
                "Score": 0.9184664487838745,
                "Text": "look"
            },
            {
                "Score": 0.9725728631019592,
                "Text": "clag"
            }
        ]
    }
]