[
    {
        "Week": 6,
        "Slide": 0,
        "KeyPhrases": [
            {
                "Score": 0.921124279499054,
                "Text": "number"
            },
            {
                "Score": 0.921124279499054,
                "Text": "system"
            },
            {
                "Score": 0.921124279499054,
                "Text": "lecturer"
            },
            {
                "Score": 0.9657900333404541,
                "Text": "sri"
            },
            {
                "Score": 0.9657900333404541,
                "Text": "parameswaran"
            },
            {
                "Score": 0.9657900333404541,
                "Text": "author"
            },
            {
                "Score": 0.9694421887397766,
                "Text": "hui"
            },
            {
                "Score": 0.9694421887397766,
                "Text": "annie"
            },
            {
                "Score": 0.9694421887397766,
                "Text": "guo"
            },
            {
                "Score": 0.9694421887397766,
                "Text": "modified"
            }
        ]
    },
    {
        "Week": 6,
        "Slide": 1,
        "KeyPhrases": [
            {
                "Score": 0.8440783023834229,
                "Text": "lecture"
            },
            {
                "Score": 0.8440783023834229,
                "Text": "overview"
            },
            {
                "Score": 0.9361143112182617,
                "Text": "digital"
            },
            {
                "Score": 0.9361143112182617,
                "Text": "system"
            },
            {
                "Score": 0.7398686408996582,
                "Text": "binary"
            },
            {
                "Score": 0.7398686408996582,
                "Text": "number"
            },
            {
                "Score": 0.7398686408996582,
                "Text": "point"
            },
            {
                "Score": 0.7398686408996582,
                "Text": "number"
            }
        ]
    },
    {
        "Week": 6,
        "Slide": 2,
        "KeyPhrases": [
            {
                "Score": 0.7433130741119385,
                "Text": "number"
            },
            {
                "Score": 0.7433130741119385,
                "Text": "representation"
            },
            {
                "Score": 0.9640336632728577,
                "Text": "number"
            },
            {
                "Score": 0.9988694190979004,
                "Text": "form"
            },
            {
                "Score": 0.8766389489173889,
                "Text": "rra"
            },
            {
                "Score": 0.7795875668525696,
                "Text": "raara"
            },
            {
                "Score": 0.5448532700538635,
                "Text": "rara"
            }
        ]
    },
    {
        "Week": 6,
        "Slide": 3,
        "KeyPhrases": [
            {
                "Score": 0.8541162610054016,
                "Text": "decimal"
            },
            {
                "Score": 0.8541162610054016,
                "Text": "example"
            },
            {
                "Score": 0.8475081324577332,
                "Text": "place"
            },
            {
                "Score": 0.8475081324577332,
                "Text": "value"
            },
            {
                "Score": 0.85565584897995,
                "Text": "base"
            },
            {
                "Score": 0.85565584897995,
                "Text": "radix"
            },
            {
                "Score": 0.7606480121612549,
                "Text": "digit"
            },
            {
                "Score": 0.9851605296134949,
                "Text": "base"
            }
        ]
    },
    {
        "Week": 6,
        "Slide": 4,
        "KeyPhrases": [
            {
                "Score": 0.8652324676513672,
                "Text": "binary"
            },
            {
                "Score": 0.8652324676513672,
                "Text": "example"
            },
            {
                "Score": 0.8831453919410706,
                "Text": "place"
            },
            {
                "Score": 0.8831453919410706,
                "Text": "value"
            },
            {
                "Score": 0.8502507209777832,
                "Text": "base"
            },
            {
                "Score": 0.8502507209777832,
                "Text": "radix"
            },
            {
                "Score": 0.8209425210952759,
                "Text": "digit"
            },
            {
                "Score": 0.9850940704345703,
                "Text": "base"
            },
            {
                "Score": 0.984813928604126,
                "Text": "binary"
            },
            {
                "Score": 0.984813928604126,
                "Text": "integer"
            }
        ]
    },
    {
        "Week": 6,
        "Slide": 5,
        "KeyPhrases": [
            {
                "Score": 0.8912634253501892,
                "Text": "hexadecimal"
            },
            {
                "Score": 0.8912634253501892,
                "Text": "example"
            },
            {
                "Score": 0.8587357997894287,
                "Text": "place"
            },
            {
                "Score": 0.8587357997894287,
                "Text": "value"
            },
            {
                "Score": 0.8590787649154663,
                "Text": "base"
            },
            {
                "Score": 0.8590787649154663,
                "Text": "radix"
            },
            {
                "Score": 0.7668041586875916,
                "Text": "digit"
            },
            {
                "Score": 0.9851410388946533,
                "Text": "base"
            }
        ]
    },
    {
        "Week": 6,
        "Slide": 6,
        "KeyPhrases": [
            {
                "Score": 0.8441324234008789,
                "Text": "number"
            },
            {
                "Score": 0.9119917750358582,
                "Text": "digital"
            },
            {
                "Score": 0.9119917750358582,
                "Text": "machine"
            },
            {
                "Score": 0.8330132365226746,
                "Text": "binary"
            },
            {
                "Score": 0.8330132365226746,
                "Text": "number"
            },
            {
                "Score": 0.999731719493866,
                "Text": "digital"
            },
            {
                "Score": 0.999731719493866,
                "Text": "device"
            },
            {
                "Score": 0.9856628775596619,
                "Text": "level"
            },
            {
                "Score": 0.9856628775596619,
                "Text": "voltage"
            },
            {
                "Score": 0.7864822745323181,
                "Text": "hexadecimals"
            },
            {
                "Score": 0.9954824447631836,
                "Text": "octal"
            },
            {
                "Score": 0.9954824447631836,
                "Text": "number"
            },
            {
                "Score": 0.8811938166618347,
                "Text": "neat"
            },
            {
                "Score": 0.8811938166618347,
                "Text": "binary"
            },
            {
                "Score": 0.8811938166618347,
                "Text": "representation"
            },
            {
                "Score": 0.9732147455215454,
                "Text": "number"
            },
            {
                "Score": 0.9732147455215454,
                "Text": "conversion"
            },
            {
                "Score": 0.9765691161155701,
                "Text": "binary"
            },
            {
                "Score": 0.9765691161155701,
                "Text": "human"
            },
            {
                "Score": 0.9765691161155701,
                "Text": "decimal"
            }
        ]
    },
    {
        "Week": 6,
        "Slide": 7,
        "KeyPhrases": [
            {
                "Score": 0.8983121514320374,
                "Text": "number"
            },
            {
                "Score": 0.8983121514320374,
                "Text": "conversion"
            },
            {
                "Score": 0.9316778182983398,
                "Text": "base"
            },
            {
                "Score": 0.7472649216651917,
                "Text": "base"
            },
            {
                "Score": 0.7472649216651917,
                "Text": "example"
            },
            {
                "Score": 0.770734965801239,
                "Text": "raara"
            },
            {
                "Score": 0.5440835356712341,
                "Text": "rara"
            }
        ]
    },
    {
        "Week": 6,
        "Slide": 8,
        "KeyPhrases": [
            {
                "Score": 0.5199885368347168,
                "Text": "example"
            },
            {
                "Score": 0.7773144245147705,
                "Text": "base"
            },
            {
                "Score": 0.7956460118293762,
                "Text": "base"
            },
            {
                "Score": 0.8808761239051819,
                "Text": "base"
            }
        ]
    },
    {
        "Week": 6,
        "Slide": 9,
        "KeyPhrases": [
            {
                "Score": 0.9014815092086792,
                "Text": "number"
            },
            {
                "Score": 0.9014815092086792,
                "Text": "conversion"
            },
            {
                "Score": 0.8653780817985535,
                "Text": "base"
            },
            {
                "Score": 0.9577102661132812,
                "Text": "base"
            },
            {
                "Score": 0.8696163296699524,
                "Text": "formula"
            },
            {
                "Score": 0.8333717584609985,
                "Text": "number"
            },
            {
                "Score": 0.8333717584609985,
                "Text": "divide"
            },
            {
                "Score": 0.9998578429222107,
                "Text": "quotient"
            },
            {
                "Score": 0.9998297095298767,
                "Text": "remainder"
            },
            {
                "Score": 0.9975144863128662,
                "Text": "digit"
            },
            {
                "Score": 0.9716514945030212,
                "Text": "base"
            },
            {
                "Score": 0.9716514945030212,
                "Text": "number"
            },
            {
                "Score": 0.7642519474029541,
                "Text": "reverse"
            },
            {
                "Score": 0.7642519474029541,
                "Text": "order"
            },
            {
                "Score": 0.7022177577018738,
                "Text": "fraction"
            },
            {
                "Score": 0.998909056186676,
                "Text": "number"
            },
            {
                "Score": 0.9996857643127441,
                "Text": "product"
            },
            {
                "Score": 0.9993128776550293,
                "Text": "digit"
            },
            {
                "Score": 0.8703752756118774,
                "Text": "base"
            },
            {
                "Score": 0.8703752756118774,
                "Text": "number"
            },
            {
                "Score": 0.8703752756118774,
                "Text": "fraction"
            },
            {
                "Score": 0.7673176527023315,
                "Text": "raara"
            },
            {
                "Score": 0.5376574397087097,
                "Text": "rara"
            }
        ]
    },
    {
        "Week": 6,
        "Slide": 10,
        "KeyPhrases": [
            {
                "Score": 0.6245107650756836,
                "Text": "example"
            },
            {
                "Score": 0.9835503697395325,
                "Text": "binary"
            },
            {
                "Score": 0.994234561920166,
                "Text": "number"
            },
            {
                "Score": 0.8071643114089966,
                "Text": "division"
            },
            {
                "Score": 0.971390426158905,
                "Text": "fraction"
            },
            {
                "Score": 0.8160960674285889,
                "Text": "multiplication"
            }
        ]
    },
    {
        "Week": 6,
        "Slide": 11,
        "KeyPhrases": [
            {
                "Score": 0.6062532067298889,
                "Text": "example"
            },
            {
                "Score": 0.9651840329170227,
                "Text": "octal"
            },
            {
                "Score": 0.9923213720321655,
                "Text": "number"
            },
            {
                "Score": 0.8148293495178223,
                "Text": "division"
            },
            {
                "Score": 0.9703208208084106,
                "Text": "fraction"
            },
            {
                "Score": 0.8155276775360107,
                "Text": "multiplication"
            }
        ]
    },
    {
        "Week": 6,
        "Slide": 12,
        "KeyPhrases": [
            {
                "Score": 0.6082797050476074,
                "Text": "example"
            },
            {
                "Score": 0.9797267317771912,
                "Text": "hexadecimal"
            },
            {
                "Score": 0.9929100275039673,
                "Text": "number"
            },
            {
                "Score": 0.8143996596336365,
                "Text": "division"
            },
            {
                "Score": 0.9714860320091248,
                "Text": "fraction"
            },
            {
                "Score": 0.8157749772071838,
                "Text": "multiplication"
            }
        ]
    },
    {
        "Week": 6,
        "Slide": 13,
        "KeyPhrases": [
            {
                "Score": 0.8875488042831421,
                "Text": "number"
            },
            {
                "Score": 0.8875488042831421,
                "Text": "conversion"
            },
            {
                "Score": 0.9571787118911743,
                "Text": "binary"
            },
            {
                "Score": 0.9571787118911743,
                "Text": "octal"
            },
            {
                "Score": 0.9571787118911743,
                "Text": "mapping"
            },
            {
                "Score": 0.99540776014328,
                "Text": "observation"
            },
            {
                "Score": 0.9994506239891052,
                "Text": "expression"
            },
            {
                "Score": 0.8829872012138367,
                "Text": "parenthesis"
            },
            {
                "Score": 0.952602207660675,
                "Text": "than"
            },
            {
                "Score": 0.9952715635299683,
                "Text": "octal"
            },
            {
                "Score": 0.9952715635299683,
                "Text": "digit"
            },
            {
                "Score": 0.9447116851806641,
                "Text": "jkl"
            },
            {
                "Score": 0.9738761782646179,
                "Text": "ajklmn"
            },
            {
                "Score": 0.4773871600627899,
                "Text": "abcdefgh"
            }
        ]
    },
    {
        "Week": 6,
        "Slide": 14,
        "KeyPhrases": [
            {
                "Score": 0.8875488042831421,
                "Text": "number"
            },
            {
                "Score": 0.8875488042831421,
                "Text": "conversion"
            },
            {
                "Score": 0.965248703956604,
                "Text": "binary"
            },
            {
                "Score": 0.965248703956604,
                "Text": "octal"
            },
            {
                "Score": 0.47613564133644104,
                "Text": "cont"
            },
            {
                "Score": 0.5750272870063782,
                "Text": "binary"
            },
            {
                "Score": 0.9092870354652405,
                "Text": "binary"
            },
            {
                "Score": 0.9092870354652405,
                "Text": "digit"
            },
            {
                "Score": 0.9966863989830017,
                "Text": "radix"
            },
            {
                "Score": 0.9966863989830017,
                "Text": "point"
            },
            {
                "Score": 0.9713355898857117,
                "Text": "digit"
            },
            {
                "Score": 0.9983938932418823,
                "Text": "group"
            },
            {
                "Score": 0.9972267746925354,
                "Text": "group"
            },
            {
                "Score": 0.9977608323097229,
                "Text": "octal"
            },
            {
                "Score": 0.9977608323097229,
                "Text": "digit"
            },
            {
                "Score": 0.7506000399589539,
                "Text": "octal"
            },
            {
                "Score": 0.872756838798523,
                "Text": "binary"
            },
            {
                "Score": 0.9959483742713928,
                "Text": "octal"
            },
            {
                "Score": 0.9959483742713928,
                "Text": "digit"
            }
        ]
    },
    {
        "Week": 6,
        "Slide": 15,
        "KeyPhrases": [
            {
                "Score": 0.7962964773178101,
                "Text": "example"
            },
            {
                "Score": 0.7962964773178101,
                "Text": "binary"
            },
            {
                "Score": 0.9779815077781677,
                "Text": "convert"
            },
            {
                "Score": 0.755726158618927,
                "Text": "octal"
            },
            {
                "Score": 0.8742673993110657,
                "Text": "note"
            },
            {
                "Score": 0.9307901859283447,
                "Text": "number"
            },
            {
                "Score": 0.9307901859283447,
                "Text": "part"
            },
            {
                "Score": 0.9237545132637024,
                "Text": "part"
            },
            {
                "Score": 0.5284668207168579,
                "Text": "left"
            }
        ]
    },
    {
        "Week": 6,
        "Slide": 16,
        "KeyPhrases": [
            {
                "Score": 0.790047287940979,
                "Text": "example"
            },
            {
                "Score": 0.790047287940979,
                "Text": "octal"
            },
            {
                "Score": 0.7525002360343933,
                "Text": "binary"
            },
            {
                "Score": 0.7525002360343933,
                "Text": "convert"
            },
            {
                "Score": 0.9153295159339905,
                "Text": "binary"
            },
            {
                "Score": 0.9091243147850037,
                "Text": "note"
            },
            {
                "Score": 0.9893989562988281,
                "Text": "number"
            },
            {
                "Score": 0.9893989562988281,
                "Text": "part"
            },
            {
                "Score": 0.9997190833091736,
                "Text": "part"
            }
        ]
    },
    {
        "Week": 6,
        "Slide": 17,
        "KeyPhrases": [
            {
                "Score": 0.8865094184875488,
                "Text": "number"
            },
            {
                "Score": 0.8865094184875488,
                "Text": "conversion"
            },
            {
                "Score": 0.9657500982284546,
                "Text": "binary"
            },
            {
                "Score": 0.9657500982284546,
                "Text": "hexadecimal"
            },
            {
                "Score": 0.9657500982284546,
                "Text": "binary"
            },
            {
                "Score": 0.7927987575531006,
                "Text": "hexadecimal"
            },
            {
                "Score": 0.9963153600692749,
                "Text": "binary"
            },
            {
                "Score": 0.9963153600692749,
                "Text": "digit"
            },
            {
                "Score": 0.9953269958496094,
                "Text": "radix"
            },
            {
                "Score": 0.9953269958496094,
                "Text": "point"
            },
            {
                "Score": 0.9774091839790344,
                "Text": "binary"
            },
            {
                "Score": 0.9774091839790344,
                "Text": "digit"
            },
            {
                "Score": 0.9976181983947754,
                "Text": "group"
            },
            {
                "Score": 0.9972938895225525,
                "Text": "group"
            },
            {
                "Score": 0.9970051646232605,
                "Text": "digit"
            },
            {
                "Score": 0.9970051646232605,
                "Text": "hexadecimal"
            },
            {
                "Score": 0.7528095841407776,
                "Text": "hexadecimal"
            },
            {
                "Score": 0.8760955333709717,
                "Text": "binary"
            },
            {
                "Score": 0.9986303448677063,
                "Text": "hexadecimal"
            },
            {
                "Score": 0.9986303448677063,
                "Text": "digit"
            }
        ]
    },
    {
        "Week": 6,
        "Slide": 18,
        "KeyPhrases": [
            {
                "Score": 0.8155666589736938,
                "Text": "example"
            },
            {
                "Score": 0.8155666589736938,
                "Text": "binary"
            },
            {
                "Score": 0.8548843860626221,
                "Text": "hexadecimal"
            },
            {
                "Score": 0.8548843860626221,
                "Text": "convert"
            },
            {
                "Score": 0.9409587979316711,
                "Text": "hexadecimal"
            },
            {
                "Score": 0.6337053179740906,
                "Text": "note"
            },
            {
                "Score": 0.9511943459510803,
                "Text": "number"
            },
            {
                "Score": 0.9511943459510803,
                "Text": "part"
            },
            {
                "Score": 0.92368084192276,
                "Text": "part"
            },
            {
                "Score": 0.5288582444190979,
                "Text": "left"
            }
        ]
    },
    {
        "Week": 6,
        "Slide": 19,
        "KeyPhrases": [
            {
                "Score": 0.7731859087944031,
                "Text": "example"
            },
            {
                "Score": 0.7731859087944031,
                "Text": "hexadecimal"
            },
            {
                "Score": 0.8284392356872559,
                "Text": "binary"
            },
            {
                "Score": 0.8284392356872559,
                "Text": "convert"
            },
            {
                "Score": 0.9143873453140259,
                "Text": "binary"
            },
            {
                "Score": 0.8812639117240906,
                "Text": "note"
            },
            {
                "Score": 0.9891498684883118,
                "Text": "number"
            },
            {
                "Score": 0.9891498684883118,
                "Text": "part"
            },
            {
                "Score": 0.9997186660766602,
                "Text": "part"
            }
        ]
    },
    {
        "Week": 6,
        "Slide": 20,
        "KeyPhrases": [
            {
                "Score": 0.8166738748550415,
                "Text": "conversion"
            },
            {
                "Score": 0.8708589673042297,
                "Text": "binary"
            },
            {
                "Score": 0.8311039209365845,
                "Text": "octal"
            },
            {
                "Score": 0.8311039209365845,
                "Text": "conversion"
            },
            {
                "Score": 0.9708465337753296,
                "Text": "binary"
            },
            {
                "Score": 0.9708465337753296,
                "Text": "look"
            },
            {
                "Score": 0.7629159688949585,
                "Text": "octal"
            }
        ]
    },
    {
        "Week": 6,
        "Slide": 21,
        "KeyPhrases": [
            {
                "Score": 0.7827231287956238,
                "Text": "binary"
            },
            {
                "Score": 0.7827231287956238,
                "Text": "operation"
            },
            {
                "Score": 0.7639473676681519,
                "Text": "decimal"
            },
            {
                "Score": 0.7639473676681519,
                "Text": "calculation"
            },
            {
                "Score": 0.9023815393447876,
                "Text": "example"
            },
            {
                "Score": 0.9370650053024292,
                "Text": "addition"
            },
            {
                "Score": 0.9370650053024292,
                "Text": "multiplication"
            },
            {
                "Score": 0.9845149517059326,
                "Text": "slide"
            }
        ]
    },
    {
        "Week": 6,
        "Slide": 22,
        "KeyPhrases": [
            {
                "Score": 0.8179972171783447,
                "Text": "binary"
            },
            {
                "Score": 0.8179972171783447,
                "Text": "addition"
            },
            {
                "Score": 0.8179972171783447,
                "Text": "example"
            },
            {
                "Score": 0.9719781875610352,
                "Text": "addition"
            },
            {
                "Score": 0.9790745973587036,
                "Text": "binary"
            },
            {
                "Score": 0.9790745973587036,
                "Text": "number"
            },
            {
                "Score": 0.9790745973587036,
                "Text": "bit"
            },
            {
                "Score": 0.9182851910591125,
                "Text": "bit"
            },
            {
                "Score": 0.9967605471611023,
                "Text": "result"
            }
        ]
    },
    {
        "Week": 6,
        "Slide": 23,
        "KeyPhrases": [
            {
                "Score": 0.8274158239364624,
                "Text": "binary"
            },
            {
                "Score": 0.8274158239364624,
                "Text": "multiplication"
            },
            {
                "Score": 0.8274158239364624,
                "Text": "example"
            },
            {
                "Score": 0.9556077122688293,
                "Text": "multiplication"
            },
            {
                "Score": 0.9759266972541809,
                "Text": "binary"
            },
            {
                "Score": 0.9759266972541809,
                "Text": "number"
            },
            {
                "Score": 0.9759266972541809,
                "Text": "bit"
            },
            {
                "Score": 0.9193388223648071,
                "Text": "bit"
            },
            {
                "Score": 0.9967981576919556,
                "Text": "result"
            }
        ]
    },
    {
        "Week": 6,
        "Slide": 24,
        "KeyPhrases": [
            {
                "Score": 0.882630467414856,
                "Text": "number"
            },
            {
                "Score": 0.9411653876304626,
                "Text": "subtraction"
            },
            {
                "Score": 0.9411653876304626,
                "Text": "subtraction"
            },
            {
                "Score": 0.9996527433395386,
                "Text": "addition"
            },
            {
                "Score": 0.9888381958007812,
                "Text": "inverse"
            },
            {
                "Score": 0.9956204295158386,
                "Text": "subtraction"
            },
            {
                "Score": 0.9964137077331543,
                "Text": "binary"
            },
            {
                "Score": 0.9965925812721252,
                "Text": "complement"
            },
            {
                "Score": 0.9890183806419373,
                "Text": "binary"
            },
            {
                "Score": 0.9890183806419373,
                "Text": "digit"
            },
            {
                "Score": 0.9860091209411621,
                "Text": "complement"
            },
            {
                "Score": 0.7928321957588196,
                "Text": "msb"
            },
            {
                "Score": 0.9825173616409302,
                "Text": "bit"
            },
            {
                "Score": 0.9882349967956543,
                "Text": "complement"
            },
            {
                "Score": 0.9882349967956543,
                "Text": "number"
            },
            {
                "Score": 0.8275501728057861,
                "Text": "sign"
            },
            {
                "Score": 0.8275501728057861,
                "Text": "bit"
            },
            {
                "Score": 0.9092963933944702,
                "Text": "bit"
            },
            {
                "Score": 0.9888284206390381,
                "Text": "complement"
            },
            {
                "Score": 0.9888284206390381,
                "Text": "system"
            }
        ]
    },
    {
        "Week": 6,
        "Slide": 25,
        "KeyPhrases": [
            {
                "Score": 0.94942706823349,
                "Text": "example"
            },
            {
                "Score": 0.8437621593475342,
                "Text": "complement"
            },
            {
                "Score": 0.8437621593475342,
                "Text": "number"
            },
            {
                "Score": 0.6323058605194092,
                "Text": "represent"
            },
            {
                "Score": 0.9817916750907898,
                "Text": "decimal"
            },
            {
                "Score": 0.9817916750907898,
                "Text": "number"
            },
            {
                "Score": 0.8887205123901367,
                "Text": "bit"
            },
            {
                "Score": 0.9853115677833557,
                "Text": "complement"
            },
            {
                "Score": 0.9853115677833557,
                "Text": "format"
            },
            {
                "Score": 0.9995318651199341,
                "Text": "number"
            },
            {
                "Score": 0.992071807384491,
                "Text": "bit"
            }
        ]
    },
    {
        "Week": 6,
        "Slide": 26,
        "KeyPhrases": [
            {
                "Score": 0.5046882033348083,
                "Text": "example"
            },
            {
                "Score": 0.8041711449623108,
                "Text": "bit"
            }
        ]
    },
    {
        "Week": 6,
        "Slide": 27,
        "KeyPhrases": [
            {
                "Score": 0.6675596833229065,
                "Text": "overflow"
            },
            {
                "Score": 0.9912967085838318,
                "Text": "number"
            },
            {
                "Score": 0.9097931385040283,
                "Text": "bit"
            },
            {
                "Score": 0.9882944822311401,
                "Text": "complement"
            },
            {
                "Score": 0.9882944822311401,
                "Text": "system"
            },
            {
                "Score": 0.9993534684181213,
                "Text": "number"
            },
            {
                "Score": 0.7362999320030212,
                "Text": "overflow"
            },
            {
                "Score": 0.8330473303794861,
                "Text": "for"
            },
            {
                "Score": 0.9923809766769409,
                "Text": "result"
            },
            {
                "Score": 0.9995155334472656,
                "Text": "number"
            },
            {
                "Score": 0.8969618082046509,
                "Text": "overflow"
            }
        ]
    },
    {
        "Week": 6,
        "Slide": 28,
        "KeyPhrases": [
            {
                "Score": 0.8453665375709534,
                "Text": "overflow"
            },
            {
                "Score": 0.8453665375709534,
                "Text": "detection"
            },
            {
                "Score": 0.8453665375709534,
                "Text": "addition"
            },
            {
                "Score": 0.9405664205551147,
                "Text": "overflow"
            },
            {
                "Score": 0.9405664205551147,
                "Text": "bit"
            },
            {
                "Score": 0.9979667663574219,
                "Text": "number"
            },
            {
                "Score": 0.8432282209396362,
                "Text": "overflow"
            },
            {
                "Score": 0.8432282209396362,
                "Text": "look"
            },
            {
                "Score": 0.9987908601760864,
                "Text": "msb"
            },
            {
                "Score": 0.8837052583694458,
                "Text": "carry"
            },
            {
                "Score": 0.99879390001297,
                "Text": "msb"
            },
            {
                "Score": 0.8218414783477783,
                "Text": "carry"
            },
            {
                "Score": 0.9769699573516846,
                "Text": "overflow"
            },
            {
                "Score": 0.8669044375419617,
                "Text": "carry"
            },
            {
                "Score": 0.8710790276527405,
                "Text": "carry"
            }
        ]
    },
    {
        "Week": 6,
        "Slide": 29,
        "KeyPhrases": [
            {
                "Score": 0.8769493699073792,
                "Text": "overflow"
            },
            {
                "Score": 0.8769493699073792,
                "Text": "detection"
            },
            {
                "Score": 0.8769493699073792,
                "Text": "addition"
            },
            {
                "Score": 0.8694995641708374,
                "Text": "number"
            },
            {
                "Score": 0.8694995641708374,
                "Text": "complement"
            },
            {
                "Score": 0.9508824348449707,
                "Text": "overflow"
            },
            {
                "Score": 0.9001365900039673,
                "Text": "carry"
            },
            {
                "Score": 0.997204065322876,
                "Text": "msb"
            },
            {
                "Score": 0.996458113193512,
                "Text": "sum"
            },
            {
                "Score": 0.996458113193512,
                "Text": "bit"
            },
            {
                "Score": 0.8625060319900513,
                "Text": "carry"
            },
            {
                "Score": 0.9508783221244812,
                "Text": "overflow"
            },
            {
                "Score": 0.8990825414657593,
                "Text": "carry"
            },
            {
                "Score": 0.9971802830696106,
                "Text": "msb"
            },
            {
                "Score": 0.8124474287033081,
                "Text": "carry"
            },
            {
                "Score": 0.9019016027450562,
                "Text": "overflow"
            }
        ]
    },
    {
        "Week": 6,
        "Slide": 30,
        "KeyPhrases": [
            {
                "Score": 0.8505367040634155,
                "Text": "overflow"
            },
            {
                "Score": 0.8505367040634155,
                "Text": "detection"
            },
            {
                "Score": 0.9026452302932739,
                "Text": "bit"
            },
            {
                "Score": 0.9773812294006348,
                "Text": "complement"
            },
            {
                "Score": 0.9773812294006348,
                "Text": "system"
            },
            {
                "Score": 0.993364691734314,
                "Text": "condition"
            },
            {
                "Score": 0.9880529642105103,
                "Text": "overflow"
            },
            {
                "Score": 0.8506520986557007,
                "Text": "addition"
            },
            {
                "Score": 0.8506520986557007,
                "Text": "substraction"
            },
            {
                "Score": 0.8026667833328247,
                "Text": "msb"
            },
            {
                "Score": 0.9527826905250549,
                "Text": "carry"
            },
            {
                "Score": 0.7042385935783386,
                "Text": "out"
            },
            {
                "Score": 0.7042385935783386,
                "Text": "carry"
            }
        ]
    },
    {
        "Week": 6,
        "Slide": 31,
        "KeyPhrases": [
            {
                "Score": 0.45813772082328796,
                "Text": "example"
            },
            {
                "Score": 0.9975169897079468,
                "Text": "calculation"
            },
            {
                "Score": 0.9991242289543152,
                "Text": "number"
            },
            {
                "Score": 0.7648005485534668,
                "Text": "bit"
            },
            {
                "Score": 0.9723998308181763,
                "Text": "complement"
            },
            {
                "Score": 0.9723998308181763,
                "Text": "number"
            },
            {
                "Score": 0.9663577079772949,
                "Text": "overflow"
            }
        ]
    },
    {
        "Week": 6,
        "Slide": 32,
        "KeyPhrases": [
            {
                "Score": 0.8131776452064514,
                "Text": "point"
            },
            {
                "Score": 0.8131776452064514,
                "Text": "number"
            },
            {
                "Score": 0.5674888491630554,
                "Text": "example"
            },
            {
                "Score": 0.5674888491630554,
                "Text": "integer"
            },
            {
                "Score": 0.8796090483665466,
                "Text": "binary"
            },
            {
                "Score": 0.8796090483665466,
                "Text": "point"
            },
            {
                "Score": 0.8796090483665466,
                "Text": "exponent"
            },
            {
                "Score": 0.8796090483665466,
                "Text": "radix"
            },
            {
                "Score": 0.9882081151008606,
                "Text": "base"
            }
        ]
    },
    {
        "Week": 6,
        "Slide": 33,
        "KeyPhrases": [
            {
                "Score": 0.905316948890686,
                "Text": "ieee"
            },
            {
                "Score": 0.905316948890686,
                "Text": "bit"
            },
            {
                "Score": 0.905316948890686,
                "Text": "exponent"
            },
            {
                "Score": 0.905316948890686,
                "Text": "eeeeeeee"
            },
            {
                "Score": 0.905316948890686,
                "Text": "fffffffffffffffffffffff"
            },
            {
                "Score": 0.905316948890686,
                "Text": "bit"
            },
            {
                "Score": 0.905316948890686,
                "Text": "precision"
            },
            {
                "Score": 0.905316948890686,
                "Text": "biased"
            },
            {
                "Score": 0.905316948890686,
                "Text": "significand"
            },
            {
                "Score": 0.905316948890686,
                "Text": "bit"
            },
            {
                "Score": 0.905316948890686,
                "Text": "sign"
            },
            {
                "Score": 0.905316948890686,
                "Text": "standard"
            },
            {
                "Score": 0.8766409158706665,
                "Text": "sign"
            },
            {
                "Score": 0.9985706806182861,
                "Text": "number"
            },
            {
                "Score": 0.7983067035675049,
                "Text": "number"
            },
            {
                "Score": 0.8365262150764465,
                "Text": "bit"
            },
            {
                "Score": 0.7438003420829773,
                "Text": "biased"
            },
            {
                "Score": 0.7438003420829773,
                "Text": "exponent"
            },
            {
                "Score": 0.8652578592300415,
                "Text": "exponent"
            },
            {
                "Score": 0.9759541749954224,
                "Text": "bias"
            },
            {
                "Score": 0.5860760807991028,
                "Text": "bit"
            }
        ]
    },
    {
        "Week": 6,
        "Slide": 34,
        "KeyPhrases": [
            {
                "Score": 0.9503742456436157,
                "Text": "ieee"
            },
            {
                "Score": 0.9503742456436157,
                "Text": "precision"
            },
            {
                "Score": 0.9503742456436157,
                "Text": "standard"
            },
            {
                "Score": 0.5127356052398682,
                "Text": "cont"
            },
            {
                "Score": 0.9654693603515625,
                "Text": "value"
            },
            {
                "Score": 0.9980091452598572,
                "Text": "representation"
            },
            {
                "Score": 0.9987180233001709,
                "Text": "binary"
            },
            {
                "Score": 0.9987180233001709,
                "Text": "number"
            },
            {
                "Score": 0.9576901197433472,
                "Text": "implicit"
            },
            {
                "Score": 0.9986361265182495,
                "Text": "binary"
            },
            {
                "Score": 0.9986361265182495,
                "Text": "point"
            },
            {
                "Score": 0.8607056140899658,
                "Text": "number"
            },
            {
                "Score": 0.7993870377540588,
                "Text": "infinity"
            },
            {
                "Score": 0.8398391008377075,
                "Text": "number"
            },
            {
                "Score": 0.8398391008377075,
                "Text": "subnormal"
            },
            {
                "Score": 0.8398391008377075,
                "Text": "number"
            }
        ]
    },
    {
        "Week": 6,
        "Slide": 35,
        "KeyPhrases": [
            {
                "Score": 0.9503742456436157,
                "Text": "ieee"
            },
            {
                "Score": 0.9503742456436157,
                "Text": "precision"
            },
            {
                "Score": 0.9503742456436157,
                "Text": "standard"
            },
            {
                "Score": 0.4970274865627289,
                "Text": "cont"
            },
            {
                "Score": 0.8411625027656555,
                "Text": "subnormal"
            },
            {
                "Score": 0.8411625027656555,
                "Text": "number"
            },
            {
                "Score": 0.9990591406822205,
                "Text": "chance"
            },
            {
                "Score": 0.998455822467804,
                "Text": "subnormal"
            },
            {
                "Score": 0.998455822467804,
                "Text": "number"
            },
            {
                "Score": 0.990170419216156,
                "Text": "number"
            },
            {
                "Score": 0.9986119866371155,
                "Text": "subnormal"
            },
            {
                "Score": 0.9986119866371155,
                "Text": "number"
            },
            {
                "Score": 0.9904800653457642,
                "Text": "number"
            }
        ]
    },
    {
        "Week": 6,
        "Slide": 36,
        "KeyPhrases": [
            {
                "Score": 0.9406850337982178,
                "Text": "point"
            },
            {
                "Score": 0.9406850337982178,
                "Text": "addition"
            },
            {
                "Score": 0.9646907448768616,
                "Text": "decimal"
            },
            {
                "Score": 0.9646907448768616,
                "Text": "value"
            },
            {
                "Score": 0.8979783654212952,
                "Text": "ieee"
            },
            {
                "Score": 0.8979783654212952,
                "Text": "format"
            },
            {
                "Score": 0.8979783654212952,
                "Text": "representation"
            },
            {
                "Score": 0.9991722106933594,
                "Text": "ieee"
            },
            {
                "Score": 0.9991722106933594,
                "Text": "format"
            },
            {
                "Score": 0.9908732175827026,
                "Text": "result"
            }
        ]
    },
    {
        "Week": 6,
        "Slide": 37,
        "KeyPhrases": [
            {
                "Score": 0.9989113807678223,
                "Text": "number"
            },
            {
                "Score": 0.9848324060440063,
                "Text": "computer"
            },
            {
                "Score": 0.9848324060440063,
                "Text": "machine"
            },
            {
                "Score": 0.9991312623023987,
                "Text": "type"
            },
            {
                "Score": 0.9949919581413269,
                "Text": "information"
            },
            {
                "Score": 0.8588027954101562,
                "Text": "example"
            }
        ]
    },
    {
        "Week": 6,
        "Slide": 38,
        "KeyPhrases": [
            {
                "Score": 0.7969234585762024,
                "Text": "example"
            },
            {
                "Score": 0.9991764426231384,
                "Text": "decimal"
            },
            {
                "Score": 0.9991764426231384,
                "Text": "digit"
            },
            {
                "Score": 0.9952597618103027,
                "Text": "digit"
            },
            {
                "Score": 0.9758337140083313,
                "Text": "display"
            },
            {
                "Score": 0.9758337140083313,
                "Text": "segment"
            }
        ]
    },
    {
        "Week": 6,
        "Slide": 39,
        "KeyPhrases": [
            {
                "Score": 0.8362546563148499,
                "Text": "example"
            },
            {
                "Score": 0.999781608581543,
                "Text": "location"
            },
            {
                "Score": 0.9982976913452148,
                "Text": "memory"
            },
            {
                "Score": 0.9821798801422119,
                "Text": "memory"
            },
            {
                "Score": 0.9821798801422119,
                "Text": "size"
            },
            {
                "Score": 0.7683389782905579,
                "Text": "location"
            },
            {
                "Score": 0.720747709274292,
                "Text": "binary"
            }
        ]
    },
    {
        "Week": 6,
        "Slide": 40,
        "KeyPhrases": [
            {
                "Score": 0.9293681979179382,
                "Text": "binary"
            },
            {
                "Score": 0.9293681979179382,
                "Text": "code"
            },
            {
                "Score": 0.9720693826675415,
                "Text": "decimal"
            },
            {
                "Score": 0.9720693826675415,
                "Text": "digit"
            },
            {
                "Score": 0.9349488019943237,
                "Text": "binary"
            },
            {
                "Score": 0.9349488019943237,
                "Text": "number"
            },
            {
                "Score": 0.9349488019943237,
                "Text": "bit"
            },
            {
                "Score": 0.821729838848114,
                "Text": "bcd"
            },
            {
                "Score": 0.821729838848114,
                "Text": "decimal"
            },
            {
                "Score": 0.9590529203414917,
                "Text": "gray"
            }
        ]
    },
    {
        "Week": 6,
        "Slide": 41,
        "KeyPhrases": [
            {
                "Score": 0.9575113654136658,
                "Text": "ascii"
            },
            {
                "Score": 0.9575113654136658,
                "Text": "standard"
            },
            {
                "Score": 0.9575113654136658,
                "Text": "code"
            },
            {
                "Score": 0.9750656485557556,
                "Text": "information"
            },
            {
                "Score": 0.9750656485557556,
                "Text": "interchange"
            },
            {
                "Score": 0.745596706867218,
                "Text": "computer"
            },
            {
                "Score": 0.9912619590759277,
                "Text": "computer"
            },
            {
                "Score": 0.9912619590759277,
                "Text": "program"
            },
            {
                "Score": 0.8004171848297119,
                "Text": "information"
            },
            {
                "Score": 0.8004171848297119,
                "Text": "provide"
            },
            {
                "Score": 0.8004171848297119,
                "Text": "code"
            },
            {
                "Score": 0.6723815202713013,
                "Text": "standard"
            },
            {
                "Score": 0.6723815202713013,
                "Text": "extended"
            },
            {
                "Score": 0.9579514861106873,
                "Text": "computer"
            },
            {
                "Score": 0.9949102997779846,
                "Text": "code"
            },
            {
                "Score": 0.9949102997779846,
                "Text": "standard"
            },
            {
                "Score": 0.9926209449768066,
                "Text": "information"
            },
            {
                "Score": 0.9926209449768066,
                "Text": "interchange"
            },
            {
                "Score": 0.9744788408279419,
                "Text": "ascii"
            }
        ]
    },
    {
        "Week": 6,
        "Slide": 42,
        "KeyPhrases": [
            {
                "Score": 0.6262829303741455,
                "Text": "ascii"
            },
            {
                "Score": 0.6262829303741455,
                "Text": "char"
            },
            {
                "Score": 0.5857799053192139,
                "Text": "char"
            },
            {
                "Score": 0.5376518368721008,
                "Text": "char"
            },
            {
                "Score": 0.5527652502059937,
                "Text": "char"
            },
            {
                "Score": 0.7418074607849121,
                "Text": "uppercase"
            },
            {
                "Score": 0.7418074607849121,
                "Text": "lowercase"
            },
            {
                "Score": 0.8917477130889893,
                "Text": "tab"
            },
            {
                "Score": 0.8964779376983643,
                "Text": "carriage"
            },
            {
                "Score": 0.8964779376983643,
                "Text": "return"
            },
            {
                "Score": 0.8908830881118774,
                "Text": "null"
            }
        ]
    },
    {
        "Week": 6,
        "Slide": 43,
        "KeyPhrases": [
            {
                "Score": 0.9604684710502625,
                "Text": "string"
            },
            {
                "Score": 0.9604684710502625,
                "Text": "character"
            },
            {
                "Score": 0.9993013143539429,
                "Text": "string"
            },
            {
                "Score": 0.8897311687469482,
                "Text": "length"
            },
            {
                "Score": 0.9737249612808228,
                "Text": "length"
            },
            {
                "Score": 0.9737249612808228,
                "Text": "string"
            },
            {
                "Score": 0.8459182381629944,
                "Text": "position"
            },
            {
                "Score": 0.9477633833885193,
                "Text": "string"
            },
            {
                "Score": 0.9987241625785828,
                "Text": "length"
            },
            {
                "Score": 0.9561435580253601,
                "Text": "string"
            },
            {
                "Score": 0.9991984963417053,
                "Text": "length"
            },
            {
                "Score": 0.9835584759712219,
                "Text": "string"
            },
            {
                "Score": 0.9975948929786682,
                "Text": "structure"
            },
            {
                "Score": 0.7703584432601929,
                "Text": "position"
            },
            {
                "Score": 0.9973190426826477,
                "Text": "string"
            },
            {
                "Score": 0.9977797865867615,
                "Text": "character"
            },
            {
                "Score": 0.9978266358375549,
                "Text": "end"
            },
            {
                "Score": 0.900270402431488,
                "Text": "string"
            },
            {
                "Score": 0.9613518118858337,
                "Text": "null"
            },
            {
                "Score": 0.9958152174949646,
                "Text": "ascii"
            },
            {
                "Score": 0.9998549222946167,
                "Text": "end"
            },
            {
                "Score": 0.8518342971801758,
                "Text": "string"
            }
        ]
    },
    {
        "Week": 6,
        "Slide": 44,
        "KeyPhrases": [
            {
                "Score": 0.8639387488365173,
                "Text": "reading"
            },
            {
                "Score": 0.8639387488365173,
                "Text": "material"
            },
            {
                "Score": 0.8639387488365173,
                "Text": "appendix"
            },
            {
                "Score": 0.9683728218078613,
                "Text": "microcontrollers"
            },
            {
                "Score": 0.9683728218078613,
                "Text": "microcomputer"
            }
        ]
    },
    {
        "Week": 6,
        "Slide": 45,
        "KeyPhrases": [
            {
                "Score": 0.7762172818183899,
                "Text": "question"
            },
            {
                "Score": 0.9973272085189819,
                "Text": "calculation"
            },
            {
                "Score": 0.9927365183830261,
                "Text": "given"
            },
            {
                "Score": 0.9927365183830261,
                "Text": "decimal"
            },
            {
                "Score": 0.9927365183830261,
                "Text": "number"
            },
            {
                "Score": 0.8957701325416565,
                "Text": "bit"
            },
            {
                "Score": 0.9721515774726868,
                "Text": "number"
            },
            {
                "Score": 0.9721515774726868,
                "Text": "complement"
            },
            {
                "Score": 0.9855571389198303,
                "Text": "indicated"
            },
            {
                "Score": 0.9855571389198303,
                "Text": "operation"
            },
            {
                "Score": 0.9856323599815369,
                "Text": "number"
            },
            {
                "Score": 0.9856323599815369,
                "Text": "complement"
            },
            {
                "Score": 0.7992256283760071,
                "Text": "complement"
            }
        ]
    },
    {
        "Week": 6,
        "Slide": 46,
        "KeyPhrases": [
            {
                "Score": 0.7904177904129028,
                "Text": "question"
            },
            {
                "Score": 0.9392876625061035,
                "Text": "number"
            },
            {
                "Score": 0.8663333058357239,
                "Text": "bit"
            },
            {
                "Score": 0.9855770468711853,
                "Text": "complement"
            },
            {
                "Score": 0.9855770468711853,
                "Text": "format"
            },
            {
                "Score": 0.9914574027061462,
                "Text": "number"
            },
            {
                "Score": 0.9914574027061462,
                "Text": "bit"
            },
            {
                "Score": 0.9914574027061462,
                "Text": "minimum"
            },
            {
                "Score": 0.9957449436187744,
                "Text": "number"
            },
            {
                "Score": 0.9214097857475281,
                "Text": "ieee"
            },
            {
                "Score": 0.9214097857475281,
                "Text": "format"
            },
            {
                "Score": 0.9214097857475281,
                "Text": "bit"
            }
        ]
    },
    {
        "Week": 6,
        "Slide": 47,
        "KeyPhrases": [
            {
                "Score": 0.781150221824646,
                "Text": "question"
            },
            {
                "Score": 0.9956637620925903,
                "Text": "equivalent"
            },
            {
                "Score": 0.9956637620925903,
                "Text": "number"
            },
            {
                "Score": 0.7819304466247559,
                "Text": "complement"
            },
            {
                "Score": 0.8618366718292236,
                "Text": "hex"
            },
            {
                "Score": 0.5734601616859436,
                "Text": "bcd"
            }
        ]
    },
    {
        "Week": 6,
        "Slide": 48,
        "KeyPhrases": [
            {
                "Score": 0.7572289705276489,
                "Text": "question"
            },
            {
                "Score": 0.8819801211357117,
                "Text": "bit"
            },
            {
                "Score": 0.9202919006347656,
                "Text": "letter"
            },
            {
                "Score": 0.7910354733467102,
                "Text": "ten"
            },
            {
                "Score": 0.7910354733467102,
                "Text": "digit"
            },
            {
                "Score": 0.992903470993042,
                "Text": "address"
            },
            {
                "Score": 0.992903470993042,
                "Text": "bit"
            },
            {
                "Score": 0.8659778237342834,
                "Text": "hexadecimal"
            },
            {
                "Score": 0.8659778237342834,
                "Text": "format"
            },
            {
                "Score": 0.9872397184371948,
                "Text": "address"
            },
            {
                "Score": 0.9895047545433044,
                "Text": "binary"
            },
            {
                "Score": 0.9895047545433044,
                "Text": "form"
            },
            {
                "Score": 0.9511544704437256,
                "Text": "bit"
            },
            {
                "Score": 0.8763912320137024,
                "Text": "complement"
            },
            {
                "Score": 0.8763912320137024,
                "Text": "number"
            },
            {
                "Score": 0.9516921043395996,
                "Text": "equivalent"
            },
            {
                "Score": 0.9516921043395996,
                "Text": "bit"
            },
            {
                "Score": 0.9766562581062317,
                "Text": "complement"
            },
            {
                "Score": 0.9766562581062317,
                "Text": "number"
            }
        ]
    },
    {
        "Week": 6,
        "Slide": 49,
        "KeyPhrases": [
            {
                "Score": 0.7819508910179138,
                "Text": "example"
            },
            {
                "Score": 0.8852732181549072,
                "Text": "example"
            },
            {
                "Score": 0.41812676191329956,
                "Text": "reading"
            },
            {
                "Score": 0.9903112649917603,
                "Text": "value"
            },
            {
                "Score": 0.9932612180709839,
                "Text": "memory"
            },
            {
                "Score": 0.9932612180709839,
                "Text": "location"
            },
            {
                "Score": 0.9236952662467957,
                "Text": "location"
            },
            {
                "Score": 0.9055646061897278,
                "Text": "header"
            },
            {
                "Score": 0.7656351327896118,
                "Text": "inc"
            },
            {
                "Score": 0.7656351327896118,
                "Text": "ldi"
            },
            {
                "Score": 0.9980207681655884,
                "Text": "value"
            },
            {
                "Score": 0.747338056564331,
                "Text": "register"
            },
            {
                "Score": 0.747338056564331,
                "Text": "sts"
            },
            {
                "Score": 0.9959379434585571,
                "Text": "value"
            },
            {
                "Score": 0.8509856462478638,
                "Text": "memory"
            },
            {
                "Score": 0.8509856462478638,
                "Text": "location"
            },
            {
                "Score": 0.8509856462478638,
                "Text": "lds"
            },
            {
                "Score": 0.9976490139961243,
                "Text": "value"
            },
            {
                "Score": 0.7356176972389221,
                "Text": "register"
            },
            {
                "Score": 0.7356176972389221,
                "Text": "sts"
            },
            {
                "Score": 0.9958643913269043,
                "Text": "value"
            },
            {
                "Score": 0.8829901814460754,
                "Text": "memory"
            },
            {
                "Score": 0.8829901814460754,
                "Text": "location"
            },
            {
                "Score": 0.8829901814460754,
                "Text": "loop"
            },
            {
                "Score": 0.64952552318573,
                "Text": "rjmp"
            },
            {
                "Score": 0.64952552318573,
                "Text": "loop"
            },
            {
                "Score": 0.9726619720458984,
                "Text": "infinite"
            },
            {
                "Score": 0.9726619720458984,
                "Text": "loop"
            },
            {
                "Score": 0.9993912577629089,
                "Text": "program"
            },
            {
                "Score": 0.7437806725502014,
                "Text": "avr"
            },
            {
                "Score": 0.9985913634300232,
                "Text": "value"
            },
            {
                "Score": 0.9432651400566101,
                "Text": "memory"
            },
            {
                "Score": 0.9432651400566101,
                "Text": "window"
            }
        ]
    },
    {
        "Week": 6,
        "Slide": 50,
        "KeyPhrases": [
            {
                "Score": 0.5225662589073181,
                "Text": "copy"
            },
            {
                "Score": 0.9870322942733765,
                "Text": "array"
            },
            {
                "Score": 0.9953515529632568,
                "Text": "array"
            },
            {
                "Score": 0.9997841119766235,
                "Text": "array"
            },
            {
                "Score": 0.9993443489074707,
                "Text": "sequence"
            },
            {
                "Score": 0.9862804412841797,
                "Text": "memory"
            },
            {
                "Score": 0.9862804412841797,
                "Text": "block"
            },
            {
                "Score": 0.9463503360748291,
                "Text": "header"
            },
            {
                "Score": 0.9847761988639832,
                "Text": "value"
            },
            {
                "Score": 0.9709448218345642,
                "Text": "array"
            },
            {
                "Score": 0.9709448218345642,
                "Text": "memory"
            },
            {
                "Score": 0.9709448218345642,
                "Text": "location"
            },
            {
                "Score": 0.9151559472084045,
                "Text": "ldi"
            },
            {
                "Score": 0.9151559472084045,
                "Text": "sts"
            },
            {
                "Score": 0.9151559472084045,
                "Text": "ldi"
            },
            {
                "Score": 0.9151559472084045,
                "Text": "sts"
            },
            {
                "Score": 0.9151559472084045,
                "Text": "ldi"
            },
            {
                "Score": 0.9151559472084045,
                "Text": "sts"
            },
            {
                "Score": 0.9151559472084045,
                "Text": "ldi"
            },
            {
                "Score": 0.9151559472084045,
                "Text": "sts"
            },
            {
                "Score": 0.9151559472084045,
                "Text": "ldi"
            },
            {
                "Score": 0.9151559472084045,
                "Text": "sts"
            },
            {
                "Score": 0.9984591007232666,
                "Text": "array"
            },
            {
                "Score": 0.9982572197914124,
                "Text": "memory"
            },
            {
                "Score": 0.9692644476890564,
                "Text": "array"
            },
            {
                "Score": 0.9176654815673828,
                "Text": "lds"
            },
            {
                "Score": 0.9176654815673828,
                "Text": "sts"
            },
            {
                "Score": 0.9176654815673828,
                "Text": "lds"
            },
            {
                "Score": 0.9176654815673828,
                "Text": "sts"
            },
            {
                "Score": 0.9176654815673828,
                "Text": "lds"
            },
            {
                "Score": 0.9176654815673828,
                "Text": "sts"
            },
            {
                "Score": 0.9176654815673828,
                "Text": "lds"
            },
            {
                "Score": 0.7735031843185425,
                "Text": "sts"
            },
            {
                "Score": 0.7462096810340881,
                "Text": "lds"
            },
            {
                "Score": 0.7717270255088806,
                "Text": "sts"
            },
            {
                "Score": 0.9089319109916687,
                "Text": "loop"
            },
            {
                "Score": 0.6321702003479004,
                "Text": "rjmp"
            },
            {
                "Score": 0.6321702003479004,
                "Text": "loop"
            },
            {
                "Score": 0.9216780066490173,
                "Text": "loop"
            }
        ]
    },
    {
        "Week": 6,
        "Slide": 51,
        "KeyPhrases": [
            {
                "Score": 0.7522470355033875,
                "Text": "array"
            },
            {
                "Score": 0.996769368648529,
                "Text": "array"
            },
            {
                "Score": 0.9997774362564087,
                "Text": "array"
            },
            {
                "Score": 0.9993451833724976,
                "Text": "sequence"
            },
            {
                "Score": 0.9439159631729126,
                "Text": "memory"
            },
            {
                "Score": 0.9439159631729126,
                "Text": "block"
            },
            {
                "Score": 0.8999654054641724,
                "Text": "header"
            },
            {
                "Score": 0.9867093563079834,
                "Text": "value"
            },
            {
                "Score": 0.813072919845581,
                "Text": "array"
            },
            {
                "Score": 0.7588002681732178,
                "Text": "sts"
            },
            {
                "Score": 0.778205931186676,
                "Text": "ldi"
            },
            {
                "Score": 0.778205931186676,
                "Text": "sts"
            },
            {
                "Score": 0.776102602481842,
                "Text": "ldi"
            },
            {
                "Score": 0.776102602481842,
                "Text": "sts"
            },
            {
                "Score": 0.7305569648742676,
                "Text": "ldi"
            },
            {
                "Score": 0.7076732516288757,
                "Text": "sts"
            },
            {
                "Score": 0.7154538035392761,
                "Text": "ldi"
            },
            {
                "Score": 0.6925174593925476,
                "Text": "sts"
            },
            {
                "Score": 0.9884112477302551,
                "Text": "value"
            },
            {
                "Score": 0.7953191995620728,
                "Text": "array"
            },
            {
                "Score": 0.7707435488700867,
                "Text": "sts"
            },
            {
                "Score": 0.7718198895454407,
                "Text": "ldi"
            },
            {
                "Score": 0.7718198895454407,
                "Text": "sts"
            },
            {
                "Score": 0.7814542651176453,
                "Text": "ldi"
            },
            {
                "Score": 0.7814542651176453,
                "Text": "sts"
            },
            {
                "Score": 0.7884171605110168,
                "Text": "ldi"
            },
            {
                "Score": 0.7884171605110168,
                "Text": "sts"
            },
            {
                "Score": 0.7099518179893494,
                "Text": "ldi"
            },
            {
                "Score": 0.6966142654418945,
                "Text": "sts"
            }
        ]
    },
    {
        "Week": 6,
        "Slide": 52,
        "KeyPhrases": [
            {
                "Score": 0.7879599332809448,
                "Text": "cont"
            },
            {
                "Score": 0.9989360570907593,
                "Text": "value"
            },
            {
                "Score": 0.9979730248451233,
                "Text": "array"
            },
            {
                "Score": 0.9970438480377197,
                "Text": "value"
            },
            {
                "Score": 0.9628715515136719,
                "Text": "array"
            },
            {
                "Score": 0.7909965515136719,
                "Text": "lds"
            },
            {
                "Score": 0.7826197147369385,
                "Text": "array"
            },
            {
                "Score": 0.7826197147369385,
                "Text": "lds"
            },
            {
                "Score": 0.9879541993141174,
                "Text": "array"
            },
            {
                "Score": 0.9961606860160828,
                "Text": "value"
            },
            {
                "Score": 0.9983587265014648,
                "Text": "value"
            },
            {
                "Score": 0.9222625494003296,
                "Text": "lds"
            },
            {
                "Score": 0.9222625494003296,
                "Text": "array"
            },
            {
                "Score": 0.9222625494003296,
                "Text": "lds"
            },
            {
                "Score": 0.9222625494003296,
                "Text": "lds"
            },
            {
                "Score": 0.9222625494003296,
                "Text": "sts"
            },
            {
                "Score": 0.9222625494003296,
                "Text": "lds"
            },
            {
                "Score": 0.9222625494003296,
                "Text": "sts"
            },
            {
                "Score": 0.9222625494003296,
                "Text": "lds"
            },
            {
                "Score": 0.9222625494003296,
                "Text": "sts"
            },
            {
                "Score": 0.9222625494003296,
                "Text": "lds"
            },
            {
                "Score": 0.9155825972557068,
                "Text": "loop"
            }
        ]
    }
]