[
    {
        "Week": 1,
        "Slide": 0,
        "KeyPhrases": []
    },
    {
        "Week": 1,
        "Slide": 1,
        "KeyPhrases": [
            {
                "Score": 0.8244768977165222,
                "Text": "lecture"
            },
            {
                "Score": 0.8244768977165222,
                "Text": "hello"
            },
            {
                "Score": 0.9322470426559448,
                "Text": "world"
            },
            {
                "Score": 0.9111824631690979,
                "Text": "andrew"
            },
            {
                "Score": 0.9111824631690979,
                "Text": "bennett"
            },
            {
                "Score": 0.9111824631690979,
                "Text": "introduction"
            },
            {
                "Score": 0.9111824631690979,
                "Text": "course"
            },
            {
                "Score": 0.8141428232192993,
                "Text": "picture"
            },
            {
                "Score": 0.9868840575218201,
                "Text": "sight"
            }
        ]
    },
    {
        "Week": 1,
        "Slide": 2,
        "KeyPhrases": []
    },
    {
        "Week": 1,
        "Slide": 3,
        "KeyPhrases": []
    },
    {
        "Week": 1,
        "Slide": 4,
        "KeyPhrases": [
            {
                "Score": 0.9990582466125488,
                "Text": "language"
            }
        ]
    },
    {
        "Week": 1,
        "Slide": 5,
        "KeyPhrases": []
    },
    {
        "Week": 1,
        "Slide": 6,
        "KeyPhrases": [
            {
                "Score": 0.9981704950332642,
                "Text": "course"
            },
            {
                "Score": 0.9975205063819885,
                "Text": "program"
            },
            {
                "Score": 0.9451534748077393,
                "Text": "confident"
            },
            {
                "Score": 0.9451534748077393,
                "Text": "programmer"
            },
            {
                "Score": 0.9591618776321411,
                "Text": "code"
            },
            {
                "Score": 0.9990473389625549,
                "Text": "joy"
            }
        ]
    },
    {
        "Week": 1,
        "Slide": 7,
        "KeyPhrases": [
            {
                "Score": 0.9966190457344055,
                "Text": "code"
            },
            {
                "Score": 0.9936548471450806,
                "Text": "track"
            }
        ]
    },
    {
        "Week": 1,
        "Slide": 8,
        "KeyPhrases": [
            {
                "Score": 0.811557412147522,
                "Text": "lecturer"
            },
            {
                "Score": 0.9968376755714417,
                "Text": "andrew"
            },
            {
                "Score": 0.9968376755714417,
                "Text": "bennett"
            },
            {
                "Score": 0.9687893986701965,
                "Text": "andrew"
            },
            {
                "Score": 0.9687893986701965,
                "Text": "john"
            },
            {
                "Score": 0.9687893986701965,
                "Text": "convenor"
            },
            {
                "Score": 0.9687893986701965,
                "Text": "taylor"
            },
            {
                "Score": 0.9687893986701965,
                "Text": "shepherd"
            },
            {
                "Score": 0.9687893986701965,
                "Text": "course"
            },
            {
                "Score": 0.9775981307029724,
                "Text": "andrew"
            },
            {
                "Score": 0.9775981307029724,
                "Text": "administrator"
            },
            {
                "Score": 0.9775981307029724,
                "Text": "taylor"
            },
            {
                "Score": 0.9775981307029724,
                "Text": "course"
            },
            {
                "Score": 0.7163227796554565,
                "Text": "mei"
            },
            {
                "Score": 0.7163227796554565,
                "Text": "cheng"
            },
            {
                "Score": 0.7163227796554565,
                "Text": "whale"
            },
            {
                "Score": 0.7163227796554565,
                "Text": "tutor"
            },
            {
                "Score": 0.8209550380706787,
                "Text": "lab"
            },
            {
                "Score": 0.8209550380706787,
                "Text": "assistant"
            }
        ]
    },
    {
        "Week": 1,
        "Slide": 9,
        "KeyPhrases": []
    },
    {
        "Week": 1,
        "Slide": 10,
        "KeyPhrases": [
            {
                "Score": 0.9974921345710754,
                "Text": "type"
            },
            {
                "Score": 0.8059015274047852,
                "Text": "student"
            },
            {
                "Score": 0.5533437132835388,
                "Text": "yellow"
            }
        ]
    },
    {
        "Week": 1,
        "Slide": 11,
        "KeyPhrases": []
    },
    {
        "Week": 1,
        "Slide": 12,
        "KeyPhrases": [
            {
                "Score": 0.924804151058197,
                "Text": "lecture"
            },
            {
                "Score": 0.9641838073730469,
                "Text": "theory"
            },
            {
                "Score": 0.9641838073730469,
                "Text": "practice"
            },
            {
                "Score": 0.779889702796936,
                "Text": "tutorial"
            },
            {
                "Score": 0.8578307628631592,
                "Text": "laboratory"
            },
            {
                "Score": 0.9792903661727905,
                "Text": "idea"
            },
            {
                "Score": 0.9792903661727905,
                "Text": "concept"
            },
            {
                "Score": 0.8146040439605713,
                "Text": "example"
            },
            {
                "Score": 0.8146040439605713,
                "Text": "hand"
            },
            {
                "Score": 0.8413953185081482,
                "Text": "assignment"
            },
            {
                "Score": 0.8983657360076904,
                "Text": "skill"
            },
            {
                "Score": 0.8983657360076904,
                "Text": "problem"
            },
            {
                "Score": 0.882610023021698,
                "Text": "test"
            },
            {
                "Score": 0.9773096442222595,
                "Text": "feedback"
            },
            {
                "Score": 0.8011633157730103,
                "Text": "course"
            },
            {
                "Score": 0.8011633157730103,
                "Text": "exam"
            },
            {
                "Score": 0.8011633157730103,
                "Text": "content"
            },
            {
                "Score": 0.952733039855957,
                "Text": "theory"
            },
            {
                "Score": 0.952733039855957,
                "Text": "hour"
            },
            {
                "Score": 0.9934561848640442,
                "Text": "extravaganza"
            }
        ]
    },
    {
        "Week": 1,
        "Slide": 13,
        "KeyPhrases": [
            {
                "Score": 0.51163250207901,
                "Text": "assessment"
            },
            {
                "Score": 0.51163250207901,
                "Text": "assignment"
            },
            {
                "Score": 0.7528897523880005,
                "Text": "worth"
            },
            {
                "Score": 0.5849501490592957,
                "Text": "week"
            },
            {
                "Score": 0.6923858523368835,
                "Text": "assignment"
            },
            {
                "Score": 0.5850133895874023,
                "Text": "week"
            },
            {
                "Score": 0.6419482827186584,
                "Text": "assignment"
            },
            {
                "Score": 0.6013723611831665,
                "Text": "week"
            },
            {
                "Score": 0.8728320002555847,
                "Text": "test"
            },
            {
                "Score": 0.7345788478851318,
                "Text": "week"
            },
            {
                "Score": 0.7345788478851318,
                "Text": "exercise"
            },
            {
                "Score": 0.7345788478851318,
                "Text": "lab"
            },
            {
                "Score": 0.9102826714515686,
                "Text": "group"
            },
            {
                "Score": 0.9546927213668823,
                "Text": "exam"
            },
            {
                "Score": 0.8023388981819153,
                "Text": "theory"
            },
            {
                "Score": 0.9973140358924866,
                "Text": "exam"
            }
        ]
    },
    {
        "Week": 1,
        "Slide": 14,
        "KeyPhrases": [
            {
                "Score": 0.8894660472869873,
                "Text": "communication"
            },
            {
                "Score": 0.8894660472869873,
                "Text": "communication"
            },
            {
                "Score": 0.8894660472869873,
                "Text": "official"
            },
            {
                "Score": 0.9993501901626587,
                "Text": "course"
            },
            {
                "Score": 0.9652029871940613,
                "Text": "unsw"
            },
            {
                "Score": 0.9652029871940613,
                "Text": "email"
            },
            {
                "Score": 0.9652029871940613,
                "Text": "address"
            },
            {
                "Score": 0.9934312701225281,
                "Text": "email"
            },
            {
                "Score": 0.9525824189186096,
                "Text": "email"
            },
            {
                "Score": 0.9981555342674255,
                "Text": "email"
            },
            {
                "Score": 0.9445445537567139,
                "Text": "unsw"
            },
            {
                "Score": 0.9445445537567139,
                "Text": "email"
            },
            {
                "Score": 0.9445445537567139,
                "Text": "address"
            },
            {
                "Score": 0.9899608492851257,
                "Text": "zid"
            },
            {
                "Score": 0.9491298794746399,
                "Text": "email"
            },
            {
                "Score": 0.9491298794746399,
                "Text": "address"
            },
            {
                "Score": 0.9981775283813477,
                "Text": "touch"
            },
            {
                "Score": 0.8711326122283936,
                "Text": "course"
            },
            {
                "Score": 0.8711326122283936,
                "Text": "email"
            }
        ]
    },
    {
        "Week": 1,
        "Slide": 15,
        "KeyPhrases": [
            {
                "Score": 0.9881011843681335,
                "Text": "course"
            },
            {
                "Score": 0.9881011843681335,
                "Text": "forum"
            },
            {
                "Score": 0.9358360767364502,
                "Text": "course"
            },
            {
                "Score": 0.9958832263946533,
                "Text": "answer"
            },
            {
                "Score": 0.9103003144264221,
                "Text": "tutor"
            },
            {
                "Score": 0.9103003144264221,
                "Text": "classmate"
            },
            {
                "Score": 0.9103003144264221,
                "Text": "link"
            },
            {
                "Score": 0.9622728228569031,
                "Text": "course"
            },
            {
                "Score": 0.9622728228569031,
                "Text": "website"
            }
        ]
    },
    {
        "Week": 1,
        "Slide": 16,
        "KeyPhrases": [
            {
                "Score": 0.9335752129554749,
                "Text": "course"
            },
            {
                "Score": 0.9335752129554749,
                "Text": "evaluation"
            },
            {
                "Score": 0.9335752129554749,
                "Text": "development"
            },
            {
                "Score": 0.9873407483100891,
                "Text": "myexperience"
            },
            {
                "Score": 0.8629304766654968,
                "Text": "sturep"
            },
            {
                "Score": 0.8629304766654968,
                "Text": "survey"
            },
            {
                "Score": 0.7136596441268921,
                "Text": "feedback"
            },
            {
                "Score": 0.9997069835662842,
                "Text": "semester"
            },
            {
                "Score": 0.9990239143371582,
                "Text": "problem"
            },
            {
                "Score": 0.9986376166343689,
                "Text": "problem"
            }
        ]
    },
    {
        "Week": 1,
        "Slide": 17,
        "KeyPhrases": [
            {
                "Score": 0.8306586146354675,
                "Text": "conduct"
            },
            {
                "Score": 0.8306586146354675,
                "Text": "integrity"
            },
            {
                "Score": 0.9990346431732178,
                "Text": "people"
            },
            {
                "Score": 0.9539947509765625,
                "Text": "courtesy"
            },
            {
                "Score": 0.9539947509765625,
                "Text": "respect"
            },
            {
                "Score": 0.8109683990478516,
                "Text": "human"
            },
            {
                "Score": 0.9431325793266296,
                "Text": "someone"
            },
            {
                "Score": 0.994211733341217,
                "Text": "work"
            },
            {
                "Score": 0.9772509932518005,
                "Text": "cse"
            },
            {
                "Score": 0.9833216667175293,
                "Text": "bit"
            },
            {
                "Score": 0.7618882656097412,
                "Text": "place"
            },
            {
                "Score": 0.932212769985199,
                "Text": "course"
            },
            {
                "Score": 0.932212769985199,
                "Text": "outline"
            }
        ]
    },
    {
        "Week": 1,
        "Slide": 18,
        "KeyPhrases": [
            {
                "Score": 0.8990744352340698,
                "Text": "information"
            },
            {
                "Score": 0.8921962976455688,
                "Text": "course"
            },
            {
                "Score": 0.8921962976455688,
                "Text": "material"
            },
            {
                "Score": 0.9218919277191162,
                "Text": "course"
            },
            {
                "Score": 0.9218919277191162,
                "Text": "outline"
            }
        ]
    },
    {
        "Week": 1,
        "Slide": 19,
        "KeyPhrases": [
            {
                "Score": 0.9029913544654846,
                "Text": "course"
            },
            {
                "Score": 0.9029913544654846,
                "Text": "practice"
            },
            {
                "Score": 0.9943656325340271,
                "Text": "course"
            },
            {
                "Score": 0.9590054750442505,
                "Text": "tutorial"
            },
            {
                "Score": 0.9590054750442505,
                "Text": "lab"
            },
            {
                "Score": 0.9989613890647888,
                "Text": "question"
            },
            {
                "Score": 0.9976431727409363,
                "Text": "class"
            },
            {
                "Score": 0.9182830452919006,
                "Text": "tutorial"
            },
            {
                "Score": 0.9182830452919006,
                "Text": "lab"
            },
            {
                "Score": 0.9789860248565674,
                "Text": "question"
            },
            {
                "Score": 0.9982539415359497,
                "Text": "resource"
            },
            {
                "Score": 0.9996998906135559,
                "Text": "list"
            },
            {
                "Score": 0.8918537497520447,
                "Text": "compile"
            },
            {
                "Score": 0.8918537497520447,
                "Text": "error"
            }
        ]
    },
    {
        "Week": 1,
        "Slide": 20,
        "KeyPhrases": [
            {
                "Score": 0.8487302660942078,
                "Text": "textbook"
            },
            {
                "Score": 0.8487302660942078,
                "Text": "resource"
            },
            {
                "Score": 0.9788433909416199,
                "Text": "alistair"
            },
            {
                "Score": 0.9788433909416199,
                "Text": "moffat"
            },
            {
                "Score": 0.9681230187416077,
                "Text": "problem"
            },
            {
                "Score": 0.9772397875785828,
                "Text": "abstraction"
            },
            {
                "Score": 0.9642437100410461,
                "Text": "pearson"
            },
            {
                "Score": 0.8954089283943176,
                "Text": "isbn"
            },
            {
                "Score": 0.9781666994094849,
                "Text": "google"
            },
            {
                "Score": 0.9967514872550964,
                "Text": "friend"
            },
            {
                "Score": 0.9859469532966614,
                "Text": "stack"
            },
            {
                "Score": 0.9859469532966614,
                "Text": "overflow"
            }
        ]
    },
    {
        "Week": 1,
        "Slide": 21,
        "KeyPhrases": [
            {
                "Score": 0.953428328037262,
                "Text": "course"
            },
            {
                "Score": 0.953428328037262,
                "Text": "forum"
            },
            {
                "Score": 0.996641218662262,
                "Text": "question"
            }
        ]
    },
    {
        "Week": 1,
        "Slide": 22,
        "KeyPhrases": [
            {
                "Score": 0.9998220205307007,
                "Text": "end"
            },
            {
                "Score": 0.9994897842407227,
                "Text": "week"
            },
            {
                "Score": 0.9685705900192261,
                "Text": "lab"
            },
            {
                "Score": 0.9456799030303955,
                "Text": "world"
            },
            {
                "Score": 0.9456799030303955,
                "Text": "program"
            },
            {
                "Score": 0.9960554838180542,
                "Text": "cse"
            },
            {
                "Score": 0.9960554838180542,
                "Text": "account"
            },
            {
                "Score": 0.9379312992095947,
                "Text": "world"
            },
            {
                "Score": 0.9379312992095947,
                "Text": "program"
            },
            {
                "Score": 0.9967107772827148,
                "Text": "home"
            },
            {
                "Score": 0.9967107772827148,
                "Text": "computer"
            }
        ]
    },
    {
        "Week": 1,
        "Slide": 23,
        "KeyPhrases": [
            {
                "Score": 0.985568642616272,
                "Text": "cse"
            },
            {
                "Score": 0.985568642616272,
                "Text": "lab"
            },
            {
                "Score": 0.985568642616272,
                "Text": "cse"
            },
            {
                "Score": 0.8202091455459595,
                "Text": "lab"
            },
            {
                "Score": 0.8202091455459595,
                "Text": "computer"
            },
            {
                "Score": 0.9986588358879089,
                "Text": "workstation"
            },
            {
                "Score": 0.9912347793579102,
                "Text": "unsw"
            },
            {
                "Score": 0.9995200634002686,
                "Text": "window"
            },
            {
                "Score": 0.9917811751365662,
                "Text": "linux"
            },
            {
                "Score": 0.9886229038238525,
                "Text": "way"
            },
            {
                "Score": 0.9986582398414612,
                "Text": "lab"
            },
            {
                "Score": 0.6636272072792053,
                "Text": "vlab"
            },
            {
                "Score": 0.9421803951263428,
                "Text": "zid"
            },
            {
                "Score": 0.9421803951263428,
                "Text": "zpass"
            },
            {
                "Score": 0.9282017350196838,
                "Text": "that"
            },
            {
                "Score": 0.9282017350196838,
                "Text": "asap"
            }
        ]
    },
    {
        "Week": 1,
        "Slide": 24,
        "KeyPhrases": [
            {
                "Score": 0.9794425368309021,
                "Text": "text"
            },
            {
                "Score": 0.998701810836792,
                "Text": "program"
            },
            {
                "Score": 0.9873844385147095,
                "Text": "text"
            },
            {
                "Score": 0.9873844385147095,
                "Text": "editor"
            },
            {
                "Score": 0.8318775296211243,
                "Text": "word"
            },
            {
                "Score": 0.8318775296211243,
                "Text": "page"
            },
            {
                "Score": 0.9771808981895447,
                "Text": "rule"
            },
            {
                "Score": 0.9771808981895447,
                "Text": "defined"
            },
            {
                "Score": 0.9964955449104309,
                "Text": "language"
            },
            {
                "Score": 0.999475359916687,
                "Text": "program"
            },
            {
                "Score": 0.999176025390625,
                "Text": "computer"
            }
        ]
    },
    {
        "Week": 1,
        "Slide": 25,
        "KeyPhrases": []
    },
    {
        "Week": 1,
        "Slide": 26,
        "KeyPhrases": [
            {
                "Score": 0.7928991317749023,
                "Text": "hello"
            },
            {
                "Score": 0.7928991317749023,
                "Text": "print"
            },
            {
                "Score": 0.7928991317749023,
                "Text": "world"
            },
            {
                "Score": 0.9930665493011475,
                "Text": "message"
            },
            {
                "Score": 0.8963178992271423,
                "Text": "andrew"
            },
            {
                "Score": 0.8963178992271423,
                "Text": "bennett"
            },
            {
                "Score": 0.8963178992271423,
                "Text": "int"
            },
            {
                "Score": 0.35450559854507446,
                "Text": "void"
            }
        ]
    },
    {
        "Week": 1,
        "Slide": 27,
        "KeyPhrases": [
            {
                "Score": 0.7928991317749023,
                "Text": "hello"
            },
            {
                "Score": 0.7928991317749023,
                "Text": "print"
            },
            {
                "Score": 0.7928991317749023,
                "Text": "world"
            },
            {
                "Score": 0.9930665493011475,
                "Text": "message"
            },
            {
                "Score": 0.8963178992271423,
                "Text": "andrew"
            },
            {
                "Score": 0.8963178992271423,
                "Text": "bennett"
            },
            {
                "Score": 0.8963178992271423,
                "Text": "int"
            },
            {
                "Score": 0.3827507495880127,
                "Text": "void"
            },
            {
                "Score": 0.879770815372467,
                "Text": "world"
            },
            {
                "Score": 0.9477297067642212,
                "Text": "message"
            },
            {
                "Score": 0.7481299638748169,
                "Text": "printf"
            },
            {
                "Score": 0.9708709120750427,
                "Text": "world"
            },
            {
                "Score": 0.7253608107566833,
                "Text": "return"
            }
        ]
    },
    {
        "Week": 1,
        "Slide": 28,
        "KeyPhrases": [
            {
                "Score": 0.9692326188087463,
                "Text": "show"
            },
            {
                "Score": 0.9692326188087463,
                "Text": "unix"
            },
            {
                "Score": 0.9692326188087463,
                "Text": "pwd"
            },
            {
                "Score": 0.9159154295921326,
                "Text": "pwd"
            },
            {
                "Score": 0.9989593029022217,
                "Text": "item"
            },
            {
                "Score": 0.9909923672676086,
                "Text": "directory"
            },
            {
                "Score": 0.9226827621459961,
                "Text": "bin"
            },
            {
                "Score": 0.9226827621459961,
                "Text": "lib"
            },
            {
                "Score": 0.9226827621459961,
                "Text": "tmp"
            },
            {
                "Score": 0.9226827621459961,
                "Text": "web"
            },
            {
                "Score": 0.9226827621459961,
                "Text": "mkdir"
            },
            {
                "Score": 0.9755187034606934,
                "Text": "directory"
            },
            {
                "Score": 0.7947059869766235,
                "Text": "mkdir"
            },
            {
                "Score": 0.88657146692276,
                "Text": "bin"
            },
            {
                "Score": 0.88657146692276,
                "Text": "lib"
            },
            {
                "Score": 0.88657146692276,
                "Text": "tmp"
            }
        ]
    },
    {
        "Week": 1,
        "Slide": 29,
        "KeyPhrases": [
            {
                "Score": 0.9013338088989258,
                "Text": "change"
            },
            {
                "Score": 0.9013338088989258,
                "Text": "unix"
            },
            {
                "Score": 0.5802795886993408,
                "Text": "directory"
            },
            {
                "Score": 0.8755419850349426,
                "Text": "pwd"
            },
            {
                "Score": 0.9884604215621948,
                "Text": "directory"
            },
            {
                "Score": 0.8377089500427246,
                "Text": "pwd"
            }
        ]
    }
]