[
{
    "Week": 1,
    "Slide": 0,
    "KeyPhrases": [
        {
            "BeginOffset": 5,
            "EndOffset": 33,
            "Score": 0.8088523149490356,
            "Text": "5 8s\n\u2014 Lecture 1 \u2014 \n\nNumbers"
        },
        {
            "BeginOffset": 38,
            "EndOffset": 119,
            "Score": 0.856476366519928,
            "Text": "Numbers Out\nAndrew Bennett \n\n<andrew.bennett@unsw.edu.au>\n\nmore printf \nvariables"
        }
    ],
    "ResponseMetadata": {
        "HTTPHeaders": {
            "content-length": "279",
            "content-type": "application/x-amz-json-1.1",
            "date": "Thu, 28 Mar 2019 13:00:59 GMT",
            "x-amzn-requestid": "88e85fb3-5159-11e9-a1f4-5925745f18c1"
        },
        "HTTPStatusCode": 200,
        "RequestId": "88e85fb3-5159-11e9-a1f4-5925745f18c1",
        "RetryAttempts": 0
    }
},
{
    "Week": 1,
    "Slide": 1,
    "KeyPhrases": [
        {
            "BeginOffset": 19,
            "EndOffset": 20,
            "Score": 0.7555587887763977,
            "Text": "\u2026"
        },
        {
            "BeginOffset": 46,
            "EndOffset": 56,
            "Score": 0.997734785079956,
            "Text": "the person"
        },
        {
            "BeginOffset": 110,
            "EndOffset": 119,
            "Score": 0.9876183271408081,
            "Text": "computing"
        }
    ],
    "ResponseMetadata": {
        "HTTPHeaders": {
            "content-length": "252",
            "content-type": "application/x-amz-json-1.1",
            "date": "Thu, 28 Mar 2019 13:01:00 GMT",
            "x-amzn-requestid": "89803233-5159-11e9-b1f4-0d6fc4dbbbce"
        },
        "HTTPStatusCode": 200,
        "RequestId": "89803233-5159-11e9-b1f4-0d6fc4dbbbce",
        "RetryAttempts": 0
    }
},
{
    "Week": 1,
    "Slide": 2,
    "KeyPhrases": [
        {
            "BeginOffset": 2,
            "EndOffset": 17,
            "Score": 0.720007598400116,
            "Text": "Admin\ntutorials"
        },
        {
            "BeginOffset": 22,
            "EndOffset": 34,
            "Score": 0.8883029222488403,
            "Text": "laboratories"
        },
        {
            "BeginOffset": 44,
            "EndOffset": 50,
            "Score": 0.902273416519165,
            "Text": "week 1"
        },
        {
            "BeginOffset": 83,
            "EndOffset": 97,
            "Score": 0.9339168071746826,
            "Text": "tutes and labs"
        },
        {
            "BeginOffset": 100,
            "EndOffset": 118,
            "Score": 0.9229814410209656,
            "Text": "lecture recordings"
        },
        {
            "BeginOffset": 126,
            "EndOffset": 134,
            "Score": 0.9695210456848145,
            "Text": "WebCMS 3"
        },
        {
            "BeginOffset": 155,
            "EndOffset": 169,
            "Score": 0.9445352554321289,
            "Text": "home computing"
        }
    ],
    "ResponseMetadata": {
        "HTTPHeaders": {
            "content-length": "604",
            "content-type": "application/x-amz-json-1.1",
            "date": "Thu, 28 Mar 2019 13:01:02 GMT",
            "x-amzn-requestid": "8a3662ee-5159-11e9-8eba-154ad056dc4d"
        },
        "HTTPStatusCode": 200,
        "RequestId": "8a3662ee-5159-11e9-8eba-154ad056dc4d",
        "RetryAttempts": 0
    }
},
{
    "Week": 1,
    "Slide": 3,
    "KeyPhrases": [
        {
            "BeginOffset": 23,
            "EndOffset": 39,
            "Score": 0.959599494934082,
            "Text": "the course forum"
        },
        {
            "BeginOffset": 89,
            "EndOffset": 93,
            "Score": 0.9711918234825134,
            "Text": "talk"
        },
        {
            "BeginOffset": 106,
            "EndOffset": 123,
            "Score": 0.9275962710380554,
            "Text": "the lecture\n\ntalk"
        },
        {
            "BeginOffset": 127,
            "EndOffset": 148,
            "Score": 0.735198974609375,
            "Text": "your tutor\n\nhelp labs"
        },
        {
            "BeginOffset": 159,
            "EndOffset": 181,
            "Score": 0.8306875228881836,
            "Text": "cs1511@cse.unsw.edu.au"
        },
        {
            "BeginOffset": 233,
            "EndOffset": 242,
            "Score": 0.8656712174415588,
            "Text": "@unsw.edu"
        }
    ],
    "ResponseMetadata": {
        "HTTPHeaders": {
            "content-length": "541",
            "content-type": "application/x-amz-json-1.1",
            "date": "Thu, 28 Mar 2019 13:01:03 GMT",
            "x-amzn-requestid": "8aca6636-5159-11e9-bd32-375300018036"
        },
        "HTTPStatusCode": 200,
        "RequestId": "8aca6636-5159-11e9-bd32-375300018036",
        "RetryAttempts": 0
    }
},
{
    "Week": 1,
    "Slide": 4,
    "KeyPhrases": [
        {
            "BeginOffset": 2,
            "EndOffset": 23,
            "Score": 0.7928991317749023,
            "Text": "Hello World\n// Prints"
        },
        {
            "BeginOffset": 28,
            "EndOffset": 46,
            "Score": 0.9930665493011475,
            "Text": "a friendly message"
        },
        {
            "BeginOffset": 52,
            "EndOffset": 144,
            "Score": 0.8963178992271423,
            "Text": "Andrew Bennett <andrew.bennett@unsw.edu.au> \n// 2018-02-27 \n \n#include <stdio.h> \n \nint main"
        },
        {
            "BeginOffset": 146,
            "EndOffset": 150,
            "Score": 0.3827507495880127,
            "Text": "void"
        },
        {
            "BeginOffset": 174,
            "EndOffset": 184,
            "Score": 0.7230356931686401,
            "Text": "the famous"
        },
        {
            "BeginOffset": 185,
            "EndOffset": 197,
            "Score": 0.879770815372467,
            "Text": "'hello world"
        },
        {
            "BeginOffset": 197,
            "EndOffset": 206,
            "Score": 0.9477297067642212,
            "Text": "' message"
        },
        {
            "BeginOffset": 213,
            "EndOffset": 219,
            "Score": 0.7481299638748169,
            "Text": "printf"
        },
        {
            "BeginOffset": 229,
            "EndOffset": 234,
            "Score": 0.9708709120750427,
            "Text": "world"
        },
        {
            "BeginOffset": 248,
            "EndOffset": 256,
            "Score": 0.7253608107566833,
            "Text": "return 0"
        }
    ],
    "ResponseMetadata": {
        "HTTPHeaders": {
            "content-length": "930",
            "content-type": "application/x-amz-json-1.1",
            "date": "Thu, 28 Mar 2019 13:01:04 GMT",
            "x-amzn-requestid": "8b752494-5159-11e9-b270-937b8b08d656"
        },
        "HTTPStatusCode": 200,
        "RequestId": "8b752494-5159-11e9-b270-937b8b08d656",
        "RetryAttempts": 0
    }
},
{
    "Week": 1,
    "Slide": 5,
    "KeyPhrases": [
        {
            "BeginOffset": 16,
            "EndOffset": 30,
            "Score": 0.9692326188087463,
            "Text": "Unix\npwd shows"
        },
        {
            "BeginOffset": 56,
            "EndOffset": 90,
            "Score": 0.9159154295921326,
            "Text": "$ pwd \n/import/ravel/2/andrewb\n\nls"
        },
        {
            "BeginOffset": 97,
            "EndOffset": 106,
            "Score": 0.9989593029022217,
            "Text": "the items"
        },
        {
            "BeginOffset": 110,
            "EndOffset": 131,
            "Score": 0.9909923672676086,
            "Text": "the current directory"
        },
        {
            "BeginOffset": 133,
            "EndOffset": 137,
            "Score": 0.8011695742607117,
            "Text": "$ ls"
        },
        {
            "BeginOffset": 139,
            "EndOffset": 197,
            "Score": 0.9226827621459961,
            "Text": "18s1    bin     lib     public_html     tmp     web\n\nmkdir"
        },
        {
            "BeginOffset": 204,
            "EndOffset": 219,
            "Score": 0.9755187034606934,
            "Text": "a new directory"
        },
        {
            "BeginOffset": 221,
            "EndOffset": 235,
            "Score": 0.7947059869766235,
            "Text": "$ mkdir cs1511"
        },
        {
            "BeginOffset": 237,
            "EndOffset": 241,
            "Score": 0.8098998069763184,
            "Text": "$ ls"
        },
        {
            "BeginOffset": 243,
            "EndOffset": 294,
            "Score": 0.88657146692276,
            "Text": "18s1    bin     cs1511  lib     public_html     tmp"
        }
    ],
    "ResponseMetadata": {
        "HTTPHeaders": {
            "content-length": "969",
            "content-type": "application/x-amz-json-1.1",
            "date": "Thu, 28 Mar 2019 13:01:04 GMT",
            "x-amzn-requestid": "8c24c570-5159-11e9-9067-a580ee7ec557"
        },
        "HTTPStatusCode": 200,
        "RequestId": "8c24c570-5159-11e9-9067-a580ee7ec557",
        "RetryAttempts": 0
    }
},
{
    "Week": 1,
    "Slide": 6,
    "KeyPhrases": [
        {
            "BeginOffset": 16,
            "EndOffset": 31,
            "Score": 0.9013338088989258,
            "Text": "Unix\ncd changes"
        },
        {
            "BeginOffset": 32,
            "EndOffset": 41,
            "Score": 0.5802795886993408,
            "Text": "directory"
        },
        {
            "BeginOffset": 43,
            "EndOffset": 50,
            "Score": 0.6661364436149597,
            "Text": "$ cd cs"
        },
        {
            "BeginOffset": 50,
            "EndOffset": 99,
            "Score": 0.8755419850349426,
            "Text": "1511 \n$ pwd \n/import/ravel/2/andrewb/cs1511 \n$ ls"
        },
        {
            "BeginOffset": 101,
            "EndOffset": 107,
            "Score": 0.921779215335846,
            "Text": "$ \n\ncd"
        },
        {
            "BeginOffset": 124,
            "EndOffset": 146,
            "Score": 0.9884604215621948,
            "Text": "the previous directory"
        },
        {
            "BeginOffset": 148,
            "EndOffset": 152,
            "Score": 0.81977778673172,
            "Text": "$ cd"
        },
        {
            "BeginOffset": 157,
            "EndOffset": 179,
            "Score": 0.8377089500427246,
            "Text": "$ pwd \n/import/ravel/2"
        }
    ],
    "ResponseMetadata": {
        "HTTPHeaders": {
            "content-length": "730",
            "content-type": "application/x-amz-json-1.1",
            "date": "Thu, 28 Mar 2019 13:01:06 GMT",
            "x-amzn-requestid": "8cc3ec2a-5159-11e9-a369-99e6fd3713b6"
        },
        "HTTPStatusCode": 200,
        "RequestId": "8cc3ec2a-5159-11e9-a369-99e6fd3713b6",
        "RetryAttempts": 0
    }
},
{
    "Week": 1,
    "Slide": 7,
    "KeyPhrases": [
        {
            "BeginOffset": 10,
            "EndOffset": 19,
            "Score": 0.9908645749092102,
            "Text": "a Program"
        },
        {
            "BeginOffset": 30,
            "EndOffset": 41,
            "Score": 0.9978243708610535,
            "Text": "a C program"
        },
        {
            "BeginOffset": 47,
            "EndOffset": 59,
            "Score": 0.9936178922653198,
            "Text": "the terminal"
        },
        {
            "BeginOffset": 68,
            "EndOffset": 81,
            "Score": 0.9933547973632812,
            "Text": "a text editor"
        },
        {
            "BeginOffset": 87,
            "EndOffset": 92,
            "Score": 0.47368869185447693,
            "Text": "gedit"
        },
        {
            "BeginOffset": 94,
            "EndOffset": 101,
            "Score": 0.7075749635696411,
            "Text": "$ gedit"
        },
        {
            "BeginOffset": 118,
            "EndOffset": 126,
            "Score": 0.9999564290046692,
            "Text": "the code"
        },
        {
            "BeginOffset": 147,
            "EndOffset": 148,
            "Score": 0.886383056640625,
            "Text": "\u2026"
        },
        {
            "BeginOffset": 166,
            "EndOffset": 169,
            "Score": 0.8859272599220276,
            "Text": "dcc"
        },
        {
            "BeginOffset": 172,
            "EndOffset": 180,
            "Score": 0.7575455904006958,
            "Text": "$ dcc -o"
        },
        {
            "BeginOffset": 181,
            "EndOffset": 192,
            "Score": 0.5989840030670166,
            "Text": "hello hello"
        }
    ],
    "ResponseMetadata": {
        "HTTPHeaders": {
            "content-length": "898",
            "content-type": "application/x-amz-json-1.1",
            "date": "Thu, 28 Mar 2019 13:01:07 GMT",
            "x-amzn-requestid": "8d6338dc-5159-11e9-ad04-91cf7a3e7941"
        },
        "HTTPStatusCode": 200,
        "RequestId": "8d6338dc-5159-11e9-ad04-91cf7a3e7941",
        "RetryAttempts": 0
    }
},
{
    "Week": 1,
    "Slide": 8,
    "KeyPhrases": [
        {
            "BeginOffset": 2,
            "EndOffset": 13,
            "Score": 0.9951876401901245,
            "Text": "Programming"
        },
        {
            "BeginOffset": 17,
            "EndOffset": 40,
            "Score": 0.9897626042366028,
            "Text": "a construction exercise"
        },
        {
            "BeginOffset": 53,
            "EndOffset": 64,
            "Score": 0.9951647520065308,
            "Text": "the problem"
        },
        {
            "BeginOffset": 77,
            "EndOffset": 96,
            "Score": 0.8088480830192566,
            "Text": "a proposed solution"
        },
        {
            "BeginOffset": 104,
            "EndOffset": 113,
            "Score": 0.9859797358512878,
            "Text": "each step"
        },
        {
            "BeginOffset": 119,
            "EndOffset": 132,
            "Score": 0.9951476454734802,
            "Text": "smaller steps"
        },
        {
            "BeginOffset": 142,
            "EndOffset": 157,
            "Score": 0.9972456693649292,
            "Text": "the basic steps"
        },
        {
            "BeginOffset": 163,
            "EndOffset": 175,
            "Score": 0.9996260404586792,
            "Text": "instructions"
        },
        {
            "BeginOffset": 179,
            "EndOffset": 203,
            "Score": 0.973941445350647,
            "Text": "the programming language"
        },
        {
            "BeginOffset": 209,
            "EndOffset": 218,
            "Score": 0.9988341331481934,
            "Text": "an editor"
        },
        {
            "BeginOffset": 229,
            "EndOffset": 235,
            "Score": 0.9991956949234009,
            "Text": "a file"
        },
        {
            "BeginOffset": 250,
            "EndOffset": 261,
            "Score": 0.9337232112884521,
            "Text": "the program"
        },
        {
            "BeginOffset": 267,
            "EndOffset": 279,
            "Score": 0.9881253838539124,
            "Text": "the compiler"
        },
        {
            "BeginOffset": 289,
            "EndOffset": 299,
            "Score": 0.9990977048873901,
            "Text": "the syntax"
        },
        {
            "BeginOffset": 303,
            "EndOffset": 314,
            "Score": 0.7724173069000244,
            "Text": "the program"
        },
        {
            "BeginOffset": 321,
            "EndOffset": 332,
            "Score": 0.9980404376983643,
            "Text": "the program"
        },
        {
            "BeginOffset": 336,
            "EndOffset": 343,
            "Score": 0.9979487061500549,
            "Text": "a range"
        }
    ],
    "ResponseMetadata": {
        "HTTPHeaders": {
            "content-length": "1461",
            "content-type": "application/x-amz-json-1.1",
            "date": "Thu, 28 Mar 2019 13:01:08 GMT",
            "x-amzn-requestid": "8e128baa-5159-11e9-9413-d9ac0f641d76"
        },
        "HTTPStatusCode": 200,
        "RequestId": "8e128baa-5159-11e9-9413-d9ac0f641d76",
        "RetryAttempts": 0
    }
},
{
    "Week": 1,
    "Slide": 9,
    "KeyPhrases": [
        {
            "BeginOffset": 2,
            "EndOffset": 11,
            "Score": 0.8583381175994873,
            "Text": "Compiling"
        },
        {
            "BeginOffset": 31,
            "EndOffset": 41,
            "Score": 0.9949727654457092,
            "Text": "C programs"
        },
        {
            "BeginOffset": 46,
            "EndOffset": 52,
            "Score": 0.9994004964828491,
            "Text": "humans"
        },
        {
            "BeginOffset": 63,
            "EndOffset": 74,
            "Score": 0.9983609914779663,
            "Text": "a C program"
        },
        {
            "BeginOffset": 99,
            "EndOffset": 111,
            "Score": 0.9913330078125,
            "Text": "machine code"
        },
        {
            "BeginOffset": 124,
            "EndOffset": 136,
            "Score": 0.9995924830436707,
            "Text": "this process"
        },
        {
            "BeginOffset": 149,
            "EndOffset": 160,
            "Score": 0.9949589371681213,
            "Text": "compilation"
        },
        {
            "BeginOffset": 183,
            "EndOffset": 193,
            "Score": 0.9920697808265686,
            "Text": "a compiler"
        },
        {
            "BeginOffset": 208,
            "EndOffset": 218,
            "Score": 0.9936140775680542,
            "Text": "a compiler"
        },
        {
            "BeginOffset": 225,
            "EndOffset": 228,
            "Score": 0.949870228767395,
            "Text": "dcc"
        },
        {
            "BeginOffset": 233,
            "EndOffset": 246,
            "Score": 0.9118247032165527,
            "Text": "COMP1511 \ndcc"
        },
        {
            "BeginOffset": 259,
            "EndOffset": 275,
            "Score": 0.9876900315284729,
            "Text": "a custom wrapper"
        },
        {
            "BeginOffset": 283,
            "EndOffset": 293,
            "Score": 0.9906039834022522,
            "Text": "a compiler"
        },
        {
            "BeginOffset": 300,
            "EndOffset": 305,
            "Score": 0.7206815481185913,
            "Text": "clang"
        },
        {
            "BeginOffset": 308,
            "EndOffset": 336,
            "Score": 0.9236761927604675,
            "Text": "another widely used compiler"
        },
        {
            "BeginOffset": 347,
            "EndOffset": 350,
            "Score": 0.9195989966392517,
            "Text": "gcc"
        }
    ],
    "ResponseMetadata": {
        "HTTPHeaders": {
            "content-length": "1340",
            "content-type": "application/x-amz-json-1.1",
            "date": "Thu, 28 Mar 2019 13:01:10 GMT",
            "x-amzn-requestid": "8ee1c289-5159-11e9-b79a-031038b16953"
        },
        "HTTPStatusCode": 200,
        "RequestId": "8ee1c289-5159-11e9-b79a-031038b16953",
        "RetryAttempts": 0
    }
},
{
    "Week": 1,
    "Slide": 10,
    "KeyPhrases": [],
    "ResponseMetadata": {
        "HTTPHeaders": {
            "content-length": "17",
            "content-type": "application/x-amz-json-1.1",
            "date": "Thu, 28 Mar 2019 13:01:10 GMT",
            "x-amzn-requestid": "8f911571-5159-11e9-a12c-4fc516924d62"
        },
        "HTTPStatusCode": 200,
        "RequestId": "8f911571-5159-11e9-a12c-4fc516924d62",
        "RetryAttempts": 0
    }
},
{
    "Week": 1,
    "Slide": 11,
    "KeyPhrases": [
        {
            "BeginOffset": 3,
            "EndOffset": 18,
            "Score": 0.5704730153083801,
            "Text": "re-)introducing"
        },
        {
            "BeginOffset": 20,
            "EndOffset": 33,
            "Score": 0.9143697023391724,
            "Text": "printf\nprintf"
        },
        {
            "BeginOffset": 35,
            "EndOffset": 47,
            "Score": 0.7146754264831543,
            "Text": "\"hello world"
        },
        {
            "BeginOffset": 61,
            "EndOffset": 69,
            "Score": 0.9282461404800415,
            "Text": "the text"
        },
        {
            "BeginOffset": 79,
            "EndOffset": 84,
            "Score": 0.7816694974899292,
            "Text": "world"
        }
    ],
    "ResponseMetadata": {
        "HTTPHeaders": {
            "content-length": "425",
            "content-type": "application/x-amz-json-1.1",
            "date": "Thu, 28 Mar 2019 13:01:12 GMT",
            "x-amzn-requestid": "9040b704-5159-11e9-adf9-192c939d7e83"
        },
        "HTTPStatusCode": 200,
        "RequestId": "9040b704-5159-11e9-adf9-192c939d7e83",
        "RetryAttempts": 0
    }
},
{
    "Week": 1,
    "Slide": 12,
    "KeyPhrases": [
        {
            "BeginOffset": 2,
            "EndOffset": 10,
            "Score": 0.7526484727859497,
            "Text": "Printing"
        },
        {
            "BeginOffset": 11,
            "EndOffset": 31,
            "Score": 0.6658266186714172,
            "Text": "more than just words"
        },
        {
            "BeginOffset": 45,
            "EndOffset": 65,
            "Score": 0.9295942783355713,
            "Text": "more than just words"
        }
    ],
    "ResponseMetadata": {
        "HTTPHeaders": {
            "content-length": "276",
            "content-type": "application/x-amz-json-1.1",
            "date": "Thu, 28 Mar 2019 13:01:12 GMT",
            "x-amzn-requestid": "90efbbbe-5159-11e9-99c9-7369baa4d582"
        },
        "HTTPStatusCode": 200,
        "RequestId": "90efbbbe-5159-11e9-99c9-7369baa4d582",
        "RetryAttempts": 0
    }
},
{
    "Week": 1,
    "Slide": 13,
    "KeyPhrases": [
        {
            "BeginOffset": 2,
            "EndOffset": 10,
            "Score": 0.7526484727859497,
            "Text": "Printing"
        },
        {
            "BeginOffset": 11,
            "EndOffset": 31,
            "Score": 0.6658266186714172,
            "Text": "more than just words"
        },
        {
            "BeginOffset": 45,
            "EndOffset": 65,
            "Score": 0.9137460589408875,
            "Text": "more than just words"
        },
        {
            "BeginOffset": 68,
            "EndOffset": 74,
            "Score": 0.6593955159187317,
            "Text": "\u2026 \nYes"
        },
        {
            "BeginOffset": 77,
            "EndOffset": 90,
            "Score": 0.6588804721832275,
            "Text": "printf \nthe f"
        }
    ],
    "ResponseMetadata": {
        "HTTPHeaders": {
            "content-length": "441",
            "content-type": "application/x-amz-json-1.1",
            "date": "Thu, 28 Mar 2019 13:01:14 GMT",
            "x-amzn-requestid": "919f0dfc-5159-11e9-a12c-4fc516924d62"
        },
        "HTTPStatusCode": 200,
        "RequestId": "919f0dfc-5159-11e9-a12c-4fc516924d62",
        "RetryAttempts": 0
    }
},
{
    "Week": 1,
    "Slide": 14,
    "KeyPhrases": [],
    "ResponseMetadata": {
        "HTTPHeaders": {
            "content-length": "17",
            "content-type": "application/x-amz-json-1.1",
            "date": "Thu, 28 Mar 2019 13:01:15 GMT",
            "x-amzn-requestid": "9241687c-5159-11e9-ad04-91cf7a3e7941"
        },
        "HTTPStatusCode": 200,
        "RequestId": "9241687c-5159-11e9-ad04-91cf7a3e7941",
        "RetryAttempts": 0
    }
},
{
    "Week": 1,
    "Slide": 15,
    "KeyPhrases": [
        {
            "BeginOffset": 4,
            "EndOffset": 10,
            "Score": 0.5107870101928711,
            "Text": "Prints"
        },
        {
            "BeginOffset": 15,
            "EndOffset": 22,
            "Score": 0.9981467127799988,
            "Text": "the sum"
        },
        {
            "BeginOffset": 26,
            "EndOffset": 37,
            "Score": 0.9799381494522095,
            "Text": "two numbers"
        },
        {
            "BeginOffset": 43,
            "EndOffset": 135,
            "Score": 0.8991936445236206,
            "Text": "Andrew Bennett <andrew.bennett@unsw.edu.au> \n// 2018-02-28 \n \n#include <stdio.h> \n \nint main"
        },
        {
            "BeginOffset": 137,
            "EndOffset": 141,
            "Score": 0.40177157521247864,
            "Text": "void"
        },
        {
            "BeginOffset": 157,
            "EndOffset": 168,
            "Score": 0.9965561032295227,
            "Text": "two numbers"
        },
        {
            "BeginOffset": 195,
            "EndOffset": 201,
            "Score": 0.7180899977684021,
            "Text": "printf"
        },
        {
            "BeginOffset": 204,
            "EndOffset": 211,
            "Score": 0.9907457232475281,
            "Text": "The sum"
        },
        {
            "BeginOffset": 215,
            "EndOffset": 222,
            "Score": 0.9236536622047424,
            "Text": "3 and 5"
        },
        {
            "BeginOffset": 226,
            "EndOffset": 230,
            "Score": 0.6855335831642151,
            "Text": "%d\\n"
        },
        {
            "BeginOffset": 233,
            "EndOffset": 238,
            "Score": 0.8469317555427551,
            "Text": "3 + 5"
        },
        {
            "BeginOffset": 248,
            "EndOffset": 256,
            "Score": 0.7057912349700928,
            "Text": "return 0"
        }
    ],
    "ResponseMetadata": {
        "HTTPHeaders": {
            "content-length": "1059",
            "content-type": "application/x-amz-json-1.1",
            "date": "Thu, 28 Mar 2019 13:01:16 GMT",
            "x-amzn-requestid": "92cbf58a-5159-11e9-8d49-d71cd8da7611"
        },
        "HTTPStatusCode": 200,
        "RequestId": "92cbf58a-5159-11e9-8d49-d71cd8da7611",
        "RetryAttempts": 0
    }
},
{
    "Week": 1,
    "Slide": 16,
    "KeyPhrases": [
        {
            "BeginOffset": 15,
            "EndOffset": 26,
            "Score": 0.9995884895324707,
            "Text": "the numbers"
        },
        {
            "BeginOffset": 35,
            "EndOffset": 51,
            "Score": 0.9976183772087097,
            "Text": "different values"
        },
        {
            "BeginOffset": 152,
            "EndOffset": 156,
            "Score": 0.997471809387207,
            "Text": "hand"
        }
    ],
    "ResponseMetadata": {
        "HTTPHeaders": {
            "content-length": "261",
            "content-type": "application/x-amz-json-1.1",
            "date": "Thu, 28 Mar 2019 13:01:16 GMT",
            "x-amzn-requestid": "936d8c61-5159-11e9-b269-c1f80b73919e"
        },
        "HTTPStatusCode": 200,
        "RequestId": "936d8c61-5159-11e9-b269-c1f80b73919e",
        "RetryAttempts": 0
    }
},
{
    "Week": 1,
    "Slide": 17,
    "KeyPhrases": [
        {
            "BeginOffset": 2,
            "EndOffset": 24,
            "Score": 0.7913672924041748,
            "Text": "Introducing \nvariables"
        }
    ],
    "ResponseMetadata": {
        "HTTPHeaders": {
            "content-length": "109",
            "content-type": "application/x-amz-json-1.1",
            "date": "Thu, 28 Mar 2019 13:01:18 GMT",
            "x-amzn-requestid": "941c9147-5159-11e9-b79a-031038b16953"
        },
        "HTTPStatusCode": 200,
        "RequestId": "941c9147-5159-11e9-b79a-031038b16953",
        "RetryAttempts": 0
    }
},
{
    "Week": 1,
    "Slide": 18,
    "KeyPhrases": [
        {
            "BeginOffset": 2,
            "EndOffset": 31,
            "Score": 0.8412845730781555,
            "Text": "Variables and Types\nVariables"
        },
        {
            "BeginOffset": 50,
            "EndOffset": 55,
            "Score": 0.9235199093818665,
            "Text": "data\u2026"
        },
        {
            "BeginOffset": 64,
            "EndOffset": 70,
            "Score": 0.9438089728355408,
            "Text": "\u201cboxes"
        },
        {
            "BeginOffset": 73,
            "EndOffset": 86,
            "Score": 0.9965986013412476,
            "Text": "Each variable"
        },
        {
            "BeginOffset": 91,
            "EndOffset": 103,
            "Score": 0.925967276096344,
            "Text": "a data type\u2026"
        },
        {
            "BeginOffset": 113,
            "EndOffset": 135,
            "Score": 0.9852170944213867,
            "Text": "the size and structure"
        },
        {
            "BeginOffset": 139,
            "EndOffset": 148,
            "Score": 0.9634568691253662,
            "Text": "the \u201cbox\u201d"
        },
        {
            "BeginOffset": 154,
            "EndOffset": 172,
            "Score": 0.998367428779602,
            "Text": "the next few weeks"
        },
        {
            "BeginOffset": 189,
            "EndOffset": 203,
            "Score": 0.9878847002983093,
            "Text": "two data types"
        },
        {
            "BeginOffset": 210,
            "EndOffset": 230,
            "Score": 0.8208107352256775,
            "Text": "stores whole numbers"
        },
        {
            "BeginOffset": 233,
            "EndOffset": 258,
            "Score": 0.8727229237556458,
            "Text": "2 , 17 , -5\n\nfloat stores"
        },
        {
            "BeginOffset": 259,
            "EndOffset": 283,
            "Score": 0.8528672456741333,
            "Text": "\u201cfloating-point\u201d numbers"
        },
        {
            "BeginOffset": 286,
            "EndOffset": 293,
            "Score": 0.944726824760437,
            "Text": "3.14159"
        },
        {
            "BeginOffset": 296,
            "EndOffset": 303,
            "Score": 0.9501646757125854,
            "Text": "2.71828"
        },
        {
            "BeginOffset": 319,
            "EndOffset": 330,
            "Score": 0.9994798302650452,
            "Text": "other types"
        },
        {
            "BeginOffset": 334,
            "EndOffset": 346,
            "Score": 0.9969382286071777,
            "Text": "future weeks"
        },
        {
            "BeginOffset": 365,
            "EndOffset": 380,
            "Score": 0.999528169631958,
            "Text": "any other types"
        }
    ],
    "ResponseMetadata": {
        "HTTPHeaders": {
            "content-length": "1509",
            "content-type": "application/x-amz-json-1.1",
            "date": "Thu, 28 Mar 2019 13:01:20 GMT",
            "x-amzn-requestid": "94bbdea8-5159-11e9-b270-937b8b08d656"
        },
        "HTTPStatusCode": 200,
        "RequestId": "94bbdea8-5159-11e9-b270-937b8b08d656",
        "RetryAttempts": 0
    }
},
{
    "Week": 1,
    "Slide": 19,
    "KeyPhrases": [
        {
            "BeginOffset": 2,
            "EndOffset": 11,
            "Score": 0.930162787437439,
            "Text": "Variables"
        },
        {
            "BeginOffset": 22,
            "EndOffset": 36,
            "Score": 0.997000515460968,
            "Text": "the first time"
        },
        {
            "BeginOffset": 37,
            "EndOffset": 47,
            "Score": 0.9996318817138672,
            "Text": "a variable"
        },
        {
            "BeginOffset": 82,
            "EndOffset": 90,
            "Score": 0.9934992790222168,
            "Text": "its type"
        },
        {
            "BeginOffset": 93,
            "EndOffset": 103,
            "Score": 0.3872629702091217,
            "Text": "initialise"
        },
        {
            "BeginOffset": 118,
            "EndOffset": 128,
            "Score": 0.9985299706459045,
            "Text": "a variable"
        },
        {
            "BeginOffset": 150,
            "EndOffset": 157,
            "Score": 0.9915263652801514,
            "Text": "a value"
        },
        {
            "BeginOffset": 176,
            "EndOffset": 186,
            "Score": 0.9782050251960754,
            "Text": "a variable"
        },
        {
            "BeginOffset": 187,
            "EndOffset": 194,
            "Score": 0.958874523639679,
            "Text": "a value"
        },
        {
            "BeginOffset": 201,
            "EndOffset": 204,
            "Score": 0.7022517323493958,
            "Text": "num"
        },
        {
            "BeginOffset": 218,
            "EndOffset": 225,
            "Score": 0.8206672668457031,
            "Text": "num = 5"
        },
        {
            "BeginOffset": 230,
            "EndOffset": 240,
            "Score": 0.7940900921821594,
            "Text": "Initialise"
        },
        {
            "BeginOffset": 261,
            "EndOffset": 264,
            "Score": 0.43212783336639404,
            "Text": "num"
        },
        {
            "BeginOffset": 267,
            "EndOffset": 269,
            "Score": 0.8159030675888062,
            "Text": "27"
        }
    ],
    "ResponseMetadata": {
        "HTTPHeaders": {
            "content-length": "1136",
            "content-type": "application/x-amz-json-1.1",
            "date": "Thu, 28 Mar 2019 13:01:21 GMT",
            "x-amzn-requestid": "956b583a-5159-11e9-adf9-192c939d7e83"
        },
        "HTTPStatusCode": 200,
        "RequestId": "956b583a-5159-11e9-adf9-192c939d7e83",
        "RetryAttempts": 0
    }
},
{
    "Week": 1,
    "Slide": 20,
    "KeyPhrases": [
        {
            "BeginOffset": 50,
            "EndOffset": 63,
            "Score": 0.9989758729934692,
            "Text": "the same step"
        },
        {
            "BeginOffset": 66,
            "EndOffset": 73,
            "Score": 0.6978697776794434,
            "Text": "int num"
        },
        {
            "BeginOffset": 76,
            "EndOffset": 77,
            "Score": 0.8716609477996826,
            "Text": "5"
        },
        {
            "BeginOffset": 94,
            "EndOffset": 104,
            "Score": 0.619382917881012,
            "Text": "Initialise"
        },
        {
            "BeginOffset": 111,
            "EndOffset": 114,
            "Score": 0.44070592522621155,
            "Text": "num"
        },
        {
            "BeginOffset": 117,
            "EndOffset": 119,
            "Score": 0.8159520626068115,
            "Text": "27"
        }
    ],
    "ResponseMetadata": {
        "HTTPHeaders": {
            "content-length": "483",
            "content-type": "application/x-amz-json-1.1",
            "date": "Thu, 28 Mar 2019 13:01:22 GMT",
            "x-amzn-requestid": "960a7ed2-5159-11e9-845e-7f0c2f11cc2d"
        },
        "HTTPStatusCode": 200,
        "RequestId": "960a7ed2-5159-11e9-845e-7f0c2f11cc2d",
        "RetryAttempts": 0
    }
},
{
    "Week": 1,
    "Slide": 21,
    "KeyPhrases": [
        {
            "BeginOffset": 2,
            "EndOffset": 17,
            "Score": 0.9355652928352356,
            "Text": "Variable Naming"
        },
        {
            "BeginOffset": 23,
            "EndOffset": 40,
            "Score": 0.9682592749595642,
            "Text": "other identifiers"
        },
        {
            "BeginOffset": 61,
            "EndOffset": 92,
            "Score": 0.8369643092155457,
            "Text": "letters, digits and underscores"
        },
        {
            "BeginOffset": 101,
            "EndOffset": 120,
            "Score": 0.9990799427032471,
            "Text": "the first character"
        },
        {
            "BeginOffset": 129,
            "EndOffset": 137,
            "Score": 0.9985988140106201,
            "Text": "a letter"
        },
        {
            "BeginOffset": 160,
            "EndOffset": 164,
            "Score": 0.9055003523826599,
            "Text": "num1"
        },
        {
            "BeginOffset": 170,
            "EndOffset": 174,
            "Score": 0.9882135391235352,
            "Text": "Num1"
        },
        {
            "BeginOffset": 192,
            "EndOffset": 200,
            "Score": 0.5329421758651733,
            "Text": "Keywords"
        },
        {
            "BeginOffset": 225,
            "EndOffset": 228,
            "Score": 0.7827712297439575,
            "Text": "int"
        }
    ],
    "ResponseMetadata": {
        "HTTPHeaders": {
            "content-length": "775",
            "content-type": "application/x-amz-json-1.1",
            "date": "Thu, 28 Mar 2019 13:01:23 GMT",
            "x-amzn-requestid": "96b9d18f-5159-11e9-8eba-154ad056dc4d"
        },
        "HTTPStatusCode": 200,
        "RequestId": "96b9d18f-5159-11e9-8eba-154ad056dc4d",
        "RetryAttempts": 0
    }
},
{
    "Week": 1,
    "Slide": 22,
    "KeyPhrases": [
        {
            "BeginOffset": 2,
            "EndOffset": 20,
            "Score": 0.8493599891662598,
            "Text": "Printing Variables"
        },
        {
            "BeginOffset": 25,
            "EndOffset": 37,
            "Score": 0.9967267513275146,
            "Text": "No variables"
        },
        {
            "BeginOffset": 40,
            "EndOffset": 46,
            "Score": 0.8771377801895142,
            "Text": "printf"
        },
        {
            "BeginOffset": 49,
            "EndOffset": 62,
            "Score": 0.8736951351165771,
            "Text": "Hello World\\n"
        },
        {
            "BeginOffset": 67,
            "EndOffset": 84,
            "Score": 0.9975601434707642,
            "Text": "A single variable"
        },
        {
            "BeginOffset": 87,
            "EndOffset": 94,
            "Score": 0.8115742802619934,
            "Text": "int num"
        },
        {
            "BeginOffset": 97,
            "EndOffset": 98,
            "Score": 0.9736571311950684,
            "Text": "5"
        },
        {
            "BeginOffset": 101,
            "EndOffset": 107,
            "Score": 0.8456494212150574,
            "Text": "printf"
        },
        {
            "BeginOffset": 109,
            "EndOffset": 113,
            "Score": 0.6770893931388855,
            "Text": "\"num"
        },
        {
            "BeginOffset": 117,
            "EndOffset": 121,
            "Score": 0.7060685157775879,
            "Text": "%d\\n"
        },
        {
            "BeginOffset": 124,
            "EndOffset": 127,
            "Score": 0.8862026333808899,
            "Text": "num"
        }
    ],
    "ResponseMetadata": {
        "HTTPHeaders": {
            "content-length": "898",
            "content-type": "application/x-amz-json-1.1",
            "date": "Thu, 28 Mar 2019 13:01:24 GMT",
            "x-amzn-requestid": "9768fd2e-5159-11e9-adf9-192c939d7e83"
        },
        "HTTPStatusCode": 200,
        "RequestId": "9768fd2e-5159-11e9-adf9-192c939d7e83",
        "RetryAttempts": 0
    }
},
{
    "Week": 1,
    "Slide": 23,
    "KeyPhrases": [
        {
            "BeginOffset": 2,
            "EndOffset": 20,
            "Score": 0.8306858539581299,
            "Text": "Printing Variables"
        },
        {
            "BeginOffset": 25,
            "EndOffset": 47,
            "Score": 0.9237203001976013,
            "Text": "More than one variable"
        },
        {
            "BeginOffset": 50,
            "EndOffset": 58,
            "Score": 0.6246909499168396,
            "Text": "int num1"
        },
        {
            "BeginOffset": 61,
            "EndOffset": 62,
            "Score": 0.9680330157279968,
            "Text": "5"
        },
        {
            "BeginOffset": 69,
            "EndOffset": 73,
            "Score": 0.8641543984413147,
            "Text": "num2"
        },
        {
            "BeginOffset": 76,
            "EndOffset": 78,
            "Score": 0.9776082634925842,
            "Text": "17"
        },
        {
            "BeginOffset": 81,
            "EndOffset": 87,
            "Score": 0.8374750018119812,
            "Text": "printf"
        },
        {
            "BeginOffset": 89,
            "EndOffset": 93,
            "Score": 0.866844654083252,
            "Text": "num1"
        },
        {
            "BeginOffset": 104,
            "EndOffset": 108,
            "Score": 0.902446448802948,
            "Text": "num2"
        },
        {
            "BeginOffset": 112,
            "EndOffset": 116,
            "Score": 0.7233757376670837,
            "Text": "%d\\n"
        },
        {
            "BeginOffset": 119,
            "EndOffset": 123,
            "Score": 0.9296013116836548,
            "Text": "num1"
        },
        {
            "BeginOffset": 125,
            "EndOffset": 129,
            "Score": 0.96630859375,
            "Text": "num2"
        },
        {
            "BeginOffset": 133,
            "EndOffset": 142,
            "Score": 0.9993323087692261,
            "Text": "The order"
        },
        {
            "BeginOffset": 146,
            "EndOffset": 155,
            "Score": 0.9998031258583069,
            "Text": "arguments"
        },
        {
            "BeginOffset": 160,
            "EndOffset": 169,
            "Score": 0.9991106986999512,
            "Text": "the order"
        },
        {
            "BeginOffset": 193,
            "EndOffset": 197,
            "Score": 0.7985367774963379,
            "Text": "num1"
        },
        {
            "BeginOffset": 200,
            "EndOffset": 201,
            "Score": 0.9693303108215332,
            "Text": "5"
        },
        {
            "BeginOffset": 208,
            "EndOffset": 212,
            "Score": 0.8662949800491333,
            "Text": "num2"
        },
        {
            "BeginOffset": 215,
            "EndOffset": 217,
            "Score": 0.977600634098053,
            "Text": "17"
        },
        {
            "BeginOffset": 220,
            "EndOffset": 226,
            "Score": 0.8373221158981323,
            "Text": "printf"
        },
        {
            "BeginOffset": 229,
            "EndOffset": 233,
            "Score": 0.8608914613723755,
            "Text": "num2"
        },
        {
            "BeginOffset": 244,
            "EndOffset": 248,
            "Score": 0.901699960231781,
            "Text": "num1"
        },
        {
            "BeginOffset": 252,
            "EndOffset": 256,
            "Score": 0.7282537817955017,
            "Text": "%d\\n"
        },
        {
            "BeginOffset": 259,
            "EndOffset": 263,
            "Score": 0.9272981286048889,
            "Text": "num2"
        },
        {
            "BeginOffset": 265,
            "EndOffset": 269,
            "Score": 0.9608513712882996,
            "Text": "num1"
        }
    ],
    "ResponseMetadata": {
        "HTTPHeaders": {
            "content-length": "1962",
            "content-type": "application/x-amz-json-1.1",
            "date": "Thu, 28 Mar 2019 13:01:25 GMT",
            "x-amzn-requestid": "98187737-5159-11e9-b79a-031038b16953"
        },
        "HTTPStatusCode": 200,
        "RequestId": "98187737-5159-11e9-b79a-031038b16953",
        "RetryAttempts": 0
    }
},
{
    "Week": 1,
    "Slide": 24,
    "KeyPhrases": [
        {
            "BeginOffset": 2,
            "EndOffset": 8,
            "Score": 0.9286342859268188,
            "Text": "printf"
        },
        {
            "BeginOffset": 9,
            "EndOffset": 28,
            "Score": 0.845985472202301,
            "Text": "\u2019s placeholders\nint"
        }
    ],
    "ResponseMetadata": {
        "HTTPHeaders": {
            "content-length": "182",
            "content-type": "application/x-amz-json-1.1",
            "date": "Thu, 28 Mar 2019 13:01:26 GMT",
            "x-amzn-requestid": "98d7ceda-5159-11e9-9067-a580ee7ec557"
        },
        "HTTPStatusCode": 200,
        "RequestId": "98d7ceda-5159-11e9-9067-a580ee7ec557",
        "RetryAttempts": 0
    }
},
{
    "Week": 1,
    "Slide": 25,
    "KeyPhrases": [
        {
            "BeginOffset": 2,
            "EndOffset": 9,
            "Score": 0.8370348811149597,
            "Text": "Numbers"
        },
        {
            "BeginOffset": 14,
            "EndOffset": 27,
            "Score": 0.8231854438781738,
            "Text": "scanf\nint num"
        },
        {
            "BeginOffset": 30,
            "EndOffset": 31,
            "Score": 0.81202232837677,
            "Text": "0"
        },
        {
            "BeginOffset": 34,
            "EndOffset": 39,
            "Score": 0.8529880046844482,
            "Text": "scanf"
        },
        {
            "BeginOffset": 48,
            "EndOffset": 51,
            "Score": 0.8842344284057617,
            "Text": "num"
        },
        {
            "BeginOffset": 55,
            "EndOffset": 61,
            "Score": 0.8390468955039978,
            "Text": "printf"
        },
        {
            "BeginOffset": 63,
            "EndOffset": 67,
            "Score": 0.5824416279792786,
            "Text": "\"num"
        },
        {
            "BeginOffset": 70,
            "EndOffset": 74,
            "Score": 0.8441280722618103,
            "Text": "%d\\n"
        },
        {
            "BeginOffset": 77,
            "EndOffset": 80,
            "Score": 0.8847545981407166,
            "Text": "num"
        },
        {
            "BeginOffset": 94,
            "EndOffset": 106,
            "Score": 0.9999393820762634,
            "Text": "the variable"
        },
        {
            "BeginOffset": 150,
            "EndOffset": 163,
            "Score": 0.7005912065505981,
            "Text": "good practice"
        },
        {
            "BeginOffset": 172,
            "EndOffset": 184,
            "Score": 0.7667630314826965,
            "Text": "the & before"
        },
        {
            "BeginOffset": 185,
            "EndOffset": 202,
            "Score": 0.9707067012786865,
            "Text": "the variable name"
        }
    ],
    "ResponseMetadata": {
        "HTTPHeaders": {
            "content-length": "1045",
            "content-type": "application/x-amz-json-1.1",
            "date": "Thu, 28 Mar 2019 13:01:27 GMT",
            "x-amzn-requestid": "99771c29-5159-11e9-b1f4-0d6fc4dbbbce"
        },
        "HTTPStatusCode": 200,
        "RequestId": "99771c29-5159-11e9-b1f4-0d6fc4dbbbce",
        "RetryAttempts": 0
    }
},
{
    "Week": 1,
    "Slide": 26,
    "KeyPhrases": [
        {
            "BeginOffset": 2,
            "EndOffset": 19,
            "Score": 0.9200586676597595,
            "Text": "Reading Variables"
        },
        {
            "BeginOffset": 23,
            "EndOffset": 41,
            "Score": 0.9845662117004395,
            "Text": "Multiple variables"
        },
        {
            "BeginOffset": 43,
            "EndOffset": 58,
            "Score": 0.7119924426078796,
            "Text": "space separated"
        },
        {
            "BeginOffset": 66,
            "EndOffset": 70,
            "Score": 0.830833375453949,
            "Text": "num1"
        },
        {
            "BeginOffset": 73,
            "EndOffset": 74,
            "Score": 0.8885166049003601,
            "Text": "0"
        },
        {
            "BeginOffset": 81,
            "EndOffset": 85,
            "Score": 0.8524922728538513,
            "Text": "num2"
        },
        {
            "BeginOffset": 88,
            "EndOffset": 89,
            "Score": 0.8325244784355164,
            "Text": "0"
        },
        {
            "BeginOffset": 92,
            "EndOffset": 97,
            "Score": 0.849128782749176,
            "Text": "scanf"
        },
        {
            "BeginOffset": 109,
            "EndOffset": 113,
            "Score": 0.9313070774078369,
            "Text": "num1"
        },
        {
            "BeginOffset": 116,
            "EndOffset": 120,
            "Score": 0.9068023562431335,
            "Text": "num2"
        },
        {
            "BeginOffset": 124,
            "EndOffset": 130,
            "Score": 0.8546951413154602,
            "Text": "printf"
        },
        {
            "BeginOffset": 133,
            "EndOffset": 137,
            "Score": 0.7889981269836426,
            "Text": "num1"
        },
        {
            "BeginOffset": 147,
            "EndOffset": 151,
            "Score": 0.6444107294082642,
            "Text": "num2"
        },
        {
            "BeginOffset": 154,
            "EndOffset": 158,
            "Score": 0.8591770529747009,
            "Text": "%d\\n"
        },
        {
            "BeginOffset": 161,
            "EndOffset": 165,
            "Score": 0.929879903793335,
            "Text": "num1"
        },
        {
            "BeginOffset": 167,
            "EndOffset": 171,
            "Score": 0.9648611545562744,
            "Text": "num2"
        },
        {
            "BeginOffset": 175,
            "EndOffset": 193,
            "Score": 0.9837049245834351,
            "Text": "Multiple variables"
        },
        {
            "BeginOffset": 195,
            "EndOffset": 210,
            "Score": 0.7443152666091919,
            "Text": "comma separated"
        },
        {
            "BeginOffset": 214,
            "EndOffset": 222,
            "Score": 0.5941508412361145,
            "Text": "int num1"
        },
        {
            "BeginOffset": 225,
            "EndOffset": 226,
            "Score": 0.8736701011657715,
            "Text": "0"
        },
        {
            "BeginOffset": 233,
            "EndOffset": 237,
            "Score": 0.8497895002365112,
            "Text": "num2"
        },
        {
            "BeginOffset": 240,
            "EndOffset": 241,
            "Score": 0.8325201869010925,
            "Text": "0"
        },
        {
            "BeginOffset": 244,
            "EndOffset": 249,
            "Score": 0.8490985631942749,
            "Text": "scanf"
        },
        {
            "BeginOffset": 262,
            "EndOffset": 266,
            "Score": 0.9326424598693848,
            "Text": "num1"
        },
        {
            "BeginOffset": 269,
            "EndOffset": 273,
            "Score": 0.9067568778991699,
            "Text": "num2"
        },
        {
            "BeginOffset": 277,
            "EndOffset": 283,
            "Score": 0.8548668026924133,
            "Text": "printf"
        },
        {
            "BeginOffset": 286,
            "EndOffset": 290,
            "Score": 0.7891782522201538,
            "Text": "num1"
        },
        {
            "BeginOffset": 300,
            "EndOffset": 304,
            "Score": 0.6443996429443359,
            "Text": "num2"
        },
        {
            "BeginOffset": 307,
            "EndOffset": 311,
            "Score": 0.8591756224632263,
            "Text": "%d\\n"
        },
        {
            "BeginOffset": 314,
            "EndOffset": 318,
            "Score": 0.9298788905143738,
            "Text": "num1"
        },
        {
            "BeginOffset": 320,
            "EndOffset": 324,
            "Score": 0.9659004807472229,
            "Text": "num2"
        },
        {
            "BeginOffset": 333,
            "EndOffset": 351,
            "Score": 0.9724304676055908,
            "Text": "the space or comma"
        },
        {
            "BeginOffset": 360,
            "EndOffset": 373,
            "Score": 0.999405026435852,
            "Text": "the variables"
        }
    ],
    "ResponseMetadata": {
        "HTTPHeaders": {
            "content-length": "2622",
            "content-type": "application/x-amz-json-1.1",
            "date": "Thu, 28 Mar 2019 13:01:29 GMT",
            "x-amzn-requestid": "9a266f1e-5159-11e9-9bf3-7b40ac3c3f45"
        },
        "HTTPStatusCode": 200,
        "RequestId": "9a266f1e-5159-11e9-9bf3-7b40ac3c3f45",
        "RetryAttempts": 0
    }
},
{
    "Week": 1,
    "Slide": 27,
    "KeyPhrases": [
        {
            "BeginOffset": 9,
            "EndOffset": 18,
            "Score": 0.5904865860939026,
            "Text": "decisions"
        },
        {
            "BeginOffset": 19,
            "EndOffset": 38,
            "Score": 0.9695324897766113,
            "Text": "different behaviour"
        }
    ],
    "ResponseMetadata": {
        "HTTPHeaders": {
            "content-length": "185",
            "content-type": "application/x-amz-json-1.1",
            "date": "Thu, 28 Mar 2019 13:01:29 GMT",
            "x-amzn-requestid": "9ad59b05-5159-11e9-a283-3b6eea63fce5"
        },
        "HTTPStatusCode": 200,
        "RequestId": "9ad59b05-5159-11e9-a283-3b6eea63fce5",
        "RetryAttempts": 0
    }
},
{
    "Week": 1,
    "Slide": 28,
    "KeyPhrases": [
        {
            "BeginOffset": 2,
            "EndOffset": 9,
            "Score": 0.6179163455963135,
            "Text": "Driving"
        },
        {
            "BeginOffset": 11,
            "EndOffset": 17,
            "Score": 0.6810721755027771,
            "Text": "Take 1"
        },
        {
            "BeginOffset": 24,
            "EndOffset": 33,
            "Score": 0.9996029734611511,
            "Text": "a program"
        },
        {
            "BeginOffset": 45,
            "EndOffset": 53,
            "Score": 0.9966639280319214,
            "Text": "the user"
        },
        {
            "BeginOffset": 63,
            "EndOffset": 72,
            "Score": 0.9993297457695007,
            "Text": "their age"
        },
        {
            "BeginOffset": 87,
            "EndOffset": 104,
            "Score": 0.9545903205871582,
            "Text": "at least 16 years"
        },
        {
            "BeginOffset": 195,
            "EndOffset": 205,
            "Score": 0.9399596452713013,
            "Text": "a nice day"
        }
    ],
    "ResponseMetadata": {
        "HTTPHeaders": {
            "content-length": "580",
            "content-type": "application/x-amz-json-1.1",
            "date": "Thu, 28 Mar 2019 13:01:30 GMT",
            "x-amzn-requestid": "9b6ad5d6-5159-11e9-968d-b5d967a94d5a"
        },
        "HTTPStatusCode": 200,
        "RequestId": "9b6ad5d6-5159-11e9-968d-b5d967a94d5a",
        "RetryAttempts": 0
    }
},
{
    "Week": 1,
    "Slide": 29,
    "KeyPhrases": [
        {
            "BeginOffset": 2,
            "EndOffset": 9,
            "Score": 0.6179163455963135,
            "Text": "Driving"
        },
        {
            "BeginOffset": 11,
            "EndOffset": 17,
            "Score": 0.6810721755027771,
            "Text": "Take 1"
        },
        {
            "BeginOffset": 24,
            "EndOffset": 33,
            "Score": 0.9996029734611511,
            "Text": "a program"
        },
        {
            "BeginOffset": 45,
            "EndOffset": 53,
            "Score": 0.9966639280319214,
            "Text": "the user"
        },
        {
            "BeginOffset": 63,
            "EndOffset": 72,
            "Score": 0.9993297457695007,
            "Text": "their age"
        },
        {
            "BeginOffset": 87,
            "EndOffset": 104,
            "Score": 0.9545903205871582,
            "Text": "at least 16 years"
        },
        {
            "BeginOffset": 195,
            "EndOffset": 205,
            "Score": 0.9399596452713013,
            "Text": "a nice day"
        }
    ],
    "ResponseMetadata": {
        "HTTPHeaders": {
            "content-length": "580",
            "content-type": "application/x-amz-json-1.1",
            "date": "Thu, 28 Mar 2019 13:01:31 GMT",
            "x-amzn-requestid": "9c047e2c-5159-11e9-a9c1-9d8813a6657d"
        },
        "HTTPStatusCode": 200,
        "RequestId": "9c047e2c-5159-11e9-a9c1-9d8813a6657d",
        "RetryAttempts": 0
    }
},
{
    "Week": 1,
    "Slide": 30,
    "KeyPhrases": [
        {
            "BeginOffset": 2,
            "EndOffset": 9,
            "Score": 0.680242657661438,
            "Text": "Driving"
        },
        {
            "BeginOffset": 16,
            "EndOffset": 17,
            "Score": 0.9882889986038208,
            "Text": "1"
        },
        {
            "BeginOffset": 19,
            "EndOffset": 23,
            "Score": 0.5436059832572937,
            "Text": "Step"
        },
        {
            "BeginOffset": 27,
            "EndOffset": 41,
            "Score": 0.8660609722137451,
            "Text": "Step\n\u2026 Print \u201c"
        },
        {
            "BeginOffset": 61,
            "EndOffset": 67,
            "Score": 0.9203242063522339,
            "Text": "\u2026 Read"
        },
        {
            "BeginOffset": 71,
            "EndOffset": 80,
            "Score": 0.9949038624763489,
            "Text": "their age"
        },
        {
            "BeginOffset": 83,
            "EndOffset": 84,
            "Score": 0.3462192714214325,
            "Text": "\u2026"
        },
        {
            "BeginOffset": 88,
            "EndOffset": 97,
            "Score": 0.9991472363471985,
            "Text": "their age"
        },
        {
            "BeginOffset": 101,
            "EndOffset": 105,
            "Score": 0.8686528205871582,
            "Text": "\u2265 16"
        },
        {
            "BeginOffset": 132,
            "EndOffset": 141,
            "Score": 0.9278247356414795,
            "Text": "\u2026 Print \u201c"
        },
        {
            "BeginOffset": 146,
            "EndOffset": 156,
            "Score": 0.9603959918022156,
            "Text": "a nice day"
        }
    ],
    "ResponseMetadata": {
        "HTTPHeaders": {
            "content-length": "889",
            "content-type": "application/x-amz-json-1.1",
            "date": "Thu, 28 Mar 2019 13:01:32 GMT",
            "x-amzn-requestid": "9cc3fd71-5159-11e9-9bf3-7b40ac3c3f45"
        },
        "HTTPStatusCode": 200,
        "RequestId": "9cc3fd71-5159-11e9-9bf3-7b40ac3c3f45",
        "RetryAttempts": 0
    }
},
{
    "Week": 1,
    "Slide": 31,
    "KeyPhrases": [
        {
            "BeginOffset": 8,
            "EndOffset": 14,
            "Score": 0.7333011627197266,
            "Text": "a user"
        },
        {
            "BeginOffset": 26,
            "EndOffset": 139,
            "Score": 0.9023206830024719,
            "Text": "Andrew Bennett <andrew.bennett@unsw.edu.au> \n// 2017-07-31 \n \n#include <stdio.h> \n#include <stdlib.h> \n \nint main"
        },
        {
            "BeginOffset": 145,
            "EndOffset": 149,
            "Score": 0.3816015422344208,
            "Text": "argc"
        },
        {
            "BeginOffset": 151,
            "EndOffset": 155,
            "Score": 0.4977252781391144,
            "Text": "char"
        },
        {
            "BeginOffset": 157,
            "EndOffset": 163,
            "Score": 0.8155129551887512,
            "Text": "argv[]"
        },
        {
            "BeginOffset": 172,
            "EndOffset": 178,
            "Score": 0.7872961163520813,
            "Text": "printf"
        },
        {
            "BeginOffset": 207,
            "EndOffset": 214,
            "Score": 0.8536734580993652,
            "Text": "int age"
        },
        {
            "BeginOffset": 217,
            "EndOffset": 218,
            "Score": 0.9735514521598816,
            "Text": "0"
        },
        {
            "BeginOffset": 229,
            "EndOffset": 234,
            "Score": 0.8496881127357483,
            "Text": "age >"
        },
        {
            "BeginOffset": 236,
            "EndOffset": 238,
            "Score": 0.8583306670188904,
            "Text": "16"
        },
        {
            "BeginOffset": 251,
            "EndOffset": 257,
            "Score": 0.7926405668258667,
            "Text": "printf"
        },
        {
            "BeginOffset": 294,
            "EndOffset": 300,
            "Score": 0.7268158793449402,
            "Text": "printf"
        },
        {
            "BeginOffset": 308,
            "EndOffset": 318,
            "Score": 0.995868980884552,
            "Text": "a nice day"
        },
        {
            "BeginOffset": 332,
            "EndOffset": 351,
            "Score": 0.8365276455879211,
            "Text": "return EXIT_SUCCESS"
        }
    ],
    "ResponseMetadata": {
        "HTTPHeaders": {
            "content-length": "1234",
            "content-type": "application/x-amz-json-1.1",
            "date": "Thu, 28 Mar 2019 13:01:34 GMT",
            "x-amzn-requestid": "9d6baee2-5159-11e9-a698-9b1a515702e6"
        },
        "HTTPStatusCode": 200,
        "RequestId": "9d6baee2-5159-11e9-a698-9b1a515702e6",
        "RetryAttempts": 0
    }
}
]