[
    {
        "Week": 1,
        "Slide": 0,
        "KeyPhrases": [
            {
                "Score": 0.8088523149490356,
                "Text": "lecture"
            },
            {
                "Score": 0.8088523149490356,
                "Text": "number"
            },
            {
                "Score": 0.856476366519928,
                "Text": "number"
            },
            {
                "Score": 0.856476366519928,
                "Text": "bennett"
            },
            {
                "Score": 0.856476366519928,
                "Text": "printf"
            },
            {
                "Score": 0.856476366519928,
                "Text": "out"
            },
            {
                "Score": 0.856476366519928,
                "Text": "andrew"
            }
        ]
    },
    {
        "Week": 1,
        "Slide": 1,
        "KeyPhrases": [
            {
                "Score": 0.997734785079956,
                "Text": "person"
            }
        ]
    },
    {
        "Week": 1,
        "Slide": 2,
        "KeyPhrases": [
            {
                "Score": 0.720007598400116,
                "Text": "admin"
            },
            {
                "Score": 0.720007598400116,
                "Text": "tutorial"
            },
            {
                "Score": 0.8883029222488403,
                "Text": "laboratory"
            },
            {
                "Score": 0.902273416519165,
                "Text": "week"
            },
            {
                "Score": 0.9339168071746826,
                "Text": "tutes"
            },
            {
                "Score": 0.9339168071746826,
                "Text": "lab"
            },
            {
                "Score": 0.9229814410209656,
                "Text": "lecture"
            },
            {
                "Score": 0.9695210456848145,
                "Text": "webcms"
            },
            {
                "Score": 0.9445352554321289,
                "Text": "home"
            }
        ]
    },
    {
        "Week": 1,
        "Slide": 3,
        "KeyPhrases": [
            {
                "Score": 0.959599494934082,
                "Text": "course"
            },
            {
                "Score": 0.959599494934082,
                "Text": "forum"
            },
            {
                "Score": 0.9711918234825134,
                "Text": "talk"
            },
            {
                "Score": 0.9275962710380554,
                "Text": "lecture"
            },
            {
                "Score": 0.9275962710380554,
                "Text": "talk"
            },
            {
                "Score": 0.735198974609375,
                "Text": "lab"
            },
            {
                "Score": 0.735198974609375,
                "Text": "help"
            }
        ]
    },
    {
        "Week": 1,
        "Slide": 4,
        "KeyPhrases": [
            {
                "Score": 0.7928991317749023,
                "Text": "hello"
            },
            {
                "Score": 0.7928991317749023,
                "Text": "print"
            },
            {
                "Score": 0.7928991317749023,
                "Text": "world"
            },
            {
                "Score": 0.9930665493011475,
                "Text": "message"
            },
            {
                "Score": 0.8963178992271423,
                "Text": "andrew"
            },
            {
                "Score": 0.8963178992271423,
                "Text": "bennett"
            },
            {
                "Score": 0.8963178992271423,
                "Text": "int"
            },
            {
                "Score": 0.3827507495880127,
                "Text": "void"
            },
            {
                "Score": 0.879770815372467,
                "Text": "world"
            },
            {
                "Score": 0.9477297067642212,
                "Text": "message"
            },
            {
                "Score": 0.7481299638748169,
                "Text": "printf"
            },
            {
                "Score": 0.9708709120750427,
                "Text": "world"
            },
            {
                "Score": 0.7253608107566833,
                "Text": "return"
            }
        ]
    },
    {
        "Week": 1,
        "Slide": 5,
        "KeyPhrases": [
            {
                "Score": 0.9692326188087463,
                "Text": "show"
            },
            {
                "Score": 0.9692326188087463,
                "Text": "unix"
            },
            {
                "Score": 0.9692326188087463,
                "Text": "pwd"
            },
            {
                "Score": 0.9159154295921326,
                "Text": "pwd"
            },
            {
                "Score": 0.9989593029022217,
                "Text": "item"
            },
            {
                "Score": 0.9909923672676086,
                "Text": "directory"
            },
            {
                "Score": 0.9226827621459961,
                "Text": "bin"
            },
            {
                "Score": 0.9226827621459961,
                "Text": "lib"
            },
            {
                "Score": 0.9226827621459961,
                "Text": "tmp"
            },
            {
                "Score": 0.9226827621459961,
                "Text": "web"
            },
            {
                "Score": 0.9226827621459961,
                "Text": "mkdir"
            },
            {
                "Score": 0.9755187034606934,
                "Text": "directory"
            },
            {
                "Score": 0.7947059869766235,
                "Text": "mkdir"
            },
            {
                "Score": 0.88657146692276,
                "Text": "bin"
            },
            {
                "Score": 0.88657146692276,
                "Text": "lib"
            },
            {
                "Score": 0.88657146692276,
                "Text": "tmp"
            }
        ]
    },
    {
        "Week": 1,
        "Slide": 6,
        "KeyPhrases": [
            {
                "Score": 0.9013338088989258,
                "Text": "change"
            },
            {
                "Score": 0.9013338088989258,
                "Text": "unix"
            },
            {
                "Score": 0.5802795886993408,
                "Text": "directory"
            },
            {
                "Score": 0.8755419850349426,
                "Text": "pwd"
            },
            {
                "Score": 0.9884604215621948,
                "Text": "directory"
            },
            {
                "Score": 0.8377089500427246,
                "Text": "pwd"
            }
        ]
    },
    {
        "Week": 1,
        "Slide": 7,
        "KeyPhrases": [
            {
                "Score": 0.9908645749092102,
                "Text": "program"
            },
            {
                "Score": 0.9978243708610535,
                "Text": "program"
            },
            {
                "Score": 0.9936178922653198,
                "Text": "terminal"
            },
            {
                "Score": 0.9933547973632812,
                "Text": "text"
            },
            {
                "Score": 0.9933547973632812,
                "Text": "editor"
            },
            {
                "Score": 0.47368869185447693,
                "Text": "gedit"
            },
            {
                "Score": 0.7075749635696411,
                "Text": "gedit"
            },
            {
                "Score": 0.9999564290046692,
                "Text": "code"
            },
            {
                "Score": 0.8859272599220276,
                "Text": "dcc"
            },
            {
                "Score": 0.7575455904006958,
                "Text": "dcc"
            },
            {
                "Score": 0.5989840030670166,
                "Text": "hello"
            },
            {
                "Score": 0.5989840030670166,
                "Text": "hello"
            }
        ]
    },
    {
        "Week": 1,
        "Slide": 8,
        "KeyPhrases": [
            {
                "Score": 0.9897626042366028,
                "Text": "construction"
            },
            {
                "Score": 0.9897626042366028,
                "Text": "exercise"
            },
            {
                "Score": 0.9951647520065308,
                "Text": "problem"
            },
            {
                "Score": 0.8088480830192566,
                "Text": "proposed"
            },
            {
                "Score": 0.8088480830192566,
                "Text": "solution"
            },
            {
                "Score": 0.9859797358512878,
                "Text": "step"
            },
            {
                "Score": 0.9951476454734802,
                "Text": "step"
            },
            {
                "Score": 0.9972456693649292,
                "Text": "step"
            },
            {
                "Score": 0.9996260404586792,
                "Text": "instruction"
            },
            {
                "Score": 0.973941445350647,
                "Text": "language"
            },
            {
                "Score": 0.9988341331481934,
                "Text": "editor"
            },
            {
                "Score": 0.9991956949234009,
                "Text": "file"
            },
            {
                "Score": 0.9337232112884521,
                "Text": "program"
            },
            {
                "Score": 0.9881253838539124,
                "Text": "compiler"
            },
            {
                "Score": 0.9990977048873901,
                "Text": "syntax"
            },
            {
                "Score": 0.7724173069000244,
                "Text": "program"
            },
            {
                "Score": 0.9980404376983643,
                "Text": "program"
            },
            {
                "Score": 0.9979487061500549,
                "Text": "range"
            }
        ]
    },
    {
        "Week": 1,
        "Slide": 9,
        "KeyPhrases": [
            {
                "Score": 0.9949727654457092,
                "Text": "program"
            },
            {
                "Score": 0.9994004964828491,
                "Text": "human"
            },
            {
                "Score": 0.9983609914779663,
                "Text": "program"
            },
            {
                "Score": 0.9913330078125,
                "Text": "machine"
            },
            {
                "Score": 0.9913330078125,
                "Text": "code"
            },
            {
                "Score": 0.9995924830436707,
                "Text": "process"
            },
            {
                "Score": 0.9949589371681213,
                "Text": "compilation"
            },
            {
                "Score": 0.9920697808265686,
                "Text": "compiler"
            },
            {
                "Score": 0.9936140775680542,
                "Text": "compiler"
            },
            {
                "Score": 0.949870228767395,
                "Text": "dcc"
            },
            {
                "Score": 0.9118247032165527,
                "Text": "dcc"
            },
            {
                "Score": 0.9876900315284729,
                "Text": "custom"
            },
            {
                "Score": 0.9876900315284729,
                "Text": "wrapper"
            },
            {
                "Score": 0.9906039834022522,
                "Text": "compiler"
            },
            {
                "Score": 0.7206815481185913,
                "Text": "clang"
            },
            {
                "Score": 0.9236761927604675,
                "Text": "used"
            },
            {
                "Score": 0.9236761927604675,
                "Text": "compiler"
            },
            {
                "Score": 0.9195989966392517,
                "Text": "gcc"
            }
        ]
    },
    {
        "Week": 1,
        "Slide": 10,
        "KeyPhrases": []
    },
    {
        "Week": 1,
        "Slide": 11,
        "KeyPhrases": [
            {
                "Score": 0.9143697023391724,
                "Text": "printf"
            },
            {
                "Score": 0.9143697023391724,
                "Text": "printf"
            },
            {
                "Score": 0.7146754264831543,
                "Text": "world"
            },
            {
                "Score": 0.9282461404800415,
                "Text": "text"
            },
            {
                "Score": 0.7816694974899292,
                "Text": "world"
            }
        ]
    },
    {
        "Week": 1,
        "Slide": 12,
        "KeyPhrases": [
            {
                "Score": 0.7526484727859497,
                "Text": "printing"
            },
            {
                "Score": 0.6658266186714172,
                "Text": "than"
            },
            {
                "Score": 0.6658266186714172,
                "Text": "word"
            },
            {
                "Score": 0.9295942783355713,
                "Text": "than"
            },
            {
                "Score": 0.9295942783355713,
                "Text": "word"
            }
        ]
    },
    {
        "Week": 1,
        "Slide": 13,
        "KeyPhrases": [
            {
                "Score": 0.7526484727859497,
                "Text": "printing"
            },
            {
                "Score": 0.6658266186714172,
                "Text": "than"
            },
            {
                "Score": 0.6658266186714172,
                "Text": "word"
            },
            {
                "Score": 0.9137460589408875,
                "Text": "than"
            },
            {
                "Score": 0.9137460589408875,
                "Text": "word"
            },
            {
                "Score": 0.6593955159187317,
                "Text": "yes"
            },
            {
                "Score": 0.6588804721832275,
                "Text": "printf"
            }
        ]
    },
    {
        "Week": 1,
        "Slide": 14,
        "KeyPhrases": []
    },
    {
        "Week": 1,
        "Slide": 15,
        "KeyPhrases": [
            {
                "Score": 0.5107870101928711,
                "Text": "print"
            },
            {
                "Score": 0.9981467127799988,
                "Text": "sum"
            },
            {
                "Score": 0.9799381494522095,
                "Text": "number"
            },
            {
                "Score": 0.8991936445236206,
                "Text": "andrew"
            },
            {
                "Score": 0.8991936445236206,
                "Text": "bennett"
            },
            {
                "Score": 0.8991936445236206,
                "Text": "int"
            },
            {
                "Score": 0.40177157521247864,
                "Text": "void"
            },
            {
                "Score": 0.9965561032295227,
                "Text": "number"
            },
            {
                "Score": 0.7180899977684021,
                "Text": "printf"
            },
            {
                "Score": 0.9907457232475281,
                "Text": "sum"
            },
            {
                "Score": 0.7057912349700928,
                "Text": "return"
            }
        ]
    },
    {
        "Week": 1,
        "Slide": 16,
        "KeyPhrases": [
            {
                "Score": 0.9995884895324707,
                "Text": "number"
            },
            {
                "Score": 0.9976183772087097,
                "Text": "value"
            },
            {
                "Score": 0.997471809387207,
                "Text": "hand"
            }
        ]
    },
    {
        "Week": 1,
        "Slide": 17,
        "KeyPhrases": []
    },
    {
        "Week": 1,
        "Slide": 18,
        "KeyPhrases": [
            {
                "Score": 0.8412845730781555,
                "Text": "type"
            },
            {
                "Score": 0.9235199093818665,
                "Text": "data"
            },
            {
                "Score": 0.925967276096344,
                "Text": "data"
            },
            {
                "Score": 0.925967276096344,
                "Text": "type"
            },
            {
                "Score": 0.9852170944213867,
                "Text": "size"
            },
            {
                "Score": 0.9852170944213867,
                "Text": "structure"
            },
            {
                "Score": 0.998367428779602,
                "Text": "week"
            },
            {
                "Score": 0.9878847002983093,
                "Text": "data"
            },
            {
                "Score": 0.9878847002983093,
                "Text": "type"
            },
            {
                "Score": 0.8208107352256775,
                "Text": "store"
            },
            {
                "Score": 0.8208107352256775,
                "Text": "number"
            },
            {
                "Score": 0.8727229237556458,
                "Text": "store"
            },
            {
                "Score": 0.8727229237556458,
                "Text": "float"
            },
            {
                "Score": 0.8528672456741333,
                "Text": "number"
            },
            {
                "Score": 0.8528672456741333,
                "Text": "point"
            },
            {
                "Score": 0.9994798302650452,
                "Text": "type"
            },
            {
                "Score": 0.9969382286071777,
                "Text": "future"
            },
            {
                "Score": 0.9969382286071777,
                "Text": "week"
            },
            {
                "Score": 0.999528169631958,
                "Text": "type"
            }
        ]
    },
    {
        "Week": 1,
        "Slide": 19,
        "KeyPhrases": [
            {
                "Score": 0.997000515460968,
                "Text": "time"
            },
            {
                "Score": 0.9934992790222168,
                "Text": "type"
            },
            {
                "Score": 0.3872629702091217,
                "Text": "initialise"
            },
            {
                "Score": 0.9915263652801514,
                "Text": "value"
            },
            {
                "Score": 0.958874523639679,
                "Text": "value"
            },
            {
                "Score": 0.7022517323493958,
                "Text": "num"
            },
            {
                "Score": 0.8206672668457031,
                "Text": "num"
            },
            {
                "Score": 0.7940900921821594,
                "Text": "initialise"
            },
            {
                "Score": 0.43212783336639404,
                "Text": "num"
            }
        ]
    },
    {
        "Week": 1,
        "Slide": 20,
        "KeyPhrases": [
            {
                "Score": 0.9989758729934692,
                "Text": "step"
            },
            {
                "Score": 0.6978697776794434,
                "Text": "int"
            },
            {
                "Score": 0.6978697776794434,
                "Text": "num"
            },
            {
                "Score": 0.619382917881012,
                "Text": "initialise"
            },
            {
                "Score": 0.44070592522621155,
                "Text": "num"
            }
        ]
    },
    {
        "Week": 1,
        "Slide": 21,
        "KeyPhrases": [
            {
                "Score": 0.9682592749595642,
                "Text": "identifier"
            },
            {
                "Score": 0.8369643092155457,
                "Text": "letters"
            },
            {
                "Score": 0.8369643092155457,
                "Text": "digit"
            },
            {
                "Score": 0.8369643092155457,
                "Text": "underscore"
            },
            {
                "Score": 0.9990799427032471,
                "Text": "character"
            },
            {
                "Score": 0.9985988140106201,
                "Text": "letter"
            },
            {
                "Score": 0.5329421758651733,
                "Text": "keywords"
            },
            {
                "Score": 0.7827712297439575,
                "Text": "int"
            }
        ]
    },
    {
        "Week": 1,
        "Slide": 22,
        "KeyPhrases": [
            {
                "Score": 0.8493599891662598,
                "Text": "printing"
            },
            {
                "Score": 0.8771377801895142,
                "Text": "printf"
            },
            {
                "Score": 0.8736951351165771,
                "Text": "hello"
            },
            {
                "Score": 0.8736951351165771,
                "Text": "world"
            },
            {
                "Score": 0.8115742802619934,
                "Text": "int"
            },
            {
                "Score": 0.8115742802619934,
                "Text": "num"
            },
            {
                "Score": 0.8456494212150574,
                "Text": "printf"
            },
            {
                "Score": 0.8862026333808899,
                "Text": "num"
            }
        ]
    },
    {
        "Week": 1,
        "Slide": 23,
        "KeyPhrases": [
            {
                "Score": 0.8306858539581299,
                "Text": "printing"
            },
            {
                "Score": 0.9237203001976013,
                "Text": "than"
            },
            {
                "Score": 0.6246909499168396,
                "Text": "int"
            },
            {
                "Score": 0.8374750018119812,
                "Text": "printf"
            },
            {
                "Score": 0.9993323087692261,
                "Text": "order"
            },
            {
                "Score": 0.9998031258583069,
                "Text": "argument"
            },
            {
                "Score": 0.9991106986999512,
                "Text": "order"
            },
            {
                "Score": 0.8373221158981323,
                "Text": "printf"
            }
        ]
    },
    {
        "Week": 1,
        "Slide": 24,
        "KeyPhrases": [
            {
                "Score": 0.9286342859268188,
                "Text": "printf"
            },
            {
                "Score": 0.845985472202301,
                "Text": "placeholder"
            },
            {
                "Score": 0.845985472202301,
                "Text": "int"
            }
        ]
    },
    {
        "Week": 1,
        "Slide": 25,
        "KeyPhrases": [
            {
                "Score": 0.8370348811149597,
                "Text": "number"
            },
            {
                "Score": 0.8231854438781738,
                "Text": "num"
            },
            {
                "Score": 0.8231854438781738,
                "Text": "scanf"
            },
            {
                "Score": 0.8231854438781738,
                "Text": "int"
            },
            {
                "Score": 0.8529880046844482,
                "Text": "scanf"
            },
            {
                "Score": 0.8842344284057617,
                "Text": "num"
            },
            {
                "Score": 0.8390468955039978,
                "Text": "printf"
            },
            {
                "Score": 0.8847545981407166,
                "Text": "num"
            },
            {
                "Score": 0.7005912065505981,
                "Text": "practice"
            },
            {
                "Score": 0.7667630314826965,
                "Text": "before"
            },
            {
                "Score": 0.9707067012786865,
                "Text": "name"
            }
        ]
    },
    {
        "Week": 1,
        "Slide": 26,
        "KeyPhrases": [
            {
                "Score": 0.9200586676597595,
                "Text": "reading"
            },
            {
                "Score": 0.9845662117004395,
                "Text": "multiple"
            },
            {
                "Score": 0.7119924426078796,
                "Text": "space"
            },
            {
                "Score": 0.7119924426078796,
                "Text": "separated"
            },
            {
                "Score": 0.849128782749176,
                "Text": "scanf"
            },
            {
                "Score": 0.8546951413154602,
                "Text": "printf"
            },
            {
                "Score": 0.9837049245834351,
                "Text": "multiple"
            },
            {
                "Score": 0.7443152666091919,
                "Text": "comma"
            },
            {
                "Score": 0.7443152666091919,
                "Text": "separated"
            },
            {
                "Score": 0.5941508412361145,
                "Text": "int"
            },
            {
                "Score": 0.8490985631942749,
                "Text": "scanf"
            },
            {
                "Score": 0.8548668026924133,
                "Text": "printf"
            },
            {
                "Score": 0.9724304676055908,
                "Text": "space"
            },
            {
                "Score": 0.9724304676055908,
                "Text": "comma"
            }
        ]
    },
    {
        "Week": 1,
        "Slide": 27,
        "KeyPhrases": [
            {
                "Score": 0.5904865860939026,
                "Text": "decision"
            },
            {
                "Score": 0.9695324897766113,
                "Text": "behaviour"
            }
        ]
    },
    {
        "Week": 1,
        "Slide": 28,
        "KeyPhrases": [
            {
                "Score": 0.9996029734611511,
                "Text": "program"
            },
            {
                "Score": 0.9966639280319214,
                "Text": "user"
            },
            {
                "Score": 0.9993297457695007,
                "Text": "age"
            },
            {
                "Score": 0.9545903205871582,
                "Text": "year"
            },
            {
                "Score": 0.9399596452713013,
                "Text": "day"
            }
        ]
    },
    {
        "Week": 1,
        "Slide": 29,
        "KeyPhrases": [
            {
                "Score": 0.9996029734611511,
                "Text": "program"
            },
            {
                "Score": 0.9966639280319214,
                "Text": "user"
            },
            {
                "Score": 0.9993297457695007,
                "Text": "age"
            },
            {
                "Score": 0.9545903205871582,
                "Text": "year"
            },
            {
                "Score": 0.9399596452713013,
                "Text": "day"
            }
        ]
    },
    {
        "Week": 1,
        "Slide": 30,
        "KeyPhrases": [
            {
                "Score": 0.5436059832572937,
                "Text": "step"
            },
            {
                "Score": 0.8660609722137451,
                "Text": "print"
            },
            {
                "Score": 0.8660609722137451,
                "Text": "step"
            },
            {
                "Score": 0.9203242063522339,
                "Text": "read"
            },
            {
                "Score": 0.9949038624763489,
                "Text": "age"
            },
            {
                "Score": 0.9991472363471985,
                "Text": "age"
            },
            {
                "Score": 0.9278247356414795,
                "Text": "print"
            },
            {
                "Score": 0.9603959918022156,
                "Text": "day"
            }
        ]
    },
    {
        "Week": 1,
        "Slide": 31,
        "KeyPhrases": [
            {
                "Score": 0.7333011627197266,
                "Text": "user"
            },
            {
                "Score": 0.9023206830024719,
                "Text": "andrew"
            },
            {
                "Score": 0.9023206830024719,
                "Text": "bennett"
            },
            {
                "Score": 0.9023206830024719,
                "Text": "int"
            },
            {
                "Score": 0.3816015422344208,
                "Text": "argc"
            },
            {
                "Score": 0.4977252781391144,
                "Text": "char"
            },
            {
                "Score": 0.8155129551887512,
                "Text": "argv"
            },
            {
                "Score": 0.7872961163520813,
                "Text": "printf"
            },
            {
                "Score": 0.8536734580993652,
                "Text": "int"
            },
            {
                "Score": 0.8536734580993652,
                "Text": "age"
            },
            {
                "Score": 0.8496881127357483,
                "Text": "age"
            },
            {
                "Score": 0.7926405668258667,
                "Text": "printf"
            },
            {
                "Score": 0.7268158793449402,
                "Text": "printf"
            },
            {
                "Score": 0.995868980884552,
                "Text": "day"
            },
            {
                "Score": 0.8365276455879211,
                "Text": "return"
            }
        ]
    }
]