[
{
    "Week": 1,
    "Slide": 0,
    "KeyPhrases": [
        {
            "BeginOffset": 14,
            "EndOffset": 23,
            "Score": 0.7755911946296692,
            "Text": "1511 18s1"
        }
    ],
    "ResponseMetadata": {
        "HTTPHeaders": {
            "content-length": "96",
            "content-type": "application/x-amz-json-1.1",
            "date": "Thu, 28 Mar 2019 13:02:10 GMT",
            "x-amzn-requestid": "b32d4bb0-5159-11e9-9067-a580ee7ec557"
        },
        "HTTPStatusCode": 200,
        "RequestId": "b32d4bb0-5159-11e9-9067-a580ee7ec557",
        "RetryAttempts": 0
    }
},
{
    "Week": 1,
    "Slide": 1,
    "KeyPhrases": [
        {
            "BeginOffset": 1,
            "EndOffset": 20,
            "Score": 0.8244768977165222,
            "Text": "\u2014 Lecture 0 \u2014\nHello"
        },
        {
            "BeginOffset": 22,
            "EndOffset": 27,
            "Score": 0.9322470426559448,
            "Text": "World"
        },
        {
            "BeginOffset": 30,
            "EndOffset": 95,
            "Score": 0.9111824631690979,
            "Text": "Andrew Bennett \n<andrew.bennett@unsw.edu.au>\n\ncourse introduction"
        },
        {
            "BeginOffset": 97,
            "EndOffset": 112,
            "Score": 0.8141428232192993,
            "Text": "the big picture"
        },
        {
            "BeginOffset": 115,
            "EndOffset": 126,
            "Score": 0.9868840575218201,
            "Text": "many sights"
        }
    ],
    "ResponseMetadata": {
        "HTTPHeaders": {
            "content-length": "496",
            "content-type": "application/x-amz-json-1.1",
            "date": "Thu, 28 Mar 2019 13:02:11 GMT",
            "x-amzn-requestid": "b3dc9eea-5159-11e9-a1f4-5925745f18c1"
        },
        "HTTPStatusCode": 200,
        "RequestId": "b3dc9eea-5159-11e9-a1f4-5925745f18c1",
        "RetryAttempts": 0
    }
},
{
    "Week": 1,
    "Slide": 2,
    "KeyPhrases": [],
    "ResponseMetadata": {
        "HTTPHeaders": {
            "content-length": "17",
            "content-type": "application/x-amz-json-1.1",
            "date": "Thu, 28 Mar 2019 13:02:12 GMT",
            "x-amzn-requestid": "b48bf0c5-5159-11e9-a1f4-5925745f18c1"
        },
        "HTTPStatusCode": 200,
        "RequestId": "b48bf0c5-5159-11e9-a1f4-5925745f18c1",
        "RetryAttempts": 0
    }
},
{
    "Week": 1,
    "Slide": 3,
    "KeyPhrases": [
        {
            "BeginOffset": 10,
            "EndOffset": 21,
            "Score": 0.9347127676010132,
            "Text": "programming"
        }
    ],
    "ResponseMetadata": {
        "HTTPHeaders": {
            "content-length": "98",
            "content-type": "application/x-amz-json-1.1",
            "date": "Thu, 28 Mar 2019 13:02:14 GMT",
            "x-amzn-requestid": "b53b4405-5159-11e9-9413-d9ac0f641d76"
        },
        "HTTPStatusCode": 200,
        "RequestId": "b53b4405-5159-11e9-9413-d9ac0f641d76",
        "RetryAttempts": 0
    }
},
{
    "Week": 1,
    "Slide": 4,
    "KeyPhrases": [
        {
            "BeginOffset": 24,
            "EndOffset": 34,
            "Score": 0.9990582466125488,
            "Text": "a language"
        },
        {
            "BeginOffset": 40,
            "EndOffset": 42,
            "Score": 0.8394258618354797,
            "Text": "C\u2026"
        }
    ],
    "ResponseMetadata": {
        "HTTPHeaders": {
            "content-length": "172",
            "content-type": "application/x-amz-json-1.1",
            "date": "Thu, 28 Mar 2019 13:02:15 GMT",
            "x-amzn-requestid": "b5eae499-5159-11e9-968d-b5d967a94d5a"
        },
        "HTTPStatusCode": 200,
        "RequestId": "b5eae499-5159-11e9-968d-b5d967a94d5a",
        "RetryAttempts": 0
    }
},
{
    "Week": 1,
    "Slide": 5,
    "KeyPhrases": [
        {
            "BeginOffset": 9,
            "EndOffset": 20,
            "Score": 0.6713846921920776,
            "Text": "programming"
        }
    ],
    "ResponseMetadata": {
        "HTTPHeaders": {
            "content-length": "97",
            "content-type": "application/x-amz-json-1.1",
            "date": "Thu, 28 Mar 2019 13:02:16 GMT",
            "x-amzn-requestid": "b67e9944-5159-11e9-9c6b-1b49fa666314"
        },
        "HTTPStatusCode": 200,
        "RequestId": "b67e9944-5159-11e9-9c6b-1b49fa666314",
        "RetryAttempts": 0
    }
},
{
    "Week": 1,
    "Slide": 6,
    "KeyPhrases": [
        {
            "BeginOffset": 16,
            "EndOffset": 24,
            "Score": 0.9981704950332642,
            "Text": "a course"
        },
        {
            "BeginOffset": 51,
            "EndOffset": 58,
            "Score": 0.9975205063819885,
            "Text": "program"
        },
        {
            "BeginOffset": 67,
            "EndOffset": 89,
            "Score": 0.9451534748077393,
            "Text": "a confident programmer"
        },
        {
            "BeginOffset": 97,
            "EndOffset": 101,
            "Score": 0.9591618776321411,
            "Text": "code"
        },
        {
            "BeginOffset": 128,
            "EndOffset": 136,
            "Score": 0.9990473389625549,
            "Text": "the joys"
        }
    ],
    "ResponseMetadata": {
        "HTTPHeaders": {
            "content-length": "423",
            "content-type": "application/x-amz-json-1.1",
            "date": "Thu, 28 Mar 2019 13:02:17 GMT",
            "x-amzn-requestid": "b7297f20-5159-11e9-8d49-d71cd8da7611"
        },
        "HTTPStatusCode": 200,
        "RequestId": "b7297f20-5159-11e9-8d49-d71cd8da7611",
        "RetryAttempts": 0
    }
},
{
    "Week": 1,
    "Slide": 7,
    "KeyPhrases": [
        {
            "BeginOffset": 22,
            "EndOffset": 32,
            "Score": 0.9966190457344055,
            "Text": "first\ncode"
        },
        {
            "BeginOffset": 87,
            "EndOffset": 92,
            "Score": 0.9936548471450806,
            "Text": "track"
        }
    ],
    "ResponseMetadata": {
        "HTTPHeaders": {
            "content-length": "174",
            "content-type": "application/x-amz-json-1.1",
            "date": "Thu, 28 Mar 2019 13:02:18 GMT",
            "x-amzn-requestid": "b7d8f9c6-5159-11e9-b79a-031038b16953"
        },
        "HTTPStatusCode": 200,
        "RequestId": "b7d8f9c6-5159-11e9-b79a-031038b16953",
        "RetryAttempts": 0
    }
},
{
    "Week": 1,
    "Slide": 8,
    "KeyPhrases": [
        {
            "BeginOffset": 18,
            "EndOffset": 30,
            "Score": 0.811557412147522,
            "Text": "3x lecturers"
        },
        {
            "BeginOffset": 34,
            "EndOffset": 51,
            "Score": 0.9968376755714417,
            "Text": "Mr Andrew Bennett"
        },
        {
            "BeginOffset": 67,
            "EndOffset": 124,
            "Score": 0.9687893986701965,
            "Text": "Dr Andrew Taylor\n\nDr John \u2018jas\u2019 Shepherd\n\ncourse convenor"
        },
        {
            "BeginOffset": 127,
            "EndOffset": 165,
            "Score": 0.9775981307029724,
            "Text": "Dr Andrew Taylor\n\ncourse administrator"
        },
        {
            "BeginOffset": 168,
            "EndOffset": 191,
            "Score": 0.7163227796554565,
            "Text": "Mei Cheng Whale\n\ntutors"
        },
        {
            "BeginOffset": 192,
            "EndOffset": 208,
            "Score": 0.8209550380706787,
            "Text": "+ lab assistants"
        }
    ],
    "ResponseMetadata": {
        "HTTPHeaders": {
            "content-length": "623",
            "content-type": "application/x-amz-json-1.1",
            "date": "Thu, 28 Mar 2019 13:02:19 GMT",
            "x-amzn-requestid": "b87b7ad9-5159-11e9-a8a0-9f0a29161967"
        },
        "HTTPStatusCode": 200,
        "RequestId": "b87b7ad9-5159-11e9-a8a0-9f0a29161967",
        "RetryAttempts": 0
    }
},
{
    "Week": 1,
    "Slide": 9,
    "KeyPhrases": [],
    "ResponseMetadata": {
        "HTTPHeaders": {
            "content-length": "17",
            "content-type": "application/x-amz-json-1.1",
            "date": "Thu, 28 Mar 2019 13:02:20 GMT",
            "x-amzn-requestid": "b905b959-5159-11e9-bd32-375300018036"
        },
        "HTTPStatusCode": 200,
        "RequestId": "b905b959-5159-11e9-bd32-375300018036",
        "RetryAttempts": 0
    }
},
{
    "Week": 1,
    "Slide": 10,
    "KeyPhrases": [
        {
            "BeginOffset": 2,
            "EndOffset": 13,
            "Score": 0.9974921345710754,
            "Text": "Three types"
        },
        {
            "BeginOffset": 17,
            "EndOffset": 25,
            "Score": 0.8059015274047852,
            "Text": "students"
        },
        {
            "BeginOffset": 26,
            "EndOffset": 37,
            "Score": 0.5533437132835388,
            "Text": "red\n\nyellow"
        }
    ],
    "ResponseMetadata": {
        "HTTPHeaders": {
            "content-length": "260",
            "content-type": "application/x-amz-json-1.1",
            "date": "Thu, 28 Mar 2019 13:02:21 GMT",
            "x-amzn-requestid": "b98f0e33-5159-11e9-9067-a580ee7ec557"
        },
        "HTTPStatusCode": 200,
        "RequestId": "b98f0e33-5159-11e9-9067-a580ee7ec557",
        "RetryAttempts": 0
    }
},
{
    "Week": 1,
    "Slide": 11,
    "KeyPhrases": [
        {
            "BeginOffset": 16,
            "EndOffset": 24,
            "Score": 0.8780795335769653,
            "Text": "COMP1511"
        }
    ],
    "ResponseMetadata": {
        "HTTPHeaders": {
            "content-length": "95",
            "content-type": "application/x-amz-json-1.1",
            "date": "Thu, 28 Mar 2019 13:02:22 GMT",
            "x-amzn-requestid": "ba179e81-5159-11e9-b269-c1f80b73919e"
        },
        "HTTPStatusCode": 200,
        "RequestId": "ba179e81-5159-11e9-b269-c1f80b73919e",
        "RetryAttempts": 0
    }
},
{
    "Week": 1,
    "Slide": 12,
    "KeyPhrases": [
        {
            "BeginOffset": 7,
            "EndOffset": 15,
            "Score": 0.924804151058197,
            "Text": "Lectures"
        },
        {
            "BeginOffset": 28,
            "EndOffset": 47,
            "Score": 0.9641838073730469,
            "Text": "theory and practice"
        },
        {
            "BeginOffset": 51,
            "EndOffset": 73,
            "Score": 0.779889702796936,
            "Text": "programming\n\nTutorials"
        },
        {
            "BeginOffset": 78,
            "EndOffset": 90,
            "Score": 0.8578307628631592,
            "Text": "Laboratories"
        },
        {
            "BeginOffset": 102,
            "EndOffset": 120,
            "Score": 0.9792903661727905,
            "Text": "ideas and concepts"
        },
        {
            "BeginOffset": 126,
            "EndOffset": 143,
            "Score": 0.8146040439605713,
            "Text": "hands-on examples"
        },
        {
            "BeginOffset": 145,
            "EndOffset": 156,
            "Score": 0.8413953185081482,
            "Text": "Assignments"
        },
        {
            "BeginOffset": 165,
            "EndOffset": 178,
            "Score": 0.9774128794670105,
            "Text": "understanding"
        },
        {
            "BeginOffset": 182,
            "EndOffset": 207,
            "Score": 0.8983657360076904,
            "Text": "C, problem-solving skills"
        },
        {
            "BeginOffset": 209,
            "EndOffset": 228,
            "Score": 0.882610023021698,
            "Text": "Weekly Coding Tests"
        },
        {
            "BeginOffset": 230,
            "EndOffset": 260,
            "Score": 0.9773096442222595,
            "Text": "regular and realistic feedback"
        },
        {
            "BeginOffset": 264,
            "EndOffset": 282,
            "Score": 0.9983971118927002,
            "Text": "your understanding"
        },
        {
            "BeginOffset": 286,
            "EndOffset": 312,
            "Score": 0.8011633157730103,
            "Text": "course content\n\nFinal Exam"
        },
        {
            "BeginOffset": 314,
            "EndOffset": 329,
            "Score": 0.952733039855957,
            "Text": "a 3-hour theory"
        },
        {
            "BeginOffset": 334,
            "EndOffset": 356,
            "Score": 0.9934561848640442,
            "Text": "practical extravaganza"
        }
    ],
    "ResponseMetadata": {
        "HTTPHeaders": {
            "content-length": "1377",
            "content-type": "application/x-amz-json-1.1",
            "date": "Thu, 28 Mar 2019 13:02:23 GMT",
            "x-amzn-requestid": "bab3de8e-5159-11e9-9ee0-d7b69e2c846a"
        },
        "HTTPStatusCode": 200,
        "RequestId": "bab3de8e-5159-11e9-9ee0-d7b69e2c846a",
        "RetryAttempts": 0
    }
},
{
    "Week": 1,
    "Slide": 13,
    "KeyPhrases": [
        {
            "BeginOffset": 2,
            "EndOffset": 23,
            "Score": 0.51163250207901,
            "Text": "Assessment\nassignment"
        },
        {
            "BeginOffset": 24,
            "EndOffset": 36,
            "Score": 0.7528897523880005,
            "Text": "0 \n\nworth 6%"
        },
        {
            "BeginOffset": 38,
            "EndOffset": 46,
            "Score": 0.5849501490592957,
            "Text": "due week"
        },
        {
            "BeginOffset": 47,
            "EndOffset": 63,
            "Score": 0.6923858523368835,
            "Text": "~5\n\nassignment 1"
        },
        {
            "BeginOffset": 71,
            "EndOffset": 74,
            "Score": 0.9945876002311707,
            "Text": "12%"
        },
        {
            "BeginOffset": 76,
            "EndOffset": 84,
            "Score": 0.5850133895874023,
            "Text": "due week"
        },
        {
            "BeginOffset": 85,
            "EndOffset": 101,
            "Score": 0.6419482827186584,
            "Text": "~9\n\nassignment 2"
        },
        {
            "BeginOffset": 109,
            "EndOffset": 112,
            "Score": 0.9944024085998535,
            "Text": "12%"
        },
        {
            "BeginOffset": 114,
            "EndOffset": 122,
            "Score": 0.6013723611831665,
            "Text": "due week"
        },
        {
            "BeginOffset": 123,
            "EndOffset": 147,
            "Score": 0.8728320002555847,
            "Text": "~12\n\nweekly coding tests"
        },
        {
            "BeginOffset": 149,
            "EndOffset": 155,
            "Score": 0.7431840300559998,
            "Text": "best 8"
        },
        {
            "BeginOffset": 159,
            "EndOffset": 161,
            "Score": 0.8342249989509583,
            "Text": "10"
        },
        {
            "BeginOffset": 169,
            "EndOffset": 171,
            "Score": 0.8611915111541748,
            "Text": "8%"
        },
        {
            "BeginOffset": 172,
            "EndOffset": 177,
            "Score": 0.37120965123176575,
            "Text": "total"
        },
        {
            "BeginOffset": 179,
            "EndOffset": 204,
            "Score": 0.7345788478851318,
            "Text": "weeks 3-12\n\nlab exercises"
        },
        {
            "BeginOffset": 206,
            "EndOffset": 212,
            "Score": 0.9102826714515686,
            "Text": "groups"
        },
        {
            "BeginOffset": 220,
            "EndOffset": 223,
            "Score": 0.8914089202880859,
            "Text": "12%"
        },
        {
            "BeginOffset": 235,
            "EndOffset": 253,
            "Score": 0.9546927213668823,
            "Text": "weekly\n\nfinal exam"
        },
        {
            "BeginOffset": 255,
            "EndOffset": 264,
            "Score": 0.8023388981819153,
            "Text": "3h theory"
        },
        {
            "BeginOffset": 265,
            "EndOffset": 279,
            "Score": 0.9973140358924866,
            "Text": "practical exam"
        },
        {
            "BeginOffset": 287,
            "EndOffset": 290,
            "Score": 0.9951215386390686,
            "Text": "50%"
        }
    ],
    "ResponseMetadata": {
        "HTTPHeaders": {
            "content-length": "1759",
            "content-type": "application/x-amz-json-1.1",
            "date": "Thu, 28 Mar 2019 13:02:24 GMT",
            "x-amzn-requestid": "bb45be08-5159-11e9-a698-9b1a515702e6"
        },
        "HTTPStatusCode": 200,
        "RequestId": "bb45be08-5159-11e9-a698-9b1a515702e6",
        "RetryAttempts": 0
    }
},
{
    "Week": 1,
    "Slide": 14,
    "KeyPhrases": [
        {
            "BeginOffset": 2,
            "EndOffset": 40,
            "Score": 0.8894660472869873,
            "Text": "Communications\nofficial communications"
        },
        {
            "BeginOffset": 46,
            "EndOffset": 56,
            "Score": 0.9993501901626587,
            "Text": "the course"
        },
        {
            "BeginOffset": 71,
            "EndOffset": 94,
            "Score": 0.9652029871940613,
            "Text": "your UNSW email address"
        },
        {
            "BeginOffset": 123,
            "EndOffset": 129,
            "Score": 0.9934312701225281,
            "Text": "emails"
        },
        {
            "BeginOffset": 146,
            "EndOffset": 162,
            "Score": 0.9525824189186096,
            "Text": "email forwarding"
        },
        {
            "BeginOffset": 188,
            "EndOffset": 194,
            "Score": 0.9981555342674255,
            "Text": "emails"
        },
        {
            "BeginOffset": 212,
            "EndOffset": 235,
            "Score": 0.9445445537567139,
            "Text": "your UNSW email address"
        },
        {
            "BeginOffset": 250,
            "EndOffset": 259,
            "Score": 0.9899608492851257,
            "Text": "your zID\u2026"
        },
        {
            "BeginOffset": 278,
            "EndOffset": 302,
            "Score": 0.9491298794746399,
            "Text": "personal email addresses"
        },
        {
            "BeginOffset": 315,
            "EndOffset": 320,
            "Score": 0.9981775283813477,
            "Text": "touch"
        },
        {
            "BeginOffset": 326,
            "EndOffset": 376,
            "Score": 0.8711326122283936,
            "Text": "the course urgently \nemail <cs1511@cse.unsw.edu.au"
        }
    ],
    "ResponseMetadata": {
        "HTTPHeaders": {
            "content-length": "1026",
            "content-type": "application/x-amz-json-1.1",
            "date": "Thu, 28 Mar 2019 13:02:25 GMT",
            "x-amzn-requestid": "bc14805f-5159-11e9-9413-d9ac0f641d76"
        },
        "HTTPStatusCode": 200,
        "RequestId": "bc14805f-5159-11e9-9413-d9ac0f641d76",
        "RetryAttempts": 0
    }
},
{
    "Week": 1,
    "Slide": 15,
    "KeyPhrases": [
        {
            "BeginOffset": 2,
            "EndOffset": 14,
            "Score": 0.9881011843681335,
            "Text": "Course Forum"
        },
        {
            "BeginOffset": 34,
            "EndOffset": 56,
            "Score": 0.9358360767364502,
            "Text": "the course / computing"
        },
        {
            "BeginOffset": 66,
            "EndOffset": 73,
            "Score": 0.9958832263946533,
            "Text": "answers"
        },
        {
            "BeginOffset": 79,
            "EndOffset": 111,
            "Score": 0.9103003144264221,
            "Text": "your tutors and classmates\n\nlink"
        },
        {
            "BeginOffset": 118,
            "EndOffset": 132,
            "Score": 0.9622728228569031,
            "Text": "course website"
        }
    ],
    "ResponseMetadata": {
        "HTTPHeaders": {
            "content-length": "462",
            "content-type": "application/x-amz-json-1.1",
            "date": "Thu, 28 Mar 2019 13:02:26 GMT",
            "x-amzn-requestid": "bcc3d328-5159-11e9-a12c-4fc516924d62"
        },
        "HTTPStatusCode": 200,
        "RequestId": "bcc3d328-5159-11e9-a12c-4fc516924d62",
        "RetryAttempts": 0
    }
},
{
    "Week": 1,
    "Slide": 16,
    "KeyPhrases": [
        {
            "BeginOffset": 2,
            "EndOffset": 35,
            "Score": 0.9335752129554749,
            "Text": "Course Evaluation and Development"
        },
        {
            "BeginOffset": 50,
            "EndOffset": 62,
            "Score": 0.9873407483100891,
            "Text": "myExperience"
        },
        {
            "BeginOffset": 67,
            "EndOffset": 84,
            "Score": 0.8629304766654968,
            "Text": "the Sturep Survey"
        },
        {
            "BeginOffset": 86,
            "EndOffset": 110,
            "Score": 0.7136596441268921,
            "Text": "* * *\n\ninformal feedback"
        },
        {
            "BeginOffset": 118,
            "EndOffset": 130,
            "Score": 0.9997069835662842,
            "Text": "the semester"
        },
        {
            "BeginOffset": 164,
            "EndOffset": 176,
            "Score": 0.9990239143371582,
            "Text": "any problems"
        },
        {
            "BeginOffset": 213,
            "EndOffset": 221,
            "Score": 0.9986376166343689,
            "Text": "problems"
        }
    ],
    "ResponseMetadata": {
        "HTTPHeaders": {
            "content-length": "639",
            "content-type": "application/x-amz-json-1.1",
            "date": "Thu, 28 Mar 2019 13:02:28 GMT",
            "x-amzn-requestid": "bd72fecc-5159-11e9-a283-3b6eea63fce5"
        },
        "HTTPStatusCode": 200,
        "RequestId": "bd72fecc-5159-11e9-a283-3b6eea63fce5",
        "RetryAttempts": 0
    }
},
{
    "Week": 1,
    "Slide": 17,
    "KeyPhrases": [
        {
            "BeginOffset": 2,
            "EndOffset": 23,
            "Score": 0.8306586146354675,
            "Text": "Conduct and Integrity"
        },
        {
            "BeginOffset": 30,
            "EndOffset": 36,
            "Score": 0.9990346431732178,
            "Text": "people"
        },
        {
            "BeginOffset": 42,
            "EndOffset": 66,
            "Score": 0.9539947509765625,
            "Text": "courtesy and respect \n\n\u2026"
        },
        {
            "BeginOffset": 74,
            "EndOffset": 84,
            "Score": 0.8109683990478516,
            "Text": "all humans"
        },
        {
            "BeginOffset": 85,
            "EndOffset": 93,
            "Score": 0.6122077107429504,
            "Text": "\u2026\n\n* * *"
        },
        {
            "BeginOffset": 106,
            "EndOffset": 118,
            "Score": 0.9431325793266296,
            "Text": "someone else"
        },
        {
            "BeginOffset": 118,
            "EndOffset": 125,
            "Score": 0.994211733341217,
            "Text": "\u2019s work"
        },
        {
            "BeginOffset": 149,
            "EndOffset": 152,
            "Score": 0.9772509932518005,
            "Text": "CSE"
        },
        {
            "BeginOffset": 156,
            "EndOffset": 161,
            "Score": 0.9833216667175293,
            "Text": "a bit"
        },
        {
            "BeginOffset": 175,
            "EndOffset": 187,
            "Score": 0.7618882656097412,
            "Text": "other places"
        },
        {
            "BeginOffset": 273,
            "EndOffset": 291,
            "Score": 0.932212769985199,
            "Text": "the course outline"
        }
    ],
    "ResponseMetadata": {
        "HTTPHeaders": {
            "content-length": "942",
            "content-type": "application/x-amz-json-1.1",
            "date": "Thu, 28 Mar 2019 13:02:29 GMT",
            "x-amzn-requestid": "be22519d-5159-11e9-bd32-375300018036"
        },
        "HTTPStatusCode": 200,
        "RequestId": "be22519d-5159-11e9-bd32-375300018036",
        "RetryAttempts": 0
    }
},
{
    "Week": 1,
    "Slide": 18,
    "KeyPhrases": [
        {
            "BeginOffset": 2,
            "EndOffset": 18,
            "Score": 0.8990744352340698,
            "Text": "More information"
        },
        {
            "BeginOffset": 20,
            "EndOffset": 35,
            "Score": 0.8921962976455688,
            "Text": "course material"
        },
        {
            "BeginOffset": 45,
            "EndOffset": 99,
            "Score": 0.7883689999580383,
            "Text": "WebCMS3 \n\nwebcms3.cse.unsw.edu.au/COMP1511/18s1\n\n* * *"
        },
        {
            "BeginOffset": 113,
            "EndOffset": 131,
            "Score": 0.9218919277191162,
            "Text": "the course outline"
        }
    ],
    "ResponseMetadata": {
        "HTTPHeaders": {
            "content-length": "408",
            "content-type": "application/x-amz-json-1.1",
            "date": "Thu, 28 Mar 2019 13:02:30 GMT",
            "x-amzn-requestid": "bed1f298-5159-11e9-bd32-375300018036"
        },
        "HTTPStatusCode": 200,
        "RequestId": "bed1f298-5159-11e9-bd32-375300018036",
        "RetryAttempts": 0
    }
},
{
    "Week": 1,
    "Slide": 19,
    "KeyPhrases": [
        {
            "BeginOffset": 20,
            "EndOffset": 40,
            "Score": 0.9029913544654846,
            "Text": "this course\npractice"
        },
        {
            "BeginOffset": 61,
            "EndOffset": 78,
            "Score": 0.9943656325340271,
            "Text": "the entire course"
        },
        {
            "BeginOffset": 92,
            "EndOffset": 114,
            "Score": 0.9590054750442505,
            "Text": "all tutorials and labs"
        },
        {
            "BeginOffset": 130,
            "EndOffset": 143,
            "Score": 0.9989613890647888,
            "Text": "the questions"
        },
        {
            "BeginOffset": 151,
            "EndOffset": 161,
            "Score": 0.9976431727409363,
            "Text": "your class"
        },
        {
            "BeginOffset": 171,
            "EndOffset": 193,
            "Score": 0.9182830452919006,
            "Text": "all tutorials and labs"
        },
        {
            "BeginOffset": 200,
            "EndOffset": 209,
            "Score": 0.9789860248565674,
            "Text": "questions"
        },
        {
            "BeginOffset": 217,
            "EndOffset": 231,
            "Score": 0.9982539415359497,
            "Text": "your resources"
        },
        {
            "BeginOffset": 239,
            "EndOffset": 245,
            "Score": 0.9996998906135559,
            "Text": "a list"
        },
        {
            "BeginOffset": 249,
            "EndOffset": 267,
            "Score": 0.8918537497520447,
            "Text": "each compile error"
        }
    ],
    "ResponseMetadata": {
        "HTTPHeaders": {
            "content-length": "893",
            "content-type": "application/x-amz-json-1.1",
            "date": "Thu, 28 Mar 2019 13:02:31 GMT",
            "x-amzn-requestid": "bf80f767-5159-11e9-a8a0-9f0a29161967"
        },
        "HTTPStatusCode": 200,
        "RequestId": "bf80f767-5159-11e9-a8a0-9f0a29161967",
        "RetryAttempts": 0
    }
},
{
    "Week": 1,
    "Slide": 20,
    "KeyPhrases": [
        {
            "BeginOffset": 2,
            "EndOffset": 29,
            "Score": 0.8487302660942078,
            "Text": "Resources\noptional textbook"
        },
        {
            "BeginOffset": 31,
            "EndOffset": 59,
            "Score": 0.9788433909416199,
            "Text": "Alistair Moffat \n\nPrograming"
        },
        {
            "BeginOffset": 61,
            "EndOffset": 76,
            "Score": 0.9681230187416077,
            "Text": "Problem Solving"
        },
        {
            "BeginOffset": 82,
            "EndOffset": 93,
            "Score": 0.9772397875785828,
            "Text": "Abstraction"
        },
        {
            "BeginOffset": 103,
            "EndOffset": 122,
            "Score": 0.9642437100410461,
            "Text": "Pearson Educational"
        },
        {
            "BeginOffset": 124,
            "EndOffset": 128,
            "Score": 0.9789080619812012,
            "Text": "2003"
        },
        {
            "BeginOffset": 130,
            "EndOffset": 152,
            "Score": 0.8954089283943176,
            "Text": "ISBN 978\u00a01\u00a074103\u00a0080\u00a03"
        },
        {
            "BeginOffset": 155,
            "EndOffset": 161,
            "Score": 0.9781666994094849,
            "Text": "Google"
        },
        {
            "BeginOffset": 165,
            "EndOffset": 176,
            "Score": 0.9967514872550964,
            "Text": "your friend"
        },
        {
            "BeginOffset": 185,
            "EndOffset": 199,
            "Score": 0.9859469532966614,
            "Text": "Stack Overflow"
        }
    ],
    "ResponseMetadata": {
        "HTTPHeaders": {
            "content-length": "901",
            "content-type": "application/x-amz-json-1.1",
            "date": "Thu, 28 Mar 2019 13:02:32 GMT",
            "x-amzn-requestid": "c011ec85-5159-11e9-88a1-7f24626c0794"
        },
        "HTTPStatusCode": 200,
        "RequestId": "c011ec85-5159-11e9-88a1-7f24626c0794",
        "RetryAttempts": 0
    }
},
{
    "Week": 1,
    "Slide": 21,
    "KeyPhrases": [
        {
            "BeginOffset": 20,
            "EndOffset": 36,
            "Score": 0.953428328037262,
            "Text": "the course forum"
        },
        {
            "BeginOffset": 43,
            "EndOffset": 57,
            "Score": 0.996641218662262,
            "Text": "your questions"
        },
        {
            "BeginOffset": 101,
            "EndOffset": 120,
            "Score": 0.8621572852134705,
            "Text": "your COMP1511 peers"
        },
        {
            "BeginOffset": 126,
            "EndOffset": 136,
            "Score": 0.9846432209014893,
            "Text": "your tutor"
        }
    ],
    "ResponseMetadata": {
        "HTTPHeaders": {
            "content-length": "361",
            "content-type": "application/x-amz-json-1.1",
            "date": "Thu, 28 Mar 2019 13:02:33 GMT",
            "x-amzn-requestid": "c0bfdfc7-5159-11e9-b7b4-8f0a6db039e5"
        },
        "HTTPStatusCode": 200,
        "RequestId": "c0bfdfc7-5159-11e9-b7b4-8f0a6db039e5",
        "RetryAttempts": 0
    }
},
{
    "Week": 1,
    "Slide": 22,
    "KeyPhrases": [
        {
            "BeginOffset": 25,
            "EndOffset": 32,
            "Score": 0.9998220205307007,
            "Text": "the end"
        },
        {
            "BeginOffset": 36,
            "EndOffset": 45,
            "Score": 0.9994897842407227,
            "Text": "this week"
        },
        {
            "BeginOffset": 63,
            "EndOffset": 68,
            "Score": 0.9685705900192261,
            "Text": "Lab 1"
        },
        {
            "BeginOffset": 88,
            "EndOffset": 111,
            "Score": 0.9456799030303955,
            "Text": "a \u2018hello world\u2019 program"
        },
        {
            "BeginOffset": 118,
            "EndOffset": 134,
            "Score": 0.9960554838180542,
            "Text": "your CSE account"
        },
        {
            "BeginOffset": 138,
            "EndOffset": 141,
            "Score": 0.9754921197891235,
            "Text": "uni"
        },
        {
            "BeginOffset": 165,
            "EndOffset": 190,
            "Score": 0.9379312992095947,
            "Text": "the \u2018hello world\u2019 program"
        },
        {
            "BeginOffset": 197,
            "EndOffset": 215,
            "Score": 0.9967107772827148,
            "Text": "your home computer"
        }
    ],
    "ResponseMetadata": {
        "HTTPHeaders": {
            "content-length": "707",
            "content-type": "application/x-amz-json-1.1",
            "date": "Thu, 28 Mar 2019 13:02:34 GMT",
            "x-amzn-requestid": "c19ece4a-5159-11e9-b269-c1f80b73919e"
        },
        "HTTPStatusCode": 200,
        "RequestId": "c19ece4a-5159-11e9-b269-c1f80b73919e",
        "RetryAttempts": 0
    }
},
{
    "Week": 1,
    "Slide": 23,
    "KeyPhrases": [
        {
            "BeginOffset": 2,
            "EndOffset": 18,
            "Score": 0.985568642616272,
            "Text": "The CSE Labs\nCSE"
        },
        {
            "BeginOffset": 23,
            "EndOffset": 36,
            "Score": 0.8202091455459595,
            "Text": "lab computers"
        },
        {
            "BeginOffset": 46,
            "EndOffset": 64,
            "Score": 0.9986588358879089,
            "Text": "other workstations"
        },
        {
            "BeginOffset": 68,
            "EndOffset": 72,
            "Score": 0.9912347793579102,
            "Text": "UNSW"
        },
        {
            "BeginOffset": 91,
            "EndOffset": 98,
            "Score": 0.9995200634002686,
            "Text": "Windows"
        },
        {
            "BeginOffset": 111,
            "EndOffset": 116,
            "Score": 0.9917811751365662,
            "Text": "Linux"
        },
        {
            "BeginOffset": 143,
            "EndOffset": 158,
            "Score": 0.9886229038238525,
            "Text": "the easiest way"
        },
        {
            "BeginOffset": 191,
            "EndOffset": 196,
            "Score": 0.9986582398414612,
            "Text": "a lab"
        },
        {
            "BeginOffset": 209,
            "EndOffset": 213,
            "Score": 0.6636272072792053,
            "Text": "VLAB"
        },
        {
            "BeginOffset": 219,
            "EndOffset": 237,
            "Score": 0.9421803951263428,
            "Text": "your zID and zPass"
        },
        {
            "BeginOffset": 267,
            "EndOffset": 278,
            "Score": 0.9958716034889221,
            "Text": "a zID/zPass"
        },
        {
            "BeginOffset": 297,
            "EndOffset": 306,
            "Score": 0.9282017350196838,
            "Text": "that asap"
        }
    ],
    "ResponseMetadata": {
        "HTTPHeaders": {
            "content-length": "1006",
            "content-type": "application/x-amz-json-1.1",
            "date": "Thu, 28 Mar 2019 13:02:36 GMT",
            "x-amzn-requestid": "c23c6e26-5159-11e9-902b-adbe1c0e68b7"
        },
        "HTTPStatusCode": 200,
        "RequestId": "c23c6e26-5159-11e9-902b-adbe1c0e68b7",
        "RetryAttempts": 0
    }
},
{
    "Week": 1,
    "Slide": 24,
    "KeyPhrases": [
        {
            "BeginOffset": 7,
            "EndOffset": 15,
            "Score": 0.9794425368309021,
            "Text": "All Text"
        },
        {
            "BeginOffset": 26,
            "EndOffset": 34,
            "Score": 0.998701810836792,
            "Text": "programs"
        },
        {
            "BeginOffset": 38,
            "EndOffset": 51,
            "Score": 0.9873844385147095,
            "Text": "a text editor"
        },
        {
            "BeginOffset": 73,
            "EndOffset": 77,
            "Score": 0.9600141048431396,
            "Text": "e.g."
        },
        {
            "BeginOffset": 79,
            "EndOffset": 92,
            "Score": 0.8318775296211243,
            "Text": "Word or Pages"
        },
        {
            "BeginOffset": 103,
            "EndOffset": 114,
            "Score": 0.972508430480957,
            "Text": "programming"
        },
        {
            "BeginOffset": 131,
            "EndOffset": 149,
            "Score": 0.9771808981895447,
            "Text": "well-defined rules"
        },
        {
            "BeginOffset": 158,
            "EndOffset": 170,
            "Score": 0.9964955449104309,
            "Text": "the language"
        },
        {
            "BeginOffset": 255,
            "EndOffset": 264,
            "Score": 0.999475359916687,
            "Text": "a program"
        },
        {
            "BeginOffset": 272,
            "EndOffset": 284,
            "Score": 0.999176025390625,
            "Text": "the computer"
        }
    ],
    "ResponseMetadata": {
        "HTTPHeaders": {
            "content-length": "839",
            "content-type": "application/x-amz-json-1.1",
            "date": "Thu, 28 Mar 2019 13:02:36 GMT",
            "x-amzn-requestid": "c2ed94e3-5159-11e9-9413-d9ac0f641d76"
        },
        "HTTPStatusCode": 200,
        "RequestId": "c2ed94e3-5159-11e9-9413-d9ac0f641d76",
        "RetryAttempts": 0
    }
},
{
    "Week": 1,
    "Slide": 25,
    "KeyPhrases": [],
    "ResponseMetadata": {
        "HTTPHeaders": {
            "content-length": "17",
            "content-type": "application/x-amz-json-1.1",
            "date": "Thu, 28 Mar 2019 13:02:37 GMT",
            "x-amzn-requestid": "c38e9017-5159-11e9-9c6b-1b49fa666314"
        },
        "HTTPStatusCode": 200,
        "RequestId": "c38e9017-5159-11e9-9c6b-1b49fa666314",
        "RetryAttempts": 0
    }
},
{
    "Week": 1,
    "Slide": 26,
    "KeyPhrases": [
        {
            "BeginOffset": 2,
            "EndOffset": 23,
            "Score": 0.7928991317749023,
            "Text": "Hello World\n// Prints"
        },
        {
            "BeginOffset": 28,
            "EndOffset": 46,
            "Score": 0.9930665493011475,
            "Text": "a friendly message"
        },
        {
            "BeginOffset": 52,
            "EndOffset": 144,
            "Score": 0.8963178992271423,
            "Text": "Andrew Bennett <andrew.bennett@unsw.edu.au> \n// 2018-02-27 \n \n#include <stdio.h> \n \nint main"
        },
        {
            "BeginOffset": 146,
            "EndOffset": 150,
            "Score": 0.35450559854507446,
            "Text": "void"
        },
        {
            "BeginOffset": 174,
            "EndOffset": 175,
            "Score": 0.9004246592521667,
            "Text": "0"
        }
    ],
    "ResponseMetadata": {
        "HTTPHeaders": {
            "content-length": "518",
            "content-type": "application/x-amz-json-1.1",
            "date": "Thu, 28 Mar 2019 13:02:39 GMT",
            "x-amzn-requestid": "c43c5cdd-5159-11e9-9bf3-7b40ac3c3f45"
        },
        "HTTPStatusCode": 200,
        "RequestId": "c43c5cdd-5159-11e9-9bf3-7b40ac3c3f45",
        "RetryAttempts": 0
    }
},
{
    "Week": 1,
    "Slide": 27,
    "KeyPhrases": [
        {
            "BeginOffset": 2,
            "EndOffset": 23,
            "Score": 0.7928991317749023,
            "Text": "Hello World\n// Prints"
        },
        {
            "BeginOffset": 28,
            "EndOffset": 46,
            "Score": 0.9930665493011475,
            "Text": "a friendly message"
        },
        {
            "BeginOffset": 52,
            "EndOffset": 144,
            "Score": 0.8963178992271423,
            "Text": "Andrew Bennett <andrew.bennett@unsw.edu.au> \n// 2018-02-27 \n \n#include <stdio.h> \n \nint main"
        },
        {
            "BeginOffset": 146,
            "EndOffset": 150,
            "Score": 0.3827507495880127,
            "Text": "void"
        },
        {
            "BeginOffset": 174,
            "EndOffset": 184,
            "Score": 0.7230356931686401,
            "Text": "the famous"
        },
        {
            "BeginOffset": 185,
            "EndOffset": 197,
            "Score": 0.879770815372467,
            "Text": "'hello world"
        },
        {
            "BeginOffset": 197,
            "EndOffset": 206,
            "Score": 0.9477297067642212,
            "Text": "' message"
        },
        {
            "BeginOffset": 213,
            "EndOffset": 219,
            "Score": 0.7481299638748169,
            "Text": "printf"
        },
        {
            "BeginOffset": 229,
            "EndOffset": 234,
            "Score": 0.9708709120750427,
            "Text": "world"
        },
        {
            "BeginOffset": 248,
            "EndOffset": 256,
            "Score": 0.7253608107566833,
            "Text": "return 0"
        }
    ],
    "ResponseMetadata": {
        "HTTPHeaders": {
            "content-length": "930",
            "content-type": "application/x-amz-json-1.1",
            "date": "Thu, 28 Mar 2019 13:02:40 GMT",
            "x-amzn-requestid": "c4ebaf7f-5159-11e9-b7b4-8f0a6db039e5"
        },
        "HTTPStatusCode": 200,
        "RequestId": "c4ebaf7f-5159-11e9-b7b4-8f0a6db039e5",
        "RetryAttempts": 0
    }
},
{
    "Week": 1,
    "Slide": 28,
    "KeyPhrases": [
        {
            "BeginOffset": 16,
            "EndOffset": 30,
            "Score": 0.9692326188087463,
            "Text": "Unix\npwd shows"
        },
        {
            "BeginOffset": 56,
            "EndOffset": 90,
            "Score": 0.9159154295921326,
            "Text": "$ pwd \n/import/ravel/2/andrewb\n\nls"
        },
        {
            "BeginOffset": 97,
            "EndOffset": 106,
            "Score": 0.9989593029022217,
            "Text": "the items"
        },
        {
            "BeginOffset": 110,
            "EndOffset": 131,
            "Score": 0.9909923672676086,
            "Text": "the current directory"
        },
        {
            "BeginOffset": 133,
            "EndOffset": 137,
            "Score": 0.8011695742607117,
            "Text": "$ ls"
        },
        {
            "BeginOffset": 139,
            "EndOffset": 197,
            "Score": 0.9226827621459961,
            "Text": "18s1    bin     lib     public_html     tmp     web\n\nmkdir"
        },
        {
            "BeginOffset": 204,
            "EndOffset": 219,
            "Score": 0.9755187034606934,
            "Text": "a new directory"
        },
        {
            "BeginOffset": 221,
            "EndOffset": 235,
            "Score": 0.7947059869766235,
            "Text": "$ mkdir cs1511"
        },
        {
            "BeginOffset": 237,
            "EndOffset": 241,
            "Score": 0.8098998069763184,
            "Text": "$ ls"
        },
        {
            "BeginOffset": 243,
            "EndOffset": 294,
            "Score": 0.88657146692276,
            "Text": "18s1    bin     cs1511  lib     public_html     tmp"
        }
    ],
    "ResponseMetadata": {
        "HTTPHeaders": {
            "content-length": "969",
            "content-type": "application/x-amz-json-1.1",
            "date": "Thu, 28 Mar 2019 13:02:41 GMT",
            "x-amzn-requestid": "c59ab37c-5159-11e9-a8a0-9f0a29161967"
        },
        "HTTPStatusCode": 200,
        "RequestId": "c59ab37c-5159-11e9-a8a0-9f0a29161967",
        "RetryAttempts": 0
    }
},
{
    "Week": 1,
    "Slide": 29,
    "KeyPhrases": [
        {
            "BeginOffset": 16,
            "EndOffset": 31,
            "Score": 0.9013338088989258,
            "Text": "Unix\ncd changes"
        },
        {
            "BeginOffset": 32,
            "EndOffset": 41,
            "Score": 0.5802795886993408,
            "Text": "directory"
        },
        {
            "BeginOffset": 43,
            "EndOffset": 50,
            "Score": 0.6661364436149597,
            "Text": "$ cd cs"
        },
        {
            "BeginOffset": 50,
            "EndOffset": 99,
            "Score": 0.8755419850349426,
            "Text": "1511 \n$ pwd \n/import/ravel/2/andrewb/cs1511 \n$ ls"
        },
        {
            "BeginOffset": 101,
            "EndOffset": 107,
            "Score": 0.921779215335846,
            "Text": "$ \n\ncd"
        },
        {
            "BeginOffset": 124,
            "EndOffset": 146,
            "Score": 0.9884604215621948,
            "Text": "the previous directory"
        },
        {
            "BeginOffset": 148,
            "EndOffset": 152,
            "Score": 0.81977778673172,
            "Text": "$ cd"
        },
        {
            "BeginOffset": 157,
            "EndOffset": 179,
            "Score": 0.8377089500427246,
            "Text": "$ pwd \n/import/ravel/2"
        }
    ],
    "ResponseMetadata": {
        "HTTPHeaders": {
            "content-length": "730",
            "content-type": "application/x-amz-json-1.1",
            "date": "Thu, 28 Mar 2019 13:02:43 GMT",
            "x-amzn-requestid": "c65a3399-5159-11e9-9067-a580ee7ec557"
        },
        "HTTPStatusCode": 200,
        "RequestId": "c65a3399-5159-11e9-9067-a580ee7ec557",
        "RetryAttempts": 0
    }
}
]