[
    {
        "Week": 6,
        "Slide": 0,
        "KeyPhrases": []
    },
    {
        "Week": 6,
        "Slide": 1,
        "KeyPhrases": [
            {
                "Score": 0.9039419293403625,
                "Text": "lecture"
            },
            {
                "Score": 0.9039419293403625,
                "Text": "bennett"
            },
            {
                "Score": 0.9039419293403625,
                "Text": "jeremy"
            },
            {
                "Score": 0.9039419293403625,
                "Text": "andrew"
            },
            {
                "Score": 0.9039419293403625,
                "Text": "jashank"
            },
            {
                "Score": 0.9039419293403625,
                "Text": "string"
            },
            {
                "Score": 0.9039419293403625,
                "Text": "arrarys"
            },
            {
                "Score": 0.9039419293403625,
                "Text": "function"
            }
        ]
    },
    {
        "Week": 6,
        "Slide": 2,
        "KeyPhrases": [
            {
                "Score": 0.997734785079956,
                "Text": "person"
            }
        ]
    },
    {
        "Week": 6,
        "Slide": 3,
        "KeyPhrases": [
            {
                "Score": 0.533657431602478,
                "Text": "overview"
            },
            {
                "Score": 0.9970005750656128,
                "Text": "lecture"
            },
            {
                "Score": 0.886799156665802,
                "Text": "getchar"
            },
            {
                "Score": 0.886799156665802,
                "Text": "putchar"
            },
            {
                "Score": 0.886799156665802,
                "Text": "program"
            },
            {
                "Score": 0.886799156665802,
                "Text": "fgets"
            },
            {
                "Score": 0.886799156665802,
                "Text": "write"
            },
            {
                "Score": 0.9936704635620117,
                "Text": "string"
            },
            {
                "Score": 0.999518632888794,
                "Text": "simple"
            },
            {
                "Score": 0.999518632888794,
                "Text": "problem"
            },
            {
                "Score": 0.9892800450325012,
                "Text": "deeper"
            },
            {
                "Score": 0.9986180067062378,
                "Text": "array"
            },
            {
                "Score": 0.9866044521331787,
                "Text": "deeper"
            },
            {
                "Score": 0.509526252746582,
                "Text": "function"
            },
            {
                "Score": 0.9565955400466919,
                "Text": "function"
            },
            {
                "Score": 0.9565955400466919,
                "Text": "parameter"
            },
            {
                "Score": 0.9860294461250305,
                "Text": "deeper"
            },
            {
                "Score": 0.9947552680969238,
                "Text": "value"
            },
            {
                "Score": 0.9916014075279236,
                "Text": "function"
            },
            {
                "Score": 0.6783677339553833,
                "Text": "note"
            },
            {
                "Score": 0.982144832611084,
                "Text": "lecture"
            },
            {
                "Score": 0.9942167401313782,
                "Text": "lecture"
            },
            {
                "Score": 0.9992503523826599,
                "Text": "foundation"
            },
            {
                "Score": 0.9974177479743958,
                "Text": "skill"
            },
            {
                "Score": 0.999396800994873,
                "Text": "language"
            },
            {
                "Score": 0.9729822874069214,
                "Text": "consistent"
            },
            {
                "Score": 0.9729822874069214,
                "Text": "practice"
            }
        ]
    },
    {
        "Week": 6,
        "Slide": 4,
        "KeyPhrases": [
            {
                "Score": 0.8646005392074585,
                "Text": "admin"
            },
            {
                "Score": 0.7781462073326111,
                "Text": "assignment"
            },
            {
                "Score": 0.6210516095161438,
                "Text": "tonight"
            }
        ]
    },
    {
        "Week": 6,
        "Slide": 5,
        "KeyPhrases": [
            {
                "Score": 0.7458021640777588,
                "Text": "week"
            },
            {
                "Score": 0.7458021640777588,
                "Text": "test"
            },
            {
                "Score": 0.8993604183197021,
                "Text": "thursday"
            },
            {
                "Score": 0.9510399699211121,
                "Text": "lab"
            },
            {
                "Score": 0.9510399699211121,
                "Text": "mark"
            },
            {
                "Score": 0.9390524625778198,
                "Text": "post"
            },
            {
                "Score": 0.6841318607330322,
                "Text": "class"
            },
            {
                "Score": 0.6841318607330322,
                "Text": "forum"
            },
            {
                "Score": 0.9533621668815613,
                "Text": "help"
            },
            {
                "Score": 0.9533621668815613,
                "Text": "session"
            },
            {
                "Score": 0.9825829863548279,
                "Text": "course"
            },
            {
                "Score": 0.9825829863548279,
                "Text": "website"
            },
            {
                "Score": 0.7528216242790222,
                "Text": "detail"
            },
            {
                "Score": 0.9873998165130615,
                "Text": "string"
            },
            {
                "Score": 0.9995620846748352,
                "Text": "string"
            },
            {
                "Score": 0.9987047910690308,
                "Text": "array"
            },
            {
                "Score": 0.6430875062942505,
                "Text": "character"
            },
            {
                "Score": 0.6791459321975708,
                "Text": "char"
            },
            {
                "Score": 0.6791459321975708,
                "Text": "name"
            }
        ]
    },
    {
        "Week": 6,
        "Slide": 6,
        "KeyPhrases": [
            {
                "Score": 0.9822531342506409,
                "Text": "string"
            },
            {
                "Score": 0.6736133694648743,
                "Text": "character"
            },
            {
                "Score": 0.8862852454185486,
                "Text": "ascii"
            },
            {
                "Score": 0.8862852454185486,
                "Text": "value"
            },
            {
                "Score": 0.5058369636535645,
                "Text": "char"
            },
            {
                "Score": 0.5058369636535645,
                "Text": "name"
            }
        ]
    },
    {
        "Week": 6,
        "Slide": 7,
        "KeyPhrases": [
            {
                "Score": 0.9824165105819702,
                "Text": "string"
            },
            {
                "Score": 0.9843679666519165,
                "Text": "ascii"
            },
            {
                "Score": 0.9843679666519165,
                "Text": "value"
            },
            {
                "Score": 0.8188472986221313,
                "Text": "name"
            },
            {
                "Score": 0.8669743537902832,
                "Text": "print"
            },
            {
                "Score": 0.9661992788314819,
                "Text": "printf"
            },
            {
                "Score": 0.9912518262863159,
                "Text": "char"
            },
            {
                "Score": 0.8814941048622131,
                "Text": "print"
            },
            {
                "Score": 0.9600754976272583,
                "Text": "printf"
            },
            {
                "Score": 0.9950148463249207,
                "Text": "int"
            }
        ]
    },
    {
        "Week": 6,
        "Slide": 8,
        "KeyPhrases": [
            {
                "Score": 0.9824165105819702,
                "Text": "string"
            },
            {
                "Score": 0.9891306161880493,
                "Text": "ascii"
            },
            {
                "Score": 0.9891306161880493,
                "Text": "value"
            },
            {
                "Score": 0.9993636012077332,
                "Text": "ascii"
            },
            {
                "Score": 0.9993636012077332,
                "Text": "value"
            },
            {
                "Score": 0.7527126669883728,
                "Text": "letter"
            },
            {
                "Score": 0.7809365391731262,
                "Text": "than"
            }
        ]
    },
    {
        "Week": 6,
        "Slide": 9,
        "KeyPhrases": [
            {
                "Score": 0.9973324537277222,
                "Text": "letter"
            },
            {
                "Score": 0.9963046312332153,
                "Text": "ascii"
            },
            {
                "Score": 0.9963046312332153,
                "Text": "value"
            },
            {
                "Score": 0.8179984092712402,
                "Text": "value"
            },
            {
                "Score": 0.8179984092712402,
                "Text": "letter"
            },
            {
                "Score": 0.8179984092712402,
                "Text": "ascii"
            },
            {
                "Score": 0.898877739906311,
                "Text": "printf"
            },
            {
                "Score": 0.9760186672210693,
                "Text": "ascii"
            },
            {
                "Score": 0.9760186672210693,
                "Text": "value"
            },
            {
                "Score": 0.8715534806251526,
                "Text": "printf"
            },
            {
                "Score": 0.9740549325942993,
                "Text": "ascii"
            },
            {
                "Score": 0.9740549325942993,
                "Text": "value"
            },
            {
                "Score": 0.8643234372138977,
                "Text": "printf"
            },
            {
                "Score": 0.9747398495674133,
                "Text": "ascii"
            },
            {
                "Score": 0.9747398495674133,
                "Text": "value"
            }
        ]
    },
    {
        "Week": 6,
        "Slide": 10,
        "KeyPhrases": [
            {
                "Score": 0.9973324537277222,
                "Text": "letter"
            },
            {
                "Score": 0.9963209629058838,
                "Text": "ascii"
            },
            {
                "Score": 0.9963209629058838,
                "Text": "value"
            },
            {
                "Score": 0.8623108267784119,
                "Text": "letter"
            },
            {
                "Score": 0.9267216324806213,
                "Text": "cool"
            },
            {
                "Score": 0.9267216324806213,
                "Text": "thing"
            }
        ]
    },
    {
        "Week": 6,
        "Slide": 11,
        "KeyPhrases": [
            {
                "Score": 0.7156214118003845,
                "Text": "getchar"
            },
            {
                "Score": 0.7156214118003845,
                "Text": "putchar"
            },
            {
                "Score": 0.7156214118003845,
                "Text": "getchar"
            },
            {
                "Score": 0.9984822869300842,
                "Text": "character"
            },
            {
                "Score": 0.8675832748413086,
                "Text": "standard"
            },
            {
                "Score": 0.8675832748413086,
                "Text": "input"
            },
            {
                "Score": 0.9561096429824829,
                "Text": "int"
            },
            {
                "Score": 0.9561096429824829,
                "Text": "putchar"
            },
            {
                "Score": 0.9968812465667725,
                "Text": "character"
            },
            {
                "Score": 0.9941493272781372,
                "Text": "standard"
            },
            {
                "Score": 0.9941493272781372,
                "Text": "output"
            }
        ]
    },
    {
        "Week": 6,
        "Slide": 12,
        "KeyPhrases": [
            {
                "Score": 0.9369407892227173,
                "Text": "getchar"
            },
            {
                "Score": 0.9369407892227173,
                "Text": "putchar"
            },
            {
                "Score": 0.7145204544067383,
                "Text": "loop"
            },
            {
                "Score": 0.9057942628860474,
                "Text": "eof"
            },
            {
                "Score": 0.8089957237243652,
                "Text": "printf"
            },
            {
                "Score": 0.8509487509727478,
                "Text": "getchar"
            }
        ]
    },
    {
        "Week": 6,
        "Slide": 13,
        "KeyPhrases": [
            {
                "Score": 0.9369328618049622,
                "Text": "getchar"
            },
            {
                "Score": 0.9369328618049622,
                "Text": "putchar"
            },
            {
                "Score": 0.8006047606468201,
                "Text": "loop"
            },
            {
                "Score": 0.8006047606468201,
                "Text": "while"
            },
            {
                "Score": 0.8006047606468201,
                "Text": "int"
            },
            {
                "Score": 0.6430572867393494,
                "Text": "eof"
            },
            {
                "Score": 0.8204219937324524,
                "Text": "printf"
            },
            {
                "Score": 0.8509481549263,
                "Text": "getchar"
            }
        ]
    },
    {
        "Week": 6,
        "Slide": 14,
        "KeyPhrases": [
            {
                "Score": 0.9369328618049622,
                "Text": "getchar"
            },
            {
                "Score": 0.9369328618049622,
                "Text": "putchar"
            },
            {
                "Score": 0.7835400104522705,
                "Text": "getchar"
            },
            {
                "Score": 0.7835400104522705,
                "Text": "loop"
            },
            {
                "Score": 0.7835400104522705,
                "Text": "int"
            },
            {
                "Score": 0.9051487445831299,
                "Text": "eof"
            },
            {
                "Score": 0.8088698983192444,
                "Text": "printf"
            },
            {
                "Score": 0.8509493470191956,
                "Text": "getchar"
            }
        ]
    },
    {
        "Week": 6,
        "Slide": 15,
        "KeyPhrases": [
            {
                "Score": 0.7978173494338989,
                "Text": "getchar"
            }
        ]
    },
    {
        "Week": 6,
        "Slide": 16,
        "KeyPhrases": [
            {
                "Score": 0.7877272367477417,
                "Text": "input"
            },
            {
                "Score": 0.9849075078964233,
                "Text": "than"
            },
            {
                "Score": 0.9849075078964233,
                "Text": "character"
            },
            {
                "Score": 0.9990366697311401,
                "Text": "time"
            }
        ]
    },
    {
        "Week": 6,
        "Slide": 17,
        "KeyPhrases": [
            {
                "Score": 0.9300128817558289,
                "Text": "input"
            }
        ]
    },
    {
        "Week": 6,
        "Slide": 18,
        "KeyPhrases": [
            {
                "Score": 0.8496062755584717,
                "Text": "input"
            },
            {
                "Score": 0.8496062755584717,
                "Text": "fgets"
            },
            {
                "Score": 0.8293404579162598,
                "Text": "array"
            },
            {
                "Score": 0.9405065178871155,
                "Text": "array"
            },
            {
                "Score": 0.9405065178871155,
                "Text": "size"
            },
            {
                "Score": 0.9819558262825012,
                "Text": "stream"
            },
            {
                "Score": 0.9996021389961243,
                "Text": "line"
            },
            {
                "Score": 0.8911175727844238,
                "Text": "char"
            },
            {
                "Score": 0.8911175727844238,
                "Text": "array"
            },
            {
                "Score": 0.8911175727844238,
                "Text": "text"
            },
            {
                "Score": 0.8911175727844238,
                "Text": "array"
            },
            {
                "Score": 0.8665956258773804,
                "Text": "line"
            },
            {
                "Score": 0.8665956258773804,
                "Text": "size"
            },
            {
                "Score": 0.8665956258773804,
                "Text": "array"
            },
            {
                "Score": 0.9968338012695312,
                "Text": "size"
            },
            {
                "Score": 0.8881864547729492,
                "Text": "array"
            },
            {
                "Score": 0.8881864547729492,
                "Text": "stream"
            },
            {
                "Score": 0.9988709688186646,
                "Text": "line"
            },
            {
                "Score": 0.8044009208679199,
                "Text": "fgets"
            },
            {
                "Score": 0.8044009208679199,
                "Text": "stdin"
            },
            {
                "Score": 0.8993943333625793,
                "Text": "than"
            },
            {
                "Score": 0.8993943333625793,
                "Text": "array"
            },
            {
                "Score": 0.8993943333625793,
                "Text": "size"
            },
            {
                "Score": 0.8993943333625793,
                "Text": "char"
            },
            {
                "Score": 0.9973607659339905,
                "Text": "array"
            }
        ]
    },
    {
        "Week": 6,
        "Slide": 19,
        "KeyPhrases": [
            {
                "Score": 0.8177649974822998,
                "Text": "fgets"
            },
            {
                "Score": 0.9951068758964539,
                "Text": "function"
            },
            {
                "Score": 0.5998837947845459,
                "Text": "man"
            },
            {
                "Score": 0.5998837947845459,
                "Text": "page"
            }
        ]
    },
    {
        "Week": 6,
        "Slide": 20,
        "KeyPhrases": []
    },
    {
        "Week": 6,
        "Slide": 21,
        "KeyPhrases": [
            {
                "Score": 0.6251485347747803,
                "Text": "array"
            },
            {
                "Score": 0.8616512417793274,
                "Text": "array"
            }
        ]
    },
    {
        "Week": 6,
        "Slide": 22,
        "KeyPhrases": [
            {
                "Score": 0.8109712600708008,
                "Text": "array"
            },
            {
                "Score": 0.991125762462616,
                "Text": "memory"
            },
            {
                "Score": 0.9980512857437134,
                "Text": "memory"
            }
        ]
    },
    {
        "Week": 6,
        "Slide": 23,
        "KeyPhrases": [
            {
                "Score": 0.8095454573631287,
                "Text": "array"
            },
            {
                "Score": 0.9545416235923767,
                "Text": "memory"
            },
            {
                "Score": 0.9579436182975769,
                "Text": "memory"
            }
        ]
    },
    {
        "Week": 6,
        "Slide": 24,
        "KeyPhrases": [
            {
                "Score": 0.979955792427063,
                "Text": "memory"
            },
            {
                "Score": 0.7388302683830261,
                "Text": "matter"
            }
        ]
    },
    {
        "Week": 6,
        "Slide": 25,
        "KeyPhrases": [
            {
                "Score": 0.8654285669326782,
                "Text": "function"
            },
            {
                "Score": 0.8654285669326782,
                "Text": "memory"
            },
            {
                "Score": 0.99947589635849,
                "Text": "function"
            },
            {
                "Score": 0.9661892056465149,
                "Text": "that"
            },
            {
                "Score": 0.9661892056465149,
                "Text": "function"
            }
        ]
    },
    {
        "Week": 6,
        "Slide": 26,
        "KeyPhrases": []
    },
    {
        "Week": 6,
        "Slide": 27,
        "KeyPhrases": [
            {
                "Score": 0.9943137168884277,
                "Text": "value"
            },
            {
                "Score": 0.8510324954986572,
                "Text": "function"
            },
            {
                "Score": 0.8510324954986572,
                "Text": "function"
            },
            {
                "Score": 0.9994078874588013,
                "Text": "copy"
            },
            {
                "Score": 0.9996417164802551,
                "Text": "value"
            }
        ]
    },
    {
        "Week": 6,
        "Slide": 28,
        "KeyPhrases": [
            {
                "Score": 0.965030312538147,
                "Text": "array"
            },
            {
                "Score": 0.9868372678756714,
                "Text": "function"
            },
            {
                "Score": 0.997215747833252,
                "Text": "function"
            },
            {
                "Score": 0.7669660449028015,
                "Text": "anything"
            },
            {
                "Score": 0.7669660449028015,
                "Text": "outside"
            },
            {
                "Score": 0.9982648491859436,
                "Text": "function"
            },
            {
                "Score": 0.7399331331253052,
                "Text": "array"
            }
        ]
    }
]