[
{
    "Week": 6,
    "Slide": 0,
    "KeyPhrases": [
        {
            "BeginOffset": 14,
            "EndOffset": 23,
            "Score": 0.7755911946296692,
            "Text": "1511 18s1"
        }
    ],
    "ResponseMetadata": {
        "HTTPHeaders": {
            "content-length": "96",
            "content-type": "application/x-amz-json-1.1",
            "date": "Thu, 28 Mar 2019 13:02:43 GMT",
            "x-amzn-requestid": "c70985c2-5159-11e9-88a1-7f24626c0794"
        },
        "HTTPStatusCode": 200,
        "RequestId": "c70985c2-5159-11e9-88a1-7f24626c0794",
        "RetryAttempts": 0
    }
},
{
    "Week": 6,
    "Slide": 1,
    "KeyPhrases": [
        {
            "BeginOffset": 5,
            "EndOffset": 32,
            "Score": 0.8344597816467285,
            "Text": "5 8s\n\u2014 Lecture 11 \u2014 \n\nFiles"
        },
        {
            "BeginOffset": 34,
            "EndOffset": 82,
            "Score": 0.8723495006561279,
            "Text": "Memory\nAndrew Bennett \n\n<andrew.bennett@unsw.edu"
        }
    ],
    "ResponseMetadata": {
        "HTTPHeaders": {
            "content-length": "242",
            "content-type": "application/x-amz-json-1.1",
            "date": "Thu, 28 Mar 2019 13:02:45 GMT",
            "x-amzn-requestid": "c7b8d939-5159-11e9-9c6b-1b49fa666314"
        },
        "HTTPStatusCode": 200,
        "RequestId": "c7b8d939-5159-11e9-9c6b-1b49fa666314",
        "RetryAttempts": 0
    }
},
{
    "Week": 6,
    "Slide": 2,
    "KeyPhrases": [
        {
            "BeginOffset": 2,
            "EndOffset": 10,
            "Score": 0.533657431602478,
            "Text": "Overview"
        },
        {
            "BeginOffset": 17,
            "EndOffset": 29,
            "Score": 0.9970005750656128,
            "Text": "this lecture"
        },
        {
            "BeginOffset": 60,
            "EndOffset": 81,
            "Score": 0.9993018507957458,
            "Text": "a basic understanding"
        },
        {
            "BeginOffset": 85,
            "EndOffset": 104,
            "Score": 0.9991870522499084,
            "Text": "the different types"
        },
        {
            "BeginOffset": 108,
            "EndOffset": 111,
            "Score": 0.9890882968902588,
            "Text": "i/o"
        },
        {
            "BeginOffset": 115,
            "EndOffset": 122,
            "Score": 0.7257197499275208,
            "Text": "C\n\nread"
        },
        {
            "BeginOffset": 133,
            "EndOffset": 138,
            "Score": 0.9924588799476624,
            "Text": "files"
        },
        {
            "BeginOffset": 145,
            "EndOffset": 160,
            "Score": 0.9470655918121338,
            "Text": "C i/o functions"
        },
        {
            "BeginOffset": 165,
            "EndOffset": 181,
            "Score": 0.9013147950172424,
            "Text": "file redirection"
        },
        {
            "BeginOffset": 218,
            "EndOffset": 227,
            "Score": 0.972538948059082,
            "Text": "argc/argv"
        },
        {
            "BeginOffset": 234,
            "EndOffset": 255,
            "Score": 0.9989891648292542,
            "Text": "a basic understanding"
        },
        {
            "BeginOffset": 259,
            "EndOffset": 265,
            "Score": 0.9977273344993591,
            "Text": "memory"
        },
        {
            "BeginOffset": 273,
            "EndOffset": 277,
            "Score": 0.7614098191261292,
            "Text": "note"
        },
        {
            "BeginOffset": 347,
            "EndOffset": 359,
            "Score": 0.9821447134017944,
            "Text": "this lecture"
        },
        {
            "BeginOffset": 370,
            "EndOffset": 382,
            "Score": 0.9942173361778259,
            "Text": "this lecture"
        },
        {
            "BeginOffset": 412,
            "EndOffset": 427,
            "Score": 0.9992502927780151,
            "Text": "the foundations"
        },
        {
            "BeginOffset": 448,
            "EndOffset": 460,
            "Score": 0.9974177479743958,
            "Text": "these skills"
        },
        {
            "BeginOffset": 472,
            "EndOffset": 483,
            "Score": 0.996127188205719,
            "Text": "programming"
        },
        {
            "BeginOffset": 502,
            "EndOffset": 520,
            "Score": 0.999396800994873,
            "Text": "any other language"
        },
        {
            "BeginOffset": 531,
            "EndOffset": 562,
            "Score": 0.9729824066162109,
            "Text": "consistent and regular practice"
        }
    ],
    "ResponseMetadata": {
        "HTTPHeaders": {
            "content-length": "1723",
            "content-type": "application/x-amz-json-1.1",
            "date": "Thu, 28 Mar 2019 13:02:45 GMT",
            "x-amzn-requestid": "c8682c0f-5159-11e9-adf9-192c939d7e83"
        },
        "HTTPStatusCode": 200,
        "RequestId": "c8682c0f-5159-11e9-adf9-192c939d7e83",
        "RetryAttempts": 0
    }
},
{
    "Week": 6,
    "Slide": 3,
    "KeyPhrases": [
        {
            "BeginOffset": 2,
            "EndOffset": 7,
            "Score": 0.8646005392074585,
            "Text": "Admin"
        },
        {
            "BeginOffset": 22,
            "EndOffset": 34,
            "Score": 0.6610841751098633,
            "Text": "assignment 1"
        },
        {
            "BeginOffset": 39,
            "EndOffset": 59,
            "Score": 0.7970353364944458,
            "Text": "YESTERDAY \nnice work"
        },
        {
            "BeginOffset": 64,
            "EndOffset": 68,
            "Score": 0.47778064012527466,
            "Text": "week"
        },
        {
            "BeginOffset": 69,
            "EndOffset": 82,
            "Score": 0.859366774559021,
            "Text": "5 weekly test"
        },
        {
            "BeginOffset": 87,
            "EndOffset": 95,
            "Score": 0.9058642983436584,
            "Text": "thursday"
        },
        {
            "BeginOffset": 115,
            "EndOffset": 124,
            "Score": 0.9510108828544617,
            "Text": "lab marks"
        },
        {
            "BeginOffset": 135,
            "EndOffset": 139,
            "Score": 0.9390619993209839,
            "Text": "post"
        },
        {
            "BeginOffset": 143,
            "EndOffset": 157,
            "Score": 0.6841915845870972,
            "Text": "class forum ||"
        },
        {
            "BeginOffset": 164,
            "EndOffset": 174,
            "Score": 0.9894818067550659,
            "Text": "your tutor"
        },
        {
            "BeginOffset": 195,
            "EndOffset": 208,
            "Score": 0.9533517956733704,
            "Text": "help sessions"
        },
        {
            "BeginOffset": 215,
            "EndOffset": 229,
            "Score": 0.9776549339294434,
            "Text": "course website"
        }
    ],
    "ResponseMetadata": {
        "HTTPHeaders": {
            "content-length": "1005",
            "content-type": "application/x-amz-json-1.1",
            "date": "Thu, 28 Mar 2019 13:03:05 GMT",
            "x-amzn-requestid": "d45c2b46-5159-11e9-9067-a580ee7ec557"
        },
        "HTTPStatusCode": 200,
        "RequestId": "d45c2b46-5159-11e9-9067-a580ee7ec557",
        "RetryAttempts": 0
    }
},
{
    "Week": 6,
    "Slide": 4,
    "KeyPhrases": [
        {
            "BeginOffset": 15,
            "EndOffset": 18,
            "Score": 0.8833747506141663,
            "Text": "i/o"
        },
        {
            "BeginOffset": 20,
            "EndOffset": 32,
            "Score": 0.96262526512146,
            "Text": "input/output"
        }
    ],
    "ResponseMetadata": {
        "HTTPHeaders": {
            "content-length": "171",
            "content-type": "application/x-amz-json-1.1",
            "date": "Thu, 28 Mar 2019 13:03:07 GMT",
            "x-amzn-requestid": "d50b56b4-5159-11e9-a698-9b1a515702e6"
        },
        "HTTPStatusCode": 200,
        "RequestId": "d50b56b4-5159-11e9-a698-9b1a515702e6",
        "RetryAttempts": 0
    }
},
{
    "Week": 6,
    "Slide": 5,
    "KeyPhrases": [
        {
            "BeginOffset": 2,
            "EndOffset": 14,
            "Score": 0.8783630132675171,
            "Text": "input/output"
        },
        {
            "BeginOffset": 16,
            "EndOffset": 19,
            "Score": 0.8322677612304688,
            "Text": "i/o"
        },
        {
            "BeginOffset": 23,
            "EndOffset": 35,
            "Score": 0.9569194912910461,
            "Text": "input/output"
        },
        {
            "BeginOffset": 38,
            "EndOffset": 50,
            "Score": 0.9788299798965454,
            "Text": "various ways"
        },
        {
            "BeginOffset": 51,
            "EndOffset": 63,
            "Score": 0.9997678995132446,
            "Text": "our programs"
        },
        {
            "BeginOffset": 73,
            "EndOffset": 78,
            "Score": 0.987661600112915,
            "Text": "input"
        }
    ],
    "ResponseMetadata": {
        "HTTPHeaders": {
            "content-length": "496",
            "content-type": "application/x-amz-json-1.1",
            "date": "Thu, 28 Mar 2019 13:03:08 GMT",
            "x-amzn-requestid": "d5aaf235-5159-11e9-b79a-031038b16953"
        },
        "HTTPStatusCode": 200,
        "RequestId": "d5aaf235-5159-11e9-b79a-031038b16953",
        "RetryAttempts": 0
    }
},
{
    "Week": 6,
    "Slide": 6,
    "KeyPhrases": [
        {
            "BeginOffset": 2,
            "EndOffset": 14,
            "Score": 0.8758635520935059,
            "Text": "input/output"
        },
        {
            "BeginOffset": 36,
            "EndOffset": 48,
            "Score": 0.9600547552108765,
            "Text": "several ways"
        },
        {
            "BeginOffset": 50,
            "EndOffset": 56,
            "Score": 0.5635259747505188,
            "Text": "printf"
        },
        {
            "BeginOffset": 58,
            "EndOffset": 63,
            "Score": 0.836365818977356,
            "Text": "scanf"
        },
        {
            "BeginOffset": 65,
            "EndOffset": 72,
            "Score": 0.8283599019050598,
            "Text": "getchar"
        },
        {
            "BeginOffset": 74,
            "EndOffset": 81,
            "Score": 0.9021915793418884,
            "Text": "putchar"
        },
        {
            "BeginOffset": 83,
            "EndOffset": 88,
            "Score": 0.9679331183433533,
            "Text": "fgets"
        },
        {
            "BeginOffset": 90,
            "EndOffset": 91,
            "Score": 0.787253737449646,
            "Text": "\u2026"
        }
    ],
    "ResponseMetadata": {
        "HTTPHeaders": {
            "content-length": "638",
            "content-type": "application/x-amz-json-1.1",
            "date": "Thu, 28 Mar 2019 13:03:09 GMT",
            "x-amzn-requestid": "d63a3a4d-5159-11e9-9bf3-7b40ac3c3f45"
        },
        "HTTPStatusCode": 200,
        "RequestId": "d63a3a4d-5159-11e9-9bf3-7b40ac3c3f45",
        "RetryAttempts": 0
    }
},
{
    "Week": 6,
    "Slide": 7,
    "KeyPhrases": [
        {
            "BeginOffset": 2,
            "EndOffset": 14,
            "Score": 0.8820275664329529,
            "Text": "input/output"
        },
        {
            "BeginOffset": 36,
            "EndOffset": 52,
            "Score": 0.9260502457618713,
            "Text": "stdin and stdout"
        },
        {
            "BeginOffset": 56,
            "EndOffset": 70,
            "Score": 0.8357283473014832,
            "Text": "standard input"
        },
        {
            "BeginOffset": 75,
            "EndOffset": 90,
            "Score": 0.9936161637306213,
            "Text": "standard output"
        },
        {
            "BeginOffset": 93,
            "EndOffset": 105,
            "Score": 0.6292551755905151,
            "Text": "stdin \nscanf"
        },
        {
            "BeginOffset": 107,
            "EndOffset": 114,
            "Score": 0.7772807478904724,
            "Text": "getchar"
        },
        {
            "BeginOffset": 116,
            "EndOffset": 137,
            "Score": 0.7969222068786621,
            "Text": "fgets\n\nstdout \nprintf"
        }
    ],
    "ResponseMetadata": {
        "HTTPHeaders": {
            "content-length": "618",
            "content-type": "application/x-amz-json-1.1",
            "date": "Thu, 28 Mar 2019 13:03:10 GMT",
            "x-amzn-requestid": "d6e98ccb-5159-11e9-9ee0-d7b69e2c846a"
        },
        "HTTPStatusCode": 200,
        "RequestId": "d6e98ccb-5159-11e9-9ee0-d7b69e2c846a",
        "RetryAttempts": 0
    }
},
{
    "Week": 6,
    "Slide": 8,
    "KeyPhrases": [
        {
            "BeginOffset": 2,
            "EndOffset": 17,
            "Score": 0.7899990677833557,
            "Text": "Other i/o\nstdin"
        },
        {
            "BeginOffset": 22,
            "EndOffset": 28,
            "Score": 0.7821386456489563,
            "Text": "stdout"
        },
        {
            "BeginOffset": 35,
            "EndOffset": 47,
            "Score": 0.9953098297119141,
            "Text": "the terminal"
        },
        {
            "BeginOffset": 63,
            "EndOffset": 76,
            "Score": 0.8238458037376404,
            "Text": "other options"
        },
        {
            "BeginOffset": 78,
            "EndOffset": 84,
            "Score": 0.39529868960380554,
            "Text": "stderr"
        },
        {
            "BeginOffset": 87,
            "EndOffset": 101,
            "Score": 0.9898378252983093,
            "Text": "standard error"
        },
        {
            "BeginOffset": 104,
            "EndOffset": 109,
            "Score": 0.6384903192520142,
            "Text": "files"
        },
        {
            "BeginOffset": 112,
            "EndOffset": 123,
            "Score": 0.7198638916015625,
            "Text": "e.g. \u201cinput"
        },
        {
            "BeginOffset": 124,
            "EndOffset": 128,
            "Score": 0.6673969626426697,
            "Text": "txt\u201d"
        }
    ],
    "ResponseMetadata": {
        "HTTPHeaders": {
            "content-length": "753",
            "content-type": "application/x-amz-json-1.1",
            "date": "Thu, 28 Mar 2019 13:03:12 GMT",
            "x-amzn-requestid": "d799064b-5159-11e9-a369-99e6fd3713b6"
        },
        "HTTPStatusCode": 200,
        "RequestId": "d799064b-5159-11e9-a369-99e6fd3713b6",
        "RetryAttempts": 0
    }
},
{
    "Week": 6,
    "Slide": 9,
    "KeyPhrases": [
        {
            "BeginOffset": 2,
            "EndOffset": 8,
            "Score": 0.9282702207565308,
            "Text": "stderr"
        },
        {
            "BeginOffset": 23,
            "EndOffset": 49,
            "Score": 0.6848424673080444,
            "Text": "the terminal\n\nsemantically"
        },
        {
            "BeginOffset": 63,
            "EndOffset": 69,
            "Score": 0.9460816383361816,
            "Text": "stdout"
        },
        {
            "BeginOffset": 85,
            "EndOffset": 91,
            "Score": 0.9988278746604919,
            "Text": "errors"
        }
    ],
    "ResponseMetadata": {
        "HTTPHeaders": {
            "content-length": "344",
            "content-type": "application/x-amz-json-1.1",
            "date": "Thu, 28 Mar 2019 13:03:13 GMT",
            "x-amzn-requestid": "d85837a6-5159-11e9-8cd3-a305e61d9913"
        },
        "HTTPStatusCode": 200,
        "RequestId": "d85837a6-5159-11e9-8cd3-a305e61d9913",
        "RetryAttempts": 0
    }
},
{
    "Week": 6,
    "Slide": 10,
    "KeyPhrases": [
        {
            "BeginOffset": 2,
            "EndOffset": 8,
            "Score": 0.9146783947944641,
            "Text": "stderr"
        },
        {
            "BeginOffset": 25,
            "EndOffset": 44,
            "Score": 0.9451263546943665,
            "Text": "fprintf\n\n \n\nfprintf"
        },
        {
            "BeginOffset": 45,
            "EndOffset": 51,
            "Score": 0.8299050331115723,
            "Text": "stderr"
        },
        {
            "BeginOffset": 54,
            "EndOffset": 56,
            "Score": 0.6704444885253906,
            "Text": "Uh"
        }
    ],
    "ResponseMetadata": {
        "HTTPHeaders": {
            "content-length": "335",
            "content-type": "application/x-amz-json-1.1",
            "date": "Thu, 28 Mar 2019 13:03:13 GMT",
            "x-amzn-requestid": "d9078ac6-5159-11e9-b79a-031038b16953"
        },
        "HTTPStatusCode": 200,
        "RequestId": "d9078ac6-5159-11e9-b79a-031038b16953",
        "RetryAttempts": 0
    }
},
{
    "Week": 6,
    "Slide": 11,
    "KeyPhrases": [
        {
            "BeginOffset": 2,
            "EndOffset": 9,
            "Score": 0.5330929756164551,
            "Text": "fprintf"
        },
        {
            "BeginOffset": 20,
            "EndOffset": 26,
            "Score": 0.8984445929527283,
            "Text": "printf"
        },
        {
            "BeginOffset": 43,
            "EndOffset": 48,
            "Score": 0.5573741793632507,
            "Text": "files"
        },
        {
            "BeginOffset": 56,
            "EndOffset": 62,
            "Score": 0.8165857195854187,
            "Text": "stdout"
        },
        {
            "BeginOffset": 66,
            "EndOffset": 84,
            "Score": 0.9233607053756714,
            "Text": "a \"file descriptor"
        },
        {
            "BeginOffset": 88,
            "EndOffset": 95,
            "Score": 0.8194993734359741,
            "Text": "fprintf"
        },
        {
            "BeginOffset": 96,
            "EndOffset": 102,
            "Score": 0.8245434165000916,
            "Text": "stdout"
        },
        {
            "BeginOffset": 112,
            "EndOffset": 117,
            "Score": 0.9820547699928284,
            "Text": "world"
        },
        {
            "BeginOffset": 132,
            "EndOffset": 138,
            "Score": 0.9047077894210815,
            "Text": "stderr"
        },
        {
            "BeginOffset": 147,
            "EndOffset": 165,
            "Score": 0.9348388314247131,
            "Text": "a \"file descriptor"
        },
        {
            "BeginOffset": 169,
            "EndOffset": 176,
            "Score": 0.8234003186225891,
            "Text": "fprintf"
        },
        {
            "BeginOffset": 177,
            "EndOffset": 183,
            "Score": 0.822731614112854,
            "Text": "stderr"
        },
        {
            "BeginOffset": 186,
            "EndOffset": 188,
            "Score": 0.6652700901031494,
            "Text": "Uh"
        },
        {
            "BeginOffset": 247,
            "EndOffset": 257,
            "Score": 0.7308294773101807,
            "Text": "real files"
        },
        {
            "BeginOffset": 260,
            "EndOffset": 265,
            "Score": 0.704185962677002,
            "Text": "FILE\\"
        },
        {
            "BeginOffset": 267,
            "EndOffset": 278,
            "Score": 0.8201237320899963,
            "Text": "output_file"
        },
        {
            "BeginOffset": 281,
            "EndOffset": 286,
            "Score": 0.679551362991333,
            "Text": "fopen"
        },
        {
            "BeginOffset": 288,
            "EndOffset": 294,
            "Score": 0.6628100872039795,
            "Text": "output"
        },
        {
            "BeginOffset": 309,
            "EndOffset": 316,
            "Score": 0.8881214261054993,
            "Text": "fprintf"
        },
        {
            "BeginOffset": 317,
            "EndOffset": 328,
            "Score": 0.9769129753112793,
            "Text": "output_file"
        }
    ],
    "ResponseMetadata": {
        "HTTPHeaders": {
            "content-length": "1615",
            "content-type": "application/x-amz-json-1.1",
            "date": "Thu, 28 Mar 2019 13:03:15 GMT",
            "x-amzn-requestid": "d9b6b6af-5159-11e9-a41b-5514da879d83"
        },
        "HTTPStatusCode": 200,
        "RequestId": "d9b6b6af-5159-11e9-a41b-5514da879d83",
        "RetryAttempts": 0
    }
},
{
    "Week": 6,
    "Slide": 12,
    "KeyPhrases": [
        {
            "BeginOffset": 30,
            "EndOffset": 35,
            "Score": 0.9993066787719727,
            "Text": "files"
        },
        {
            "BeginOffset": 39,
            "EndOffset": 58,
            "Score": 0.9783137440681458,
            "Text": "C\n\nprinting content"
        },
        {
            "BeginOffset": 62,
            "EndOffset": 68,
            "Score": 0.9952355027198792,
            "Text": "a file"
        },
        {
            "BeginOffset": 80,
            "EndOffset": 86,
            "Score": 0.9754820466041565,
            "Text": "printf"
        },
        {
            "BeginOffset": 98,
            "EndOffset": 105,
            "Score": 0.8456228375434875,
            "Text": "content"
        },
        {
            "BeginOffset": 111,
            "EndOffset": 117,
            "Score": 0.995452880859375,
            "Text": "a file"
        },
        {
            "BeginOffset": 129,
            "EndOffset": 134,
            "Score": 0.9926828742027283,
            "Text": "scanf"
        }
    ],
    "ResponseMetadata": {
        "HTTPHeaders": {
            "content-length": "573",
            "content-type": "application/x-amz-json-1.1",
            "date": "Thu, 28 Mar 2019 13:03:15 GMT",
            "x-amzn-requestid": "da5b5ab2-5159-11e9-b1f4-0d6fc4dbbbce"
        },
        "HTTPStatusCode": 200,
        "RequestId": "da5b5ab2-5159-11e9-b1f4-0d6fc4dbbbce",
        "RetryAttempts": 0
    }
},
{
    "Week": 6,
    "Slide": 13,
    "KeyPhrases": [
        {
            "BeginOffset": 20,
            "EndOffset": 30,
            "Score": 0.9480859637260437,
            "Text": "the syntax"
        },
        {
            "BeginOffset": 53,
            "EndOffset": 59,
            "Score": 0.9960216283798218,
            "Text": "a file"
        },
        {
            "BeginOffset": 69,
            "EndOffset": 75,
            "Score": 0.8368805050849915,
            "Text": "output"
        },
        {
            "BeginOffset": 84,
            "EndOffset": 121,
            "Score": 0.7551985383033752,
            "Text": "\"writing\" mode \n\nFILE\\* output_file ="
        },
        {
            "BeginOffset": 129,
            "EndOffset": 135,
            "Score": 0.7051079273223877,
            "Text": "output"
        },
        {
            "BeginOffset": 156,
            "EndOffset": 162,
            "Score": 0.8752795457839966,
            "Text": "prints"
        },
        {
            "BeginOffset": 175,
            "EndOffset": 193,
            "Score": 0.9627141952514648,
            "Text": "the file \n\nfprintf"
        },
        {
            "BeginOffset": 194,
            "EndOffset": 205,
            "Score": 0.9733242392539978,
            "Text": "output_file"
        }
    ],
    "ResponseMetadata": {
        "HTTPHeaders": {
            "content-length": "700",
            "content-type": "application/x-amz-json-1.1",
            "date": "Thu, 28 Mar 2019 13:03:18 GMT",
            "x-amzn-requestid": "db057e07-5159-11e9-9c6b-1b49fa666314"
        },
        "HTTPStatusCode": 200,
        "RequestId": "db057e07-5159-11e9-9c6b-1b49fa666314",
        "RetryAttempts": 0
    }
},
{
    "Week": 6,
    "Slide": 14,
    "KeyPhrases": [
        {
            "BeginOffset": 2,
            "EndOffset": 18,
            "Score": 0.6829699277877808,
            "Text": "file redirection"
        },
        {
            "BeginOffset": 35,
            "EndOffset": 47,
            "Score": 0.9969463348388672,
            "Text": "the terminal"
        },
        {
            "BeginOffset": 58,
            "EndOffset": 79,
            "Score": 0.9786251783370972,
            "Text": "the file input/output"
        },
        {
            "BeginOffset": 97,
            "EndOffset": 103,
            "Score": 0.8100141882896423,
            "Text": "a file"
        },
        {
            "BeginOffset": 105,
            "EndOffset": 109,
            "Score": 0.5312837958335876,
            "Text": "blah"
        },
        {
            "BeginOffset": 115,
            "EndOffset": 121,
            "Score": 0.7056966423988342,
            "Text": "printf"
        },
        {
            "BeginOffset": 134,
            "EndOffset": 151,
            "Score": 0.9379487633705139,
            "Text": "a normal printf\\n"
        },
        {
            "BeginOffset": 160,
            "EndOffset": 176,
            "Score": 0.9039575457572937,
            "Text": "dcc -o blah blah"
        },
        {
            "BeginOffset": 186,
            "EndOffset": 190,
            "Score": 0.25989142060279846,
            "Text": "blah"
        },
        {
            "BeginOffset": 193,
            "EndOffset": 199,
            "Score": 0.9124191403388977,
            "Text": "output"
        },
        {
            "BeginOffset": 209,
            "EndOffset": 221,
            "Score": 0.9115768671035767,
            "Text": "$ cat output"
        },
        {
            "BeginOffset": 222,
            "EndOffset": 233,
            "Score": 0.674262523651123,
            "Text": "txt \n\nHello"
        }
    ],
    "ResponseMetadata": {
        "HTTPHeaders": {
            "content-length": "1018",
            "content-type": "application/x-amz-json-1.1",
            "date": "Thu, 28 Mar 2019 13:03:18 GMT",
            "x-amzn-requestid": "dbb4d069-5159-11e9-99c9-7369baa4d582"
        },
        "HTTPStatusCode": 200,
        "RequestId": "dbb4d069-5159-11e9-99c9-7369baa4d582",
        "RetryAttempts": 0
    }
},
{
    "Week": 6,
    "Slide": 15,
    "KeyPhrases": [
        {
            "BeginOffset": 2,
            "EndOffset": 8,
            "Score": 0.9112151265144348,
            "Text": "string"
        },
        {
            "BeginOffset": 9,
            "EndOffset": 27,
            "Score": 0.7675433158874512,
            "Text": "h\n#include <string"
        },
        {
            "BeginOffset": 41,
            "EndOffset": 45,
            "Score": 0.9983320832252502,
            "Text": "lots"
        },
        {
            "BeginOffset": 49,
            "EndOffset": 58,
            "Score": 0.9986618757247925,
            "Text": "functions"
        },
        {
            "BeginOffset": 72,
            "EndOffset": 84,
            "Score": 0.6265310645103455,
            "Text": "strings\n\nman"
        },
        {
            "BeginOffset": 85,
            "EndOffset": 99,
            "Score": 0.9083003997802734,
            "Text": "3 string\n\nnote"
        },
        {
            "BeginOffset": 140,
            "EndOffset": 148,
            "Score": 0.9921966791152954,
            "Text": "practice"
        },
        {
            "BeginOffset": 166,
            "EndOffset": 170,
            "Score": 0.7752353549003601,
            "Text": "e.g."
        },
        {
            "BeginOffset": 172,
            "EndOffset": 182,
            "Score": 0.7124936580657959,
            "Text": "int strlen"
        },
        {
            "BeginOffset": 183,
            "EndOffset": 195,
            "Score": 0.6880607604980469,
            "Text": "char *string"
        },
        {
            "BeginOffset": 198,
            "EndOffset": 199,
            "Score": 0.8263533711433411,
            "Text": "\u2013"
        },
        {
            "BeginOffset": 206,
            "EndOffset": 214,
            "Score": 0.9948050379753113,
            "Text": "a string"
        },
        {
            "BeginOffset": 224,
            "EndOffset": 234,
            "Score": 0.9959559440612793,
            "Text": "the length"
        }
    ],
    "ResponseMetadata": {
        "HTTPHeaders": {
            "content-length": "1073",
            "content-type": "application/x-amz-json-1.1",
            "date": "Thu, 28 Mar 2019 13:03:20 GMT",
            "x-amzn-requestid": "dc6422e7-5159-11e9-902b-adbe1c0e68b7"
        },
        "HTTPStatusCode": 200,
        "RequestId": "dc6422e7-5159-11e9-902b-adbe1c0e68b7",
        "RetryAttempts": 0
    }
},
{
    "Week": 6,
    "Slide": 16,
    "KeyPhrases": [
        {
            "BeginOffset": 6,
            "EndOffset": 7,
            "Score": 0.4712548553943634,
            "Text": "\u2026"
        }
    ],
    "ResponseMetadata": {
        "HTTPHeaders": {
            "content-length": "88",
            "content-type": "application/x-amz-json-1.1",
            "date": "Thu, 28 Mar 2019 13:03:21 GMT",
            "x-amzn-requestid": "dd1c287f-5159-11e9-a4ee-c948411f9c0e"
        },
        "HTTPStatusCode": 200,
        "RequestId": "dd1c287f-5159-11e9-a4ee-c948411f9c0e",
        "RetryAttempts": 0
    }
},
{
    "Week": 6,
    "Slide": 17,
    "KeyPhrases": [],
    "ResponseMetadata": {
        "HTTPHeaders": {
            "content-length": "17",
            "content-type": "application/x-amz-json-1.1",
            "date": "Thu, 28 Mar 2019 13:03:21 GMT",
            "x-amzn-requestid": "ddaca8e1-5159-11e9-b7b4-8f0a6db039e5"
        },
        "HTTPStatusCode": 200,
        "RequestId": "ddaca8e1-5159-11e9-b7b4-8f0a6db039e5",
        "RetryAttempts": 0
    }
},
{
    "Week": 6,
    "Slide": 18,
    "KeyPhrases": [],
    "ResponseMetadata": {
        "HTTPHeaders": {
            "content-length": "17",
            "content-type": "application/x-amz-json-1.1",
            "date": "Thu, 28 Mar 2019 13:03:23 GMT",
            "x-amzn-requestid": "de523797-5159-11e9-adf9-192c939d7e83"
        },
        "HTTPStatusCode": 200,
        "RequestId": "de523797-5159-11e9-adf9-192c939d7e83",
        "RetryAttempts": 0
    }
},
{
    "Week": 6,
    "Slide": 19,
    "KeyPhrases": [
        {
            "BeginOffset": 2,
            "EndOffset": 8,
            "Score": 0.8269714117050171,
            "Text": "Memory"
        },
        {
            "BeginOffset": 21,
            "EndOffset": 34,
            "Score": 0.975277841091156,
            "Text": "a GIANT array"
        },
        {
            "BeginOffset": 38,
            "EndOffset": 42,
            "Score": 0.8870208859443665,
            "Text": "4 GB"
        },
        {
            "BeginOffset": 73,
            "EndOffset": 79,
            "Score": 0.9057132005691528,
            "Text": "memory"
        },
        {
            "BeginOffset": 80,
            "EndOffset": 100,
            "Score": 0.6888812780380249,
            "Text": "somewhere\n\nvariables"
        },
        {
            "BeginOffset": 115,
            "EndOffset": 121,
            "Score": 0.8263447284698486,
            "Text": "memory"
        },
        {
            "BeginOffset": 123,
            "EndOffset": 131,
            "Score": 0.9990196228027344,
            "Text": "the code"
        },
        {
            "BeginOffset": 136,
            "EndOffset": 148,
            "Score": 0.9995893239974976,
            "Text": "your program"
        },
        {
            "BeginOffset": 162,
            "EndOffset": 168,
            "Score": 0.857818067073822,
            "Text": "memory"
        },
        {
            "BeginOffset": 170,
            "EndOffset": 178,
            "Score": 0.9979969263076782,
            "Text": "the code"
        },
        {
            "BeginOffset": 183,
            "EndOffset": 200,
            "Score": 0.976899266242981,
            "Text": "library functions"
        },
        {
            "BeginOffset": 222,
            "EndOffset": 228,
            "Score": 0.9758087396621704,
            "Text": "memory"
        },
        {
            "BeginOffset": 231,
            "EndOffset": 237,
            "Score": 0.7250170707702637,
            "Text": "printf"
        },
        {
            "BeginOffset": 239,
            "EndOffset": 244,
            "Score": 0.9008288383483887,
            "Text": "scanf"
        },
        {
            "BeginOffset": 246,
            "EndOffset": 247,
            "Score": 0.9329480528831482,
            "Text": "\u2026"
        },
        {
            "BeginOffset": 280,
            "EndOffset": 286,
            "Score": 0.9984074234962463,
            "Text": "memory"
        },
        {
            "BeginOffset": 295,
            "EndOffset": 305,
            "Score": 0.9968441724777222,
            "Text": "an address"
        },
        {
            "BeginOffset": 319,
            "EndOffset": 336,
            "Score": 0.9676428437232971,
            "Text": "your home address"
        }
    ],
    "ResponseMetadata": {
        "HTTPHeaders": {
            "content-length": "1477",
            "content-type": "application/x-amz-json-1.1",
            "date": "Thu, 28 Mar 2019 13:03:23 GMT",
            "x-amzn-requestid": "df016343-5159-11e9-8d49-d71cd8da7611"
        },
        "HTTPStatusCode": 200,
        "RequestId": "df016343-5159-11e9-8d49-d71cd8da7611",
        "RetryAttempts": 0
    }
},
{
    "Week": 6,
    "Slide": 20,
    "KeyPhrases": [
        {
            "BeginOffset": 2,
            "EndOffset": 18,
            "Score": 0.9538987874984741,
            "Text": "Memory Addresses"
        },
        {
            "BeginOffset": 59,
            "EndOffset": 65,
            "Score": 0.9831664562225342,
            "Text": "memory"
        },
        {
            "BeginOffset": 82,
            "EndOffset": 92,
            "Score": 0.9923273324966431,
            "Text": "an address"
        },
        {
            "BeginOffset": 106,
            "EndOffset": 117,
            "Score": 0.9961846470832825,
            "Text": "the address"
        },
        {
            "BeginOffset": 126,
            "EndOffset": 134,
            "Score": 0.9364904761314392,
            "Text": "\u201caddress"
        },
        {
            "BeginOffset": 150,
            "EndOffset": 166,
            "Score": 0.9783238768577576,
            "Text": "memory addresses"
        },
        {
            "BeginOffset": 170,
            "EndOffset": 181,
            "Score": 0.9720286130905151,
            "Text": "hexidecimal"
        }
    ],
    "ResponseMetadata": {
        "HTTPHeaders": {
            "content-length": "600",
            "content-type": "application/x-amz-json-1.1",
            "date": "Thu, 28 Mar 2019 13:03:25 GMT",
            "x-amzn-requestid": "dfb1043b-5159-11e9-8d49-d71cd8da7611"
        },
        "HTTPStatusCode": 200,
        "RequestId": "dfb1043b-5159-11e9-8d49-d71cd8da7611",
        "RetryAttempts": 0
    }
},
{
    "Week": 6,
    "Slide": 21,
    "KeyPhrases": [
        {
            "BeginOffset": 2,
            "EndOffset": 32,
            "Score": 0.9607024788856506,
            "Text": "Memory Layout\ndifferent things"
        },
        {
            "BeginOffset": 47,
            "EndOffset": 63,
            "Score": 0.7410876750946045,
            "Text": "different places"
        },
        {
            "BeginOffset": 65,
            "EndOffset": 74,
            "Score": 0.9939707517623901,
            "Text": "variables"
        },
        {
            "BeginOffset": 89,
            "EndOffset": 114,
            "Score": 0.9762610793113708,
            "Text": "the stack\n\ndynamic memory"
        },
        {
            "BeginOffset": 124,
            "EndOffset": 138,
            "Score": 0.9230297207832336,
            "Text": "that next week"
        },
        {
            "BeginOffset": 153,
            "EndOffset": 161,
            "Score": 0.6039738059043884,
            "Text": "the heap"
        },
        {
            "BeginOffset": 993,
            "EndOffset": 1012,
            "Score": 0.7905061841011047,
            "Text": "A\n\nF\n\no\n\n0\n\nw\n\nr\n\nw"
        },
        {
            "BeginOffset": 1019,
            "EndOffset": 1046,
            "Score": 0.847301721572876,
            "Text": "d\n\ne\n\no\n\n0\n\nR\n\nx\n\n0\n\nO A\n\nT"
        },
        {
            "BeginOffset": 1059,
            "EndOffset": 1214,
            "Score": 0.9512613415718079,
            "Text": "a\n\n0\n\nd n\n\nr\n\ns\n\n0\n\ns\n\n00\n\nR\n\n0\n\nre ns\n\nF F\n\nr\n\nf o\n\nr\n\nh\n\nFF\n\nt\n\n0\n\n0\n\nw\n\nm\n\no\n\ns l\n\nt\n\nH\n\nr\n\nP\n\nA\n\nm\n\n0\n\ne\n\n0\n\nF\n\no\n\nF\n\np\n\nx\n\nx\n\ng\n\ne\n\n0\n\nx F\n\no\n\n\u00a0\n\nnote"
        },
        {
            "BeginOffset": 1216,
            "EndOffset": 1227,
            "Score": 0.9686403274536133,
            "Text": "some people"
        },
        {
            "BeginOffset": 1233,
            "EndOffset": 1241,
            "Score": 0.7574944496154785,
            "Text": "memory \u201c"
        },
        {
            "BeginOffset": 1257,
            "EndOffset": 1267,
            "Score": 0.9699194431304932,
            "Text": "0xFFFFFFFF"
        },
        {
            "BeginOffset": 1271,
            "EndOffset": 1278,
            "Score": 0.9961869120597839,
            "Text": "the top"
        },
        {
            "BeginOffset": 1287,
            "EndOffset": 1293,
            "Score": 0.9972806572914124,
            "Text": "an eye"
        },
        {
            "BeginOffset": 1315,
            "EndOffset": 1332,
            "Score": 0.8764320015907288,
            "Text": "any given diagram"
        }
    ],
    "ResponseMetadata": {
        "HTTPHeaders": {
            "content-length": "1605",
            "content-type": "application/x-amz-json-1.1",
            "date": "Thu, 28 Mar 2019 13:03:27 GMT",
            "x-amzn-requestid": "e0602fad-5159-11e9-a41b-5514da879d83"
        },
        "HTTPStatusCode": 200,
        "RequestId": "e0602fad-5159-11e9-a41b-5514da879d83",
        "RetryAttempts": 0
    }
},
{
    "Week": 6,
    "Slide": 22,
    "KeyPhrases": [],
    "ResponseMetadata": {
        "HTTPHeaders": {
            "content-length": "17",
            "content-type": "application/x-amz-json-1.1",
            "date": "Thu, 28 Mar 2019 13:03:27 GMT",
            "x-amzn-requestid": "e10f5bde-5159-11e9-a698-9b1a515702e6"
        },
        "HTTPStatusCode": 200,
        "RequestId": "e10f5bde-5159-11e9-a698-9b1a515702e6",
        "RetryAttempts": 0
    }
},
{
    "Week": 6,
    "Slide": 23,
    "KeyPhrases": [
        {
            "BeginOffset": 2,
            "EndOffset": 9,
            "Score": 0.6921797394752502,
            "Text": "address"
        },
        {
            "BeginOffset": 18,
            "EndOffset": 25,
            "Score": 0.7207803130149841,
            "Text": "earlier"
        },
        {
            "BeginOffset": 39,
            "EndOffset": 50,
            "Score": 0.9962905645370483,
            "Text": "the address"
        },
        {
            "BeginOffset": 59,
            "EndOffset": 67,
            "Score": 0.9364434480667114,
            "Text": "\u201caddress"
        },
        {
            "BeginOffset": 81,
            "EndOffset": 87,
            "Score": 0.5004070997238159,
            "Text": "number"
        },
        {
            "BeginOffset": 90,
            "EndOffset": 92,
            "Score": 0.9633845090866089,
            "Text": "10"
        },
        {
            "BeginOffset": 96,
            "EndOffset": 102,
            "Score": 0.8528907895088196,
            "Text": "printf"
        },
        {
            "BeginOffset": 104,
            "EndOffset": 115,
            "Score": 0.9923037886619568,
            "Text": "The address"
        },
        {
            "BeginOffset": 119,
            "EndOffset": 125,
            "Score": 0.9849411845207214,
            "Text": "number"
        },
        {
            "BeginOffset": 130,
            "EndOffset": 134,
            "Score": 0.7623293995857239,
            "Text": "%p\\n"
        },
        {
            "BeginOffset": 138,
            "EndOffset": 144,
            "Score": 0.9673306345939636,
            "Text": "number"
        },
        {
            "BeginOffset": 172,
            "EndOffset": 201,
            "Score": 0.9074264168739319,
            "Text": "a \u201creference\u201d \ni.e. \u201c&number\u201d"
        },
        {
            "BeginOffset": 205,
            "EndOffset": 216,
            "Score": 0.9977471828460693,
            "Text": "a reference"
        },
        {
            "BeginOffset": 220,
            "EndOffset": 240,
            "Score": 0.8871952295303345,
            "Text": "the variable \u201cnumber"
        }
    ],
    "ResponseMetadata": {
        "HTTPHeaders": {
            "content-length": "1171",
            "content-type": "application/x-amz-json-1.1",
            "date": "Thu, 28 Mar 2019 13:03:28 GMT",
            "x-amzn-requestid": "e1beae37-5159-11e9-8eba-154ad056dc4d"
        },
        "HTTPStatusCode": 200,
        "RequestId": "e1beae37-5159-11e9-8eba-154ad056dc4d",
        "RetryAttempts": 0
    }
},
{
    "Week": 6,
    "Slide": 24,
    "KeyPhrases": [
        {
            "BeginOffset": 2,
            "EndOffset": 9,
            "Score": 0.6891452074050903,
            "Text": "address"
        },
        {
            "BeginOffset": 26,
            "EndOffset": 37,
            "Score": 0.9992877840995789,
            "Text": "the address"
        },
        {
            "BeginOffset": 81,
            "EndOffset": 91,
            "Score": 0.8075762391090393,
            "Text": "int number"
        },
        {
            "BeginOffset": 94,
            "EndOffset": 96,
            "Score": 0.9596349000930786,
            "Text": "10"
        },
        {
            "BeginOffset": 100,
            "EndOffset": 106,
            "Score": 0.8545802235603333,
            "Text": "printf"
        },
        {
            "BeginOffset": 108,
            "EndOffset": 119,
            "Score": 0.9923235177993774,
            "Text": "The address"
        },
        {
            "BeginOffset": 123,
            "EndOffset": 129,
            "Score": 0.9849526286125183,
            "Text": "number"
        },
        {
            "BeginOffset": 134,
            "EndOffset": 138,
            "Score": 0.7623308300971985,
            "Text": "%p\\n"
        },
        {
            "BeginOffset": 142,
            "EndOffset": 148,
            "Score": 0.937932014465332,
            "Text": "number"
        },
        {
            "BeginOffset": 192,
            "EndOffset": 203,
            "Score": 0.9380961060523987,
            "Text": "The address"
        },
        {
            "BeginOffset": 207,
            "EndOffset": 213,
            "Score": 0.9813687801361084,
            "Text": "number"
        },
        {
            "BeginOffset": 218,
            "EndOffset": 226,
            "Score": 0.7447768449783325,
            "Text": "0xffd53f"
        }
    ],
    "ResponseMetadata": {
        "HTTPHeaders": {
            "content-length": "970",
            "content-type": "application/x-amz-json-1.1",
            "date": "Thu, 28 Mar 2019 13:03:29 GMT",
            "x-amzn-requestid": "e262dda9-5159-11e9-9c6b-1b49fa666314"
        },
        "HTTPStatusCode": 200,
        "RequestId": "e262dda9-5159-11e9-9c6b-1b49fa666314",
        "RetryAttempts": 0
    }
},
{
    "Week": 6,
    "Slide": 25,
    "KeyPhrases": [
        {
            "BeginOffset": 11,
            "EndOffset": 22,
            "Score": 0.9994634985923767,
            "Text": "the address"
        },
        {
            "BeginOffset": 39,
            "EndOffset": 50,
            "Score": 0.9992865920066833,
            "Text": "the address"
        },
        {
            "BeginOffset": 98,
            "EndOffset": 113,
            "Score": 0.9858055710792542,
            "Text": "the *  operator"
        },
        {
            "BeginOffset": 124,
            "EndOffset": 135,
            "Score": 0.7060016989707947,
            "Text": "dereference"
        },
        {
            "BeginOffset": 138,
            "EndOffset": 154,
            "Score": 0.9708367586135864,
            "Text": "\u201cde-reference\u201d \u2013"
        },
        {
            "BeginOffset": 161,
            "EndOffset": 174,
            "Score": 0.9987717270851135,
            "Text": "the reference"
        },
        {
            "BeginOffset": 183,
            "EndOffset": 192,
            "Score": 0.9961931109428406,
            "Text": "the value"
        },
        {
            "BeginOffset": 208,
            "EndOffset": 219,
            "Score": 0.7701148390769958,
            "Text": "number = 10"
        },
        {
            "BeginOffset": 223,
            "EndOffset": 229,
            "Score": 0.888075053691864,
            "Text": "printf"
        },
        {
            "BeginOffset": 231,
            "EndOffset": 242,
            "Score": 0.992804229259491,
            "Text": "The address"
        },
        {
            "BeginOffset": 246,
            "EndOffset": 252,
            "Score": 0.9849389791488647,
            "Text": "number"
        },
        {
            "BeginOffset": 257,
            "EndOffset": 261,
            "Score": 0.7626675963401794,
            "Text": "%p\\n"
        },
        {
            "BeginOffset": 265,
            "EndOffset": 271,
            "Score": 0.937929630279541,
            "Text": "number"
        },
        {
            "BeginOffset": 315,
            "EndOffset": 326,
            "Score": 0.9380954504013062,
            "Text": "The address"
        },
        {
            "BeginOffset": 330,
            "EndOffset": 336,
            "Score": 0.9813684821128845,
            "Text": "number"
        },
        {
            "BeginOffset": 341,
            "EndOffset": 359,
            "Score": 0.715901255607605,
            "Text": "0xffd53f50 \n\n \n\n//"
        },
        {
            "BeginOffset": 377,
            "EndOffset": 386,
            "Score": 0.9995019435882568,
            "Text": "the value"
        },
        {
            "BeginOffset": 390,
            "EndOffset": 402,
            "Score": 0.9712071418762207,
            "Text": "that address"
        },
        {
            "BeginOffset": 406,
            "EndOffset": 412,
            "Score": 0.8425761461257935,
            "Text": "printf"
        },
        {
            "BeginOffset": 414,
            "EndOffset": 423,
            "Score": 0.9831289649009705,
            "Text": "The value"
        },
        {
            "BeginOffset": 427,
            "EndOffset": 437,
            "Score": 0.7766885161399841,
            "Text": "address %p"
        },
        {
            "BeginOffset": 441,
            "EndOffset": 445,
            "Score": 0.7272005081176758,
            "Text": "%d\\n"
        },
        {
            "BeginOffset": 458,
            "EndOffset": 468,
            "Score": 0.8163568377494812,
            "Text": "0xffd53f50"
        },
        {
            "BeginOffset": 471,
            "EndOffset": 481,
            "Score": 0.7848342061042786,
            "Text": "0xffd53f50"
        },
        {
            "BeginOffset": 510,
            "EndOffset": 512,
            "Score": 0.9827260971069336,
            "Text": "10"
        }
    ],
    "ResponseMetadata": {
        "HTTPHeaders": {
            "content-length": "2081",
            "content-type": "application/x-amz-json-1.1",
            "date": "Thu, 28 Mar 2019 13:03:31 GMT",
            "x-amzn-requestid": "e30d4ecf-5159-11e9-b1f4-0d6fc4dbbbce"
        },
        "HTTPStatusCode": 200,
        "RequestId": "e30d4ecf-5159-11e9-b1f4-0d6fc4dbbbce",
        "RetryAttempts": 0
    }
},
{
    "Week": 6,
    "Slide": 26,
    "KeyPhrases": [
        {
            "BeginOffset": 11,
            "EndOffset": 22,
            "Score": 0.9993481040000916,
            "Text": "the address"
        },
        {
            "BeginOffset": 55,
            "EndOffset": 65,
            "Score": 0.9933473467826843,
            "Text": "the printf"
        },
        {
            "BeginOffset": 73,
            "EndOffset": 83,
            "Score": 0.8039899468421936,
            "Text": "int number"
        },
        {
            "BeginOffset": 86,
            "EndOffset": 88,
            "Score": 0.9569664597511292,
            "Text": "10"
        },
        {
            "BeginOffset": 92,
            "EndOffset": 98,
            "Score": 0.8562067747116089,
            "Text": "printf"
        },
        {
            "BeginOffset": 100,
            "EndOffset": 111,
            "Score": 0.9923167824745178,
            "Text": "The address"
        },
        {
            "BeginOffset": 115,
            "EndOffset": 121,
            "Score": 0.9849359393119812,
            "Text": "number"
        },
        {
            "BeginOffset": 126,
            "EndOffset": 130,
            "Score": 0.7623425126075745,
            "Text": "%p\\n"
        },
        {
            "BeginOffset": 134,
            "EndOffset": 140,
            "Score": 0.9377712607383728,
            "Text": "number"
        },
        {
            "BeginOffset": 181,
            "EndOffset": 192,
            "Score": 0.938093900680542,
            "Text": "The address"
        },
        {
            "BeginOffset": 196,
            "EndOffset": 202,
            "Score": 0.9813677668571472,
            "Text": "number"
        },
        {
            "BeginOffset": 207,
            "EndOffset": 229,
            "Score": 0.7709614038467407,
            "Text": "0xffd53f50 \n\n \n\nprintf"
        },
        {
            "BeginOffset": 231,
            "EndOffset": 240,
            "Score": 0.9849042892456055,
            "Text": "The value"
        },
        {
            "BeginOffset": 244,
            "EndOffset": 254,
            "Score": 0.7740828394889832,
            "Text": "address %p"
        },
        {
            "BeginOffset": 258,
            "EndOffset": 262,
            "Score": 0.7258129119873047,
            "Text": "%d\\n"
        },
        {
            "BeginOffset": 272,
            "EndOffset": 278,
            "Score": 0.8952273726463318,
            "Text": "number"
        },
        {
            "BeginOffset": 283,
            "EndOffset": 290,
            "Score": 0.7929708957672119,
            "Text": "&number"
        },
        {
            "BeginOffset": 339,
            "EndOffset": 348,
            "Score": 0.9935340881347656,
            "Text": "The value"
        },
        {
            "BeginOffset": 352,
            "EndOffset": 370,
            "Score": 0.7452346086502075,
            "Text": "address 0xffd53f50"
        },
        {
            "BeginOffset": 374,
            "EndOffset": 393,
            "Score": 0.6417053937911987,
            "Text": "10 \n\n \n\n \n\n \n\n \n\n//"
        },
        {
            "BeginOffset": 411,
            "EndOffset": 420,
            "Score": 0.99951171875,
            "Text": "the value"
        },
        {
            "BeginOffset": 424,
            "EndOffset": 436,
            "Score": 0.9712093472480774,
            "Text": "that address"
        },
        {
            "BeginOffset": 440,
            "EndOffset": 446,
            "Score": 0.8424872159957886,
            "Text": "printf"
        },
        {
            "BeginOffset": 448,
            "EndOffset": 457,
            "Score": 0.9831289052963257,
            "Text": "The value"
        },
        {
            "BeginOffset": 461,
            "EndOffset": 471,
            "Score": 0.7766956090927124,
            "Text": "address %p"
        },
        {
            "BeginOffset": 475,
            "EndOffset": 479,
            "Score": 0.7271972298622131,
            "Text": "%d\\n"
        },
        {
            "BeginOffset": 492,
            "EndOffset": 502,
            "Score": 0.8163586258888245,
            "Text": "0xffd53f50"
        },
        {
            "BeginOffset": 505,
            "EndOffset": 515,
            "Score": 0.7848352193832397,
            "Text": "0xffd53f50"
        },
        {
            "BeginOffset": 563,
            "EndOffset": 572,
            "Score": 0.9935104250907898,
            "Text": "The value"
        },
        {
            "BeginOffset": 576,
            "EndOffset": 594,
            "Score": 0.7383666038513184,
            "Text": "address 0xffd53f50"
        }
    ],
    "ResponseMetadata": {
        "HTTPHeaders": {
            "content-length": "2491",
            "content-type": "application/x-amz-json-1.1",
            "date": "Thu, 28 Mar 2019 13:03:31 GMT",
            "x-amzn-requestid": "e3bcefdd-5159-11e9-9bf3-7b40ac3c3f45"
        },
        "HTTPStatusCode": 200,
        "RequestId": "e3bcefdd-5159-11e9-9bf3-7b40ac3c3f45",
        "RetryAttempts": 0
    }
},
{
    "Week": 6,
    "Slide": 27,
    "KeyPhrases": [
        {
            "BeginOffset": 10,
            "EndOffset": 21,
            "Score": 0.9968788623809814,
            "Text": "the address"
        },
        {
            "BeginOffset": 25,
            "EndOffset": 36,
            "Score": 0.8350591659545898,
            "Text": "\u201cbut Andrew"
        },
        {
            "BeginOffset": 88,
            "EndOffset": 94,
            "Score": 0.9199680089950562,
            "Text": "number"
        },
        {
            "BeginOffset": 117,
            "EndOffset": 126,
            "Score": 0.9824813008308411,
            "Text": "addresses"
        },
        {
            "BeginOffset": 155,
            "EndOffset": 161,
            "Score": 0.9991641044616699,
            "Text": "things"
        },
        {
            "BeginOffset": 172,
            "EndOffset": 192,
            "Score": 0.8341090083122253,
            "Text": "i.e. other functions"
        },
        {
            "BeginOffset": 201,
            "EndOffset": 212,
            "Score": 0.9992399215698242,
            "Text": "the address"
        },
        {
            "BeginOffset": 229,
            "EndOffset": 242,
            "Score": 0.9956667423248291,
            "Text": "your function"
        },
        {
            "BeginOffset": 253,
            "EndOffset": 267,
            "Score": 0.9995012879371643,
            "Text": "a special type"
        },
        {
            "BeginOffset": 280,
            "EndOffset": 293,
            "Score": 0.9989198446273804,
            "Text": "the addresses"
        },
        {
            "BeginOffset": 297,
            "EndOffset": 303,
            "Score": 0.7130508422851562,
            "Text": "values"
        },
        {
            "BeginOffset": 312,
            "EndOffset": 318,
            "Score": 0.701120138168335,
            "Text": "number"
        },
        {
            "BeginOffset": 321,
            "EndOffset": 323,
            "Score": 0.9585313200950623,
            "Text": "10"
        },
        {
            "BeginOffset": 332,
            "EndOffset": 346,
            "Score": 0.8417961597442627,
            "Text": "number_address"
        },
        {
            "BeginOffset": 349,
            "EndOffset": 356,
            "Score": 0.8449828624725342,
            "Text": "&number"
        },
        {
            "BeginOffset": 363,
            "EndOffset": 369,
            "Score": 0.8233374357223511,
            "Text": "printf"
        },
        {
            "BeginOffset": 371,
            "EndOffset": 382,
            "Score": 0.9926946759223938,
            "Text": "The address"
        },
        {
            "BeginOffset": 386,
            "EndOffset": 392,
            "Score": 0.9848576784133911,
            "Text": "number"
        },
        {
            "BeginOffset": 397,
            "EndOffset": 401,
            "Score": 0.7626219391822815,
            "Text": "%p\\n"
        },
        {
            "BeginOffset": 405,
            "EndOffset": 411,
            "Score": 0.9547372460365295,
            "Text": "number"
        },
        {
            "BeginOffset": 419,
            "EndOffset": 425,
            "Score": 0.8475515246391296,
            "Text": "printf"
        },
        {
            "BeginOffset": 427,
            "EndOffset": 436,
            "Score": 0.983423113822937,
            "Text": "The value"
        },
        {
            "BeginOffset": 440,
            "EndOffset": 450,
            "Score": 0.7792208194732666,
            "Text": "address %p"
        },
        {
            "BeginOffset": 454,
            "EndOffset": 458,
            "Score": 0.7262510061264038,
            "Text": "%d\\n"
        },
        {
            "BeginOffset": 468,
            "EndOffset": 474,
            "Score": 0.8961312174797058,
            "Text": "number"
        },
        {
            "BeginOffset": 479,
            "EndOffset": 486,
            "Score": 0.7931897044181824,
            "Text": "&number"
        },
        {
            "BeginOffset": 495,
            "EndOffset": 501,
            "Score": 0.8435057997703552,
            "Text": "printf"
        },
        {
            "BeginOffset": 503,
            "EndOffset": 512,
            "Score": 0.9832205176353455,
            "Text": "The value"
        },
        {
            "BeginOffset": 516,
            "EndOffset": 526,
            "Score": 0.7797737121582031,
            "Text": "address %p"
        },
        {
            "BeginOffset": 530,
            "EndOffset": 534,
            "Score": 0.732273519039154,
            "Text": "%d\\n"
        },
        {
            "BeginOffset": 543,
            "EndOffset": 557,
            "Score": 0.8885744214057922,
            "Text": "number_address"
        },
        {
            "BeginOffset": 560,
            "EndOffset": 574,
            "Score": 0.9616078734397888,
            "Text": "number_address"
        },
        {
            "BeginOffset": 589,
            "EndOffset": 603,
            "Score": 0.9922264814376831,
            "Text": "these pointers"
        },
        {
            "BeginOffset": 618,
            "EndOffset": 624,
            "Score": 0.9508095979690552,
            "Text": "point\u201d"
        },
        {
            "BeginOffset": 628,
            "EndOffset": 640,
            "Score": 0.9976184964179993,
            "Text": "the variable"
        }
    ],
    "ResponseMetadata": {
        "HTTPHeaders": {
            "content-length": "2882",
            "content-type": "application/x-amz-json-1.1",
            "date": "Thu, 28 Mar 2019 13:03:33 GMT",
            "x-amzn-requestid": "e46c1ba5-5159-11e9-902b-adbe1c0e68b7"
        },
        "HTTPStatusCode": 200,
        "RequestId": "e46c1ba5-5159-11e9-902b-adbe1c0e68b7",
        "RetryAttempts": 0
    }
},
{
    "Week": 6,
    "Slide": 28,
    "KeyPhrases": [
        {
            "BeginOffset": 10,
            "EndOffset": 21,
            "Score": 0.9941415786743164,
            "Text": "the address"
        },
        {
            "BeginOffset": 25,
            "EndOffset": 39,
            "Score": 0.9710525870323181,
            "Text": "pointer syntax"
        },
        {
            "BeginOffset": 45,
            "EndOffset": 51,
            "Score": 0.8663473129272461,
            "Text": "[type]"
        },
        {
            "BeginOffset": 53,
            "EndOffset": 66,
            "Score": 0.6492905616760254,
            "Text": "[some_name] ="
        },
        {
            "BeginOffset": 83,
            "EndOffset": 95,
            "Score": 0.8694058656692505,
            "Text": "e.g.\n\n \n\nint"
        },
        {
            "BeginOffset": 97,
            "EndOffset": 107,
            "Score": 0.889782190322876,
            "Text": "my_pointer"
        },
        {
            "BeginOffset": 110,
            "EndOffset": 122,
            "Score": 0.9019195437431335,
            "Text": "&my_variable"
        },
        {
            "BeginOffset": 139,
            "EndOffset": 148,
            "Score": 0.9986020922660828,
            "Text": "the value"
        },
        {
            "BeginOffset": 152,
            "EndOffset": 163,
            "Score": 0.999488353729248,
            "Text": "the pointer"
        },
        {
            "BeginOffset": 167,
            "EndOffset": 178,
            "Score": 0.9984188079833984,
            "Text": "the address"
        },
        {
            "BeginOffset": 182,
            "EndOffset": 194,
            "Score": 0.9944556355476379,
            "Text": "the variable"
        }
    ],
    "ResponseMetadata": {
        "HTTPHeaders": {
            "content-length": "931",
            "content-type": "application/x-amz-json-1.1",
            "date": "Thu, 28 Mar 2019 13:03:34 GMT",
            "x-amzn-requestid": "e53b2af9-5159-11e9-8eba-154ad056dc4d"
        },
        "HTTPStatusCode": 200,
        "RequestId": "e53b2af9-5159-11e9-8eba-154ad056dc4d",
        "RetryAttempts": 0
    }
}
]