[
{
    "Week": 6,
    "Slide": 0,
    "KeyPhrases": [
        {
            "BeginOffset": 14,
            "EndOffset": 23,
            "Score": 0.7755911946296692,
            "Text": "1511 18s1"
        }
    ],
    "ResponseMetadata": {
        "HTTPHeaders": {
            "content-length": "96",
            "content-type": "application/x-amz-json-1.1",
            "date": "Thu, 28 Mar 2019 13:03:35 GMT",
            "x-amzn-requestid": "e5ea7e18-5159-11e9-a9c1-9d8813a6657d"
        },
        "HTTPStatusCode": 200,
        "RequestId": "e5ea7e18-5159-11e9-a9c1-9d8813a6657d",
        "RetryAttempts": 0
    }
},
{
    "Week": 6,
    "Slide": 1,
    "KeyPhrases": [
        {
            "BeginOffset": 5,
            "EndOffset": 124,
            "Score": 0.9039419293403625,
            "Text": "5 8s\n\u2014 Lecture 10 \u2014 \n\nStrings+Arrarys+Functions\nAndrew Bennett \n\n<andrew.bennett@unsw.edu.au>\n\nJashank Jeremy \n<jashank"
        }
    ],
    "ResponseMetadata": {
        "HTTPHeaders": {
            "content-length": "219",
            "content-type": "application/x-amz-json-1.1",
            "date": "Thu, 28 Mar 2019 13:03:37 GMT",
            "x-amzn-requestid": "e699d0a8-5159-11e9-9ee0-d7b69e2c846a"
        },
        "HTTPStatusCode": 200,
        "RequestId": "e699d0a8-5159-11e9-9ee0-d7b69e2c846a",
        "RetryAttempts": 0
    }
},
{
    "Week": 6,
    "Slide": 2,
    "KeyPhrases": [
        {
            "BeginOffset": 19,
            "EndOffset": 20,
            "Score": 0.7555587887763977,
            "Text": "\u2026"
        },
        {
            "BeginOffset": 46,
            "EndOffset": 56,
            "Score": 0.997734785079956,
            "Text": "the person"
        },
        {
            "BeginOffset": 110,
            "EndOffset": 119,
            "Score": 0.9876183271408081,
            "Text": "computing"
        }
    ],
    "ResponseMetadata": {
        "HTTPHeaders": {
            "content-length": "252",
            "content-type": "application/x-amz-json-1.1",
            "date": "Thu, 28 Mar 2019 13:03:38 GMT",
            "x-amzn-requestid": "e7494ad0-5159-11e9-ad77-439f6b464df0"
        },
        "HTTPStatusCode": 200,
        "RequestId": "e7494ad0-5159-11e9-ad77-439f6b464df0",
        "RetryAttempts": 0
    }
},
{
    "Week": 6,
    "Slide": 3,
    "KeyPhrases": [
        {
            "BeginOffset": 2,
            "EndOffset": 10,
            "Score": 0.533657431602478,
            "Text": "Overview"
        },
        {
            "BeginOffset": 17,
            "EndOffset": 29,
            "Score": 0.9970005750656128,
            "Text": "this lecture"
        },
        {
            "BeginOffset": 66,
            "EndOffset": 76,
            "Score": 0.9996105432510376,
            "Text": "the basics"
        },
        {
            "BeginOffset": 93,
            "EndOffset": 132,
            "Score": 0.886799156665802,
            "Text": "getchar, putchar, fgets\n\nwrite programs"
        },
        {
            "BeginOffset": 139,
            "EndOffset": 146,
            "Score": 0.9936704635620117,
            "Text": "strings"
        },
        {
            "BeginOffset": 156,
            "EndOffset": 171,
            "Score": 0.999518632888794,
            "Text": "simple problems"
        },
        {
            "BeginOffset": 178,
            "EndOffset": 200,
            "Score": 0.9892800450325012,
            "Text": "a deeper understanding"
        },
        {
            "BeginOffset": 207,
            "EndOffset": 213,
            "Score": 0.9986180067062378,
            "Text": "arrays"
        },
        {
            "BeginOffset": 220,
            "EndOffset": 242,
            "Score": 0.9866044521331787,
            "Text": "a deeper understanding"
        },
        {
            "BeginOffset": 257,
            "EndOffset": 266,
            "Score": 0.509526252746582,
            "Text": "functions"
        },
        {
            "BeginOffset": 271,
            "EndOffset": 290,
            "Score": 0.9565955400466919,
            "Text": "function parameters"
        },
        {
            "BeginOffset": 297,
            "EndOffset": 319,
            "Score": 0.9860294461250305,
            "Text": "a deeper understanding"
        },
        {
            "BeginOffset": 334,
            "EndOffset": 340,
            "Score": 0.9947552680969238,
            "Text": "values"
        },
        {
            "BeginOffset": 346,
            "EndOffset": 355,
            "Score": 0.9916014075279236,
            "Text": "functions"
        },
        {
            "BeginOffset": 358,
            "EndOffset": 362,
            "Score": 0.6783677339553833,
            "Text": "note"
        },
        {
            "BeginOffset": 432,
            "EndOffset": 444,
            "Score": 0.982144832611084,
            "Text": "this lecture"
        },
        {
            "BeginOffset": 455,
            "EndOffset": 467,
            "Score": 0.9942167401313782,
            "Text": "this lecture"
        },
        {
            "BeginOffset": 497,
            "EndOffset": 512,
            "Score": 0.9992503523826599,
            "Text": "the foundations"
        },
        {
            "BeginOffset": 533,
            "EndOffset": 545,
            "Score": 0.9974177479743958,
            "Text": "these skills"
        },
        {
            "BeginOffset": 557,
            "EndOffset": 568,
            "Score": 0.9961270689964294,
            "Text": "programming"
        },
        {
            "BeginOffset": 587,
            "EndOffset": 605,
            "Score": 0.999396800994873,
            "Text": "any other language"
        },
        {
            "BeginOffset": 616,
            "EndOffset": 647,
            "Score": 0.9729822874069214,
            "Text": "consistent and regular practice"
        }
    ],
    "ResponseMetadata": {
        "HTTPHeaders": {
            "content-length": "1931",
            "content-type": "application/x-amz-json-1.1",
            "date": "Thu, 28 Mar 2019 13:03:39 GMT",
            "x-amzn-requestid": "e8087be6-5159-11e9-ad04-91cf7a3e7941"
        },
        "HTTPStatusCode": 200,
        "RequestId": "e8087be6-5159-11e9-ad04-91cf7a3e7941",
        "RetryAttempts": 0
    }
},
{
    "Week": 6,
    "Slide": 4,
    "KeyPhrases": [
        {
            "BeginOffset": 2,
            "EndOffset": 7,
            "Score": 0.8646005392074585,
            "Text": "Admin"
        },
        {
            "BeginOffset": 22,
            "EndOffset": 34,
            "Score": 0.7781462073326111,
            "Text": "assignment 1"
        },
        {
            "BeginOffset": 39,
            "EndOffset": 46,
            "Score": 0.6210516095161438,
            "Text": "TONIGHT"
        }
    ],
    "ResponseMetadata": {
        "HTTPHeaders": {
            "content-length": "251",
            "content-type": "application/x-amz-json-1.1",
            "date": "Thu, 28 Mar 2019 13:03:40 GMT",
            "x-amzn-requestid": "e8b7a7a9-5159-11e9-9ee0-d7b69e2c846a"
        },
        "HTTPStatusCode": 200,
        "RequestId": "e8b7a7a9-5159-11e9-9ee0-d7b69e2c846a",
        "RetryAttempts": 0
    }
},
{
    "Week": 6,
    "Slide": 5,
    "KeyPhrases": [
        {
            "BeginOffset": 1,
            "EndOffset": 18,
            "Score": 0.7458021640777588,
            "Text": "week  weekly test"
        },
        {
            "BeginOffset": 23,
            "EndOffset": 31,
            "Score": 0.8993604183197021,
            "Text": "thursday"
        },
        {
            "BeginOffset": 50,
            "EndOffset": 59,
            "Score": 0.9510399699211121,
            "Text": "lab marks"
        },
        {
            "BeginOffset": 70,
            "EndOffset": 74,
            "Score": 0.9390524625778198,
            "Text": "post"
        },
        {
            "BeginOffset": 78,
            "EndOffset": 92,
            "Score": 0.6841318607330322,
            "Text": "class forum ||"
        },
        {
            "BeginOffset": 99,
            "EndOffset": 109,
            "Score": 0.9894739985466003,
            "Text": "your tutor"
        },
        {
            "BeginOffset": 130,
            "EndOffset": 143,
            "Score": 0.9533621668815613,
            "Text": "help sessions"
        },
        {
            "BeginOffset": 150,
            "EndOffset": 164,
            "Score": 0.9825829863548279,
            "Text": "course website"
        },
        {
            "BeginOffset": 169,
            "EndOffset": 176,
            "Score": 0.7528216242790222,
            "Text": "details"
        },
        {
            "BeginOffset": 180,
            "EndOffset": 181,
            "Score": 0.841995358467102,
            "Text": "5"
        },
        {
            "BeginOffset": 192,
            "EndOffset": 199,
            "Score": 0.9873998165130615,
            "Text": "strings"
        },
        {
            "BeginOffset": 201,
            "EndOffset": 209,
            "Score": 0.9995620846748352,
            "Text": "a string"
        },
        {
            "BeginOffset": 213,
            "EndOffset": 221,
            "Score": 0.9987047910690308,
            "Text": "an array"
        },
        {
            "BeginOffset": 225,
            "EndOffset": 235,
            "Score": 0.6430875062942505,
            "Text": "characters"
        },
        {
            "BeginOffset": 240,
            "EndOffset": 251,
            "Score": 0.6791459321975708,
            "Text": "char name[]"
        }
    ],
    "ResponseMetadata": {
        "HTTPHeaders": {
            "content-length": "1239",
            "content-type": "application/x-amz-json-1.1",
            "date": "Thu, 28 Mar 2019 13:03:42 GMT",
            "x-amzn-requestid": "e96748f5-5159-11e9-a1f4-5925745f18c1"
        },
        "HTTPStatusCode": 200,
        "RequestId": "e96748f5-5159-11e9-a1f4-5925745f18c1",
        "RetryAttempts": 0
    }
},
{
    "Week": 6,
    "Slide": 6,
    "KeyPhrases": [
        {
            "BeginOffset": 11,
            "EndOffset": 18,
            "Score": 0.9822531342506409,
            "Text": "strings"
        },
        {
            "BeginOffset": 20,
            "EndOffset": 30,
            "Score": 0.6736133694648743,
            "Text": "characters"
        },
        {
            "BeginOffset": 37,
            "EndOffset": 49,
            "Score": 0.8862852454185486,
            "Text": "ASCII values"
        },
        {
            "BeginOffset": 54,
            "EndOffset": 63,
            "Score": 0.5058369636535645,
            "Text": "char name"
        }
    ],
    "ResponseMetadata": {
        "HTTPHeaders": {
            "content-length": "338",
            "content-type": "application/x-amz-json-1.1",
            "date": "Thu, 28 Mar 2019 13:03:42 GMT",
            "x-amzn-requestid": "ea06bd7c-5159-11e9-a4ee-c948411f9c0e"
        },
        "HTTPStatusCode": 200,
        "RequestId": "ea06bd7c-5159-11e9-a4ee-c948411f9c0e",
        "RetryAttempts": 0
    }
},
{
    "Week": 6,
    "Slide": 7,
    "KeyPhrases": [
        {
            "BeginOffset": 11,
            "EndOffset": 18,
            "Score": 0.9824165105819702,
            "Text": "strings"
        },
        {
            "BeginOffset": 30,
            "EndOffset": 46,
            "Score": 0.9843679666519165,
            "Text": "the ASCII values"
        },
        {
            "BeginOffset": 68,
            "EndOffset": 84,
            "Score": 0.8188472986221313,
            "Text": "name[] = \"ANDREW"
        },
        {
            "BeginOffset": 95,
            "EndOffset": 101,
            "Score": 0.8669743537902832,
            "Text": "Prints"
        },
        {
            "BeginOffset": 106,
            "EndOffset": 116,
            "Score": 0.9661992788314819,
            "Text": "A \n\nprintf"
        },
        {
            "BeginOffset": 122,
            "EndOffset": 125,
            "Score": 0.9651895761489868,
            "Text": "[0]"
        },
        {
            "BeginOffset": 129,
            "EndOffset": 135,
            "Score": 0.9912518262863159,
            "Text": "a char"
        },
        {
            "BeginOffset": 140,
            "EndOffset": 144,
            "Score": 0.7184857726097107,
            "Text": "%c\\n"
        },
        {
            "BeginOffset": 156,
            "EndOffset": 162,
            "Score": 0.8814941048622131,
            "Text": "Prints"
        },
        {
            "BeginOffset": 167,
            "EndOffset": 178,
            "Score": 0.9600754976272583,
            "Text": "65 \n\nprintf"
        },
        {
            "BeginOffset": 184,
            "EndOffset": 187,
            "Score": 0.9692833423614502,
            "Text": "[0]"
        },
        {
            "BeginOffset": 191,
            "EndOffset": 197,
            "Score": 0.9950148463249207,
            "Text": "an int"
        }
    ],
    "ResponseMetadata": {
        "HTTPHeaders": {
            "content-length": "985",
            "content-type": "application/x-amz-json-1.1",
            "date": "Thu, 28 Mar 2019 13:03:44 GMT",
            "x-amzn-requestid": "eab5e90d-5159-11e9-ad77-439f6b464df0"
        },
        "HTTPStatusCode": 200,
        "RequestId": "eab5e90d-5159-11e9-ad77-439f6b464df0",
        "RetryAttempts": 0
    }
},
{
    "Week": 6,
    "Slide": 8,
    "KeyPhrases": [
        {
            "BeginOffset": 11,
            "EndOffset": 18,
            "Score": 0.9824165105819702,
            "Text": "strings"
        },
        {
            "BeginOffset": 30,
            "EndOffset": 46,
            "Score": 0.9891306161880493,
            "Text": "the ASCII values"
        },
        {
            "BeginOffset": 64,
            "EndOffset": 75,
            "Score": 0.8897907137870789,
            "Text": "some_letter"
        },
        {
            "BeginOffset": 89,
            "EndOffset": 103,
            "Score": 0.9795626997947693,
            "Text": "another_letter"
        },
        {
            "BeginOffset": 106,
            "EndOffset": 108,
            "Score": 0.9953398704528809,
            "Text": "65"
        },
        {
            "BeginOffset": 122,
            "EndOffset": 133,
            "Score": 0.9437651634216309,
            "Text": "some_letter"
        },
        {
            "BeginOffset": 137,
            "EndOffset": 151,
            "Score": 0.9990631937980652,
            "Text": "another_letter"
        },
        {
            "BeginOffset": 171,
            "EndOffset": 186,
            "Score": 0.9993636012077332,
            "Text": "the ASCII value"
        },
        {
            "BeginOffset": 191,
            "EndOffset": 201,
            "Score": 0.7527126669883728,
            "Text": "the letter"
        },
        {
            "BeginOffset": 234,
            "EndOffset": 247,
            "Score": 0.7809365391731262,
            "Text": "\u2018A\u2019 than 65 \u2013"
        }
    ],
    "ResponseMetadata": {
        "HTTPHeaders": {
            "content-length": "858",
            "content-type": "application/x-amz-json-1.1",
            "date": "Thu, 28 Mar 2019 13:03:44 GMT",
            "x-amzn-requestid": "eb65146a-5159-11e9-b79a-031038b16953"
        },
        "HTTPStatusCode": 200,
        "RequestId": "eb65146a-5159-11e9-b79a-031038b16953",
        "RetryAttempts": 0
    }
},
{
    "Week": 6,
    "Slide": 9,
    "KeyPhrases": [
        {
            "BeginOffset": 2,
            "EndOffset": 9,
            "Score": 0.9973324537277222,
            "Text": "letters"
        },
        {
            "BeginOffset": 19,
            "EndOffset": 31,
            "Score": 0.9963046312332153,
            "Text": "ASCII values"
        },
        {
            "BeginOffset": 41,
            "EndOffset": 61,
            "Score": 0.8179984092712402,
            "Text": "letters\nASCII values"
        },
        {
            "BeginOffset": 66,
            "EndOffset": 87,
            "Score": 0.898877739906311,
            "Text": "sequential\n\n \n\nprintf"
        },
        {
            "BeginOffset": 89,
            "EndOffset": 104,
            "Score": 0.9760186672210693,
            "Text": "the ascii value"
        },
        {
            "BeginOffset": 117,
            "EndOffset": 120,
            "Score": 0.7213117480278015,
            "Text": "d\\n"
        },
        {
            "BeginOffset": 136,
            "EndOffset": 142,
            "Score": 0.8715534806251526,
            "Text": "printf"
        },
        {
            "BeginOffset": 144,
            "EndOffset": 159,
            "Score": 0.9740549325942993,
            "Text": "the ascii value"
        },
        {
            "BeginOffset": 172,
            "EndOffset": 175,
            "Score": 0.7212402820587158,
            "Text": "d\\n"
        },
        {
            "BeginOffset": 191,
            "EndOffset": 197,
            "Score": 0.8643234372138977,
            "Text": "printf"
        },
        {
            "BeginOffset": 199,
            "EndOffset": 214,
            "Score": 0.9747398495674133,
            "Text": "the ascii value"
        },
        {
            "BeginOffset": 227,
            "EndOffset": 230,
            "Score": 0.7212916612625122,
            "Text": "d\\n"
        }
    ],
    "ResponseMetadata": {
        "HTTPHeaders": {
            "content-length": "1014",
            "content-type": "application/x-amz-json-1.1",
            "date": "Thu, 28 Mar 2019 13:03:46 GMT",
            "x-amzn-requestid": "ec144042-5159-11e9-b269-c1f80b73919e"
        },
        "HTTPStatusCode": 200,
        "RequestId": "ec144042-5159-11e9-b269-c1f80b73919e",
        "RetryAttempts": 0
    }
},
{
    "Week": 6,
    "Slide": 10,
    "KeyPhrases": [
        {
            "BeginOffset": 2,
            "EndOffset": 9,
            "Score": 0.9973324537277222,
            "Text": "letters"
        },
        {
            "BeginOffset": 19,
            "EndOffset": 31,
            "Score": 0.9963209629058838,
            "Text": "ASCII values"
        },
        {
            "BeginOffset": 41,
            "EndOffset": 48,
            "Score": 0.8623108267784119,
            "Text": "letters"
        },
        {
            "BeginOffset": 70,
            "EndOffset": 81,
            "Score": 0.9267216324806213,
            "Text": "cool things"
        }
    ],
    "ResponseMetadata": {
        "HTTPHeaders": {
            "content-length": "335",
            "content-type": "application/x-amz-json-1.1",
            "date": "Thu, 28 Mar 2019 13:03:47 GMT",
            "x-amzn-requestid": "ecc3b9ca-5159-11e9-a4ee-c948411f9c0e"
        },
        "HTTPStatusCode": 200,
        "RequestId": "ecc3b9ca-5159-11e9-a4ee-c948411f9c0e",
        "RetryAttempts": 0
    }
},
{
    "Week": 6,
    "Slide": 11,
    "KeyPhrases": [
        {
            "BeginOffset": 2,
            "EndOffset": 29,
            "Score": 0.7156214118003845,
            "Text": "getchar and putchar\ngetchar"
        },
        {
            "BeginOffset": 39,
            "EndOffset": 50,
            "Score": 0.9984822869300842,
            "Text": "a character"
        },
        {
            "BeginOffset": 56,
            "EndOffset": 70,
            "Score": 0.8675832748413086,
            "Text": "standard input"
        },
        {
            "BeginOffset": 80,
            "EndOffset": 95,
            "Score": 0.9561096429824829,
            "Text": "an int\n\nputchar"
        },
        {
            "BeginOffset": 109,
            "EndOffset": 120,
            "Score": 0.9968812465667725,
            "Text": "a character"
        },
        {
            "BeginOffset": 124,
            "EndOffset": 139,
            "Score": 0.9941493272781372,
            "Text": "standard output"
        }
    ],
    "ResponseMetadata": {
        "HTTPHeaders": {
            "content-length": "541",
            "content-type": "application/x-amz-json-1.1",
            "date": "Thu, 28 Mar 2019 13:03:48 GMT",
            "x-amzn-requestid": "ed730d10-5159-11e9-a12c-4fc516924d62"
        },
        "HTTPStatusCode": 200,
        "RequestId": "ed730d10-5159-11e9-a12c-4fc516924d62",
        "RetryAttempts": 0
    }
},
{
    "Week": 6,
    "Slide": 12,
    "KeyPhrases": [
        {
            "BeginOffset": 8,
            "EndOffset": 27,
            "Score": 0.9369407892227173,
            "Text": "getchar and putchar"
        },
        {
            "BeginOffset": 31,
            "EndOffset": 37,
            "Score": 0.7145204544067383,
            "Text": "a loop"
        },
        {
            "BeginOffset": 53,
            "EndOffset": 56,
            "Score": 0.9057942628860474,
            "Text": "EOF"
        },
        {
            "BeginOffset": 66,
            "EndOffset": 72,
            "Score": 0.8089957237243652,
            "Text": "printf"
        },
        {
            "BeginOffset": 89,
            "EndOffset": 100,
            "Score": 0.8509487509727478,
            "Text": "c = getchar"
        }
    ],
    "ResponseMetadata": {
        "HTTPHeaders": {
            "content-length": "416",
            "content-type": "application/x-amz-json-1.1",
            "date": "Thu, 28 Mar 2019 13:03:49 GMT",
            "x-amzn-requestid": "ee2238de-5159-11e9-a8a0-9f0a29161967"
        },
        "HTTPStatusCode": 200,
        "RequestId": "ee2238de-5159-11e9-a8a0-9f0a29161967",
        "RetryAttempts": 0
    }
},
{
    "Week": 6,
    "Slide": 13,
    "KeyPhrases": [
        {
            "BeginOffset": 8,
            "EndOffset": 27,
            "Score": 0.9369328618049622,
            "Text": "getchar and putchar"
        },
        {
            "BeginOffset": 31,
            "EndOffset": 61,
            "Score": 0.8006047606468201,
            "Text": "a loop\n \n\nint c = ???? \n\nwhile"
        },
        {
            "BeginOffset": 66,
            "EndOffset": 71,
            "Score": 0.6430572867393494,
            "Text": "= EOF"
        },
        {
            "BeginOffset": 81,
            "EndOffset": 87,
            "Score": 0.8204219937324524,
            "Text": "printf"
        },
        {
            "BeginOffset": 104,
            "EndOffset": 115,
            "Score": 0.8509481549263,
            "Text": "c = getchar"
        }
    ],
    "ResponseMetadata": {
        "HTTPHeaders": {
            "content-length": "445",
            "content-type": "application/x-amz-json-1.1",
            "date": "Thu, 28 Mar 2019 13:03:50 GMT",
            "x-amzn-requestid": "eed18b28-5159-11e9-a9c1-9d8813a6657d"
        },
        "HTTPStatusCode": 200,
        "RequestId": "eed18b28-5159-11e9-a9c1-9d8813a6657d",
        "RetryAttempts": 0
    }
},
{
    "Week": 6,
    "Slide": 14,
    "KeyPhrases": [
        {
            "BeginOffset": 8,
            "EndOffset": 27,
            "Score": 0.9369328618049622,
            "Text": "getchar and putchar"
        },
        {
            "BeginOffset": 31,
            "EndOffset": 56,
            "Score": 0.7835400104522705,
            "Text": "a loop\n \n\nint c = getchar"
        },
        {
            "BeginOffset": 74,
            "EndOffset": 77,
            "Score": 0.9051487445831299,
            "Text": "EOF"
        },
        {
            "BeginOffset": 87,
            "EndOffset": 93,
            "Score": 0.8088698983192444,
            "Text": "printf"
        },
        {
            "BeginOffset": 110,
            "EndOffset": 121,
            "Score": 0.8509493470191956,
            "Text": "c = getchar"
        }
    ],
    "ResponseMetadata": {
        "HTTPHeaders": {
            "content-length": "439",
            "content-type": "application/x-amz-json-1.1",
            "date": "Thu, 28 Mar 2019 13:03:51 GMT",
            "x-amzn-requestid": "ef8105da-5159-11e9-a369-99e6fd3713b6"
        },
        "HTTPStatusCode": 200,
        "RequestId": "ef8105da-5159-11e9-a369-99e6fd3713b6",
        "RetryAttempts": 0
    }
},
{
    "Week": 6,
    "Slide": 15,
    "KeyPhrases": [
        {
            "BeginOffset": 18,
            "EndOffset": 25,
            "Score": 0.7978173494338989,
            "Text": "getchar"
        }
    ],
    "ResponseMetadata": {
        "HTTPHeaders": {
            "content-length": "94",
            "content-type": "application/x-amz-json-1.1",
            "date": "Thu, 28 Mar 2019 13:03:53 GMT",
            "x-amzn-requestid": "f03030e2-5159-11e9-a41b-5514da879d83"
        },
        "HTTPStatusCode": 200,
        "RequestId": "f03030e2-5159-11e9-a41b-5514da879d83",
        "RetryAttempts": 0
    }
},
{
    "Week": 6,
    "Slide": 16,
    "KeyPhrases": [
        {
            "BeginOffset": 2,
            "EndOffset": 12,
            "Score": 0.7877272367477417,
            "Text": "More input"
        },
        {
            "BeginOffset": 39,
            "EndOffset": 62,
            "Score": 0.9849075078964233,
            "Text": "more than one character"
        },
        {
            "BeginOffset": 66,
            "EndOffset": 72,
            "Score": 0.9990366697311401,
            "Text": "a time"
        }
    ],
    "ResponseMetadata": {
        "HTTPHeaders": {
            "content-length": "267",
            "content-type": "application/x-amz-json-1.1",
            "date": "Thu, 28 Mar 2019 13:03:54 GMT",
            "x-amzn-requestid": "f0dfd209-5159-11e9-9c6b-1b49fa666314"
        },
        "HTTPStatusCode": 200,
        "RequestId": "f0dfd209-5159-11e9-9c6b-1b49fa666314",
        "RetryAttempts": 0
    }
},
{
    "Week": 6,
    "Slide": 17,
    "KeyPhrases": [
        {
            "BeginOffset": 2,
            "EndOffset": 12,
            "Score": 0.9300128817558289,
            "Text": "More input"
        }
    ],
    "ResponseMetadata": {
        "HTTPHeaders": {
            "content-length": "96",
            "content-type": "application/x-amz-json-1.1",
            "date": "Thu, 28 Mar 2019 13:03:54 GMT",
            "x-amzn-requestid": "f18efdef-5159-11e9-b1f4-0d6fc4dbbbce"
        },
        "HTTPStatusCode": 200,
        "RequestId": "f18efdef-5159-11e9-b1f4-0d6fc4dbbbce",
        "RetryAttempts": 0
    }
},
{
    "Week": 6,
    "Slide": 18,
    "KeyPhrases": [
        {
            "BeginOffset": 2,
            "EndOffset": 18,
            "Score": 0.8496062755584717,
            "Text": "More input\nfgets"
        },
        {
            "BeginOffset": 19,
            "EndOffset": 24,
            "Score": 0.8293404579162598,
            "Text": "array"
        },
        {
            "BeginOffset": 26,
            "EndOffset": 36,
            "Score": 0.9405065178871155,
            "Text": "array size"
        },
        {
            "BeginOffset": 38,
            "EndOffset": 44,
            "Score": 0.9819558262825012,
            "Text": "stream"
        },
        {
            "BeginOffset": 53,
            "EndOffset": 59,
            "Score": 0.9996021389961243,
            "Text": "a line"
        },
        {
            "BeginOffset": 63,
            "EndOffset": 87,
            "Score": 0.8911175727844238,
            "Text": "text\n\narray - char array"
        },
        {
            "BeginOffset": 106,
            "EndOffset": 126,
            "Score": 0.8665956258773804,
            "Text": "the line \narray size"
        },
        {
            "BeginOffset": 129,
            "EndOffset": 137,
            "Score": 0.9968338012695312,
            "Text": "the size"
        },
        {
            "BeginOffset": 141,
            "EndOffset": 159,
            "Score": 0.8881864547729492,
            "Text": "the array \n\nstream"
        },
        {
            "BeginOffset": 176,
            "EndOffset": 184,
            "Score": 0.9988709688186646,
            "Text": "the line"
        },
        {
            "BeginOffset": 191,
            "EndOffset": 208,
            "Score": 0.8044009208679199,
            "Text": "e.g.\u00a0stdin\n\nfgets"
        },
        {
            "BeginOffset": 228,
            "EndOffset": 254,
            "Score": 0.8993943333625793,
            "Text": "more than array size chars"
        },
        {
            "BeginOffset": 258,
            "EndOffset": 267,
            "Score": 0.9973607659339905,
            "Text": "the array"
        }
    ],
    "ResponseMetadata": {
        "HTTPHeaders": {
            "content-length": "1134",
            "content-type": "application/x-amz-json-1.1",
            "date": "Thu, 28 Mar 2019 13:03:56 GMT",
            "x-amzn-requestid": "f23e0281-5159-11e9-a41b-5514da879d83"
        },
        "HTTPStatusCode": 200,
        "RequestId": "f23e0281-5159-11e9-a41b-5514da879d83",
        "RetryAttempts": 0
    }
},
{
    "Week": 6,
    "Slide": 19,
    "KeyPhrases": [
        {
            "BeginOffset": 2,
            "EndOffset": 10,
            "Score": 0.8177649974822998,
            "Text": "fgets vs"
        },
        {
            "BeginOffset": 26,
            "EndOffset": 38,
            "Score": 0.9951068758964539,
            "Text": "the function"
        },
        {
            "BeginOffset": 54,
            "EndOffset": 63,
            "Score": 0.5998837947845459,
            "Text": "man pages"
        }
    ],
    "ResponseMetadata": {
        "HTTPHeaders": {
            "content-length": "257",
            "content-type": "application/x-amz-json-1.1",
            "date": "Thu, 28 Mar 2019 13:03:57 GMT",
            "x-amzn-requestid": "f2eda374-5159-11e9-9c6b-1b49fa666314"
        },
        "HTTPStatusCode": 200,
        "RequestId": "f2eda374-5159-11e9-9c6b-1b49fa666314",
        "RetryAttempts": 0
    }
},
{
    "Week": 6,
    "Slide": 20,
    "KeyPhrases": [],
    "ResponseMetadata": {
        "HTTPHeaders": {
            "content-length": "17",
            "content-type": "application/x-amz-json-1.1",
            "date": "Thu, 28 Mar 2019 13:03:59 GMT",
            "x-amzn-requestid": "f39ccf7a-5159-11e9-b1f4-0d6fc4dbbbce"
        },
        "HTTPStatusCode": 200,
        "RequestId": "f39ccf7a-5159-11e9-b1f4-0d6fc4dbbbce",
        "RetryAttempts": 0
    }
},
{
    "Week": 6,
    "Slide": 21,
    "KeyPhrases": [
        {
            "BeginOffset": 2,
            "EndOffset": 8,
            "Score": 0.6251485347747803,
            "Text": "Arrays"
        },
        {
            "BeginOffset": 18,
            "EndOffset": 24,
            "Score": 0.8616512417793274,
            "Text": "arrays"
        }
    ],
    "ResponseMetadata": {
        "HTTPHeaders": {
            "content-length": "168",
            "content-type": "application/x-amz-json-1.1",
            "date": "Thu, 28 Mar 2019 13:04:00 GMT",
            "x-amzn-requestid": "f45c008f-5159-11e9-ad04-91cf7a3e7941"
        },
        "HTTPStatusCode": 200,
        "RequestId": "f45c008f-5159-11e9-ad04-91cf7a3e7941",
        "RetryAttempts": 0
    }
},
{
    "Week": 6,
    "Slide": 22,
    "KeyPhrases": [
        {
            "BeginOffset": 2,
            "EndOffset": 8,
            "Score": 0.8109712600708008,
            "Text": "Arrays"
        },
        {
            "BeginOffset": 12,
            "EndOffset": 18,
            "Score": 0.991125762462616,
            "Text": "memory"
        },
        {
            "BeginOffset": 42,
            "EndOffset": 48,
            "Score": 0.9980512857437134,
            "Text": "memory"
        }
    ],
    "ResponseMetadata": {
        "HTTPHeaders": {
            "content-length": "244",
            "content-type": "application/x-amz-json-1.1",
            "date": "Thu, 28 Mar 2019 13:04:01 GMT",
            "x-amzn-requestid": "f50b7a77-5159-11e9-9067-a580ee7ec557"
        },
        "HTTPStatusCode": 200,
        "RequestId": "f50b7a77-5159-11e9-9067-a580ee7ec557",
        "RetryAttempts": 0
    }
},
{
    "Week": 6,
    "Slide": 23,
    "KeyPhrases": [
        {
            "BeginOffset": 2,
            "EndOffset": 8,
            "Score": 0.8095454573631287,
            "Text": "Arrays"
        },
        {
            "BeginOffset": 12,
            "EndOffset": 18,
            "Score": 0.9545416235923767,
            "Text": "memory"
        },
        {
            "BeginOffset": 42,
            "EndOffset": 48,
            "Score": 0.9579436182975769,
            "Text": "memory"
        }
    ],
    "ResponseMetadata": {
        "HTTPHeaders": {
            "content-length": "245",
            "content-type": "application/x-amz-json-1.1",
            "date": "Thu, 28 Mar 2019 13:04:02 GMT",
            "x-amzn-requestid": "f5ba7ecf-5159-11e9-a8a0-9f0a29161967"
        },
        "HTTPStatusCode": 200,
        "RequestId": "f5ba7ecf-5159-11e9-a8a0-9f0a29161967",
        "RetryAttempts": 0
    }
},
{
    "Week": 6,
    "Slide": 24,
    "KeyPhrases": [
        {
            "BeginOffset": 16,
            "EndOffset": 22,
            "Score": 0.979955792427063,
            "Text": "memory"
        },
        {
            "BeginOffset": 32,
            "EndOffset": 43,
            "Score": 0.7388302683830261,
            "Text": "this matter"
        }
    ],
    "ResponseMetadata": {
        "HTTPHeaders": {
            "content-length": "174",
            "content-type": "application/x-amz-json-1.1",
            "date": "Thu, 28 Mar 2019 13:04:03 GMT",
            "x-amzn-requestid": "f669d200-5159-11e9-b269-c1f80b73919e"
        },
        "HTTPStatusCode": 200,
        "RequestId": "f669d200-5159-11e9-b269-c1f80b73919e",
        "RetryAttempts": 0
    }
},
{
    "Week": 6,
    "Slide": 25,
    "KeyPhrases": [
        {
            "BeginOffset": 2,
            "EndOffset": 27,
            "Score": 0.8654285669326782,
            "Text": "Function memory\nvariables"
        },
        {
            "BeginOffset": 31,
            "EndOffset": 41,
            "Score": 0.99947589635849,
            "Text": "a function"
        },
        {
            "BeginOffset": 66,
            "EndOffset": 79,
            "Score": 0.9661892056465149,
            "Text": "that function"
        }
    ],
    "ResponseMetadata": {
        "HTTPHeaders": {
            "content-length": "275",
            "content-type": "application/x-amz-json-1.1",
            "date": "Thu, 28 Mar 2019 13:04:04 GMT",
            "x-amzn-requestid": "f719247c-5159-11e9-b270-937b8b08d656"
        },
        "HTTPStatusCode": 200,
        "RequestId": "f719247c-5159-11e9-b270-937b8b08d656",
        "RetryAttempts": 0
    }
},
{
    "Week": 6,
    "Slide": 26,
    "KeyPhrases": [],
    "ResponseMetadata": {
        "HTTPHeaders": {
            "content-length": "17",
            "content-type": "application/x-amz-json-1.1",
            "date": "Thu, 28 Mar 2019 13:04:06 GMT",
            "x-amzn-requestid": "f7c89ea8-5159-11e9-902b-adbe1c0e68b7"
        },
        "HTTPStatusCode": 200,
        "RequestId": "f7c89ea8-5159-11e9-902b-adbe1c0e68b7",
        "RetryAttempts": 0
    }
},
{
    "Week": 6,
    "Slide": 27,
    "KeyPhrases": [
        {
            "BeginOffset": 10,
            "EndOffset": 16,
            "Score": 0.9943137168884277,
            "Text": "values"
        },
        {
            "BeginOffset": 22,
            "EndOffset": 41,
            "Score": 0.8510324954986572,
            "Text": "functions\nfunctions"
        },
        {
            "BeginOffset": 50,
            "EndOffset": 56,
            "Score": 0.9994078874588013,
            "Text": "a copy"
        },
        {
            "BeginOffset": 60,
            "EndOffset": 69,
            "Score": 0.9996417164802551,
            "Text": "the value"
        }
    ],
    "ResponseMetadata": {
        "HTTPHeaders": {
            "content-length": "341",
            "content-type": "application/x-amz-json-1.1",
            "date": "Thu, 28 Mar 2019 13:04:07 GMT",
            "x-amzn-requestid": "f8783ff7-5159-11e9-b269-c1f80b73919e"
        },
        "HTTPStatusCode": 200,
        "RequestId": "f8783ff7-5159-11e9-b269-c1f80b73919e",
        "RetryAttempts": 0
    }
},
{
    "Week": 6,
    "Slide": 28,
    "KeyPhrases": [
        {
            "BeginOffset": 10,
            "EndOffset": 16,
            "Score": 0.965030312538147,
            "Text": "arrays"
        },
        {
            "BeginOffset": 22,
            "EndOffset": 31,
            "Score": 0.9868372678756714,
            "Text": "functions"
        },
        {
            "BeginOffset": 36,
            "EndOffset": 45,
            "Score": 0.997215747833252,
            "Text": "functions"
        },
        {
            "BeginOffset": 59,
            "EndOffset": 75,
            "Score": 0.7669660449028015,
            "Text": "anything outside"
        },
        {
            "BeginOffset": 79,
            "EndOffset": 93,
            "Score": 0.9982648491859436,
            "Text": "their function"
        },
        {
            "BeginOffset": 103,
            "EndOffset": 109,
            "Score": 0.7399331331253052,
            "Text": "arrays"
        }
    ],
    "ResponseMetadata": {
        "HTTPHeaders": {
            "content-length": "502",
            "content-type": "application/x-amz-json-1.1",
            "date": "Thu, 28 Mar 2019 13:04:08 GMT",
            "x-amzn-requestid": "f9276b57-5159-11e9-8cd3-a305e61d9913"
        },
        "HTTPStatusCode": 200,
        "RequestId": "f9276b57-5159-11e9-8cd3-a305e61d9913",
        "RetryAttempts": 0
    }
}
]