[
    {
        "Week": 7,
        "Slide": 0,
        "KeyPhrases": [
            {
                "Score": 0.710405707359314,
                "Text": "analog"
            },
            {
                "Score": 0.710405707359314,
                "Text": "input"
            },
            {
                "Score": 0.978114128112793,
                "Text": "output"
            },
            {
                "Score": 0.978114128112793,
                "Text": "lecturer"
            },
            {
                "Score": 0.8099585771560669,
                "Text": "sri"
            },
            {
                "Score": 0.8099585771560669,
                "Text": "parameswaran"
            },
            {
                "Score": 0.8099585771560669,
                "Text": "note"
            }
        ]
    },
    {
        "Week": 7,
        "Slide": 1,
        "KeyPhrases": [
            {
                "Score": 0.7365058064460754,
                "Text": "lecture"
            },
            {
                "Score": 0.7365058064460754,
                "Text": "analog"
            },
            {
                "Score": 0.7365058064460754,
                "Text": "output"
            },
            {
                "Score": 0.7365058064460754,
                "Text": "overview"
            },
            {
                "Score": 0.8294970989227295,
                "Text": "pwm"
            },
            {
                "Score": 0.8294970989227295,
                "Text": "digital"
            },
            {
                "Score": 0.8294970989227295,
                "Text": "analog"
            },
            {
                "Score": 0.8999719023704529,
                "Text": "analog"
            },
            {
                "Score": 0.8999719023704529,
                "Text": "conversion"
            },
            {
                "Score": 0.8999719023704529,
                "Text": "input"
            },
            {
                "Score": 0.8999719023704529,
                "Text": "analog"
            },
            {
                "Score": 0.8999719023704529,
                "Text": "digital"
            }
        ]
    },
    {
        "Week": 7,
        "Slide": 2,
        "KeyPhrases": [
            {
                "Score": 0.9287309646606445,
                "Text": "pwm"
            },
            {
                "Score": 0.9287309646606445,
                "Text": "analog"
            },
            {
                "Score": 0.9287309646606445,
                "Text": "pwm"
            },
            {
                "Score": 0.9287309646606445,
                "Text": "output"
            },
            {
                "Score": 0.9841181039810181,
                "Text": "pulse"
            },
            {
                "Score": 0.9841181039810181,
                "Text": "width"
            },
            {
                "Score": 0.9841181039810181,
                "Text": "modulation"
            },
            {
                "Score": 0.9978561401367188,
                "Text": "way"
            },
            {
                "Score": 0.9293048977851868,
                "Text": "analog"
            },
            {
                "Score": 0.9293048977851868,
                "Text": "signal"
            },
            {
                "Score": 0.9293048977851868,
                "Text": "level"
            },
            {
                "Score": 0.9977388381958008,
                "Text": "use"
            },
            {
                "Score": 0.9986451864242554,
                "Text": "counter"
            },
            {
                "Score": 0.9986451864242554,
                "Text": "resolution"
            },
            {
                "Score": 0.9930732846260071,
                "Text": "duty"
            },
            {
                "Score": 0.9930732846260071,
                "Text": "cycle"
            },
            {
                "Score": 0.9147422909736633,
                "Text": "pulse"
            },
            {
                "Score": 0.9955072999000549,
                "Text": "pulse"
            },
            {
                "Score": 0.9955072999000549,
                "Text": "wave"
            },
            {
                "Score": 0.9954611659049988,
                "Text": "analog"
            },
            {
                "Score": 0.9954611659049988,
                "Text": "signal"
            },
            {
                "Score": 0.9954611659049988,
                "Text": "level"
            },
            {
                "Score": 0.7944814562797546,
                "Text": "pwm"
            },
            {
                "Score": 0.7944814562797546,
                "Text": "signal"
            },
            {
                "Score": 0.9486455321311951,
                "Text": "value"
            },
            {
                "Score": 0.9486455321311951,
                "Text": "digital"
            },
            {
                "Score": 0.9965645670890808,
                "Text": "sufficient"
            },
            {
                "Score": 0.9965645670890808,
                "Text": "bandwidth"
            },
            {
                "Score": 0.9988421201705933,
                "Text": "analog"
            },
            {
                "Score": 0.9988421201705933,
                "Text": "value"
            },
            {
                "Score": 0.8132889866828918,
                "Text": "pwm"
            },
            {
                "Score": 0.9772184491157532,
                "Text": "pwm"
            },
            {
                "Score": 0.9995578527450562,
                "Text": "technique"
            },
            {
                "Score": 0.8223907947540283,
                "Text": "analog"
            },
            {
                "Score": 0.8223907947540283,
                "Text": "circuit"
            },
            {
                "Score": 0.9972403049468994,
                "Text": "processor"
            },
            {
                "Score": 0.988570511341095,
                "Text": "digital"
            },
            {
                "Score": 0.988570511341095,
                "Text": "output"
            },
            {
                "Score": 0.999568521976471,
                "Text": "variety"
            },
            {
                "Score": 0.6366010308265686,
                "Text": "application"
            }
        ]
    },
    {
        "Week": 7,
        "Slide": 3,
        "KeyPhrases": [
            {
                "Score": 0.9579649567604065,
                "Text": "pwm"
            },
            {
                "Score": 0.9579649567604065,
                "Text": "analog"
            },
            {
                "Score": 0.9579649567604065,
                "Text": "output"
            },
            {
                "Score": 0.4372847378253937,
                "Text": "cont"
            },
            {
                "Score": 0.9508287310600281,
                "Text": "filtered"
            },
            {
                "Score": 0.9508287310600281,
                "Text": "pas"
            },
            {
                "Score": 0.988015353679657,
                "Text": "signal"
            },
            {
                "Score": 0.988015353679657,
                "Text": "input"
            },
            {
                "Score": 0.9968727231025696,
                "Text": "inherent"
            },
            {
                "Score": 0.9968727231025696,
                "Text": "noise"
            },
            {
                "Score": 0.9968727231025696,
                "Text": "component"
            },
            {
                "Score": 0.9838137030601501,
                "Text": "pwm"
            },
            {
                "Score": 0.9838137030601501,
                "Text": "signal"
            },
            {
                "Score": 0.9935712218284607,
                "Text": "output"
            },
            {
                "Score": 0.9935712218284607,
                "Text": "voltage"
            },
            {
                "Score": 0.9620693325996399,
                "Text": "pulse"
            },
            {
                "Score": 0.9620693325996399,
                "Text": "width"
            },
            {
                "Score": 0.9756312966346741,
                "Text": "pulse"
            },
            {
                "Score": 0.9756312966346741,
                "Text": "width"
            },
            {
                "Score": 0.9982141852378845,
                "Text": "pwm"
            },
            {
                "Score": 0.9982141852378845,
                "Text": "waveform"
            },
            {
                "Score": 0.9957767724990845,
                "Text": "output"
            },
            {
                "Score": 0.9957767724990845,
                "Text": "value"
            }
        ]
    },
    {
        "Week": 7,
        "Slide": 4,
        "KeyPhrases": [
            {
                "Score": 0.9870083928108215,
                "Text": "example"
            },
            {
                "Score": 0.9247065782546997,
                "Text": "pwm"
            },
            {
                "Score": 0.9247065782546997,
                "Text": "cycle"
            },
            {
                "Score": 0.9247065782546997,
                "Text": "signal"
            },
            {
                "Score": 0.9247065782546997,
                "Text": "duty"
            },
            {
                "Score": 0.9789643883705139,
                "Text": "duty"
            },
            {
                "Score": 0.9789643883705139,
                "Text": "cycle"
            },
            {
                "Score": 0.9713835120201111,
                "Text": "duty"
            },
            {
                "Score": 0.9713835120201111,
                "Text": "cycle"
            }
        ]
    },
    {
        "Week": 7,
        "Slide": 5,
        "KeyPhrases": [
            {
                "Score": 0.9412829279899597,
                "Text": "pwm"
            },
            {
                "Score": 0.9412829279899597,
                "Text": "generation"
            },
            {
                "Score": 0.9794037938117981,
                "Text": "pwm"
            },
            {
                "Score": 0.9794037938117981,
                "Text": "avr"
            },
            {
                "Score": 0.9935324788093567,
                "Text": "provided"
            },
            {
                "Score": 0.9935324788093567,
                "Text": "timer"
            }
        ]
    },
    {
        "Week": 7,
        "Slide": 6,
        "KeyPhrases": [
            {
                "Score": 0.715849757194519,
                "Text": "recall"
            }
        ]
    },
    {
        "Week": 7,
        "Slide": 7,
        "KeyPhrases": [
            {
                "Score": 0.948919951915741,
                "Text": "configuration"
            },
            {
                "Score": 0.8506253957748413,
                "Text": "pwm"
            }
        ]
    },
    {
        "Week": 7,
        "Slide": 8,
        "KeyPhrases": [
            {
                "Score": 0.9596019387245178,
                "Text": "ctc"
            },
            {
                "Score": 0.9596019387245178,
                "Text": "timer"
            },
            {
                "Score": 0.5422486066818237,
                "Text": "compare"
            }
        ]
    },
    {
        "Week": 7,
        "Slide": 9,
        "KeyPhrases": []
    },
    {
        "Week": 7,
        "Slide": 10,
        "KeyPhrases": []
    },
    {
        "Week": 7,
        "Slide": 11,
        "KeyPhrases": [
            {
                "Score": 0.7756598591804504,
                "Text": "generate"
            },
            {
                "Score": 0.7756598591804504,
                "Text": "example"
            },
            {
                "Score": 0.9588251709938049,
                "Text": "pwm"
            },
            {
                "Score": 0.9588251709938049,
                "Text": "waveform"
            }
        ]
    },
    {
        "Week": 7,
        "Slide": 12,
        "KeyPhrases": [
            {
                "Score": 0.98155277967453,
                "Text": "solution"
            },
            {
                "Score": 0.712095320224762,
                "Text": "operation"
            },
            {
                "Score": 0.712095320224762,
                "Text": "mode"
            },
            {
                "Score": 0.828855574131012,
                "Text": "correct"
            },
            {
                "Score": 0.828855574131012,
                "Text": "pwm"
            },
            {
                "Score": 0.828855574131012,
                "Text": "mode"
            }
        ]
    },
    {
        "Week": 7,
        "Slide": 13,
        "KeyPhrases": [
            {
                "Score": 0.8540706634521484,
                "Text": "example"
            },
            {
                "Score": 0.8540706634521484,
                "Text": "code"
            },
            {
                "Score": 0.5919735431671143,
                "Text": "def"
            },
            {
                "Score": 0.5919735431671143,
                "Text": "temp"
            },
            {
                "Score": 0.9748956561088562,
                "Text": "temp"
            },
            {
                "Score": 0.9748956561088562,
                "Text": "ldi"
            },
            {
                "Score": 0.7744830250740051,
                "Text": "ddrl"
            },
            {
                "Score": 0.7744830250740051,
                "Text": "sts"
            },
            {
                "Score": 0.9832935333251953,
                "Text": "temp"
            },
            {
                "Score": 0.9651120901107788,
                "Text": "bit"
            },
            {
                "Score": 0.851790189743042,
                "Text": "temp"
            },
            {
                "Score": 0.851790189743042,
                "Text": "ldi"
            },
            {
                "Score": 0.8886117935180664,
                "Text": "sts"
            },
            {
                "Score": 0.7462809085845947,
                "Text": "temp"
            },
            {
                "Score": 0.7462809085845947,
                "Text": "temp"
            },
            {
                "Score": 0.7462809085845947,
                "Text": "clr"
            },
            {
                "Score": 0.9378976225852966,
                "Text": "temp"
            },
            {
                "Score": 0.9897979497909546,
                "Text": "value"
            },
            {
                "Score": 0.9963253140449524,
                "Text": "pwm"
            },
            {
                "Score": 0.9963253140449524,
                "Text": "duty"
            },
            {
                "Score": 0.9963253140449524,
                "Text": "cycle"
            },
            {
                "Score": 0.9550303816795349,
                "Text": "phase"
            },
            {
                "Score": 0.9550303816795349,
                "Text": "correct"
            },
            {
                "Score": 0.9550303816795349,
                "Text": "pwm"
            },
            {
                "Score": 0.9550303816795349,
                "Text": "mode"
            },
            {
                "Score": 0.8619239330291748,
                "Text": "ldi"
            },
            {
                "Score": 0.8619239330291748,
                "Text": "temp"
            },
            {
                "Score": 0.9625273942947388,
                "Text": "temp"
            },
            {
                "Score": 0.9625273942947388,
                "Text": "temp"
            },
            {
                "Score": 0.9625273942947388,
                "Text": "ldi"
            },
            {
                "Score": 0.8890936374664307,
                "Text": "temp"
            },
            {
                "Score": 0.8890936374664307,
                "Text": "halt"
            }
        ]
    },
    {
        "Week": 7,
        "Slide": 14,
        "KeyPhrases": [
            {
                "Score": 0.9342676401138306,
                "Text": "cond"
            },
            {
                "Score": 0.9342676401138306,
                "Text": "conversion"
            },
            {
                "Score": 0.9342676401138306,
                "Text": "latch"
            },
            {
                "Score": 0.9342676401138306,
                "Text": "output"
            },
            {
                "Score": 0.9342676401138306,
                "Text": "signal"
            },
            {
                "Score": 0.9342676401138306,
                "Text": "analog"
            },
            {
                "Score": 0.9342676401138306,
                "Text": "digital"
            },
            {
                "Score": 0.9342676401138306,
                "Text": "analog"
            },
            {
                "Score": 0.9449266195297241,
                "Text": "analog"
            },
            {
                "Score": 0.9449266195297241,
                "Text": "converter"
            },
            {
                "Score": 0.9449266195297241,
                "Text": "digital"
            },
            {
                "Score": 0.9449266195297241,
                "Text": "digital"
            }
        ]
    },
    {
        "Week": 7,
        "Slide": 15,
        "KeyPhrases": [
            {
                "Score": 0.9210200905799866,
                "Text": "conversion"
            },
            {
                "Score": 0.9210200905799866,
                "Text": "digital"
            },
            {
                "Score": 0.9210200905799866,
                "Text": "analog"
            },
            {
                "Score": 0.4374934434890747,
                "Text": "cont"
            },
            {
                "Score": 0.9898211359977722,
                "Text": "parallel"
            },
            {
                "Score": 0.9898211359977722,
                "Text": "output"
            },
            {
                "Score": 0.9898211359977722,
                "Text": "interface"
            },
            {
                "Score": 0.9744168519973755,
                "Text": "cpu"
            },
            {
                "Score": 0.7183893918991089,
                "Text": "latch"
            },
            {
                "Score": 0.9938769936561584,
                "Text": "part"
            },
            {
                "Score": 0.9838849306106567,
                "Text": "converter"
            },
            {
                "Score": 0.9897841811180115,
                "Text": "interface"
            },
            {
                "Score": 0.9897841811180115,
                "Text": "output"
            },
            {
                "Score": 0.9747524857521057,
                "Text": "digital"
            },
            {
                "Score": 0.9747524857521057,
                "Text": "value"
            },
            {
                "Score": 0.9895610213279724,
                "Text": "value"
            },
            {
                "Score": 0.8083037734031677,
                "Text": "signal"
            },
            {
                "Score": 0.8083037734031677,
                "Text": "conditioning"
            },
            {
                "Score": 0.8083037734031677,
                "Text": "block"
            },
            {
                "Score": 0.9980912804603577,
                "Text": "filter"
            },
            {
                "Score": 0.9997283220291138,
                "Text": "quantized"
            },
            {
                "Score": 0.9997283220291138,
                "Text": "nature"
            },
            {
                "Score": 0.9963122010231018,
                "Text": "output"
            },
            {
                "Score": 0.9649425148963928,
                "Text": "signal"
            },
            {
                "Score": 0.9649425148963928,
                "Text": "conditioning"
            },
            {
                "Score": 0.9649425148963928,
                "Text": "block"
            },
            {
                "Score": 0.6221438646316528,
                "Text": "isolation"
            },
            {
                "Score": 0.36715301871299744,
                "Text": "buffering"
            },
            {
                "Score": 0.9209736585617065,
                "Text": "voltage"
            },
            {
                "Score": 0.9209736585617065,
                "Text": "amplification"
            }
        ]
    },
    {
        "Week": 7,
        "Slide": 16,
        "KeyPhrases": [
            {
                "Score": 0.8718546032905579,
                "Text": "quantized"
            },
            {
                "Score": 0.8718546032905579,
                "Text": "output"
            },
            {
                "Score": 0.8718546032905579,
                "Text": "desired"
            }
        ]
    },
    {
        "Week": 7,
        "Slide": 17,
        "KeyPhrases": [
            {
                "Score": 0.8867366909980774,
                "Text": "converter"
            },
            {
                "Score": 0.8867366909980774,
                "Text": "binary"
            },
            {
                "Score": 0.8867366909980774,
                "Text": "weighted"
            },
            {
                "Score": 0.9912576675415039,
                "Text": "switch"
            },
            {
                "Score": 0.9996935725212097,
                "Text": "bit"
            },
            {
                "Score": 0.9917897582054138,
                "Text": "weighted"
            },
            {
                "Score": 0.9975441098213196,
                "Text": "junction"
            },
            {
                "Score": 0.995552659034729,
                "Text": "amplifier"
            },
            {
                "Score": 0.9256256222724915,
                "Text": "converter"
            },
            {
                "Score": 0.9256256222724915,
                "Text": "resolution"
            },
            {
                "Score": 0.9963979125022888,
                "Text": "type"
            },
            {
                "Score": 0.9963979125022888,
                "Text": "weighted"
            },
            {
                "Score": 0.9963979125022888,
                "Text": "binary"
            },
            {
                "Score": 0.9994593262672424,
                "Text": "range"
            },
            {
                "Score": 0.9912053942680359,
                "Text": "resistor"
            },
            {
                "Score": 0.9422091841697693,
                "Text": "temperature"
            },
            {
                "Score": 0.9422091841697693,
                "Text": "stability"
            },
            {
                "Score": 0.9951074123382568,
                "Text": "problem"
            },
            {
                "Score": 0.932426393032074,
                "Text": "analog"
            }
        ]
    },
    {
        "Week": 7,
        "Slide": 18,
        "KeyPhrases": [
            {
                "Score": 0.905369758605957,
                "Text": "ladder"
            },
            {
                "Score": 0.905369758605957,
                "Text": "converter"
            },
            {
                "Score": 0.9921601414680481,
                "Text": "switch"
            },
            {
                "Score": 0.8750056624412537,
                "Text": "grounded"
            },
            {
                "Score": 0.9980362057685852,
                "Text": "reference"
            },
            {
                "Score": 0.9980362057685852,
                "Text": "position"
            },
            {
                "Score": 0.9933169484138489,
                "Text": "binary"
            },
            {
                "Score": 0.9933169484138489,
                "Text": "weighted"
            },
            {
                "Score": 0.9899035692214966,
                "Text": "junction"
            },
            {
                "Score": 0.9272026419639587,
                "Text": "converter"
            },
            {
                "Score": 0.9272026419639587,
                "Text": "resolution"
            },
            {
                "Score": 0.9990206360816956,
                "Text": "range"
            },
            {
                "Score": 0.9998132586479187,
                "Text": "resistor"
            },
            {
                "Score": 0.9429473280906677,
                "Text": "vref"
            },
            {
                "Score": 0.9429473280906677,
                "Text": "analog"
            }
        ]
    },
    {
        "Week": 7,
        "Slide": 19,
        "KeyPhrases": [
            {
                "Score": 0.8466295003890991,
                "Text": "converter"
            },
            {
                "Score": 0.8466295003890991,
                "Text": "resolution"
            },
            {
                "Score": 0.8466295003890991,
                "Text": "specification"
            },
            {
                "Score": 0.8690212368965149,
                "Text": "linearity"
            },
            {
                "Score": 0.749413251876831,
                "Text": "resolution"
            },
            {
                "Score": 0.9986580610275269,
                "Text": "number"
            },
            {
                "Score": 0.9873546957969666,
                "Text": "bit"
            },
            {
                "Score": 0.9067226052284241,
                "Text": "output"
            },
            {
                "Score": 0.9067226052284241,
                "Text": "voltage"
            },
            {
                "Score": 0.9979014992713928,
                "Text": "digital"
            },
            {
                "Score": 0.9979014992713928,
                "Text": "step"
            },
            {
                "Score": 0.8098115921020508,
                "Text": "lsb"
            },
            {
                "Score": 0.7141388654708862,
                "Text": "linearity"
            },
            {
                "Score": 0.7440198063850403,
                "Text": "output"
            },
            {
                "Score": 0.7440198063850403,
                "Text": "voltage"
            },
            {
                "Score": 0.9181165099143982,
                "Text": "idea"
            },
            {
                "Score": 0.9181165099143982,
                "Text": "value"
            },
            {
                "Score": 0.996082067489624,
                "Text": "straight"
            },
            {
                "Score": 0.996082067489624,
                "Text": "line"
            },
            {
                "Score": 0.9421818256378174,
                "Text": "zero"
            },
            {
                "Score": 0.9421818256378174,
                "Text": "scale"
            },
            {
                "Score": 0.8147380948066711,
                "Text": "time"
            },
            {
                "Score": 0.7336843609809875,
                "Text": "time"
            },
            {
                "Score": 0.99739009141922,
                "Text": "output"
            },
            {
                "Score": 0.99739009141922,
                "Text": "voltage"
            },
            {
                "Score": 0.995611846446991,
                "Text": "specified"
            },
            {
                "Score": 0.995611846446991,
                "Text": "error"
            },
            {
                "Score": 0.995611846446991,
                "Text": "band"
            },
            {
                "Score": 0.9170765280723572,
                "Text": "lsb"
            }
        ]
    },
    {
        "Week": 7,
        "Slide": 20,
        "KeyPhrases": [
            {
                "Score": 0.8911728858947754,
                "Text": "converter"
            },
            {
                "Score": 0.8911728858947754,
                "Text": "specification"
            },
            {
                "Score": 0.5101573467254639,
                "Text": "cont"
            },
            {
                "Score": 0.5726308226585388,
                "Text": "glitch"
            },
            {
                "Score": 0.8357535004615784,
                "Text": "glitch"
            },
            {
                "Score": 0.952545702457428,
                "Text": "switch"
            },
            {
                "Score": 0.8680047392845154,
                "Text": "switch"
            },
            {
                "Score": 0.9778493642807007,
                "Text": "zero"
            },
            {
                "Score": 0.9946003556251526,
                "Text": "zero"
            },
            {
                "Score": 0.999748170375824,
                "Text": "glitch"
            },
            {
                "Score": 0.9985778331756592,
                "Text": "output"
            },
            {
                "Score": 0.9985778331756592,
                "Text": "code"
            },
            {
                "Score": 0.9788206219673157,
                "Text": "bit"
            },
            {
                "Score": 0.9980473518371582,
                "Text": "slide"
            },
            {
                "Score": 0.8996253609657288,
                "Text": "converter"
            },
            {
                "Score": 0.8996253609657288,
                "Text": "glitch"
            },
            {
                "Score": 0.9651793241500854,
                "Text": "sample"
            },
            {
                "Score": 0.9651793241500854,
                "Text": "hold"
            }
        ]
    },
    {
        "Week": 7,
        "Slide": 21,
        "KeyPhrases": [
            {
                "Score": 0.8434181809425354,
                "Text": "output"
            },
            {
                "Score": 0.8434181809425354,
                "Text": "glitch"
            },
            {
                "Score": 0.8434181809425354,
                "Text": "digital"
            },
            {
                "Score": 0.8434181809425354,
                "Text": "code"
            },
            {
                "Score": 0.8434181809425354,
                "Text": "glitch"
            },
            {
                "Score": 0.8434181809425354,
                "Text": "output"
            },
            {
                "Score": 0.8434181809425354,
                "Text": "input"
            }
        ]
    },
    {
        "Week": 7,
        "Slide": 22,
        "KeyPhrases": [
            {
                "Score": 0.9044222831726074,
                "Text": "deglitched"
            },
            {
                "Score": 0.9044222831726074,
                "Text": "analog"
            },
            {
                "Score": 0.9044222831726074,
                "Text": "digital"
            },
            {
                "Score": 0.9044222831726074,
                "Text": "analog"
            },
            {
                "Score": 0.9044222831726074,
                "Text": "deglitched"
            },
            {
                "Score": 0.9044222831726074,
                "Text": "output"
            },
            {
                "Score": 0.9044222831726074,
                "Text": "converter"
            },
            {
                "Score": 0.9044222831726074,
                "Text": "hold"
            },
            {
                "Score": 0.9044222831726074,
                "Text": "digital"
            },
            {
                "Score": 0.9044222831726074,
                "Text": "sample"
            }
        ]
    },
    {
        "Week": 7,
        "Slide": 23,
        "KeyPhrases": [
            {
                "Score": 0.8919382691383362,
                "Text": "conversion"
            },
            {
                "Score": 0.8919382691383362,
                "Text": "analog"
            },
            {
                "Score": 0.8919382691383362,
                "Text": "analog"
            },
            {
                "Score": 0.8919382691383362,
                "Text": "analog"
            },
            {
                "Score": 0.8919382691383362,
                "Text": "digital"
            },
            {
                "Score": 0.8919382691383362,
                "Text": "ducer"
            },
            {
                "Score": 0.8919382691383362,
                "Text": "tioner"
            },
            {
                "Score": 0.8919382691383362,
                "Text": "adc"
            },
            {
                "Score": 0.8919382691383362,
                "Text": "pro"
            },
            {
                "Score": 0.8919382691383362,
                "Text": "trans"
            },
            {
                "Score": 0.8919382691383362,
                "Text": "condi"
            }
        ]
    },
    {
        "Week": 7,
        "Slide": 24,
        "KeyPhrases": [
            {
                "Score": 0.9326868057250977,
                "Text": "data"
            },
            {
                "Score": 0.9326868057250977,
                "Text": "acquisition"
            },
            {
                "Score": 0.9326868057250977,
                "Text": "conversion"
            },
            {
                "Score": 0.9326868057250977,
                "Text": "procedure"
            },
            {
                "Score": 0.8828561305999756,
                "Text": "data"
            },
            {
                "Score": 0.8828561305999756,
                "Text": "acquisition"
            },
            {
                "Score": 0.8828561305999756,
                "Text": "conversion"
            },
            {
                "Score": 0.8397642970085144,
                "Text": "transducer"
            },
            {
                "Score": 0.9973822236061096,
                "Text": "value"
            },
            {
                "Score": 0.9989268779754639,
                "Text": "signal"
            },
            {
                "Score": 0.8018560409545898,
                "Text": "voltage"
            },
            {
                "Score": 0.9842826724052429,
                "Text": "signal"
            },
            {
                "Score": 0.9842826724052429,
                "Text": "conditioner"
            },
            {
                "Score": 0.9975894093513489,
                "Text": "task"
            },
            {
                "Score": 0.8419342637062073,
                "Text": "isolation"
            },
            {
                "Score": 0.9977866411209106,
                "Text": "input"
            },
            {
                "Score": 0.997244119644165,
                "Text": "voltage"
            },
            {
                "Score": 0.9493272304534912,
                "Text": "charge"
            },
            {
                "Score": 0.807064414024353,
                "Text": "reversed"
            },
            {
                "Score": 0.807064414024353,
                "Text": "polarity"
            },
            {
                "Score": 0.807064414024353,
                "Text": "voltage"
            },
            {
                "Score": 0.8823755979537964,
                "Text": "amplification"
            },
            {
                "Score": 0.9978992342948914,
                "Text": "transducer"
            },
            {
                "Score": 0.9306179881095886,
                "Text": "voltage"
            },
            {
                "Score": 0.9999098181724548,
                "Text": "amplifier"
            },
            {
                "Score": 0.9926550984382629,
                "Text": "signal"
            },
            {
                "Score": 0.9926550984382629,
                "Text": "scale"
            },
            {
                "Score": 0.9849161505699158,
                "Text": "analog"
            },
            {
                "Score": 0.9849161505699158,
                "Text": "result"
            },
            {
                "Score": 0.9970775842666626,
                "Text": "signal"
            },
            {
                "Score": 0.9970775842666626,
                "Text": "scale"
            },
            {
                "Score": 0.8921106457710266,
                "Text": "bandwidth"
            },
            {
                "Score": 0.9949256181716919,
                "Text": "signal"
            },
            {
                "Score": 0.9949256181716919,
                "Text": "conditioning"
            },
            {
                "Score": 0.9978867769241333,
                "Text": "filter"
            },
            {
                "Score": 0.9978867769241333,
                "Text": "pas"
            },
            {
                "Score": 0.9995895624160767,
                "Text": "range"
            },
            {
                "Score": 0.9994140863418579,
                "Text": "frequency"
            }
        ]
    },
    {
        "Week": 7,
        "Slide": 25,
        "KeyPhrases": [
            {
                "Score": 0.9413110613822937,
                "Text": "data"
            },
            {
                "Score": 0.9413110613822937,
                "Text": "acquisition"
            },
            {
                "Score": 0.9413110613822937,
                "Text": "conversion"
            },
            {
                "Score": 0.7688969969749451,
                "Text": "cont"
            },
            {
                "Score": 0.9992824196815491,
                "Text": "application"
            },
            {
                "Score": 0.9989411234855652,
                "Text": "analog"
            },
            {
                "Score": 0.9989411234855652,
                "Text": "input"
            },
            {
                "Score": 0.9978248476982117,
                "Text": "analog"
            },
            {
                "Score": 0.9978248476982117,
                "Text": "multiplexer"
            },
            {
                "Score": 0.9931080341339111,
                "Text": "signal"
            },
            {
                "Score": 0.9931080341339111,
                "Text": "conditioning"
            },
            {
                "Score": 0.9937552809715271,
                "Text": "multiple"
            },
            {
                "Score": 0.9937552809715271,
                "Text": "analog"
            },
            {
                "Score": 0.9937552809715271,
                "Text": "input"
            },
            {
                "Score": 0.9936524629592896,
                "Text": "signal"
            },
            {
                "Score": 0.9936524629592896,
                "Text": "conditioning"
            },
            {
                "Score": 0.9963065385818481,
                "Text": "transducer"
            },
            {
                "Score": 0.8893027305603027,
                "Text": "circuit"
            },
            {
                "Score": 0.8893027305603027,
                "Text": "sample"
            },
            {
                "Score": 0.8893027305603027,
                "Text": "sample"
            },
            {
                "Score": 0.8893027305603027,
                "Text": "hold"
            },
            {
                "Score": 0.9928687214851379,
                "Text": "signal"
            },
            {
                "Score": 0.9681050777435303,
                "Text": "converter"
            },
            {
                "Score": 0.9780750274658203,
                "Text": "sampled"
            },
            {
                "Score": 0.9780750274658203,
                "Text": "signal"
            },
            {
                "Score": 0.9973978400230408,
                "Text": "digital"
            },
            {
                "Score": 0.9973978400230408,
                "Text": "value"
            },
            {
                "Score": 0.9868040084838867,
                "Text": "state"
            },
            {
                "Score": 0.9868040084838867,
                "Text": "gate"
            },
            {
                "Score": 0.9982390999794006,
                "Text": "digital"
            },
            {
                "Score": 0.9982390999794006,
                "Text": "value"
            },
            {
                "Score": 0.994215190410614,
                "Text": "converter"
            }
        ]
    },
    {
        "Week": 7,
        "Slide": 26,
        "KeyPhrases": [
            {
                "Score": 0.9581995606422424,
                "Text": "data"
            },
            {
                "Score": 0.9581995606422424,
                "Text": "acquisition"
            },
            {
                "Score": 0.9581995606422424,
                "Text": "cond"
            },
            {
                "Score": 0.9581995606422424,
                "Text": "system"
            },
            {
                "Score": 0.9581995606422424,
                "Text": "analog"
            },
            {
                "Score": 0.9581995606422424,
                "Text": "input"
            },
            {
                "Score": 0.9581995606422424,
                "Text": "transducer"
            },
            {
                "Score": 0.9581995606422424,
                "Text": "signal"
            },
            {
                "Score": 0.8664408922195435,
                "Text": "analog"
            },
            {
                "Score": 0.8664408922195435,
                "Text": "mux"
            },
            {
                "Score": 0.8653739094734192,
                "Text": "analog"
            },
            {
                "Score": 0.8653739094734192,
                "Text": "input"
            },
            {
                "Score": 0.8759016990661621,
                "Text": "state"
            },
            {
                "Score": 0.8759016990661621,
                "Text": "multiplexer"
            },
            {
                "Score": 0.8759016990661621,
                "Text": "state"
            },
            {
                "Score": 0.8759016990661621,
                "Text": "analog"
            },
            {
                "Score": 0.8759016990661621,
                "Text": "gate"
            },
            {
                "Score": 0.8759016990661621,
                "Text": "converter"
            },
            {
                "Score": 0.8759016990661621,
                "Text": "cpu"
            },
            {
                "Score": 0.8759016990661621,
                "Text": "data"
            },
            {
                "Score": 0.8759016990661621,
                "Text": "hold"
            },
            {
                "Score": 0.8759016990661621,
                "Text": "digital"
            },
            {
                "Score": 0.8759016990661621,
                "Text": "analog"
            },
            {
                "Score": 0.8759016990661621,
                "Text": "digital"
            },
            {
                "Score": 0.8759016990661621,
                "Text": "sample"
            }
        ]
    },
    {
        "Week": 7,
        "Slide": 27,
        "KeyPhrases": [
            {
                "Score": 0.9652426242828369,
                "Text": "shannon"
            },
            {
                "Score": 0.9675025939941406,
                "Text": "shannon"
            },
            {
                "Score": 0.9675025939941406,
                "Text": "theorem"
            },
            {
                "Score": 0.9675025939941406,
                "Text": "claude"
            },
            {
                "Score": 0.9952645301818848,
                "Text": "theorem"
            },
            {
                "Score": 0.9608126282691956,
                "Text": "signal"
            },
            {
                "Score": 0.9932254552841187,
                "Text": "sin"
            },
            {
                "Score": 0.776319682598114,
                "Text": "digitized"
            },
            {
                "Score": 0.9658316969871521,
                "Text": "minimum"
            },
            {
                "Score": 0.9658316969871521,
                "Text": "frequency"
            },
            {
                "Score": 0.8336257338523865,
                "Text": "signal"
            },
            {
                "Score": 0.8336257338523865,
                "Text": "frequency"
            }
        ]
    },
    {
        "Week": 7,
        "Slide": 28,
        "KeyPhrases": [
            {
                "Score": 0.7884356379508972,
                "Text": "sample"
            },
            {
                "Score": 0.7884356379508972,
                "Text": "sampled"
            },
            {
                "Score": 0.7884356379508972,
                "Text": "example"
            },
            {
                "Score": 0.9915536046028137,
                "Text": "signal"
            },
            {
                "Score": 0.9915536046028137,
                "Text": "frequency"
            },
            {
                "Score": 0.9925788044929504,
                "Text": "sin"
            }
        ]
    },
    {
        "Week": 7,
        "Slide": 29,
        "KeyPhrases": [
            {
                "Score": 0.6496937870979309,
                "Text": "sample"
            },
            {
                "Score": 0.6496937870979309,
                "Text": "example"
            }
        ]
    },
    {
        "Week": 7,
        "Slide": 30,
        "KeyPhrases": [
            {
                "Score": 0.9652426242828369,
                "Text": "shannon"
            },
            {
                "Score": 0.9381422996520996,
                "Text": "theorem"
            },
            {
                "Score": 0.9996926188468933,
                "Text": "information"
            },
            {
                "Score": 0.9984984993934631,
                "Text": "signal"
            },
            {
                "Score": 0.9914151430130005,
                "Text": "frequency"
            },
            {
                "Score": 0.9914151430130005,
                "Text": "maximum"
            },
            {
                "Score": 0.9980788826942444,
                "Text": "signal"
            },
            {
                "Score": 0.9989246726036072,
                "Text": "nyquist"
            },
            {
                "Score": 0.9989246726036072,
                "Text": "rate"
            },
            {
                "Score": 0.7739090323448181,
                "Text": "signal"
            },
            {
                "Score": 0.9836300015449524,
                "Text": "frequency"
            },
            {
                "Score": 0.9986604452133179,
                "Text": "nyquist"
            },
            {
                "Score": 0.9986604452133179,
                "Text": "rate"
            },
            {
                "Score": 0.9968231320381165,
                "Text": "frequency"
            },
            {
                "Score": 0.9962549209594727,
                "Text": "nyquist"
            },
            {
                "Score": 0.9962549209594727,
                "Text": "rate"
            },
            {
                "Score": 0.9997646808624268,
                "Text": "waveform"
            }
        ]
    },
    {
        "Week": 7,
        "Slide": 31,
        "KeyPhrases": [
            {
                "Score": 0.9652426242828369,
                "Text": "shannon"
            },
            {
                "Score": 0.9338337182998657,
                "Text": "theorem"
            },
            {
                "Score": 0.844749391078949,
                "Text": "cont"
            },
            {
                "Score": 0.8140355348587036,
                "Text": "signal"
            },
            {
                "Score": 0.9905896782875061,
                "Text": "time"
            },
            {
                "Score": 0.9905896782875061,
                "Text": "signal"
            },
            {
                "Score": 0.9961801767349243,
                "Text": "phenomenon"
            },
            {
                "Score": 0.9989009499549866,
                "Text": "presence"
            },
            {
                "Score": 0.9995533227920532,
                "Text": "component"
            },
            {
                "Score": 0.9963441491127014,
                "Text": "reconstructed"
            },
            {
                "Score": 0.9963441491127014,
                "Text": "signal"
            },
            {
                "Score": 0.9996452927589417,
                "Text": "component"
            },
            {
                "Score": 0.9995332956314087,
                "Text": "signal"
            }
        ]
    },
    {
        "Week": 7,
        "Slide": 32,
        "KeyPhrases": [
            {
                "Score": 0.9466292858123779,
                "Text": "successive"
            },
            {
                "Score": 0.9466292858123779,
                "Text": "approximation"
            },
            {
                "Score": 0.9466292858123779,
                "Text": "outputs"
            },
            {
                "Score": 0.9466292858123779,
                "Text": "converter"
            },
            {
                "Score": 0.9466292858123779,
                "Text": "analog"
            },
            {
                "Score": 0.9466292858123779,
                "Text": "converter"
            },
            {
                "Score": 0.9466292858123779,
                "Text": "ref"
            },
            {
                "Score": 0.9466292858123779,
                "Text": "comparator"
            },
            {
                "Score": 0.9466292858123779,
                "Text": "msb"
            },
            {
                "Score": 0.9466292858123779,
                "Text": "lsb"
            },
            {
                "Score": 0.9466292858123779,
                "Text": "digital"
            },
            {
                "Score": 0.9466292858123779,
                "Text": "approximation"
            },
            {
                "Score": 0.9466292858123779,
                "Text": "input"
            },
            {
                "Score": 0.9466292858123779,
                "Text": "register"
            }
        ]
    },
    {
        "Week": 7,
        "Slide": 33,
        "KeyPhrases": [
            {
                "Score": 0.9013084173202515,
                "Text": "successive"
            },
            {
                "Score": 0.9013084173202515,
                "Text": "approximation"
            },
            {
                "Score": 0.9013084173202515,
                "Text": "converter"
            },
            {
                "Score": 0.9806238412857056,
                "Text": "bit"
            },
            {
                "Score": 0.9695140719413757,
                "Text": "successive"
            },
            {
                "Score": 0.9695140719413757,
                "Text": "approximation"
            },
            {
                "Score": 0.9695140719413757,
                "Text": "register"
            },
            {
                "Score": 0.9844220280647278,
                "Text": "bit"
            },
            {
                "Score": 0.9974740743637085,
                "Text": "bit"
            },
            {
                "Score": 0.9983178377151489,
                "Text": "bit"
            },
            {
                "Score": 0.99893718957901,
                "Text": "output"
            },
            {
                "Score": 0.9847508668899536,
                "Text": "converter"
            },
            {
                "Score": 0.9968498945236206,
                "Text": "input"
            },
            {
                "Score": 0.9688404202461243,
                "Text": "output"
            },
            {
                "Score": 0.9939998388290405,
                "Text": "input"
            },
            {
                "Score": 0.9939998388290405,
                "Text": "signal"
            },
            {
                "Score": 0.9962765574455261,
                "Text": "bit"
            },
            {
                "Score": 0.9988365173339844,
                "Text": "bit"
            },
            {
                "Score": 0.9647292494773865,
                "Text": "time"
            },
            {
                "Score": 0.9979830980300903,
                "Text": "bit"
            },
            {
                "Score": 0.9608711004257202,
                "Text": "successive"
            },
            {
                "Score": 0.9608711004257202,
                "Text": "approximation"
            },
            {
                "Score": 0.9608711004257202,
                "Text": "register"
            }
        ]
    },
    {
        "Week": 7,
        "Slide": 34,
        "KeyPhrases": [
            {
                "Score": 0.9271210432052612,
                "Text": "parallel"
            },
            {
                "Score": 0.9271210432052612,
                "Text": "output"
            },
            {
                "Score": 0.9271210432052612,
                "Text": "converter"
            },
            {
                "Score": 0.9271210432052612,
                "Text": "analog"
            },
            {
                "Score": 0.9271210432052612,
                "Text": "comparators"
            },
            {
                "Score": 0.9271210432052612,
                "Text": "input"
            },
            {
                "Score": 0.9271210432052612,
                "Text": "ref"
            },
            {
                "Score": 0.6639041304588318,
                "Text": "decoder"
            },
            {
                "Score": 0.6639041304588318,
                "Text": "digital"
            }
        ]
    },
    {
        "Week": 7,
        "Slide": 35,
        "KeyPhrases": [
            {
                "Score": 0.7856197953224182,
                "Text": "parallel"
            },
            {
                "Score": 0.7856197953224182,
                "Text": "converter"
            },
            {
                "Score": 0.9977988600730896,
                "Text": "array"
            },
            {
                "Score": 0.9479284882545471,
                "Text": "comparators"
            },
            {
                "Score": 0.9994754195213318,
                "Text": "output"
            },
            {
                "Score": 0.9994754195213318,
                "Text": "code"
            },
            {
                "Score": 0.9970433115959167,
                "Text": "propagation"
            },
            {
                "Score": 0.9970433115959167,
                "Text": "time"
            },
            {
                "Score": 0.9972127676010132,
                "Text": "comparators"
            },
            {
                "Score": 0.9893524050712585,
                "Text": "output"
            },
            {
                "Score": 0.9893524050712585,
                "Text": "decoder"
            },
            {
                "Score": 0.5837388634681702,
                "Text": "fast"
            },
            {
                "Score": 0.9979286193847656,
                "Text": "comparison"
            },
            {
                "Score": 0.9961536526679993,
                "Text": "design"
            },
            {
                "Score": 0.9421880841255188,
                "Text": "flash"
            },
            {
                "Score": 0.9421880841255188,
                "Text": "converter"
            }
        ]
    },
    {
        "Week": 7,
        "Slide": 36,
        "KeyPhrases": [
            {
                "Score": 0.9280364513397217,
                "Text": "parallel"
            },
            {
                "Score": 0.9280364513397217,
                "Text": "converter"
            },
            {
                "Score": 0.9280364513397217,
                "Text": "analog"
            },
            {
                "Score": 0.9280364513397217,
                "Text": "flash"
            },
            {
                "Score": 0.9280364513397217,
                "Text": "flash"
            },
            {
                "Score": 0.9280364513397217,
                "Text": "input"
            },
            {
                "Score": 0.9280364513397217,
                "Text": "stage"
            },
            {
                "Score": 0.9280364513397217,
                "Text": "bit"
            },
            {
                "Score": 0.9280364513397217,
                "Text": "bit"
            },
            {
                "Score": 0.9280364513397217,
                "Text": "bit"
            },
            {
                "Score": 0.9280364513397217,
                "Text": "bit"
            },
            {
                "Score": 0.6136932969093323,
                "Text": "register"
            },
            {
                "Score": 0.6136932969093323,
                "Text": "digital"
            }
        ]
    },
    {
        "Week": 7,
        "Slide": 37,
        "KeyPhrases": [
            {
                "Score": 0.8786283731460571,
                "Text": "parallel"
            },
            {
                "Score": 0.8786283731460571,
                "Text": "converter"
            },
            {
                "Score": 0.8786283731460571,
                "Text": "stage"
            },
            {
                "Score": 0.9953433275222778,
                "Text": "input"
            },
            {
                "Score": 0.9953433275222778,
                "Text": "signal"
            },
            {
                "Score": 0.9952843189239502,
                "Text": "piece"
            },
            {
                "Score": 0.999458372592926,
                "Text": "coarse"
            },
            {
                "Score": 0.999458372592926,
                "Text": "estimate"
            },
            {
                "Score": 0.9706223607063293,
                "Text": "parallel"
            },
            {
                "Score": 0.9706223607063293,
                "Text": "converter"
            },
            {
                "Score": 0.9991433620452881,
                "Text": "digital"
            },
            {
                "Score": 0.9991433620452881,
                "Text": "value"
            },
            {
                "Score": 0.9891219735145569,
                "Text": "summer"
            },
            {
                "Score": 0.9937682747840881,
                "Text": "signal"
            },
            {
                "Score": 0.7081621885299683,
                "Text": "difference"
            },
            {
                "Score": 0.9980122447013855,
                "Text": "parallel"
            },
            {
                "Score": 0.9980122447013855,
                "Text": "converter"
            },
            {
                "Score": 0.9988805651664734,
                "Text": "result"
            },
            {
                "Score": 0.9982851147651672,
                "Text": "digitized"
            },
            {
                "Score": 0.9982851147651672,
                "Text": "value"
            },
            {
                "Score": 0.997115433216095,
                "Text": "performance"
            },
            {
                "Score": 0.998134434223175,
                "Text": "parallel"
            },
            {
                "Score": 0.998134434223175,
                "Text": "converter"
            },
            {
                "Score": 0.9987579584121704,
                "Text": "complexity"
            },
            {
                "Score": 0.872708797454834,
                "Text": "comparators"
            },
            {
                "Score": 0.7090460062026978,
                "Text": "resolution"
            },
            {
                "Score": 0.9978049397468567,
                "Text": "conversion"
            },
            {
                "Score": 0.9978049397468567,
                "Text": "speed"
            },
            {
                "Score": 0.9994974136352539,
                "Text": "application"
            },
            {
                "Score": 0.9789850115776062,
                "Text": "video"
            },
            {
                "Score": 0.9789850115776062,
                "Text": "signal"
            },
            {
                "Score": 0.9789850115776062,
                "Text": "processing"
            }
        ]
    },
    {
        "Week": 7,
        "Slide": 38,
        "KeyPhrases": [
            {
                "Score": 0.8765370845794678,
                "Text": "converter"
            },
            {
                "Score": 0.8765370845794678,
                "Text": "conversion"
            },
            {
                "Score": 0.8765370845794678,
                "Text": "time"
            },
            {
                "Score": 0.8765370845794678,
                "Text": "specification"
            },
            {
                "Score": 0.9985800981521606,
                "Text": "time"
            },
            {
                "Score": 0.9997478127479553,
                "Text": "conversion"
            },
            {
                "Score": 0.990887463092804,
                "Text": "input"
            },
            {
                "Score": 0.990887463092804,
                "Text": "signal"
            },
            {
                "Score": 0.6257017850875854,
                "Text": "establishes"
            },
            {
                "Score": 0.90289705991745,
                "Text": "signal"
            },
            {
                "Score": 0.90289705991745,
                "Text": "frequency"
            },
            {
                "Score": 0.90289705991745,
                "Text": "limit"
            },
            {
                "Score": 0.4560418426990509,
                "Text": "fmax"
            },
            {
                "Score": 0.875718355178833,
                "Text": "time"
            },
            {
                "Score": 0.6294209957122803,
                "Text": "resolution"
            },
            {
                "Score": 0.9988507628440857,
                "Text": "number"
            },
            {
                "Score": 0.9992771744728088,
                "Text": "bit"
            },
            {
                "Score": 0.9999032020568848,
                "Text": "converter"
            },
            {
                "Score": 0.9967254996299744,
                "Text": "resolution"
            },
            {
                "Score": 0.9648749828338623,
                "Text": "analog"
            },
            {
                "Score": 0.9648749828338623,
                "Text": "input"
            },
            {
                "Score": 0.9648749828338623,
                "Text": "signal"
            },
            {
                "Score": 0.9999017715454102,
                "Text": "converter"
            },
            {
                "Score": 0.999374270439148,
                "Text": "digital"
            },
            {
                "Score": 0.999374270439148,
                "Text": "code"
            },
            {
                "Score": 0.9999185800552368,
                "Text": "term"
            },
            {
                "Score": 0.9961234927177429,
                "Text": "input"
            },
            {
                "Score": 0.9961234927177429,
                "Text": "signal"
            },
            {
                "Score": 0.9961234927177429,
                "Text": "scale"
            },
            {
                "Score": 0.8595536351203918,
                "Text": "scale"
            },
            {
                "Score": 0.9993830323219299,
                "Text": "number"
            },
            {
                "Score": 0.829277515411377,
                "Text": "bit"
            },
            {
                "Score": 0.9932490587234497,
                "Text": "part"
            },
            {
                "Score": 0.9995651245117188,
                "Text": "percent"
            },
            {
                "Score": 0.9938942790031433,
                "Text": "maximum"
            }
        ]
    },
    {
        "Week": 7,
        "Slide": 39,
        "KeyPhrases": [
            {
                "Score": 0.9794235825538635,
                "Text": "converter"
            },
            {
                "Score": 0.9794235825538635,
                "Text": "specification"
            },
            {
                "Score": 0.7331694960594177,
                "Text": "cont"
            },
            {
                "Score": 0.7197259068489075,
                "Text": "relates"
            },
            {
                "Score": 0.7197259068489075,
                "Text": "accuracy"
            },
            {
                "Score": 0.9945645332336426,
                "Text": "signal"
            },
            {
                "Score": 0.5992422103881836,
                "Text": "noise"
            },
            {
                "Score": 0.9933405518531799,
                "Text": "measured"
            },
            {
                "Score": 0.9933405518531799,
                "Text": "signal"
            },
            {
                "Score": 0.9982965588569641,
                "Text": "percent"
            },
            {
                "Score": 0.9988501667976379,
                "Text": "measurement"
            },
            {
                "Score": 0.9993743300437927,
                "Text": "value"
            },
            {
                "Score": 0.9996697306632996,
                "Text": "signal"
            },
            {
                "Score": 0.573959231376648,
                "Text": "linearity"
            },
            {
                "Score": 0.9951637387275696,
                "Text": "derivation"
            },
            {
                "Score": 0.9954878687858582,
                "Text": "output"
            },
            {
                "Score": 0.9954878687858582,
                "Text": "code"
            },
            {
                "Score": 0.9973406791687012,
                "Text": "value"
            },
            {
                "Score": 0.9954887628555298,
                "Text": "straight"
            },
            {
                "Score": 0.9954887628555298,
                "Text": "line"
            },
            {
                "Score": 0.9413389563560486,
                "Text": "zero"
            },
            {
                "Score": 0.9413389563560486,
                "Text": "scale"
            },
            {
                "Score": 0.9952558279037476,
                "Text": "bit"
            },
            {
                "Score": 0.9519205093383789,
                "Text": "lsb"
            }
        ]
    },
    {
        "Week": 7,
        "Slide": 40,
        "KeyPhrases": [
            {
                "Score": 0.9794235825538635,
                "Text": "converter"
            },
            {
                "Score": 0.9794235825538635,
                "Text": "specification"
            },
            {
                "Score": 0.7256671190261841,
                "Text": "cont"
            },
            {
                "Score": 0.7395453453063965,
                "Text": "code"
            },
            {
                "Score": 0.9821171760559082,
                "Text": "code"
            },
            {
                "Score": 0.9995262622833252,
                "Text": "error"
            },
            {
                "Score": 0.9869714379310608,
                "Text": "converter"
            },
            {
                "Score": 0.9925174713134766,
                "Text": "approximation"
            },
            {
                "Score": 0.9925174713134766,
                "Text": "converter"
            },
            {
                "Score": 0.9925174713134766,
                "Text": "successive"
            },
            {
                "Score": 0.7451956868171692,
                "Text": "aperture"
            },
            {
                "Score": 0.7451956868171692,
                "Text": "time"
            },
            {
                "Score": 0.8504518270492554,
                "Text": "time"
            },
            {
                "Score": 0.9924319386482239,
                "Text": "converter"
            },
            {
                "Score": 0.9888601899147034,
                "Text": "signal"
            },
            {
                "Score": 0.9888601899147034,
                "Text": "input"
            },
            {
                "Score": 0.9990972876548767,
                "Text": "conversion"
            },
            {
                "Score": 0.9990972876548767,
                "Text": "time"
            }
        ]
    },
    {
        "Week": 7,
        "Slide": 41,
        "KeyPhrases": [
            {
                "Score": 0.9794235825538635,
                "Text": "converter"
            },
            {
                "Score": 0.9794235825538635,
                "Text": "specification"
            },
            {
                "Score": 0.7203248739242554,
                "Text": "cont"
            },
            {
                "Score": 0.8752167820930481,
                "Text": "output"
            },
            {
                "Score": 0.8752167820930481,
                "Text": "linearity"
            },
            {
                "Score": 0.8752167820930481,
                "Text": "code"
            },
            {
                "Score": 0.8752167820930481,
                "Text": "output"
            },
            {
                "Score": 0.8752167820930481,
                "Text": "code"
            },
            {
                "Score": 0.8752167820930481,
                "Text": "lsb"
            },
            {
                "Score": 0.8752167820930481,
                "Text": "lsb"
            },
            {
                "Score": 0.8752167820930481,
                "Text": "input"
            },
            {
                "Score": 0.8752167820930481,
                "Text": "voltage"
            },
            {
                "Score": 0.8752167820930481,
                "Text": "code"
            },
            {
                "Score": 0.8752167820930481,
                "Text": "voltage"
            },
            {
                "Score": 0.8752167820930481,
                "Text": "input"
            },
            {
                "Score": 0.8752167820930481,
                "Text": "scale"
            },
            {
                "Score": 0.8752167820930481,
                "Text": "scale"
            }
        ]
    },
    {
        "Week": 7,
        "Slide": 42,
        "KeyPhrases": [
            {
                "Score": 0.8262654542922974,
                "Text": "error"
            },
            {
                "Score": 0.9992415308952332,
                "Text": "source"
            },
            {
                "Score": 0.9953312277793884,
                "Text": "error"
            },
            {
                "Score": 0.9926175475120544,
                "Text": "conversion"
            },
            {
                "Score": 0.9350171685218811,
                "Text": "noise"
            },
            {
                "Score": 0.7452858686447144,
                "Text": "signal"
            },
            {
                "Score": 0.9876096248626709,
                "Text": "noise"
            },
            {
                "Score": 0.9961714148521423,
                "Text": "noise"
            },
            {
                "Score": 0.9921227097511292,
                "Text": "converter"
            },
            {
                "Score": 0.9921227097511292,
                "Text": "resolution"
            },
            {
                "Score": 0.9957780838012695,
                "Text": "noise"
            },
            {
                "Score": 0.9957780838012695,
                "Text": "peak"
            },
            {
                "Score": 0.9957780838012695,
                "Text": "peak"
            },
            {
                "Score": 0.6599754691123962,
                "Text": "error"
            },
            {
                "Score": 0.9984297156333923,
                "Text": "relative"
            },
            {
                "Score": 0.9984297156333923,
                "Text": "amplitude"
            },
            {
                "Score": 0.997673511505127,
                "Text": "signal"
            },
            {
                "Score": 0.992800235748291,
                "Text": "frequency"
            },
            {
                "Score": 0.9977016448974609,
                "Text": "nyquist"
            },
            {
                "Score": 0.9977016448974609,
                "Text": "frequency"
            },
            {
                "Score": 0.7846644520759583,
                "Text": "system"
            },
            {
                "Score": 0.7846644520759583,
                "Text": "design"
            },
            {
                "Score": 0.9976673126220703,
                "Text": "filter"
            },
            {
                "Score": 0.9976673126220703,
                "Text": "pas"
            },
            {
                "Score": 0.9988635778427124,
                "Text": "frequency"
            },
            {
                "Score": 0.9991813898086548,
                "Text": "nyquist"
            },
            {
                "Score": 0.9991813898086548,
                "Text": "frequency"
            }
        ]
    },
    {
        "Week": 7,
        "Slide": 43,
        "KeyPhrases": [
            {
                "Score": 0.977188766002655,
                "Text": "error"
            },
            {
                "Score": 0.44669362902641296,
                "Text": "cont"
            },
            {
                "Score": 0.5986975431442261,
                "Text": "aperture"
            },
            {
                "Score": 0.9992420673370361,
                "Text": "error"
            },
            {
                "Score": 0.9982185959815979,
                "Text": "system"
            },
            {
                "Score": 0.9986598491668701,
                "Text": "signal"
            },
            {
                "Score": 0.9986598491668701,
                "Text": "variation"
            },
            {
                "Score": 0.9902826547622681,
                "Text": "aperture"
            },
            {
                "Score": 0.9902826547622681,
                "Text": "time"
            },
            {
                "Score": 0.9898604154586792,
                "Text": "design"
            },
            {
                "Score": 0.9915226697921753,
                "Text": "uncertainty"
            },
            {
                "Score": 0.9501960873603821,
                "Text": "bit"
            },
            {
                "Score": 0.9501960873603821,
                "Text": "than"
            },
            {
                "Score": 0.7385798692703247,
                "Text": "design"
            },
            {
                "Score": 0.7385798692703247,
                "Text": "equation"
            },
            {
                "Score": 0.9797601699829102,
                "Text": "aperture"
            },
            {
                "Score": 0.9797601699829102,
                "Text": "time"
            },
            {
                "Score": 0.8047996759414673,
                "Text": "tap"
            },
            {
                "Score": 0.9999097585678101,
                "Text": "term"
            },
            {
                "Score": 0.9846172332763672,
                "Text": "signal"
            },
            {
                "Score": 0.9846172332763672,
                "Text": "frequency"
            },
            {
                "Score": 0.9846172332763672,
                "Text": "maximum"
            },
            {
                "Score": 0.9249599575996399,
                "Text": "fmax"
            },
            {
                "Score": 0.9978906512260437,
                "Text": "number"
            },
            {
                "Score": 0.9990671277046204,
                "Text": "bit"
            },
            {
                "Score": 0.9942184090614319,
                "Text": "converter"
            },
            {
                "Score": 0.8920905590057373,
                "Text": "fmax"
            },
            {
                "Score": 0.9791364669799805,
                "Text": "aperture"
            },
            {
                "Score": 0.9791364669799805,
                "Text": "time"
            },
            {
                "Score": 0.9991639256477356,
                "Text": "error"
            }
        ]
    },
    {
        "Week": 7,
        "Slide": 44,
        "KeyPhrases": [
            {
                "Score": 0.981296718120575,
                "Text": "error"
            },
            {
                "Score": 0.7815039753913879,
                "Text": "cont"
            },
            {
                "Score": 0.8779577016830444,
                "Text": "aperture"
            },
            {
                "Score": 0.8779577016830444,
                "Text": "analog"
            },
            {
                "Score": 0.8779577016830444,
                "Text": "lsb"
            },
            {
                "Score": 0.8779577016830444,
                "Text": "tap"
            },
            {
                "Score": 0.8779577016830444,
                "Text": "aperture"
            },
            {
                "Score": 0.8779577016830444,
                "Text": "input"
            }
        ]
    },
    {
        "Week": 7,
        "Slide": 45,
        "KeyPhrases": [
            {
                "Score": 0.8788472414016724,
                "Text": "reading"
            },
            {
                "Score": 0.8788472414016724,
                "Text": "chapter"
            },
            {
                "Score": 0.8788472414016724,
                "Text": "material"
            },
            {
                "Score": 0.8324161767959595,
                "Text": "analog"
            },
            {
                "Score": 0.8324161767959595,
                "Text": "input"
            },
            {
                "Score": 0.8324161767959595,
                "Text": "output"
            },
            {
                "Score": 0.9162736535072327,
                "Text": "microcontrollers"
            },
            {
                "Score": 0.9162736535072327,
                "Text": "microcomputer"
            },
            {
                "Score": 0.9811450839042664,
                "Text": "fredrick"
            },
            {
                "Score": 0.9811450839042664,
                "Text": "cady"
            },
            {
                "Score": 0.9241304397583008,
                "Text": "avr"
            },
            {
                "Score": 0.9241304397583008,
                "Text": "data"
            },
            {
                "Score": 0.9241304397583008,
                "Text": "sheet"
            }
        ]
    },
    {
        "Week": 7,
        "Slide": 46,
        "KeyPhrases": [
            {
                "Score": 0.8946757316589355,
                "Text": "homework"
            },
            {
                "Score": 0.9943662881851196,
                "Text": "avr"
            },
            {
                "Score": 0.9943662881851196,
                "Text": "lab"
            },
            {
                "Score": 0.9943662881851196,
                "Text": "board"
            },
            {
                "Score": 0.9889212846755981,
                "Text": "led"
            },
            {
                "Score": 0.9990234971046448,
                "Text": "code"
            },
            {
                "Score": 0.590797483921051,
                "Text": "def"
            },
            {
                "Score": 0.9749130606651306,
                "Text": "temp"
            },
            {
                "Score": 0.9749130606651306,
                "Text": "ldi"
            },
            {
                "Score": 0.7745227217674255,
                "Text": "ddrl"
            },
            {
                "Score": 0.7745227217674255,
                "Text": "sts"
            },
            {
                "Score": 0.9832920432090759,
                "Text": "temp"
            },
            {
                "Score": 0.9651079773902893,
                "Text": "bit"
            },
            {
                "Score": 0.8517972826957703,
                "Text": "temp"
            },
            {
                "Score": 0.8517972826957703,
                "Text": "ldi"
            },
            {
                "Score": 0.8886123895645142,
                "Text": "sts"
            },
            {
                "Score": 0.7462767958641052,
                "Text": "temp"
            },
            {
                "Score": 0.7462767958641052,
                "Text": "temp"
            },
            {
                "Score": 0.7462767958641052,
                "Text": "clr"
            },
            {
                "Score": 0.9378989338874817,
                "Text": "temp"
            },
            {
                "Score": 0.9897978901863098,
                "Text": "value"
            },
            {
                "Score": 0.9963253140449524,
                "Text": "pwm"
            },
            {
                "Score": 0.9963253140449524,
                "Text": "duty"
            },
            {
                "Score": 0.9963253140449524,
                "Text": "cycle"
            },
            {
                "Score": 0.9550303816795349,
                "Text": "phase"
            },
            {
                "Score": 0.9550303816795349,
                "Text": "correct"
            },
            {
                "Score": 0.9550303816795349,
                "Text": "pwm"
            },
            {
                "Score": 0.9550303816795349,
                "Text": "mode"
            },
            {
                "Score": 0.8619233965873718,
                "Text": "ldi"
            },
            {
                "Score": 0.8619233965873718,
                "Text": "temp"
            },
            {
                "Score": 0.9625273942947388,
                "Text": "temp"
            },
            {
                "Score": 0.9625273942947388,
                "Text": "temp"
            },
            {
                "Score": 0.9625273942947388,
                "Text": "ldi"
            }
        ]
    },
    {
        "Week": 7,
        "Slide": 47,
        "KeyPhrases": [
            {
                "Score": 0.8843632340431213,
                "Text": "homework"
            },
            {
                "Score": 0.9768216013908386,
                "Text": "converter"
            },
            {
                "Score": 0.9768216013908386,
                "Text": "conversion"
            },
            {
                "Score": 0.9768216013908386,
                "Text": "time"
            },
            {
                "Score": 0.943591296672821,
                "Text": "maximum"
            },
            {
                "Score": 0.943591296672821,
                "Text": "frequency"
            }
        ]
    }
]