{"Slide-1": "", "Slide22": "\fSlide:\nInitialization of Interrupt Vector \nTable in Mega2560 \n\n⚫ Typically an interrupt vector  contains a \nbranch instruction (JMP or RJMP) that \nbranches to the first instruction of the \ninterrupt service routine.  \n\n⚫ Or simply RETI  (return-from-interrupt) if you \n\ndon’t handle this interrupt.  \n\n23", "Slide23": "\fSlide:\nExample of IVT Initialization in \nMega2560 \n\n.include \"m2560def.inc\"\n\n.cseg\n\n.org 0x0000 \n\n; Reset vector is at address 0x0000\n\nrjmp RESET\n\n; Jump to the start of Reset interrupt service routine  \n\n; Relative jump is used assuming RESET is not far \n\n.org INT0addr\n\n; Addresses of vectors are defined in m2560def.inc\n\njmp IRQ0\n\n; Long jump is used assuming IRQ0 is very far away \n\n.org INT1addr\n\nreti\n\n…\n\nRESET:\n\n…\n\nIRQ0:\n\n; Return to the break point without handling the interrupt\n\n; The interrupt service routine for RESET starts here.   \n\n; The interrupt service routine for IRQ0 starts here. \n\n24", "Slide20": "\fSlide:\nInterrupt Vectors in Mega2560 \n(cont.) \n\n21", "Slide21": "\fSlide:\nInterrupt Process\n\n⚫ When an interrupt occurs, the Global Interrupt \n\nEnable I-bit is cleared and all interrupts are disabled. \n\n⚫ The interrupt routine can set the I-bit to allow nested \n\ninterrupts\n\n⚫ The I-bit is automatically set when a Return from \n\nInterrupt instruction – RETI – is executed.\n\n⚫ When the AVR exits from an interrupt, it will always \n\nreturn to the main program and execute one more \ninstruction before any pending interrupt is served.\n⚫ Reset interrupt is an exception\n\n22", "Slide26": "\fSlide:\nExternal Interrupts (cont.)\n\n⚫ To enable an interrupt, two bits must be set\n\n⚫ I bit in SREG\n\n⚫ INTx bit in EIMSK\n\n⚫ To activate an interrupt, the following must be \n\nmet:\n⚫ The interrupt must be enabled\n\n⚫ The associated external pin must have a \n\ndesigned signal asserted.\n\n27", "Slide27": "\fSlide:\nEIMSK\n\n⚫ External Interrupt Mask Register\n\n⚫ A bit is set to enable the related interrupt\n\n28", "Slide24": "\fSlide:\n25", "Slide25": "\fSlide:\nExternal Interrupts\n\n⚫ The external interrupts are triggered by the \n\nINT7:0 pins. \n⚫ If enabled, the interrupts will trigger even if the \n\nINT7:0 are configured as outputs \n⚫ This feature provides a way of generating a software \n\ninterrupt.\n\n⚫ Can be triggered by a falling or rising edge or a \n\nlogic level\n⚫ Specified in External Interrupt Control Register\n\n▪ EICRA (for INT3:0)\n\n▪ EICRB (for INT7:4)\n\n26", "Slide28": "\fSlide:\nEICRA\n⚫ External Interrupt Control Register A\n\n⚫ For INT0-3\n\n⚫ Defines the type of signals that activates the external \n\nInterrupt\n\n⚫ on rising or falling edge or level sensed.\n\n29", "Slide29": "\fSlide:\nEICRB\n⚫ External Interrupt Control Register B\n\n⚫ For INT4-7\n\n⚫ Defines the type of signals that activates the External \n\nInterrupt\n\n⚫ on rising or falling edge or level sensed.\n\n30", "Slide44": "\fSlide:\nTCCR0 Bit Description\n\n⚫ COM0xn/WGM0n/FOC0\n\n⚫ Control the mode of operation\n\n⚫ The behavior of the Timer/Counter and the output, is defined by \n\nthe combination of the Waveform Generation mode (WGM02:00) \nand Compare Output mode (COM0x1:0) bits.\n\n⚫ The simplest mode of operation is the Normal Mode (WGM02:00 \n\n=00). In this mode the counting direction is always up. The \ncounter rolls over when it passes its maximum 8-bit value (TOP = \n0xFF) and then restarts from the bottom (0x00).\n\n⚫ Refer to Mega2560 Data Sheet (pages 118~194) for details.\n\n45", "Slide45": "\fSlide:\nTCCR0 Bit Description (cont.)\n⚫ Bit 2:0 in TCCR0B\n\n⚫ Control the clock selection\n\n46", "Slide46": "\fSlide:\nExample 2\n\n⚫ Implement a scheduler that can execute a \n\ntask every one second. \n\n47", "Slide47": "\fSlide:\nExample 2 (solution)\n\n⚫ Use Timer0 to count the time\n\n⚫ Let’s set Timer0 prescaler to 8\n\n⚫ The time-out for the setting should be\n\n▪ 256*(clock period) = 256*8/(16 MHz)\n\n= 128 us\n▪ Namely, we can set the Timer0 overflow interrupt that is to occur every \n\n128 us.\n\n▪ Note, Clktos = 1/16 MHz (obtained from the data sheet)\n\n⚫ For one second, there are \n\n▪ 1000000/128 = ~7812 interrupts\n\n⚫ In code,\n\n⚫ Set Timer0 interrupt to occur every 128 microseconds\n⚫ Use a counter to count to 7812 interrupts for counting 1 second\n⚫ To observe the 1 second time period, toggle an LED every \n\nsecond.\n\n48", "Slide40": "\fSlide:\nTIMSK0\n\n⚫ Timer/Counter Interrupt Mask Register\n\n⚫ Set TOIE0 (and I-bit in SREG) to enable the \n\nOverflow Interrupt\n\n⚫ Set OCIE0(A/B) (and I bit in SREG) to enable \n\nCompare Match Interrupt\n\nControl bits for timer/counter0\n\n41", "Slide41": "\fSlide:\nTIFR0\n⚫ Timer/Counter Interrupt Flag Register\n\n⚫ OCF0(A/B) bit is set when a Compare Match between the \n\ncounter and the data in OCR0(A/B) (Output Compare \nRegisters). \n\n⚫ When (I=1)&&(OCIE0(A/B)=1)&&(OCF0(A/B)=1), the \n\nrelated Timer/Counter Compare Match Interrupt is \nexecuted.\n\n⚫ OCF0(A/B) bit is cleared by hardware when the related \n\ninterrupt is handled or can be cleared by writing a logic 0 to \nthe flag\n\nInterrupt control bits for timer/counter0\n\n42", "Slide42": "\fSlide:\nTIFR0 (cont.)\n⚫ Timer/Counter Interrupt Flag Register\n\n⚫ TOV0 bit is set when an overflow occurs in the counter.\n\n⚫ When (I=1)&&(TOIE0=1)&&(TOV0=1), the related \n\nTimer/Counter Overflow Interrupt is executed.\n\n⚫ In PWM mode, this bit is set when the counter changes \n\ncounting direction at 0x00\n\n⚫ OCF0(A/B) bit is cleared by hardware when the related \n\ninterrupt is handled or can be cleared by writing a logic 0 to \nthe flag\n\nInterrupt control bits for timer/counter0\n\n43", "Slide43": "\fSlide:\nTCCR0A/B\n\n⚫ Timer Counter Control Register\n\n⚫ For Timer/Counter0\n\n⚫ Similar registers for other timers\n\n44", "Slide48": "\fSlide:\nExample 3\n\n; This program implements a timer that counts one second using \n; Timer0 interrupt\n\n.include \"m2560def.inc\"\n\n.equ PATTERN = 0b11110000\n.def temp = r16\n.def leds = r17\n\n; The macro clears a word (2 bytes) in a memory\n; the parameter @0 is the memory address for that word\n.macro clear\n\nldi YL, low(@0)\nldi YH, high(@0)     \nclr temp\nst Y+, temp\nst Y, temp                \n\n; load the memory address to Y \n\n; clear the two bytes at @0 in SRAM\n\n.endmacro\n\n; contined\n\n49", "Slide49": "\fSlide:\nExample 3\n\n; continued\n.dseg\nSecondCounter:\n\n.byte 2               ; Two-byte counter for counting seconds.\n\nTempCounter: \n\n.byte 2               ; Temporary counter. Used to determine \n\n; if one second has passed\n\n.cseg\n.org 0x0000 \n\njmp RESET       \njmp DEFAULT     \njmp DEFAULT      \n\n.org OVF0addr\n\n; No handling for IRQ0.\n; No handling for IRQ1.\n\njmp Timer0OVF         ; Jump to the interrupt handler for\n\n; Timer0 overflow.\n\n…\njmp DEFAULT      \n\nDEFAULT:  reti       \n\n; default service for all other interrupts.   \n; no service\n\n; continued\n\n50", "Slide55": "\fSlide:\nReading Material\n\n⚫ Chapter 8: Interrupts and Real-Time Events. \n\nMicrocontrollers and Microcomputers by \nFredrick M. Cady.\n\n⚫ Mega2560 Data Sheet.  \n\n⚫ External Interrupts. \n\n⚫ Timer0\n\n56", "Slide35": "\fSlide:\nCode for Example 1\n\n; continued \n\n; main - does nothing but increment a counter\n\nmain:\n\nloop:\n\nclr count\nclr temp\n\ninc temp\nrjmp loop\n\n; a dummy task in main\n\n36", "Slide34": "\fSlide:\nCode for Example 1\n\n; continued\n\nldi temp, (2 << ISC00)\nsts EICRA, temp          ; edge triggered interrupt\n\n; set INT0 as falling-\n\nin temp, EIMSK\nori temp, (1<<INT0)\nout EIMSK, temp\n\n; enable INT0\n\nsei\njmp main\n\nEXT_INT0:\n\n; enable Global Interrupt\n\npush temp\nin temp, SREG\npush temp\n\ncom output\nout PORTC, output\ninc count\n\n; save register\n; save SREG\n\n; flip the pattern\n\npop temp\nout SREG, temp\npop temp\nreti\n\n; restore SREG\n\n; restore register\n\n35", "Slide37": "\fSlide:\nTimer/Counters in AVR\n\n⚫ In AVR, there are 8-bit and 16-bit \n\ntimer/counters.\n⚫ Timer 0 and Timer 2: 8-bit\n\n⚫ Timer 1,3-5 16-bit\n\n38", "Slide36": "\fSlide:\nTimer/Counters\n\n⚫ Simply binary counters\n⚫ Used in two different modes:\n\n⚫ Timer\n\n⚫ Counting time periods\n\n⚫ Counter\n\n⚫ Counting the events or pulse or something of this nature\n\n⚫ Can be used to\n\n⚫ Measure time periods, speed, frequency\n⚫ Generate PWM signals\n⚫ Schedule real-time tasks\n⚫ etc. \n\n37", "Slide31": "\fSlide:\nExample 1\n\n⚫ Design a system, where the state of LEDs \n\ntoggles under the control of the user.\n\n32", "Slide30": "\fSlide:\nEIFR\n\n⚫ Interrupt flag register\n\n⚫ A bit is set when an event-triggered interrupt is \n\nenabled and the related event on the related INT \npin happens. \n⚫ Event-triggered interrupt: signal edge activated.\n\n31", "Slide33": "\fSlide:\nCode for Example 1\n\n.include \"m2560def.inc“\n\n.def \n.def \n.def \n.equ \n\ntemp =r16\noutput = r17\ncount = r18\nPATTERN = 0b01010101\n\njmp RESET\nINT0addr\njmp EXT_INT0\n\n.org \n\nRESET:\n\nldi temp, low(RAMEND)\nout SPL, temp\nldi temp, high(RAMEND)\nout SPH, temp\n\nser temp\nout DDRC, temp\nout PORTC, temp\nldi output, PATTERN\n\n; set up interrupt vectors\n\n; initialize stack\n\n; set Port C as output\n\n; continued\n\n34", "Slide32": "\fSlide:\nExample 1 (solution)\n\n⚫ Use an external interrupt\n\n⚫ Connect the external interrupt pin to a push button\n\n⚫ When the button pressed, the interrupt is generated\n\n⚫ In the assembly code\n\n⚫ Set up the interrupt\n\n⚫ Set up the interrupt vector\n\n⚫ Enable the interrupt\n\n⚫ Write a service routine for this interrupt\n\n⚫ Change the display pattern\n\n⚫ Write the pattern to the port connected to the LEDs\n\n33", "Slide39": "\fSlide:\n8-bit Timer/Counter\n\n⚫ The counter can be initialized with\n\n⚫ 0 (controlled by reset)\n⚫ a number (controlled by count signal)\n\n⚫ Can count up or down \n\n⚫ controlled by direction signal\n\n⚫ Those controlled signals are generated by hardware control \n\nlogic\n⚫ The control logic is further controlled by programmer by\n\n⚫ Writing control bits into TCCRnA/TCCRnB\n\n⚫ Output\n\n⚫ Overflow interrupt request bit\n⚫ Output Compare interrupt request bit\n⚫ OCn bit:  Output Compare bit for waveform generation \n\n40", "Slide38": "\fSlide:\n8-bit Timer/Counter Block \nDiagram\n\n39", "Slide56": "\fSlide:\nHomework\n\n1. What do you need to do to set up an Timer0 \n\nOutput Compare Match Interrupt?\n\n57", "Slide19": "\fSlide:\nInterrupt Vectors in Mega2560 \n(cont.) \n\n20", "Slide18": "\fSlide:\nInterrupt Vectors in Mega2560 \n(cont.) \n\n19", "Slide53": "\fSlide:\nExample 3\n\nsts SecondCounter, r24\nsts SecondCounter+1, r25\nrjmp EndIF\n\nNotSecond:\n\n; Store the new value of the temporary counter.\n\nsts TempCounter, r24\nsts TempCounter+1, r25\n\nEndIF:\n\npop r24\npop r25\npop YL\npop YH\npop temp\nout SREG, temp\nreti\n\n; Epilogue starts;\n; Restore all conflict registers from the stack. \n\n; Return from the interrupt.\n\n; continued\n\n54", "Slide52": "\fSlide:\nExample 3\n\ncpi r24, low(7812)\nldi  temp, high(7812)\ncpc r25, temp\nbrne  NotSecond\ncom leds\nout PORTC, leds\nclear TempCounter\n\n; Check if (r25:r24) = 7812\n; 7812 = 106/128\n\n; Reset the temporary counter.\n; Load the value of the second counter.\n\nlds r24, SecondCounter\nlds r25, SecondCounter+1\nadiw r25:r24, 1 ; Increase the second counter by one.\n\n; continued\n\n53", "Slide51": "\fSlide:\nExample 3\n\n; continued\n\nTimer0OVF:\n\n; interrupt subroutine to Timer0\n\nin temp, SREG\npush temp\npush YH\npush YL\npush r25\npush r24\n\n; Prologue starts.\n; Save all conflict registers in the prologue.\n\n; Prologue ends.\n; Load the value of the temporary counter.\n\nlds r24, TempCounter\nlds r25, TempCounter+1\nadiw r25:r24, 1  ; Increase the temporary counter by one.\n\n; continued\n\n52", "Slide50": "\fSlide:\nExample 3\n\n; continued\n\nRESET: ldi temp, high(RAMEND)    \n\n; Initialize stack pointer \n\nout SPH, temp \nldi temp, low(RAMEND)\nout SPL, temp  \n\nser temp\nout DDRC, temp\n\nrjmp main \n\n; set Port C as output\n\n; continued\n\n51", "Slide13": "\fSlide:\nSet Global Interrupt Flag\n\n⚫ Syntax:           sei\n⚫ Operands:      none\n⚫ Operation:      I  1. \n\n⚫ Sets the global interrupt flag (I) in SREG. The \n\ninstruction following SEI will be executed before \nany pending interrupts. \n\n⚫ Words:            1 \n⚫ Cycles:            1\n⚫ Example:\n\nsei\nsleep\n\n; set global interrupt enable\n; enter sleep state, waiting for an interrupt\n\n14", "Slide12": "\fSlide:\nAVR Interrupts\n⚫ Basically can be divided into internal and external \n\ninterrupts\n\n⚫ Each has a dedicated interrupt vector\n⚫ Hardware is used to recognize interrupts\n⚫ To enable an interrupt, two control bits must be set\n\n⚫ the Global Interrupt Enable bit (I bit) in the Status Register \n\n⚫ Using sei\n\n⚫ the enable bit for that interrupt\n\n⚫ To disable all maskable interrupts, reset the I bit in \n\nSREG\n⚫ Using cli instruction\n\n⚫ Priority of interrupts is used to handle multiple \n\nsimultaneous interrupts\n\n13", "Slide11": "\fSlide:\nReset \n\n⚫ Reset is a type of interrupt present in most \n\nprocessors (including AVR).\n\n⚫ Non-maskable.  \n\n⚫ It does not do other interrupt processes, such \n\nas saving conflict registers. It initializes the \nsystem to some initial state.\n\n12", "Slide10": "\fSlide:\nExceptions \n\n⚫ Abnormalities that occur during the normal \n\noperation of the processor.\n⚫ Examples are internal bus error, memory access \nerror and attempts to execute illegal instructions.\n\n⚫ Some processors handle exceptions in the \n\nsame way as interrupts.\n⚫ AVR does not handle exceptions.\n\n11", "Slide17": "\fSlide:\nInterrupt Vectors in Mega2560 \n\n18", "Slide16": "\fSlide:\nInterrupt Vectors\n\n⚫ Each interrupt has a 4-byte (2-word) interrupt vector, \n\ncontaining an instruction to be executed after MCU \nhas accepted the interrupt.\n\n⚫ The lowest addresses in the program memory space \n\nare by default defined as the section for Interrupt \nVectors.\n\n⚫ The priority of an interrupt is based on the position \n\nof its vector in the program memory\n⚫ The lower the address the higher is the priority level.\n\n⚫ RESET has the highest priority\n\n17", "Slide15": "\fSlide:\nInterrupt Response Time\n\n⚫ The interrupt execution response for all the \n\nenabled AVR interrupts is basically five clock \ncycles minimum. \n⚫ For saving the Program Counter (2 clock cycles)\n\n⚫ For jumping to the interrupt routine (3 clock \n\ncycles)\n\n16", "Slide14": "\fSlide:\nClear Global Interrupt Flag\n⚫ Syntax:           cli\n⚫ Operands:      none\n⚫ Operation:      I  0\n\n⚫ Clears the Global interrupt flag in SREG. \n\nInterrupts will be immediately disabled. \n\n⚫ Words:            1 \n⚫ Cycles:            1\n⚫ Example:\n\nin r18, SREG\ncli\n; do something very important here\nout SREG, r18\n\n; store SREG value \n; disable interrupts\n\n; restore SREG value\n\n15", "Slide3": "\fSlide:\nRecognize Interrupt Events\n\n⚫ Interrupt events\n\n⚫ Associated with interrupt signals: \n\n⚫ In different forms, including levels and edges.\n\n⚫ Can be multiple and synchronous\n\n⚫ Namely, there may be many sources to generate an \n\ninterrupts; a number of interrupts can be generated at \nthe same time.\n\n⚫ Approaches are required to:\n\n⚫ Identify an interrupt event among multiple sources\n\n⚫ Determine which interrupts to serve if there are \n\nmultiple simultaneous interrupts\n\n4", "Slide2": "\fSlide:\nInterrupt Systems\n\n⚫ An interrupt system implements interrupt \n\nservices\n\n⚫ It basically performs three tasks:\n\n⚫ Recognize interrupt events\n\n⚫ Respond to the interrupts\n\n⚫ Resume normal programmed task\n\n3", "Slide1": "\fSlide:\nCPU Interacts with I/O\n\nTwo approaches:\n\n⚫ Polling\n\n⚫ Software queries I/O devices.\n\n⚫ No extra hardware needed.\n\n⚫ Not efficient.  \n\n⚫ CPU may waste processor cycles to query a device even if it \n\ndoes not need any service.\n\n⚫ Interrupts\n\n⚫\n\nI/O devices generate signals to request services from CPU .\n\n⚫ Need special hardware to implement interrupt services.\n\n⚫ Efficient.\n\n⚫ A signal is generated only if the I/O device needs services from \n\nCPU. \n\n2", "Slide0": "Slide:\nInterrupts\n\nLecturer: Sri Parameswaran\n\nNotes by: Annie Guo\n\n1", "Slide7": "\fSlide:\nTransferring Control to \nInterrupt Service Routine\n\n⚫ Hardware needs to save the return address.\n\n⚫ Most processors save the return address on the stack.\n⚫ Hardware may also save some registers such as \n\nprogram status register. \n⚫ AVR does not save any registers. It is the programmers’ \n\nresponsibility to save the program status register and \nconflict registers.\n\n⚫ The delay from the time the IRQ is generated by the \n\ninterrupting device to the time the Interrupt Service \nRoutine (ISR) starts to execute is called interrupt \nlatency.\n\n8", "Slide6": "\fSlide:\nInterrupt Process Control\n\n⚫ Interrupts can be enabled or disabled\n\n⚫ Can be controlled in two ways:\n\n⚫ Software control\n\n⚫ Allow programmers to enable and disable selected/all \n\ninterrupts.\n\n⚫ Hardware control \n\n⚫ Disable further interrupts while an interrupt is being \n\nserviced\n\n7", "Slide5": "\fSlide:\nResume Normal Task\n\n⚫ Return to the interrupted program at the point \n\nit was interrupted.\n\n6", "Slide4": "\fSlide:\nRespond to Interrupts\n\n⚫ Handling interrupt\n\n⚫ Wait for the current instruction to finish.\n\n⚫ Acknowledge the interrupting device.\n\n⚫ Branch to the correct interrupt service routine\n(interrupt handler) to service interrupting device.\n\n5", "Slide9": "\fSlide:\nSoftware Interrupt\n\n⚫ Software interrupt is the interrupt generated by \n\nsoftware without a hardware-generated-IRQ.\n\n⚫ Software interrupt is typically used to implement \n\nsystem calls in OS. \n\n⚫ Some processors have a special machine \n\ninstruction to generate software interrupt.\n⚫ SWI in ARM.\n\n⚫ AVR does NOT provide a software interrupt \n\ninstruction.  \n⚫ Programmers can use External Interrupts to implement \n\nsoftware interrupts.\n\n10", "Slide8": "\fSlide:\nInterrupt Service Routine\n\n⚫ A sequence of code to be executed when the \ncorresponding interrupt is responded by CPU.\n\n⚫ Interrupt service routine is a special subroutine, \n\ntherefore can be constructed with three parts:\n⚫ Prologue: \n\n⚫ Code for saving conflict registers on the stack.\n\n⚫ Body: \n\n⚫ Code for doing the required task. \n\n⚫ Epilogue:\n\n⚫ Code for restoring all saved registers from the stack.\n⚫ The last instruction is the return-from-interrupt instruction. \n\n9", "Slide54": "\fSlide:\nExample 3\n\nmain:\n\nloop:\n\nldi leds, 0xFF\nout PORTC, leds\nldi leds, PATTERN\nclear TempCounter\nclear SecondCounter\nldi temp, 0b00000000\nout TCCR0A, temp\nldi temp, 0b00000010\nout TCCR0B, temp\nldi temp,  1<<TOIE0\nsts TIMSK0, temp\nsei\nrjmp loop\n\n; Initialize the temporary counter to 0 \n; Initialize the second counter to 0\n\n; Prescaling value=8\n; = 128 microseconds   \n; T/C0 interrupt enable \n; Enable global interrupt\n; loop forever\n\n55"}