{"Slide-1": "", "Slide22": "\fSlide:\nDot Matrix LCD\n\n⚫ Characters are displayed using a dot matrix.\n\n⚫ 5x7, 5x8, and 5x11\n\n⚫ A controller is used for communication between the LCD and \n\nother devices,e.g. MPU\n\n⚫ The controller has an internal character generator ROM. All \n\ndisplay functions are controllable by instructions.\n\n23", "Slide23": "\fSlide:\nPin Assignments\n\n24", "Slide20": "\fSlide:\nCode Implementation\n\nletters:\n\nsymbols:\n\nstar:\n\nzero:\n\nldi temp1, 'A'\nadd temp1, row\njmp convert_end\n\ncpi col, 0\nbreq star\ncpi col, 1\nbreq zero\nldi temp1, '#'\njmp convert_end\n\nldi temp1, '*'\njmp convert_end\n\n; Get the ASCII value for the key\n\n; Check if we have a star\n\n; or if we have zero\n\n; if not we have hash\n\n; Set to star\n\nldi temp1, '0'\n\n; Set to zero\n\nconvert_end:\n\nout PORTC, temp1\njmp main\n\n; Write value to PORTC\n; Restart main loop\n\n21", "Slide21": "\fSlide:\nLCD\n\n⚫ Liquid Crystal Display\n\n⚫ Programmable output device\n\n22", "Slide26": "\fSlide:\nOperations\n\n⚫ MPU communicates with LCD through two \n\nregisters\n⚫ Instruction Register (IR)\n\n⚫ To store instruction codes like Display clear or Cursor \n\nShift as well as addresses for the Display Data RAM \n(DD RAM) or the Character Generator RAM (CG \nRAM)\n\n⚫ Data Register (DR)\n\n⚫ To temporarily store data to be read/written to/from the \n\nDD RAM of the display controller.\n\n27", "Slide27": "\fSlide:\nOperations (cont.)\n\n⚫ The register select (RS) signal determines which \n\nof these two register is selected.\n\n28", "Slide24": "\fSlide:\nPin Descriptions\n\n25", "Slide25": "\fSlide:\nDot Matrix LCD Diagram\n\n26", "Slide28": "\fSlide:\nOperations (cont.)\n\n⚫ When the busy flag is high or ‘1’, the LCD \n\nmodule is busy with internal operation. \n\n⚫ The next instruction must not be written until \n\nthe busy flag is low or ‘0’.\n\n⚫ For details, refer to the LCD USER’S \n\nMANUAL.\n\n29", "Slide29": "\fSlide:\nLCD Instructions\n\n⚫ A list of binary instructions are available for \n\nLCD operations\n\n⚫ Some typical ones are explained in the next \n\nslides.\n\n30", "Slide44": "\fSlide:\nSoftware Initialization\n\n45", "Slide45": "\fSlide:\nSoftware Initialization\n\n46", "Slide46": "\fSlide:\nExample of Initialization Code\n.include “m2560def.inc”\n\n; The del_hi:del_lo register pair store the loop counts\n; each loop generates about 1 us delay\n.macro delay\nloop: subi del_lo, 1\nsbci del_hi, 0\nnop\nnop\nnop\nnop\nbrne loop\n\n; taken branch takes two cycles.  \n; one loop time is 8 cycles = ~1.08us\n\n.endmacro\n\n; continued\n\n47", "Slide47": "\fSlide:\nExample of Initialization Code\n\nldi del_lo, low(15000)\nldi del_hi, high(15000)\ndelay\n\n; delay (>15ms)\n\n; Function set command with N = 1 and F = 0\n; for 2 line display and 5*7 font. The 1st command\nldi data, LCD_FUNC_SET | (1 << LCD_N) \nlcd_write_com \n\nldi del_lo, low(4100)\nldi del_hi, high(4100)\ndelay\n\n; delay (>4.1 ms)\n\nlcd_write_com \n\n; 2nd Function set command\n\n; continued\n\n48", "Slide40": "\fSlide:\nExamples\n\n⚫ Send a command to LCD\n\n; Register data stores value to be written to the LCD\n; Port D is output and connects to LCD; Port A controls the LCD.\n; Assume all other labels are pre-defined.\n\n.macro lcd_write_com\n\nout PORTD, data\nclr temp\nout PORTA, temp\nnop\nsbi PORTA, LCD_E\nnop\nnop\nnop\ncbi PORTA, LCD_E\nnop\nnop\nnop\n\n.endmacro\n\n; set the data port's value up\n\n; RS = 0, RW = 0 for a command write\n; delay to meet timing (Set up time)\n; turn on the enable pin\n; delay to meet timing (Enable pulse width)\n\n; turn off the enable pin\n; delay to meet timing (Enable cycle time)\n\n41", "Slide41": "\fSlide:\nExamples\n\n⚫ Send data to display\n\n; comments are same as in previous slide. \n\n.macro lcd_write_data\n\nout PORTD, data\nldi temp, 1 << LCD_RS\nout PORTA, temp\nnop\nsbi PORTA, LCD_E\nnop\nnop\nnop\ncbi PORTA, LCD_E\nnop\nnop\nnop\n\n.endmacro\n\n; set the data port's value up\n\n; RS = 1, RW = 0 for a data write\n; delay to meet timing (Set up time)\n; turn on the enable pin\n; delay to meet timing (Enable pulse width)\n\n; turn off the enable pin\n; delay to meet timing (Enable cycle time)\n\n42", "Slide42": "\fSlide:\nExamples\n\n⚫ Check LCD and wait until LCD is not busy\n; comments are same as in the previous slide \n.macro lcd_wait_busy\n\nclr temp\nout DDRD, temp\nout PORTD, temp\nldi temp, 1 << LCD_RW\nout PORTA, temp\n\nbusy_loop:\n\nnop\nsbi PORTA, LCD_E\nnop\nnop\nnop\nin temp, PIND\ncbi PORTA, LCD_E\nsbrc temp, LCD_BF\nrjmp busy_loop\nclr temp\nout PORTA, temp\nser temp\nout DDRD, temp\n\n.endmacro\n\n; Make PORTD be an input port for now\n\n; RS = 0, RW = 1 for a command port read\n\n; delay to meet set-up time)\n; turn on the enable pin\n; delay to meet timing (Data delay time)\n\n; read value from LCD\n; turn off the enable pin\n; if the busy flag is set\n; repeat command read\n; else\n; turn off read mode,\n; \n; make PORTD an output port again\n\n43", "Slide43": "\fSlide:\nLCD Initialization\n\n⚫ LCD should be initialized before use\n\n⚫ Internal Reset Circuit can be used, but it is \n\nrelated to power supply loading, may not \nwork properly.\n\n⚫ Therefore, software initialization is \n\nrecommended.\n\n44", "Slide48": "\fSlide:\nExample of Initialization Code\n\nldi del_lo, low(100)\nldi del_hi, high(100)\ndelay\n\n; delay (>100 ns)\n\nlcd_write_com \nlcd_write_com \n\n; 3rd Function set command\n; Final Function set command\n\nlcd_wait_busy\nldi data, LCD_DISP_OFF\nlcd_write_com\n\nlcd_wait_busy\nldi data, LCD_DISP_CLR\nlcd_write_com\n\n; Wait until the LCD is ready\n\n; Turn Display off\n\n; Wait until the LCD is ready\n\n; Clear Display\n\n; continued\n\n49", "Slide49": "\fSlide:\nExample of Initialization Code\n\n; Wait until the LCD is ready\n\nlcd_wait_busy\n; Entry set command with I/D = 1 and S = 0\n; Set Entry mode: Increment = yes and Shift = no\nldi data, LCD_ENTRY_SET | (1 << LCD_ID) \nlcd_write_com\n\nlcd_wait_busy\n; Display On command with C = 1 and B = 0\nldi data, LCD_DISP_ON | (1 << LCD_C)\nlcd_write_com\n\n; Wait until the LCD is ready\n\n50", "Slide35": "\fSlide:\nInstructions\n⚫ Function Set\n\nRS R/W DB7 DB6 DB5 BD4 DB3 DB2 DB1 DB0\n\nCode    0     0      0      0      1     DL    N      F      x      x\n\n⚫ Sets the interface data length, the number of \n\nlines, and character font.\n⚫ DL = 1, 8 –bits; otherwise 4 bits\n⚫ N: Sets the number of lines\n\n▪ N = 0 : 1 line display \n▪ N = 1 : 2 line display \n\n⚫ F: Sets character font.\n\n▪ F = 1 : 5 x 10 dots\n▪ F = 0 : 5 x 7 dots\n\n36", "Slide34": "\fSlide:\nInstructions\n⚫ Cursor or Display Shift\n\nRS R/W DB7 DB6 DB5 BD4 DB3 DB2 DB1 DB0\n\nCode    0     0      0      0      0      1   S/C    R/L    x      x\n\n⚫ Shifts the cursor position or display to the right or \n\nleft without writing or reading display data.\n\nS/C R/L\n\n0    0    Shifts cursor position to the left (AC is decremented by one)\n0    1    Shifts cursor position to the right (AC is incremented by one)\n1    0    Shifts the entire display to the left. The cursor follows the display shift.\n1    1    Shifts the entire display to the right. The cursor follows the display shift.\n\n35", "Slide37": "\fSlide:\nInstructions\n\n⚫ Write Data to CG or DD RAM\n\nRS R/W DB7 DB6 DB5 BD4 DB3 DB2 DB1 DB0\nCode    1     0      D     D     D     D     D      D      D      D\n\n⚫ Writes binary 8-bit data DDDDDDDD to the CG or \n\nDD RAM.\n\n⚫ The previous designation determines whether the \nCG or DD RAM is to be written (CG RAM address \nset or DD RAM address set). After a write the \nentry mode will automatically increase or \ndecrease the address by 1. Display shift will also \nfollow the entry mode.\n\n38", "Slide36": "\fSlide:\nInstructions\n\n⚫ Read Busy Flag and Address\n\nRS R/W DB7 DB6 DB5 BD4 DB3 DB2 DB1 DB0\n\nCode    0     1     BF     A     A     A     A      A      A      A\n\n⚫ Reads the busy flag (BF) and value of the \n\naddress counter (AC). BF = 1 indicates that on \ninternal operation is in progress and the next \ninstruction will not be accepted until BF is set to \n‘0’. If the display is written while BF = 1, abnormal \noperation will occur.\n\n37", "Slide31": "\fSlide:\nInstructions\n\n⚫ Return Home\n\nRS R/W DB7 DB6 DB5 BD4 DB3 DB2 DB1 DB0\n\nCode    0     0      0      0      0      0      0      0      1      x\n\n⚫ The cursor or the blink moves to the upper left \n\nedge of the display. Text on the display remains \nunchanged.\n\n32", "Slide30": "\fSlide:\nInstructions\n\n⚫ Clear Display\n\nRS R/W DB7 DB6 DB5 BD4 DB3 DB2 DB1 DB0\n\nCode    0     0      0      0      0      0      0      0      0      1\n\n⚫ The display clears and the cursor or blink moves \n\nto the upper left edge of the display. \n\n⚫ The execution of clear display instruction sets \n\nentry mode to increment mode.\n\n31", "Slide33": "\fSlide:\nInstructions\n\n⚫ Display ON/OFF Control\n\nRS R/W DB7 DB6 DB5 BD4 DB3 DB2 DB1 DB0\n\nCode    0     0      0      0      0      0      1      D     C      B\n\n⚫ Controls the display ON/OFF status, Cursor \n\nON/OFF and Cursor Blink function.\n⚫ D: The display is ON when D = 1 and OFF when D = \n\n0. \n\n⚫ C: The cursor displays when C = 1 and does not \n\ndisplay when C = 0.\n\n⚫ B: The character indicated by the cursor blinks when B \n\n= 1. \n\n34", "Slide32": "\fSlide:\nInstructions\n⚫ Entry Mode Set\n\nRS R/W DB7 DB6 DB5 BD4 DB3 DB2 DB1 DB0\nCode    0     0      0      0      0      0      0      1     I/D      S\n\n⚫ Sets the Increment/Decrement and Shift modes to the desired \n\nsettings.\n\n⚫ I/D: Increments (I/D = 1) or decrements (ID = 0) the DD RAM \n\naddress by 1 when a character code is written into or read from \nthe DD RAM.\n\n⚫ The cursor or blink moves to the right when incremented by +1.\n\n⚫ The same applies to writing and reading the CG RAM.\n\n⚫ S: Shifts the entire display either to the right or to the left when S \n\n= 1; shift to the left when I/D = 1 and to the right when I/D = 0. \n\n33", "Slide39": "\fSlide:\nTiming Characteristics\n⚫ For read operation\n\n40", "Slide38": "\fSlide:\nTiming Characteristics\n\n⚫ For write operation\n\n39", "Slide19": "\fSlide:\nCode Implementation\n\nconvert:\n\ncpi \nbreq \n\ncol, 3\nletters\n\n; If the pressed key is in col.3 \n; we have a letter\n\n; If the key is not in col.3 and\n\ncpi \nbreq \n\nrow, 3\nsymbols\n\n; If the key is in row3,\n; we have a symbol or 0\n\nmov \nlsl \nadd\nadd \nsubi \njmp \n\ntemp1, row\ntemp1\ntemp1, row\ntemp1, col\ntemp1, -'1'\nconvert_end\n\n; Otherwise we have a number in 1-9\n\n; temp1 = row*3 + col\n; Add the value of character ‘1’\n\n20", "Slide18": ".def cmask = r\n.def temp1 = r20\n.def temp2 = r21\n\n; current row number\n; current column number\n; mask for current row during scan\n; mask for current column during scan\n\n.equ PORTADIR = 0xF0\n.equ INITCOLMASK = 0xEF\n.equ INITROWMASK = 0x01\n.equ ROWMASK = 0x0F\n\n; PD7-4: output, PD3-0, input\n; scan from the rightmost column,\n; scan from the top row\n; for obtaining input from Port D\n\n16\n\n\fSlide17:\nCode Implementation\n\nRESET:\n\nldi\nout\nldi\nout\n\nldi\nout\nser \nout \nout \n\ntemp1, low(RAMEND)\nSPL, temp1\ntemp1, high(RAMEND)\nSPH, temp1\n\ntemp1, PORTADIR\nDDRA, temp1\ntemp1\nDDRC, temp1\nPORTC, temp1\n\n; initialize the stack\n\n; PA7:4/PA3:0, out/in\n\n; PORTC is output\n\nmain:\n\nldi \nclr\n\ncmask, INITCOLMASK\ncol\n\n; initial column mask\n; initial column\n\n17\n\n\fSlide18:\nCode Implementation\n\ncolloop:\n\ndelay:\n\ncpi\nbreq\nout\n\nldi \ndec \nbrne \n\nin\nandi \ncpi \nbreq \n\nldi \nclr\n\ncol, 4\nmain\nPORTA, cmask\n\ntemp1, 0xFF\ntemp1\ndelay\n\ntemp1, PINA\ntemp1, ROWMASK\ntemp1, 0xF\nnextcol\n\n; If all keys are scanned, repeat.\n; Otherwise, scan a column.\n\n; Slow down the scan operation.\n\n; Read PORTA\n; Get the keypad output value\n; Check if any row is low\n\nrmask, INITROWMASK\nrow\n\n; If yes, find which row is low\n; Initialize for row check\n; \n\n18\n\n\fSlide19:\nCode Implementation\n\nrowloop:\n\ncpi \nbreq \nmov \nand \nbreq \ninc \nlsl \njmp \n\nrow, 4\nnextcol\ntemp2, temp1\ntemp2, rmask\nconvert\nrow\nrmask\nrowloop\n\n; the row scan is over.\n\n; check un-masked bit\n; if bit is clear, the key is pressed\n; else move to the next row\n\nnextcol:\n\n; if row scan is over\n\nlsl cmask\ninc col\njmp colloop\n\n; increase column value\n; go to the next column\n\n19", "Slide52": "\fSlide:\nVcc\n\nI0\n\nI1\n\nI2\n\nI3\n\nI4\n\nI5\n\nI6\n\nI7\n\nE\n\n74LS151 8 to 1 \nMultiplexer\n\nZ\n\nD\n\nS2 S1 S0\n\nCLK\n\nSelected Input From \nOutput Port\n\n53", "Slide51": "\fSlide:\nHomework\n\n1. The circuit shown in the next slide is a \n\nswitch array input circuit. Is there any switch \nbounce issue with this circuit? Can the CLK \nfrequency have any impact on this problem? \nHow to solve it in hardware? \n\n52", "Slide50": "\fSlide:\nReading Material\n\n⚫ Chapter 7: Computer Buses and Parallel \n\nInput and Output. Microcontrollers and \nMicrocomputers by Fredrick M. Cady.\n⚫ Simple I/O Devices\n\n⚫ DOT Matrix LCD User’s Manual\n\n⚫ Available on the course website.\n\n51", "Slide13": "\fSlide:\nExample\n\n⚫ Get the input from 4*4 keypad\n\n1\n\n4\n\n7\n\n*\n\n2\n\n5\n\n8\n\n0\n\n3\n\n6\n\n9\n\n#\n\nA\n\nB\n\nC\n\nD\n\nC0  C1  C2  C3\n\nR0\n\nR1\n\nR2\n\nR3\n\n14", "Slide12": "\fSlide:\nGhosting (cont.)\n\n⚫ Ghosting occurs when several keys are pushed at \n\nonce.\n\n⚫ Consider the case shown in the figure where three \nswitches 01, 10 and 11 are all closed. Column 0 is \nselected with a logic low and assume that the circuit \ndoes not contain the diodes. As the rows are \nscanned, a low is sensed on Row 1, which is \nacceptable because switch 10 is closed. In addition, \nRow 0 is seen to be low, indicating switch 00 is \nclosed, which is NOT true. The diodes in the \nswitches eliminate this problem by preventing \ncurrent flow from R1 through switches 01 and 11. \nThus Row 0 will not be low when it is scanned.\n\n13", "Slide11": "06\n\n07\n\n17\n\nB\n\n70\n\n71\n\n77\n\nVcc\n\nO0\n\nO1\n\nO2\n\nO3\n\nO4\n\nO5\n\nO6\n\nO7\n\nE3\n\nE2\n\nE1\n\nA2\n\nA1\n\nA0\n\nScanned Switch \nData\n\nTo Input Port\n\nZ\n\nI0\n\nI1\n\nI2\n\nI3\n\nI4\n\nI5\n\nI6\n\nI7\n\nE\n\nS2 S1 S0\n\nSelect Input From \nOutput Port\n\n74LS138   3-of-8 \nDecoder\n\nScan Input From Output Port\n\n9\n\n\fSlide10:\nKeyboard Matrix of Switches \n(cont.)\n\n⚫ A keyboard is an array of switches arranged \n\nin a two-dimensional matrix. \n\n⚫ A switch is connected at each intersection of \n\nvertical and horizontal lines.\n\n⚫ Closing the switch connects the horizontal \n\nline to the vertical line.  \n\n⚫ 8*8 keyboard can be interfaced directly into \n8-bit output and input ports at point A and B.\n\n10\n\n\fSlide11:\nKeyboard Matrix of Switches \n(cont.)\n\n⚫ Software can scan the key board by \n\noutputting a three-bit code to the decoder and \nthen scanning the multiplexer to find the \nclosed switch or switches.\n⚫ The combination of the two 3-bit scan codes \n\n(A2A1A0 and S2S1S0) identifies which switch is \nclosed. For example, the code 000000 scan \nswitch 00 in the upper left-hand corner.\n\n⚫ The diode prevents a problem called \n\nghosting.\n\n11\n\n\fSlide12:\nGhosting\n\nVcc\n\nR3\n\nR2\n\nR1\n\nCol 0 Col 1 Col 2\n\n00\n\n10\n\n20\n\n01\n\n11\n\n21\n\n02\n\n12\n\n22\n\nRow 0 (Pulled low, error)\n\nRow 1 (Pulled low, OK)\n\nRow 2 (High, OK) \n\nLow \n\n(Scanned column)\n\n12", "Slide10": "02", "Slide17": ".def rmask = r", "Slide16": ".def col = r", "Slide15": "\fSlide:\nCode Implementation\n\n; The program gets input from keypad and displays its ascii value on the\n; LED bar\n\n.include \"m2560def.inc\"\n\n.def row = r16", "Slide14": "\fSlide:\nExample (solution)\n\n⚫ Algorithm\n\nScan columns from left to right\n\nfor each column, scan rows from top to bottom\n\nfor each key being scanned\n\nif it is pressed\n\ndisplay\nwait \n\nendif\n\nendfor\n\nendfor\n\nRepeat the scan process\n\n⚫ A column is selected, its related Cx value is set to 0.\n\n⚫ A mask is used to read one row at a time. \n\n15", "Slide3": "\fSlide:\nInput Switches (cont.) \n\nVcc\n\nVcc\n\nR Typically 1K Ohm\n\nLogic high with switch open    \n\nLogic low with switch closed\n\n½ \n\n74LS244 \n\nData Bus\n\nOctal \nBuffer\n\n(a) Single-pole, single-throw \n\n(SPST) logic switch Data \n\nBus\n\n(b) Multiple pole switch.\n\n4", "Slide2": "\fSlide:\nInput Switches \n\n⚫ Most basic binary input devices\n\n⚫ The switch output is high or low, depending on the \n\nswitch position.\n\n⚫ Pull-up resistors are necessary in each switch to \n\nprovide a high logic level when the switch is open.\n\n⚫ Problem with switches:\n\n⚫ Switch bounce.\n\n⚫ When a switch makes contact, its mechanical springiness \n\nwill cause the contact to bounce, or contact and break, for a \nfew milliseconds (typically 5 to 10 ms). \n\n3", "Slide1": "\fSlide:\nLecture Overview\n\n⚫ Input devices\n\n⚫ Input switches\n\n⚫ Basics of switches\n\n⚫ Keypads\n\n⚫ Output devices\n\n⚫ LCD\n\n2", "Slide0": "Slide:\nInput/Output \nDevices\n\nLecturer: Sri Parameswaran\n\nNotes by: Annie Guo\n\n1", "Slide7": "\fSlide:\nOne-Dimensional Array of \nSwitches\n\n⚫ Switch bouncing problem must be solved\n\n⚫ Either using software or hardware\n\n⚫ The array of switches must be scanned to \nfind out which switches are closed or open.\n⚫ Software is required to scan the array. As the \nsoftware outputs a 3-bit sequence from 000 to \n111, the multiplexer selects each of the switch \ninputs. \n\n⚫ The output of switch array could be interfaced \n\ndirectly to an eight-bit port at point A.\n\n8", "Slide6": "\fSlide:\nOne-Dimensional Array of Switches\n\nVcc\n\nA\n\nI0\n\nI1\n\nI2\n\nI3\n\nI4\n\nI5\n\nI6\n\nI7\n\nE\n\n74LS151 8 to 1 \nMultiplexer\n\nZ\n\nScanned \nSwitch Data\n\nTo Input Port\n\nS2 S1 S0\n\nSelected Input From \nOutput Port\n\n7", "Slide5": "\fSlide:\nSoftware Debouncing\n\n⚫ Basic idea: wait until the switch is stable\n⚫ For example:\n⚫ Wait and see:\n\n⚫ If the software detects a low logic level, indicating that \n\nswitch has closed, it simply waits for some time, say 20 to \n100ms, and then test if the switch is still low. \n\n⚫ Counter-based approach:\n⚫ Initialize a counter to 10.\n⚫ Poll the switch every millisecond until the counter is either 0 \n\nor 20. If the switch output is low, decrease the counter; \notherwise, increment the counter.\n\n⚫ If the counter is 0, we know that switch output has been low \n\n(closed) for at least 10 ms. If, on the other hand, the \ncounter reaches 20, we know that the switch has been \nopen for at least 10 ms.\n\n6", "Slide4": "\fSlide:\nNAND Latch Debouncer\n\nVcc\n\nLogic high with switch up    \n\nLogic low with switch down    \n\n5", "Slide9": "01", "Slide8": "\fSlide:\nVcc\n\nKeyboard Matrix of Switches\n\n12\n\nA\n\n74LS151   8-to-1 \nInput \nMultiplexer\n\n00"}