{"Slide-1": "", "Slide22": "Reading until End of Input\n\nint c; \n\nc = getchar(); \n\nwhile (c != EOF) { \n\n    printf(\"’%c’ read, ASCII code is %d\\n\", c, c); \n\n    c = getchar(); \n\n} \n\nreading numbers until end of input with scanf:\n\nint num; \n\n// scanf returns the number of items read \n\nwhile (scanf(\"%d\", &num) == 1) { \n\n    printf(\"you entered the number: %d\\n\", num); \n\n} \n\n ", "Slide23": "Strings\nstrings are an array of characters", "Slide20": "getchar\nhow can we fix it?\n\nint c1, c2; \n\nprintf(\"Please enter first character:\\n\"); \n\nc1 = getchar();\n\ngetchar(); // extra getchar to catch the newline\n\nprintf(\"Please enter second character:\\n\"); \n\nc2 = getchar(); \n\nprintf(\"First %d\\nSecond: %d\\n\", c1, c2); ", "Slide21": "End Of Input\nscanf or getchar will fail if there isn’t any more input \n\neg if you’re reading from a file and reach the end of the file\n\ngetchar returns a special value to indicate no more input is available\n\nwe call this value EOF\n\n(how could you check this with scanf?)", "Slide26": "Arrays in C\n\nint myArray[10] = {0}; \n\n// Put some values into the array. \n\nmyArray[0] = 3; \n\nmyArray[5] = 17;\n\n┌────┬────┬────┬────┬────┬────┬────┬────┬────┬────┐ \n\n│  3 │  0 │  0 │  0 │  0 │ 17 │  0 │  0 │  0 │  0 │ \n\n└────┴────┴────┴────┴────┴────┴────┴────┴────┴────┘ \n\n| 0  | 1  | 2  | 3  | 4  | 5  | 6  | 7  | 8  | 9 ", "Slide27": "Character Arrays\nwe can make an array of chars in the same way\n\nchar myArray[10] = {0}; \n\n// Put some values into the array. \n\nmyArray[0] = 65; \n\nmyArray[5] = 70;\n\n┌────┬────┬────┬────┬────┬────┬────┬────┬────┬────┐ \n\n│ 65 │  0 │  0 │  0 │  0 │ 70 │  0 │  0 │  0 │  0 │ \n\n└────┴────┴────┴────┴────┴────┴────┴────┴────┴────┘ \n\n| 0  | 1  | 2  | 3  | 4  | 5  | 6  | 7  | 8  | 9 ", "Slide24": "Remember Arrays?\nA series of boxes with a common type, \n\nall next to each other\n\n  0    1    2    3    4    5    6    7    8    9    10    11 \n\n╔════╤════╤════╤════╦════╤════╤════╤════╦════╤════╤════╤════╦┄ \n\n║    │    │    │    ║    │    │    │    ║    │    │    │    ║ \n\n╚════╧════╧════╧════╩════╧════╧════╧════╩════╧════╧════╧════╩┄ ", "Slide25": "Arrays in C\n\n// Declare an array with 10 elements \n\n// and initialises all elements to 0. \n\nint myArray[10] = {0};\n\n┌────┬────┬────┬────┬────┬────┬────┬────┬────┬────┐ \n\n│  0 │  0 │  0 │  0 │  0 │  0 │  0 │  0 │  0 │  0 │ \n\n└────┴────┴────┴────┴────┴────┴────┴────┴────┴────┘ \n\n| 0  | 1  | 2  | 3  | 4  | 5  | 6  | 7  | 8  | 9 ", "Slide28": "How long is a piece of string?\nyou don’t always know the length of a string in advance\n\ne.g. name could be “Andrew”, or “Tom” \n(6 characters vs 3 characters)\n\n// \"Andrew\" is 6 letters long \n\nname[0] = 'A'; \n\nname[1] = 'n'; \n\nname[2] = 'd'; \n\nname[3] = 'r'; \n\nname[4] = 'e'; \n\nname[5] = 'w';\n\n// \"Tom\" is 3 letters long \n\nname[0] = 'T'; \n\nname[1] = 'o'; \n\nname[2] = 'm'; ", "Slide29": "How long is a piece of string?\nwe need a way to know how long the string is!\n\nname[0] = 'A'; name[1] = 'n'; name[2] = 'd'; \n\nname[3] = 'r'; name[4] = 'e'; name[5] = 'w';\n\n┌───┬───┬───┬───┬───┬───┬───┬───┬───┬───┐ \n\n│ A │ N │ D │ R │ E │ W │   │   │   │   │ \n\n└───┴───┴───┴───┴───┴───┴───┴───┴───┴───┘ \n\n| 0 | 1 | 2 | 3 | 4 | 5 | 6 | 7 | 8 | 9 \n\n(please never write code on one line like this! it’s only here so the slides fit)", "Slide35": "Sidenote: Uninitialised Arrays\nthe array has not been initialised\n\nint array[SIZE];\n\nint i = 0; \n\nwhile (i < SIZE) { \n\n    printf(\"%d\\n\", array[i]); \n\n    i++; \n\n}\n\n┌───┬───┬───┬───┬───┬───┬───┬───┬───┬───┐ \n\n│ ? │ ? │ ? │ ? │ ? │ ? │ ? │ ? │ ? │ ? │ \n\n└───┴───┴───┴───┴───┴───┴───┴───┴───┴───┘ ", "Slide34": "Sidenote: Uninitialised Arrays\nwhat’s wrong with this code?\n\nint array[SIZE];\n\nint i = 0; \n\nwhile (i < SIZE) { \n\n    printf(\"%d\\n\", array[i]); \n\n    i++; \n\n} ", "Slide36": "Sidenote: Uninitialised Arrays\nsolution: initialise the array first \n\n(note: you could also initialise all the values in a loop)\n\nint array[SIZE] = {0};\n\nint i = 0; \n\nwhile (i < SIZE) { \n\n    printf(\"%d\\n\", array[i]); \n\n    i++; \n\n}\n\n┌───┬───┬───┬───┬───┬───┬───┬───┬───┬───┐ \n\n│ 0 │ 0 │ 0 │ 0 │ 0 │ 0 │ 0 │ 0 │ 0 │ 0 │ \n\n└───┴───┴───┴───┴───┴───┴───┴───┴───┴───┘ ", "Slide31": "Null Terminator\nwe do this in C using a null terminator\n\nany function (e.g. printf) working with a string \ninterprets this as “end of string”.\n\nname[0] = 'T'; \n\nname[1] = 'o'; \n\nname[2] = 'm'; \n\nname[3] = '\\0'; ", "Slide30": "How long is a piece of string?\nwe need a way to know how long the string is!\n\nname[0] = 'T'; name[1] = 'o'; name[2] = 'm';\n\n┌───┬───┬───┬───┬───┬───┬───┬───┬───┬───┐ \n\n│'T'│'O'│'M'│ R │ E │ W │   │   │   │   │ \n\n└───┴───┴───┴───┴───┴───┴───┴───┴───┴───┘ \n\n| 0 | 1 | 2 | 3 | 4 | 5 | 6 | 7 | 8 | 9 \n\nprinting name would print TOMREW", "Slide33": "Sidenote: Uninitialised Arrays\nwhat happens if we don’t initialise our array?\n\nlet’s try it and see!", "Slide32": "Null Terminator\n\n┌───┬───┬───┬────┬───┬───┬───┬───┬───┬───┐ \n\n│'T'│'O'│'M'│'\\0'│ E │ W │   │   │   │   │ \n\n└───┴───┴───┴────┴───┴───┴───┴───┴───┴───┘ \n\n| 0 | 1 | 2 |  3 | 4 | 5 | 6 | 7 | 8 | 9 \n\nprinting name would now print TOM", "Slide19": "getchar\n\nint c1, c2; \n\nprintf(\"Please enter first character:\\n\"); \n\nc1 = getchar(); \n\nprintf(\"Please enter second character:\\n\"); \n\nc2 = getchar(); \n\nprintf(\"First %d\\nSecond: %d\\n\", c1, c2); \n\nwhat should this do? read two typed characters\n\nwhat does it actually do? read one typed character + enter", "Slide18": "getchar\nconsider the following code:\n\nint c1, c2; \n\nprintf(\"Please enter first character:\\n\"); \n\nc1 = getchar(); \n\nprintf(\"Please enter second character:\\n\"); \n\nc2 = getchar(); \n\nprintf(\"First %d\\nSecond: %d\\n\", c1, c2); \n\nwhat should this do?\n\nwhat does it actually do?\n\n(how can we fix it?)", "Slide13": "Characters in C\nchar  stores small integers.\n\n8 bits (almost always).\n\nmostly used to store ASCII character codes\n\ndon’t use for individual variables, only arrays \n\nonly use char  for characters \n\n(not to store e.g. numbers between 0-9)", "Slide12": "Characters in C\nin C we call it a char\n\n// making an int \n\nint age = 18;\n\n// making a char \n\nchar letter = 'A'; \n\nchar s go inside single quotes, i.e. ' . \nstrings go inside double quotes, i.e. \" .", "Slide11": "Characters\na character generally refers to a \nletter, number, punctuation, etc.\n\nin C we call it a char", "Slide10": "Strings\na string is an array of characters.\n\nnote: a character is a “printed or written letter or symbol”.", "Slide17": "Reading chars\ngetchar()\n\nreads a byte from standard input \nreturns an int\n\nreturns a special value if it can’t read a byte \notherwise returns an integer (0..255) \n\n(ASCII code)\n\nlet’s try it out!", "Slide16": "ASCII\nlet’s try it out!", "Slide15": "ASCII\nyou don’t have to memorize ASCII codes!\n\nsingle quotes give you the ASCII code for a character:\n\nprintf(\"%d\", 'a'); // prints 97 \n\nprintf(\"%d\", 'A'); // prints 65 \n\nprintf(\"%d\", '0'); // prints 48 \n\nprintf(\"%d\", ' ' + '\\n'); // prints 42 (32 + 10) \n\ndon’t put ASCII codes in your program - use single quotes instead!", "Slide14": "ASCII\nASCII is a way of mapping numbers to characters.\n\nit contains:\n\nupper and lower case English letters: A-Z and a-z\n\ndigits: 0-9\n\ncommon punctuation symbols\n\nspecial non-printing characters: e.g newline and space.", "Slide3": "Overview\nafter this lecture, you should be able to…\n\nunderstand the basics of chars\n\nunderstand what ASCII is\n\nunderstand the basics of strings\n\nwrite programs using strings to solve simple problems\n\n(note: you shouldn’t be able to do all of these immediately after watching this lecture. however, this lecture should (hopefully!) give you the foundations you need to develop these skills. remember\n\nprogramming is like learning any other language, it takes consistent and regular practice.)", "Slide2": " \n\nBefore we begin…\n \n\nintroduce yourself to the person sitting next to you\n\n \n\nwhy did they decide to study computing?", "Slide1": "COMP5 8s \n— Lecture 7 — \n\nStrings\nAndrew Bennett \n\n<andrew.bennett@unsw.edu.au>\n\nchars \narrays of chars \n\nstrings", "Slide0": "Welcome!\nCOMP1511 18s1 \n\nProgramming Fundamentals", "Slide7": "Letters and Words\nwhat about words?\n\nprintf(\"andrew is awesome\"); \n\n“andrew is awesome”", "Slide6": "Letters and Words\nwhat about words?\n\nprintf(\"andrew is awesome\"); ", "Slide5": "Beyond Numbers\nwe’ve mostly seen numbers thus far \n\nint age = 18;  \ndouble pi = 3.14\n\nwhat else might we want to store?", "Slide4": "Admin\nDon’t panic!\n\ncourse style guide published\n\nweek 4 weekly test due friday \ndon’t be scared!\n\nassignment 1 out now \nwork on it regularly!\n\nadditional autotests added to the assignment\n\ndon’t forget about help sessions! \nsee course website for details", "Slide9": "introducing: strings", "Slide8": "Letters and Words\nwords in C are called strings\n\nprintf(\"andrew is awesome\"); \n\n“andrew is awesome”\n\n^ this is a string"}