[
{
    "Week": 5,
    "Slide": 0,
    "KeyPhrases": [
        {
            "BeginOffset": 14,
            "EndOffset": 23,
            "Score": 0.7755911946296692,
            "Text": "1511 18s1"
        }
    ],
    "ResponseMetadata": {
        "HTTPHeaders": {
            "content-length": "96",
            "content-type": "application/x-amz-json-1.1",
            "date": "Thu, 28 Mar 2019 12:54:27 GMT",
            "x-amzn-requestid": "9ee23f79-5158-11e9-845e-7f0c2f11cc2d"
        },
        "HTTPStatusCode": 200,
        "RequestId": "9ee23f79-5158-11e9-845e-7f0c2f11cc2d",
        "RetryAttempts": 0
    }
},
{
    "Week": 5,
    "Slide": 1,
    "KeyPhrases": [
        {
            "BeginOffset": 5,
            "EndOffset": 23,
            "Score": 0.7693220973014832,
            "Text": "5 8s\n\u2014 Lecture 9 \u2014"
        },
        {
            "BeginOffset": 26,
            "EndOffset": 129,
            "Score": 0.8851119875907898,
            "Text": "More Strings\nAndrew Bennett \n\n<andrew.bennett@unsw.edu.au>\n\nJashank Jeremy \n<jashank.jeremy@unsw.edu.au"
        }
    ],
    "ResponseMetadata": {
        "HTTPHeaders": {
            "content-length": "290",
            "content-type": "application/x-amz-json-1.1",
            "date": "Thu, 28 Mar 2019 12:54:28 GMT",
            "x-amzn-requestid": "9f71adcb-5158-11e9-8d49-d71cd8da7611"
        },
        "HTTPStatusCode": 200,
        "RequestId": "9f71adcb-5158-11e9-8d49-d71cd8da7611",
        "RetryAttempts": 0
    }
},
{
    "Week": 5,
    "Slide": 2,
    "KeyPhrases": [
        {
            "BeginOffset": 19,
            "EndOffset": 20,
            "Score": 0.7555587887763977,
            "Text": "\u2026"
        },
        {
            "BeginOffset": 46,
            "EndOffset": 56,
            "Score": 0.997734785079956,
            "Text": "the person"
        },
        {
            "BeginOffset": 110,
            "EndOffset": 119,
            "Score": 0.9876183271408081,
            "Text": "computing"
        }
    ],
    "ResponseMetadata": {
        "HTTPHeaders": {
            "content-length": "252",
            "content-type": "application/x-amz-json-1.1",
            "date": "Thu, 28 Mar 2019 12:54:29 GMT",
            "x-amzn-requestid": "a011be0b-5158-11e9-9ee0-d7b69e2c846a"
        },
        "HTTPStatusCode": 200,
        "RequestId": "a011be0b-5158-11e9-9ee0-d7b69e2c846a",
        "RetryAttempts": 0
    }
},
{
    "Week": 5,
    "Slide": 3,
    "KeyPhrases": [
        {
            "BeginOffset": 2,
            "EndOffset": 10,
            "Score": 0.533657431602478,
            "Text": "Overview"
        },
        {
            "BeginOffset": 17,
            "EndOffset": 29,
            "Score": 0.9970005750656128,
            "Text": "this lecture"
        },
        {
            "BeginOffset": 84,
            "EndOffset": 92,
            "Score": 0.9933473467826843,
            "Text": "an array"
        },
        {
            "BeginOffset": 105,
            "EndOffset": 121,
            "Score": 0.9982689619064331,
            "Text": "the various ways"
        },
        {
            "BeginOffset": 136,
            "EndOffset": 144,
            "Score": 0.9990221261978149,
            "Text": "a string"
        },
        {
            "BeginOffset": 151,
            "EndOffset": 172,
            "Score": 0.9989889860153198,
            "Text": "a basic understanding"
        },
        {
            "BeginOffset": 176,
            "EndOffset": 185,
            "Score": 0.9987953901290894,
            "Text": "functions"
        },
        {
            "BeginOffset": 191,
            "EndOffset": 197,
            "Score": 0.9468054175376892,
            "Text": "string"
        },
        {
            "BeginOffset": 212,
            "EndOffset": 222,
            "Score": 0.9996529221534729,
            "Text": "the basics"
        },
        {
            "BeginOffset": 239,
            "EndOffset": 261,
            "Score": 0.9899348020553589,
            "Text": "command line arguments"
        },
        {
            "BeginOffset": 264,
            "EndOffset": 273,
            "Score": 0.752815306186676,
            "Text": "i.e. argc"
        },
        {
            "BeginOffset": 278,
            "EndOffset": 282,
            "Score": 0.8673803806304932,
            "Text": "argv"
        },
        {
            "BeginOffset": 286,
            "EndOffset": 290,
            "Score": 0.7321128845214844,
            "Text": "note"
        },
        {
            "BeginOffset": 360,
            "EndOffset": 372,
            "Score": 0.9821453094482422,
            "Text": "this lecture"
        },
        {
            "BeginOffset": 383,
            "EndOffset": 395,
            "Score": 0.9942170977592468,
            "Text": "this lecture"
        },
        {
            "BeginOffset": 425,
            "EndOffset": 440,
            "Score": 0.9992502927780151,
            "Text": "the foundations"
        },
        {
            "BeginOffset": 461,
            "EndOffset": 473,
            "Score": 0.9974177479743958,
            "Text": "these skills"
        },
        {
            "BeginOffset": 485,
            "EndOffset": 496,
            "Score": 0.996127188205719,
            "Text": "programming"
        },
        {
            "BeginOffset": 515,
            "EndOffset": 533,
            "Score": 0.999396800994873,
            "Text": "any other language"
        },
        {
            "BeginOffset": 544,
            "EndOffset": 575,
            "Score": 0.9729824066162109,
            "Text": "consistent and regular practice"
        }
    ],
    "ResponseMetadata": {
        "HTTPHeaders": {
            "content-length": "1713",
            "content-type": "application/x-amz-json-1.1",
            "date": "Thu, 28 Mar 2019 12:54:30 GMT",
            "x-amzn-requestid": "a0d0c919-5158-11e9-a12c-4fc516924d62"
        },
        "HTTPStatusCode": 200,
        "RequestId": "a0d0c919-5158-11e9-a12c-4fc516924d62",
        "RetryAttempts": 0
    }
},
{
    "Week": 5,
    "Slide": 4,
    "KeyPhrases": [
        {
            "BeginOffset": 2,
            "EndOffset": 7,
            "Score": 0.8646005392074585,
            "Text": "Admin"
        },
        {
            "BeginOffset": 22,
            "EndOffset": 40,
            "Score": 0.7031846046447754,
            "Text": "week 4 weekly test"
        },
        {
            "BeginOffset": 45,
            "EndOffset": 51,
            "Score": 0.9554716348648071,
            "Text": "friday"
        },
        {
            "BeginOffset": 71,
            "EndOffset": 77,
            "Score": 0.704984724521637,
            "Text": "friday"
        },
        {
            "BeginOffset": 78,
            "EndOffset": 87,
            "Score": 0.9991812705993652,
            "Text": "this week"
        },
        {
            "BeginOffset": 91,
            "EndOffset": 107,
            "Score": 0.997417688369751,
            "Text": "a public holiday"
        },
        {
            "BeginOffset": 121,
            "EndOffset": 137,
            "Score": 0.9896685481071472,
            "Text": "a friday tutelab"
        },
        {
            "BeginOffset": 143,
            "EndOffset": 157,
            "Score": 0.982974112033844,
            "Text": "course website"
        },
        {
            "BeginOffset": 162,
            "EndOffset": 169,
            "Score": 0.9945012331008911,
            "Text": "details"
        },
        {
            "BeginOffset": 171,
            "EndOffset": 180,
            "Score": 0.9987170100212097,
            "Text": "this week"
        },
        {
            "BeginOffset": 180,
            "EndOffset": 186,
            "Score": 0.9451004266738892,
            "Text": "\u2019s lab"
        },
        {
            "BeginOffset": 191,
            "EndOffset": 204,
            "Score": 0.7690074443817139,
            "Text": "friday midsem"
        },
        {
            "BeginOffset": 212,
            "EndOffset": 242,
            "Score": 0.8041649460792542,
            "Text": "Friday 6th April\n\nassignment 1"
        },
        {
            "BeginOffset": 243,
            "EndOffset": 260,
            "Score": 0.6043674349784851,
            "Text": "due sunday midsem"
        },
        {
            "BeginOffset": 334,
            "EndOffset": 347,
            "Score": 0.9537122845649719,
            "Text": "help sessions"
        },
        {
            "BeginOffset": 354,
            "EndOffset": 368,
            "Score": 0.9776462316513062,
            "Text": "course website"
        }
    ],
    "ResponseMetadata": {
        "HTTPHeaders": {
            "content-length": "1371",
            "content-type": "application/x-amz-json-1.1",
            "date": "Thu, 28 Mar 2019 12:54:32 GMT",
            "x-amzn-requestid": "a17f7fa7-5158-11e9-b1f4-0d6fc4dbbbce"
        },
        "HTTPStatusCode": 200,
        "RequestId": "a17f7fa7-5158-11e9-b1f4-0d6fc4dbbbce",
        "RetryAttempts": 0
    }
},
{
    "Week": 5,
    "Slide": 5,
    "KeyPhrases": [
        {
            "BeginOffset": 2,
            "EndOffset": 41,
            "Score": 0.9251580834388733,
            "Text": "Initialising Arrays\ninitialising arrays"
        },
        {
            "BeginOffset": 67,
            "EndOffset": 76,
            "Score": 0.9919098019599915,
            "Text": "yesterday"
        }
    ],
    "ResponseMetadata": {
        "HTTPHeaders": {
            "content-length": "206",
            "content-type": "application/x-amz-json-1.1",
            "date": "Thu, 28 Mar 2019 12:54:33 GMT",
            "x-amzn-requestid": "a23eb101-5158-11e9-9bf3-7b40ac3c3f45"
        },
        "HTTPStatusCode": 200,
        "RequestId": "a23eb101-5158-11e9-9bf3-7b40ac3c3f45",
        "RetryAttempts": 0
    }
},
{
    "Week": 5,
    "Slide": 6,
    "KeyPhrases": [
        {
            "BeginOffset": 14,
            "EndOffset": 34,
            "Score": 0.8752739429473877,
            "Text": "Uninitialised Arrays"
        },
        {
            "BeginOffset": 35,
            "EndOffset": 44,
            "Score": 0.999865710735321,
            "Text": "the array"
        },
        {
            "BeginOffset": 74,
            "EndOffset": 83,
            "Score": 0.7389283180236816,
            "Text": "int array"
        },
        {
            "BeginOffset": 83,
            "EndOffset": 89,
            "Score": 0.7736530900001526,
            "Text": "[SIZE]"
        },
        {
            "BeginOffset": 96,
            "EndOffset": 101,
            "Score": 0.6962592601776123,
            "Text": "int i"
        },
        {
            "BeginOffset": 104,
            "EndOffset": 105,
            "Score": 0.9498668909072876,
            "Text": "0"
        },
        {
            "BeginOffset": 116,
            "EndOffset": 124,
            "Score": 0.867840588092804,
            "Text": "i < SIZE"
        },
        {
            "BeginOffset": 134,
            "EndOffset": 140,
            "Score": 0.7962695360183716,
            "Text": "printf"
        },
        {
            "BeginOffset": 143,
            "EndOffset": 146,
            "Score": 0.74457848072052,
            "Text": "d\\n"
        },
        {
            "BeginOffset": 149,
            "EndOffset": 157,
            "Score": 0.7558264136314392,
            "Text": "array[i]"
        },
        {
            "BeginOffset": 180,
            "EndOffset": 229,
            "Score": 0.9017033576965332,
            "Text": "\u250c\u2500\u2500\u2500\u252c\u2500\u2500\u2500\u252c\u2500\u2500\u2500\u252c\u2500\u2500\u2500\u252c\u2500\u2500\u2500\u252c\u2500\u2500\u2500\u252c\u2500\u2500\u2500\u252c\u2500\u2500\u2500\u252c\u2500\u2500\u2500\u252c\u2500\u2500\u2500\u2510 \n\n\u2502 ? \u2502"
        },
        {
            "BeginOffset": 232,
            "EndOffset": 233,
            "Score": 0.37914881110191345,
            "Text": "\u2502"
        },
        {
            "BeginOffset": 236,
            "EndOffset": 237,
            "Score": 0.3934428095817566,
            "Text": "\u2502"
        },
        {
            "BeginOffset": 240,
            "EndOffset": 241,
            "Score": 0.39397695660591125,
            "Text": "\u2502"
        },
        {
            "BeginOffset": 244,
            "EndOffset": 245,
            "Score": 0.3905951678752899,
            "Text": "\u2502"
        },
        {
            "BeginOffset": 248,
            "EndOffset": 249,
            "Score": 0.38722100853919983,
            "Text": "\u2502"
        },
        {
            "BeginOffset": 252,
            "EndOffset": 253,
            "Score": 0.38435789942741394,
            "Text": "\u2502"
        },
        {
            "BeginOffset": 256,
            "EndOffset": 257,
            "Score": 0.3821541368961334,
            "Text": "\u2502"
        },
        {
            "BeginOffset": 260,
            "EndOffset": 261,
            "Score": 0.39027297496795654,
            "Text": "\u2502"
        },
        {
            "BeginOffset": 264,
            "EndOffset": 309,
            "Score": 0.9471954107284546,
            "Text": "\u2502 \n\n\u2514\u2500\u2500\u2500\u2534\u2500\u2500\u2500\u2534\u2500\u2500\u2500\u2534\u2500\u2500\u2500\u2534\u2500\u2500\u2500\u2534\u2500\u2500\u2500\u2534\u2500\u2500\u2500\u2534\u2500\u2500\u2500\u2534\u2500\u2500\u2500\u2534\u2500\u2500\u2500\u2518"
        },
        {
            "BeginOffset": 331,
            "EndOffset": 336,
            "Score": 0.9497020244598389,
            "Text": "print"
        },
        {
            "BeginOffset": 347,
            "EndOffset": 366,
            "Score": 0.9154518246650696,
            "Text": "undefined behaviour"
        },
        {
            "BeginOffset": 378,
            "EndOffset": 385,
            "Score": 0.9974554181098938,
            "Text": "no rule"
        }
    ],
    "ResponseMetadata": {
        "HTTPHeaders": {
            "content-length": "2086",
            "content-type": "application/x-amz-json-1.1",
            "date": "Thu, 28 Mar 2019 12:54:34 GMT",
            "x-amzn-requestid": "a2cebbc2-5158-11e9-8d49-d71cd8da7611"
        },
        "HTTPStatusCode": 200,
        "RequestId": "a2cebbc2-5158-11e9-8d49-d71cd8da7611",
        "RetryAttempts": 0
    }
},
{
    "Week": 5,
    "Slide": 7,
    "KeyPhrases": [
        {
            "BeginOffset": 14,
            "EndOffset": 43,
            "Score": 0.8315685391426086,
            "Text": "Uninitialised Arrays\nsolution"
        },
        {
            "BeginOffset": 45,
            "EndOffset": 55,
            "Score": 0.46284595131874084,
            "Text": "initialise"
        },
        {
            "BeginOffset": 56,
            "EndOffset": 65,
            "Score": 0.9291186332702637,
            "Text": "the array"
        },
        {
            "BeginOffset": 75,
            "EndOffset": 79,
            "Score": 0.6705361008644104,
            "Text": "note"
        },
        {
            "BeginOffset": 107,
            "EndOffset": 121,
            "Score": 0.9954888224601746,
            "Text": "all the values"
        },
        {
            "BeginOffset": 125,
            "EndOffset": 131,
            "Score": 0.9941912293434143,
            "Text": "a loop"
        },
        {
            "BeginOffset": 141,
            "EndOffset": 152,
            "Score": 0.7528498768806458,
            "Text": "array[SIZE]"
        },
        {
            "BeginOffset": 156,
            "EndOffset": 157,
            "Score": 0.6710833311080933,
            "Text": "0"
        },
        {
            "BeginOffset": 173,
            "EndOffset": 174,
            "Score": 0.9589499235153198,
            "Text": "0"
        },
        {
            "BeginOffset": 185,
            "EndOffset": 193,
            "Score": 0.8630358576774597,
            "Text": "i < SIZE"
        },
        {
            "BeginOffset": 203,
            "EndOffset": 209,
            "Score": 0.7966402173042297,
            "Text": "printf"
        },
        {
            "BeginOffset": 212,
            "EndOffset": 215,
            "Score": 0.744624674320221,
            "Text": "d\\n"
        },
        {
            "BeginOffset": 218,
            "EndOffset": 226,
            "Score": 0.7558350563049316,
            "Text": "array[i]"
        },
        {
            "BeginOffset": 249,
            "EndOffset": 377,
            "Score": 0.9519931077957153,
            "Text": "\u250c\u2500\u2500\u2500\u252c\u2500\u2500\u2500\u252c\u2500\u2500\u2500\u252c\u2500\u2500\u2500\u252c\u2500\u2500\u2500\u252c\u2500\u2500\u2500\u252c\u2500\u2500\u2500\u252c\u2500\u2500\u2500\u252c\u2500\u2500\u2500\u252c\u2500\u2500\u2500\u2510 \n\n\u2502 0 \u2502 0 \u2502 0 \u2502 0 \u2502 0 \u2502 0 \u2502 0 \u2502 0 \u2502 0 \u2502 0 \u2502 \n\n\u2514\u2500\u2500\u2500\u2534\u2500\u2500\u2500\u2534\u2500\u2500\u2500\u2534\u2500\u2500\u2500\u2534\u2500\u2500\u2500\u2534\u2500\u2500\u2500\u2534\u2500\u2500\u2500\u2534\u2500\u2500\u2500\u2534\u2500\u2500\u2500\u2534\u2500\u2500\u2500"
        }
    ],
    "ResponseMetadata": {
        "HTTPHeaders": {
            "content-length": "1458",
            "content-type": "application/x-amz-json-1.1",
            "date": "Thu, 28 Mar 2019 12:54:34 GMT",
            "x-amzn-requestid": "a35ec709-5158-11e9-b1f4-0d6fc4dbbbce"
        },
        "HTTPStatusCode": 200,
        "RequestId": "a35ec709-5158-11e9-b1f4-0d6fc4dbbbce",
        "RetryAttempts": 0
    }
},
{
    "Week": 5,
    "Slide": 8,
    "KeyPhrases": [
        {
            "BeginOffset": 2,
            "EndOffset": 21,
            "Score": 0.8217014670372009,
            "Text": "Initialising Arrays"
        },
        {
            "BeginOffset": 32,
            "EndOffset": 44,
            "Score": 0.9990531206130981,
            "Text": "several ways"
        },
        {
            "BeginOffset": 59,
            "EndOffset": 67,
            "Score": 0.9996050000190735,
            "Text": "an array"
        },
        {
            "BeginOffset": 75,
            "EndOffset": 95,
            "Score": 0.6651794910430908,
            "Text": "an array initialiser"
        },
        {
            "BeginOffset": 101,
            "EndOffset": 108,
            "Score": 0.7133988738059998,
            "Text": "/ array"
        },
        {
            "BeginOffset": 129,
            "EndOffset": 151,
            "Score": 0.7831011414527893,
            "Text": "all zeroes \n\nint array"
        },
        {
            "BeginOffset": 151,
            "EndOffset": 157,
            "Score": 0.6354890465736389,
            "Text": "[SIZE]"
        },
        {
            "BeginOffset": 161,
            "EndOffset": 162,
            "Score": 0.6754961609840393,
            "Text": "0"
        },
        {
            "BeginOffset": 170,
            "EndOffset": 298,
            "Score": 0.942130446434021,
            "Text": "\u250c\u2500\u2500\u2500\u252c\u2500\u2500\u2500\u252c\u2500\u2500\u2500\u252c\u2500\u2500\u2500\u252c\u2500\u2500\u2500\u252c\u2500\u2500\u2500\u252c\u2500\u2500\u2500\u252c\u2500\u2500\u2500\u252c\u2500\u2500\u2500\u252c\u2500\u2500\u2500\u2510 \n\n\u2502 0 \u2502 0 \u2502 0 \u2502 0 \u2502 0 \u2502 0 \u2502 0 \u2502 0 \u2502 0 \u2502 0 \u2502 \n\n\u2514\u2500\u2500\u2500\u2534\u2500\u2500\u2500\u2534\u2500\u2500\u2500\u2534\u2500\u2500\u2500\u2534\u2500\u2500\u2500\u2534\u2500\u2500\u2500\u2534\u2500\u2500\u2500\u2534\u2500\u2500\u2500\u2534\u2500\u2500\u2500\u2534\u2500\u2500\u2500"
        }
    ],
    "ResponseMetadata": {
        "HTTPHeaders": {
            "content-length": "1076",
            "content-type": "application/x-amz-json-1.1",
            "date": "Thu, 28 Mar 2019 12:54:35 GMT",
            "x-amzn-requestid": "a3fd0289-5158-11e9-a283-3b6eea63fce5"
        },
        "HTTPStatusCode": 200,
        "RequestId": "a3fd0289-5158-11e9-a283-3b6eea63fce5",
        "RetryAttempts": 0
    }
},
{
    "Week": 5,
    "Slide": 9,
    "KeyPhrases": [
        {
            "BeginOffset": 2,
            "EndOffset": 21,
            "Score": 0.8217014670372009,
            "Text": "Initialising Arrays"
        },
        {
            "BeginOffset": 32,
            "EndOffset": 44,
            "Score": 0.9990531206130981,
            "Text": "several ways"
        },
        {
            "BeginOffset": 59,
            "EndOffset": 67,
            "Score": 0.9996050000190735,
            "Text": "an array"
        },
        {
            "BeginOffset": 75,
            "EndOffset": 95,
            "Score": 0.6651794910430908,
            "Text": "an array initialiser"
        },
        {
            "BeginOffset": 101,
            "EndOffset": 108,
            "Score": 0.6961782574653625,
            "Text": "/ array"
        },
        {
            "BeginOffset": 134,
            "EndOffset": 147,
            "Score": 0.9854936599731445,
            "Text": "1, 2, 3, 4, 5"
        },
        {
            "BeginOffset": 154,
            "EndOffset": 162,
            "Score": 0.7486993074417114,
            "Text": "the rest"
        },
        {
            "BeginOffset": 163,
            "EndOffset": 176,
            "Score": 0.8009986281394958,
            "Text": "0 \n\nint array"
        },
        {
            "BeginOffset": 177,
            "EndOffset": 182,
            "Score": 0.8611689805984497,
            "Text": "SIZE]"
        },
        {
            "BeginOffset": 186,
            "EndOffset": 199,
            "Score": 0.9362941980361938,
            "Text": "1, 2, 3, 4, 5"
        },
        {
            "BeginOffset": 207,
            "EndOffset": 335,
            "Score": 0.9459206461906433,
            "Text": "\u250c\u2500\u2500\u2500\u252c\u2500\u2500\u2500\u252c\u2500\u2500\u2500\u252c\u2500\u2500\u2500\u252c\u2500\u2500\u2500\u252c\u2500\u2500\u2500\u252c\u2500\u2500\u2500\u252c\u2500\u2500\u2500\u252c\u2500\u2500\u2500\u252c\u2500\u2500\u2500\u2510 \n\n\u2502 1 \u2502 2 \u2502 3 \u2502 4 \u2502 5 \u2502 0 \u2502 0 \u2502 0 \u2502 0 \u2502 0 \u2502 \n\n\u2514\u2500\u2500\u2500\u2534\u2500\u2500\u2500\u2534\u2500\u2500\u2500\u2534\u2500\u2500\u2500\u2534\u2500\u2500\u2500\u2534\u2500\u2500\u2500\u2534\u2500\u2500\u2500\u2534\u2500\u2500\u2500\u2534\u2500\u2500\u2500\u2534\u2500\u2500\u2500"
        }
    ],
    "ResponseMetadata": {
        "HTTPHeaders": {
            "content-length": "1246",
            "content-type": "application/x-amz-json-1.1",
            "date": "Thu, 28 Mar 2019 12:54:36 GMT",
            "x-amzn-requestid": "a49c9e25-5158-11e9-8cd3-a305e61d9913"
        },
        "HTTPStatusCode": 200,
        "RequestId": "a49c9e25-5158-11e9-8cd3-a305e61d9913",
        "RetryAttempts": 0
    }
},
{
    "Week": 5,
    "Slide": 10,
    "KeyPhrases": [
        {
            "BeginOffset": 2,
            "EndOffset": 21,
            "Score": 0.8217014670372009,
            "Text": "Initialising Arrays"
        },
        {
            "BeginOffset": 32,
            "EndOffset": 44,
            "Score": 0.9990531206130981,
            "Text": "several ways"
        },
        {
            "BeginOffset": 59,
            "EndOffset": 67,
            "Score": 0.9994238615036011,
            "Text": "an array"
        },
        {
            "BeginOffset": 75,
            "EndOffset": 91,
            "Score": 0.7948094010353088,
            "Text": "a loop\n\n \n\nint i"
        },
        {
            "BeginOffset": 94,
            "EndOffset": 95,
            "Score": 0.9487215280532837,
            "Text": "0"
        },
        {
            "BeginOffset": 106,
            "EndOffset": 114,
            "Score": 0.8680182695388794,
            "Text": "i < SIZE"
        },
        {
            "BeginOffset": 116,
            "EndOffset": 129,
            "Score": 0.6670429110527039,
            "Text": "{ \n\n    array"
        },
        {
            "BeginOffset": 147,
            "EndOffset": 276,
            "Score": 0.9653784036636353,
            "Text": "\u250c\u2500\u2500\u2500\u252c\u2500\u2500\u2500\u252c\u2500\u2500\u2500\u252c\u2500\u2500\u2500\u252c\u2500\u2500\u2500\u252c\u2500\u2500\u2500\u252c\u2500\u2500\u2500\u252c\u2500\u2500\u2500\u252c\u2500\u2500\u2500\u252c\u2500\u2500\u2500\u2510 \n\n\u2502 0 \u2502 1 \u2502 2 \u2502 3 \u2502 4 \u2502 5 \u2502 6 \u2502 7 \u2502 8 \u2502 9 \u2502 \n\n\u2514\u2500\u2500\u2500\u2534\u2500\u2500\u2500\u2534\u2500\u2500\u2500\u2534\u2500\u2500\u2500\u2534\u2500\u2500\u2500\u2534\u2500\u2500\u2500\u2534\u2500\u2500\u2500\u2534\u2500\u2500\u2500\u2534\u2500\u2500\u2500\u2534\u2500\u2500\u2500\u2518"
        },
        {
            "BeginOffset": 336,
            "EndOffset": 342,
            "Score": 0.9996185302734375,
            "Text": "values"
        },
        {
            "BeginOffset": 346,
            "EndOffset": 357,
            "Score": 0.9989836812019348,
            "Text": "your choice"
        }
    ],
    "ResponseMetadata": {
        "HTTPHeaders": {
            "content-length": "1154",
            "content-type": "application/x-amz-json-1.1",
            "date": "Thu, 28 Mar 2019 12:54:38 GMT",
            "x-amzn-requestid": "a54bc9b4-5158-11e9-9413-d9ac0f641d76"
        },
        "HTTPStatusCode": 200,
        "RequestId": "a54bc9b4-5158-11e9-9413-d9ac0f641d76",
        "RetryAttempts": 0
    }
},
{
    "Week": 5,
    "Slide": 11,
    "KeyPhrases": [
        {
            "BeginOffset": 2,
            "EndOffset": 22,
            "Score": 0.9095513820648193,
            "Text": "Initialising Strings"
        },
        {
            "BeginOffset": 41,
            "EndOffset": 48,
            "Score": 0.9973832964897156,
            "Text": "strings"
        },
        {
            "BeginOffset": 52,
            "EndOffset": 85,
            "Score": 0.7949185371398926,
            "Text": "a similar way\n\n \n\nchar name[SIZE]"
        },
        {
            "BeginOffset": 125,
            "EndOffset": 300,
            "Score": 0.9463136792182922,
            "Text": "\u250c\u2500\u2500\u2500\u252c\u2500\u2500\u2500\u252c\u2500\u2500\u2500\u252c\u2500\u2500\u2500\u252c\u2500\u2500\u2500\u252c\u2500\u2500\u2500\u252c\u2500\u2500\u2500\u252c\u2500\u2500\u2500\u252c\u2500\u2500\u2500\u252c\u2500\u2500\u2500\u2510 \n\n\u2502 A \u2502 N \u2502 D \u2502 R \u2502 E \u2502 W \u2502 0 \u2502 0 \u2502 0 \u2502 0 \u2502 \n\n\u2514\u2500\u2500\u2500\u2534\u2500\u2500\u2500\u2534\u2500\u2500\u2500\u2534\u2500\u2500\u2500\u2534\u2500\u2500\u2500\u2534\u2500\u2500\u2500\u2534\u2500\u2500\u2500\u2534\u2500\u2500\u2500\u2534\u2500\u2500\u2500\u2534\u2500\u2500\u2500\u2518 \n\n| 0 | 1 | 2 | 3 | 4 | 5 | 6 | 7 | 8 | 9 \n\n("
        },
        {
            "BeginOffset": 310,
            "EndOffset": 332,
            "Score": 0.9950733184814453,
            "Text": "the remaining elements"
        },
        {
            "BeginOffset": 354,
            "EndOffset": 360,
            "Score": 0.9985637068748474,
            "Text": "zeroes"
        }
    ],
    "ResponseMetadata": {
        "HTTPHeaders": {
            "content-length": "908",
            "content-type": "application/x-amz-json-1.1",
            "date": "Thu, 28 Mar 2019 12:54:39 GMT",
            "x-amzn-requestid": "a61b75e5-5158-11e9-88a1-7f24626c0794"
        },
        "HTTPStatusCode": 200,
        "RequestId": "a61b75e5-5158-11e9-88a1-7f24626c0794",
        "RetryAttempts": 0
    }
},
{
    "Week": 5,
    "Slide": 12,
    "KeyPhrases": [
        {
            "BeginOffset": 2,
            "EndOffset": 22,
            "Score": 0.9115763902664185,
            "Text": "Initialising Strings"
        },
        {
            "BeginOffset": 31,
            "EndOffset": 43,
            "Score": 0.9978091716766357,
            "Text": "a short-hand"
        },
        {
            "BeginOffset": 47,
            "EndOffset": 78,
            "Score": 0.8323374390602112,
            "Text": "C\n\n \n\nchar name[SIZE] = \"ANDREW"
        },
        {
            "BeginOffset": 86,
            "EndOffset": 259,
            "Score": 0.9282776117324829,
            "Text": "\u250c\u2500\u2500\u2500\u252c\u2500\u2500\u2500\u252c\u2500\u2500\u2500\u252c\u2500\u2500\u2500\u252c\u2500\u2500\u2500\u252c\u2500\u2500\u2500\u252c\u2500\u2500\u2500\u2500\u252c\u2500\u2500\u2500\u252c\u2500\u2500\u2500\u252c\u2500\u2500\u2500\u2510 \n\n\u2502 A \u2502 N \u2502 D \u2502 R \u2502 E \u2502 W \u2502 \\0 \u2502 ? \u2502 ? \u2502 ? \u2502 \n\n\u2514\u2500\u2500\u2500\u2534\u2500\u2500\u2500\u2534\u2500\u2500\u2500\u2534\u2500\u2500\u2500\u2534\u2500\u2500\u2500\u2534\u2500\u2500\u2500\u2534\u2500\u2500\u2500\u2500\u2534\u2500\u2500\u2500\u2534\u2500\u2500\u2500\u2534\u2500\u2500\u2500\u2518 \n\n| 0 | 1 | 2 | 3 | 4 | 5 |  6 | 7 | 8 |"
        }
    ],
    "ResponseMetadata": {
        "HTTPHeaders": {
            "content-length": "738",
            "content-type": "application/x-amz-json-1.1",
            "date": "Thu, 28 Mar 2019 12:54:40 GMT",
            "x-amzn-requestid": "a6ca5376-5158-11e9-b79a-031038b16953"
        },
        "HTTPStatusCode": 200,
        "RequestId": "a6ca5376-5158-11e9-b79a-031038b16953",
        "RetryAttempts": 0
    }
},
{
    "Week": 5,
    "Slide": 13,
    "KeyPhrases": [
        {
            "BeginOffset": 2,
            "EndOffset": 22,
            "Score": 0.9340264797210693,
            "Text": "Initialising Strings"
        },
        {
            "BeginOffset": 53,
            "EndOffset": 62,
            "Score": 0.5777559876441956,
            "Text": "more than"
        },
        {
            "BeginOffset": 77,
            "EndOffset": 119,
            "Score": 0.7863299250602722,
            "Text": "#define SIZE 2 \n\nchar name[SIZE] = \"ANDREW"
        },
        {
            "BeginOffset": 127,
            "EndOffset": 205,
            "Score": 0.9090402722358704,
            "Text": "\u250c\u2500\u2500\u2500\u252c\u2500\u2500\u2500\u2510 \n\n\u2502 A \u2502 N \u2502 D \u2502 R \u2502 E \u2502 W \u2502 \\0 \u2502 ? \u2502 ? \u2502 ? \u2502 \n\n\u2514\u2500\u2500\u2500\u2534\u2500\u2500\u2500\u2518 \n\n| 0 | 1 |"
        }
    ],
    "ResponseMetadata": {
        "HTTPHeaders": {
            "content-length": "519",
            "content-type": "application/x-amz-json-1.1",
            "date": "Thu, 28 Mar 2019 12:54:41 GMT",
            "x-amzn-requestid": "a7797f06-5158-11e9-a9c1-9d8813a6657d"
        },
        "HTTPStatusCode": 200,
        "RequestId": "a7797f06-5158-11e9-a9c1-9d8813a6657d",
        "RetryAttempts": 0
    }
},
{
    "Week": 5,
    "Slide": 14,
    "KeyPhrases": [
        {
            "BeginOffset": 2,
            "EndOffset": 22,
            "Score": 0.8981264233589172,
            "Text": "Initialising Strings"
        },
        {
            "BeginOffset": 35,
            "EndOffset": 43,
            "Score": 0.9802501797676086,
            "Text": "the size"
        },
        {
            "BeginOffset": 93,
            "EndOffset": 102,
            "Score": 0.5867378115653992,
            "Text": "char name"
        }
    ],
    "ResponseMetadata": {
        "HTTPHeaders": {
            "content-length": "266",
            "content-type": "application/x-amz-json-1.1",
            "date": "Thu, 28 Mar 2019 12:54:42 GMT",
            "x-amzn-requestid": "a828d227-5158-11e9-b270-937b8b08d656"
        },
        "HTTPStatusCode": 200,
        "RequestId": "a828d227-5158-11e9-b270-937b8b08d656",
        "RetryAttempts": 0
    }
},
{
    "Week": 5,
    "Slide": 15,
    "KeyPhrases": [
        {
            "BeginOffset": 2,
            "EndOffset": 22,
            "Score": 0.8981264233589172,
            "Text": "Initialising Strings"
        },
        {
            "BeginOffset": 35,
            "EndOffset": 43,
            "Score": 0.9802501797676086,
            "Text": "the size"
        },
        {
            "BeginOffset": 93,
            "EndOffset": 102,
            "Score": 0.5860835313796997,
            "Text": "char name"
        },
        {
            "BeginOffset": 144,
            "EndOffset": 251,
            "Score": 0.9380654096603394,
            "Text": "\u250c\u2500\u2500\u2500\u252c\u2500\u2500\u2500\u252c\u2500\u2500\u2500\u252c\u2500\u2500\u2500\u252c\u2500\u2500\u2500\u252c\u2500\u2500\u2500\u2510 \n\n\u2502 A \u2502 N \u2502 D \u2502 R \u2502 E \u2502 W \u2502 \n\n\u2514\u2500\u2500\u2500\u2534\u2500\u2500\u2500\u2534\u2500\u2500\u2500\u2534\u2500\u2500\u2500\u2534\u2500\u2500\u2500\u2534\u2500\u2500\u2500\u2518 \n\n| 0 | 1 | 2 | 3 | 4 | 5"
        },
        {
            "BeginOffset": 262,
            "EndOffset": 273,
            "Score": 0.9976209998130798,
            "Text": "the problem"
        }
    ],
    "ResponseMetadata": {
        "HTTPHeaders": {
            "content-length": "650",
            "content-type": "application/x-amz-json-1.1",
            "date": "Thu, 28 Mar 2019 12:54:44 GMT",
            "x-amzn-requestid": "a8d84bfc-5158-11e9-a41b-5514da879d83"
        },
        "HTTPStatusCode": 200,
        "RequestId": "a8d84bfc-5158-11e9-a41b-5514da879d83",
        "RetryAttempts": 0
    }
},
{
    "Week": 5,
    "Slide": 16,
    "KeyPhrases": [
        {
            "BeginOffset": 2,
            "EndOffset": 22,
            "Score": 0.8981264233589172,
            "Text": "Initialising Strings"
        },
        {
            "BeginOffset": 35,
            "EndOffset": 43,
            "Score": 0.9802501797676086,
            "Text": "the size"
        },
        {
            "BeginOffset": 93,
            "EndOffset": 102,
            "Score": 0.5860835313796997,
            "Text": "char name"
        },
        {
            "BeginOffset": 139,
            "EndOffset": 141,
            "Score": 0.7445851564407349,
            "Text": "\\0"
        },
        {
            "BeginOffset": 150,
            "EndOffset": 274,
            "Score": 0.9434850811958313,
            "Text": "\u250c\u2500\u2500\u2500\u252c\u2500\u2500\u2500\u252c\u2500\u2500\u2500\u252c\u2500\u2500\u2500\u252c\u2500\u2500\u2500\u252c\u2500\u2500\u2500\u252c\u2500\u2500\u2500\u2500\u2510 \n\n\u2502 A \u2502 N \u2502 D \u2502 R \u2502 E \u2502 W \u2502 \\0 \u2502 \n\n\u2514\u2500\u2500\u2500\u2534\u2500\u2500\u2500\u2534\u2500\u2500\u2500\u2534\u2500\u2500\u2500\u2534\u2500\u2500\u2500\u2534\u2500\u2500\u2500\u2534\u2500\u2500\u2500\u2500\u2518 \n\n| 0 | 1 | 2 | 3 | 4 | 5 |"
        }
    ],
    "ResponseMetadata": {
        "HTTPHeaders": {
            "content-length": "682",
            "content-type": "application/x-amz-json-1.1",
            "date": "Thu, 28 Mar 2019 12:54:45 GMT",
            "x-amzn-requestid": "a9785bdf-5158-11e9-a283-3b6eea63fce5"
        },
        "HTTPStatusCode": 200,
        "RequestId": "a9785bdf-5158-11e9-a283-3b6eea63fce5",
        "RetryAttempts": 0
    }
},
{
    "Week": 5,
    "Slide": 17,
    "KeyPhrases": [],
    "ResponseMetadata": {
        "HTTPHeaders": {
            "content-length": "17",
            "content-type": "application/x-amz-json-1.1",
            "date": "Thu, 28 Mar 2019 12:54:46 GMT",
            "x-amzn-requestid": "aa26ec25-5158-11e9-adf9-192c939d7e83"
        },
        "HTTPStatusCode": 200,
        "RequestId": "aa26ec25-5158-11e9-adf9-192c939d7e83",
        "RetryAttempts": 0
    }
},
{
    "Week": 5,
    "Slide": 18,
    "KeyPhrases": [
        {
            "BeginOffset": 2,
            "EndOffset": 24,
            "Score": 0.8740118741989136,
            "Text": "Command Line Arguments"
        },
        {
            "BeginOffset": 26,
            "EndOffset": 44,
            "Score": 0.9473218321800232,
            "Text": "0 or more\u201d strings"
        },
        {
            "BeginOffset": 60,
            "EndOffset": 71,
            "Score": 0.999563992023468,
            "Text": "the program"
        },
        {
            "BeginOffset": 98,
            "EndOffset": 111,
            "Score": 0.8303428888320923,
            "Text": "these\n\ndcc -o"
        },
        {
            "BeginOffset": 112,
            "EndOffset": 123,
            "Score": 0.5328664183616638,
            "Text": "hello hello"
        },
        {
            "BeginOffset": 133,
            "EndOffset": 136,
            "Score": 0.9770128726959229,
            "Text": "dcc"
        },
        {
            "BeginOffset": 155,
            "EndOffset": 179,
            "Score": 0.9762926697731018,
            "Text": "3 command line arguments"
        }
    ],
    "ResponseMetadata": {
        "HTTPHeaders": {
            "content-length": "624",
            "content-type": "application/x-amz-json-1.1",
            "date": "Thu, 28 Mar 2019 12:54:47 GMT",
            "x-amzn-requestid": "aad63e73-5158-11e9-902b-adbe1c0e68b7"
        },
        "HTTPStatusCode": 200,
        "RequestId": "aad63e73-5158-11e9-902b-adbe1c0e68b7",
        "RetryAttempts": 0
    }
},
{
    "Week": 5,
    "Slide": 19,
    "KeyPhrases": [
        {
            "BeginOffset": 2,
            "EndOffset": 24,
            "Score": 0.8740118741989136,
            "Text": "Command Line Arguments"
        },
        {
            "BeginOffset": 26,
            "EndOffset": 44,
            "Score": 0.9473218321800232,
            "Text": "0 or more\u201d strings"
        },
        {
            "BeginOffset": 60,
            "EndOffset": 71,
            "Score": 0.9962934851646423,
            "Text": "the program"
        },
        {
            "BeginOffset": 87,
            "EndOffset": 104,
            "Score": 0.8088286519050598,
            "Text": "the program hello"
        }
    ],
    "ResponseMetadata": {
        "HTTPHeaders": {
            "content-length": "370",
            "content-type": "application/x-amz-json-1.1",
            "date": "Thu, 28 Mar 2019 12:54:48 GMT",
            "x-amzn-requestid": "ab8569d1-5158-11e9-a9c1-9d8813a6657d"
        },
        "HTTPStatusCode": 200,
        "RequestId": "ab8569d1-5158-11e9-a9c1-9d8813a6657d",
        "RetryAttempts": 0
    }
},
{
    "Week": 5,
    "Slide": 20,
    "KeyPhrases": [
        {
            "BeginOffset": 2,
            "EndOffset": 24,
            "Score": 0.8740118741989136,
            "Text": "Command Line Arguments"
        },
        {
            "BeginOffset": 26,
            "EndOffset": 44,
            "Score": 0.9473218321800232,
            "Text": "0 or more\u201d strings"
        },
        {
            "BeginOffset": 60,
            "EndOffset": 71,
            "Score": 0.9962934851646423,
            "Text": "the program"
        },
        {
            "BeginOffset": 86,
            "EndOffset": 96,
            "Score": 0.9992327690124512,
            "Text": "some thing"
        },
        {
            "BeginOffset": 108,
            "EndOffset": 119,
            "Score": 0.7239207029342651,
            "Text": "the program"
        }
    ],
    "ResponseMetadata": {
        "HTTPHeaders": {
            "content-length": "446",
            "content-type": "application/x-amz-json-1.1",
            "date": "Thu, 28 Mar 2019 12:54:49 GMT",
            "x-amzn-requestid": "ac34e3e4-5158-11e9-a369-99e6fd3713b6"
        },
        "HTTPStatusCode": 200,
        "RequestId": "ac34e3e4-5158-11e9-a369-99e6fd3713b6",
        "RetryAttempts": 0
    }
},
{
    "Week": 5,
    "Slide": 21,
    "KeyPhrases": [
        {
            "BeginOffset": 2,
            "EndOffset": 24,
            "Score": 0.9143230319023132,
            "Text": "Command Line Arguments"
        },
        {
            "BeginOffset": 48,
            "EndOffset": 59,
            "Score": 0.9996576309204102,
            "Text": "our program"
        },
        {
            "BeginOffset": 72,
            "EndOffset": 87,
            "Score": 0.9997947812080383,
            "Text": "the \n\nsignature"
        },
        {
            "BeginOffset": 91,
            "EndOffset": 121,
            "Score": 0.8528807163238525,
            "Text": "the main function\n\n \n\nint main"
        },
        {
            "BeginOffset": 123,
            "EndOffset": 131,
            "Score": 0.835212230682373,
            "Text": "int argc"
        },
        {
            "BeginOffset": 133,
            "EndOffset": 137,
            "Score": 0.46828606724739075,
            "Text": "char"
        },
        {
            "BeginOffset": 139,
            "EndOffset": 145,
            "Score": 0.8288398385047913,
            "Text": "argv[]"
        },
        {
            "BeginOffset": 155,
            "EndOffset": 162,
            "Score": 0.8669297695159912,
            "Text": "// code"
        },
        {
            "BeginOffset": 179,
            "EndOffset": 183,
            "Score": 0.5253039598464966,
            "Text": "argc"
        },
        {
            "BeginOffset": 191,
            "EndOffset": 201,
            "Score": 0.9984645843505859,
            "Text": "the number"
        },
        {
            "BeginOffset": 205,
            "EndOffset": 220,
            "Score": 0.6209813952445984,
            "Text": "arguments\n\nargv"
        },
        {
            "BeginOffset": 228,
            "EndOffset": 240,
            "Score": 0.9997637867927551,
            "Text": "the contents"
        }
    ],
    "ResponseMetadata": {
        "HTTPHeaders": {
            "content-length": "1036",
            "content-type": "application/x-amz-json-1.1",
            "date": "Thu, 28 Mar 2019 12:54:51 GMT",
            "x-amzn-requestid": "ace40fb4-5158-11e9-8eba-154ad056dc4d"
        },
        "HTTPStatusCode": 200,
        "RequestId": "ace40fb4-5158-11e9-8eba-154ad056dc4d",
        "RetryAttempts": 0
    }
},
{
    "Week": 5,
    "Slide": 22,
    "KeyPhrases": [
        {
            "BeginOffset": 2,
            "EndOffset": 24,
            "Score": 0.9220880270004272,
            "Text": "Command Line Arguments"
        },
        {
            "BeginOffset": 27,
            "EndOffset": 34,
            "Score": 0.4862353503704071,
            "Text": "program"
        },
        {
            "BeginOffset": 57,
            "EndOffset": 70,
            "Score": 0.9982095956802368,
            "Text": "two arguments"
        },
        {
            "BeginOffset": 96,
            "EndOffset": 104,
            "Score": 0.7858090400695801,
            "Text": "int main"
        },
        {
            "BeginOffset": 106,
            "EndOffset": 114,
            "Score": 0.7164520621299744,
            "Text": "int argc"
        },
        {
            "BeginOffset": 116,
            "EndOffset": 120,
            "Score": 0.47939473390579224,
            "Text": "char"
        },
        {
            "BeginOffset": 122,
            "EndOffset": 128,
            "Score": 0.8267433047294617,
            "Text": "argv[]"
        },
        {
            "BeginOffset": 141,
            "EndOffset": 145,
            "Score": 0.9039241671562195,
            "Text": "argc"
        },
        {
            "BeginOffset": 149,
            "EndOffset": 163,
            "Score": 0.9368160367012024,
            "Text": "2 \n\n    printf"
        },
        {
            "BeginOffset": 166,
            "EndOffset": 169,
            "Score": 0.7559666037559509,
            "Text": "d\\n"
        },
        {
            "BeginOffset": 172,
            "EndOffset": 176,
            "Score": 0.8361754417419434,
            "Text": "argc"
        },
        {
            "BeginOffset": 208,
            "EndOffset": 221,
            "Score": 0.9205858707427979,
            "Text": "the arguments"
        },
        {
            "BeginOffset": 236,
            "EndOffset": 237,
            "Score": 0.960363507270813,
            "Text": "0"
        },
        {
            "BeginOffset": 252,
            "EndOffset": 260,
            "Score": 0.805353581905365,
            "Text": "i < argc"
        },
        {
            "BeginOffset": 274,
            "EndOffset": 280,
            "Score": 0.7753065228462219,
            "Text": "printf"
        },
        {
            "BeginOffset": 282,
            "EndOffset": 292,
            "Score": 0.7209537625312805,
            "Text": "Argument %"
        },
        {
            "BeginOffset": 298,
            "EndOffset": 302,
            "Score": 0.7423302531242371,
            "Text": "%s\\n"
        },
        {
            "BeginOffset": 308,
            "EndOffset": 315,
            "Score": 0.8688889145851135,
            "Text": "argv[i]"
        },
        {
            "BeginOffset": 347,
            "EndOffset": 351,
            "Score": 0.4861312508583069,
            "Text": "argc"
        },
        {
            "BeginOffset": 359,
            "EndOffset": 369,
            "Score": 0.99856036901474,
            "Text": "the number"
        },
        {
            "BeginOffset": 373,
            "EndOffset": 388,
            "Score": 0.6144581437110901,
            "Text": "arguments\n\nargv"
        },
        {
            "BeginOffset": 396,
            "EndOffset": 408,
            "Score": 0.999769389629364,
            "Text": "the contents"
        }
    ],
    "ResponseMetadata": {
        "HTTPHeaders": {
            "content-length": "1799",
            "content-type": "application/x-amz-json-1.1",
            "date": "Thu, 28 Mar 2019 12:54:52 GMT",
            "x-amzn-requestid": "ad83f970-5158-11e9-9067-a580ee7ec557"
        },
        "HTTPStatusCode": 200,
        "RequestId": "ad83f970-5158-11e9-9067-a580ee7ec557",
        "RetryAttempts": 0
    }
},
{
    "Week": 5,
    "Slide": 23,
    "KeyPhrases": [
        {
            "BeginOffset": 2,
            "EndOffset": 13,
            "Score": 0.6266127824783325,
            "Text": "fgets\nfgets"
        },
        {
            "BeginOffset": 14,
            "EndOffset": 19,
            "Score": 0.8308144211769104,
            "Text": "array"
        },
        {
            "BeginOffset": 21,
            "EndOffset": 31,
            "Score": 0.9403303265571594,
            "Text": "array size"
        },
        {
            "BeginOffset": 33,
            "EndOffset": 39,
            "Score": 0.9818829298019409,
            "Text": "stream"
        },
        {
            "BeginOffset": 48,
            "EndOffset": 54,
            "Score": 0.9996049404144287,
            "Text": "a line"
        },
        {
            "BeginOffset": 58,
            "EndOffset": 82,
            "Score": 0.8911383152008057,
            "Text": "text\n\narray - char array"
        },
        {
            "BeginOffset": 101,
            "EndOffset": 121,
            "Score": 0.8665975332260132,
            "Text": "the line \narray size"
        },
        {
            "BeginOffset": 124,
            "EndOffset": 132,
            "Score": 0.9968337416648865,
            "Text": "the size"
        },
        {
            "BeginOffset": 136,
            "EndOffset": 154,
            "Score": 0.8881873488426208,
            "Text": "the array \n\nstream"
        },
        {
            "BeginOffset": 171,
            "EndOffset": 179,
            "Score": 0.9988709688186646,
            "Text": "the line"
        },
        {
            "BeginOffset": 186,
            "EndOffset": 203,
            "Score": 0.8044009208679199,
            "Text": "e.g.\u00a0stdin\n\nfgets"
        },
        {
            "BeginOffset": 223,
            "EndOffset": 249,
            "Score": 0.8993939161300659,
            "Text": "more than array size chars"
        },
        {
            "BeginOffset": 253,
            "EndOffset": 262,
            "Score": 0.9986118078231812,
            "Text": "the array"
        },
        {
            "BeginOffset": 274,
            "EndOffset": 286,
            "Score": 0.9950886368751526,
            "Text": "the function"
        }
    ],
    "ResponseMetadata": {
        "HTTPHeaders": {
            "content-length": "1214",
            "content-type": "application/x-amz-json-1.1",
            "date": "Thu, 28 Mar 2019 12:54:52 GMT",
            "x-amzn-requestid": "ae32b008-5158-11e9-b270-937b8b08d656"
        },
        "HTTPStatusCode": 200,
        "RequestId": "ae32b008-5158-11e9-b270-937b8b08d656",
        "RetryAttempts": 0
    }
},
{
    "Week": 5,
    "Slide": 24,
    "KeyPhrases": [
        {
            "BeginOffset": 2,
            "EndOffset": 8,
            "Score": 0.9112151265144348,
            "Text": "string"
        },
        {
            "BeginOffset": 9,
            "EndOffset": 30,
            "Score": 0.7654739618301392,
            "Text": "h\n \n\n#include <string"
        },
        {
            "BeginOffset": 31,
            "EndOffset": 52,
            "Score": 0.7849018573760986,
            "Text": "h> \n\n// string length"
        },
        {
            "BeginOffset": 68,
            "EndOffset": 72,
            "Score": 0.9108912944793701,
            "Text": "\u2019\\0\u2019"
        },
        {
            "BeginOffset": 80,
            "EndOffset": 86,
            "Score": 0.7237086296081543,
            "Text": "strlen"
        },
        {
            "BeginOffset": 87,
            "EndOffset": 94,
            "Score": 0.70441073179245,
            "Text": "char *s"
        },
        {
            "BeginOffset": 102,
            "EndOffset": 108,
            "Score": 0.5373631119728088,
            "Text": "string"
        },
        {
            "BeginOffset": 116,
            "EndOffset": 120,
            "Score": 0.5487695932388306,
            "Text": "char"
        },
        {
            "BeginOffset": 122,
            "EndOffset": 128,
            "Score": 0.6588181257247925,
            "Text": "strcpy"
        },
        {
            "BeginOffset": 129,
            "EndOffset": 139,
            "Score": 0.701636791229248,
            "Text": "char *dest"
        },
        {
            "BeginOffset": 141,
            "EndOffset": 145,
            "Score": 0.4950738251209259,
            "Text": "char"
        },
        {
            "BeginOffset": 147,
            "EndOffset": 150,
            "Score": 0.9439738988876343,
            "Text": "src"
        },
        {
            "BeginOffset": 155,
            "EndOffset": 159,
            "Score": 0.5678537487983704,
            "Text": "char"
        },
        {
            "BeginOffset": 161,
            "EndOffset": 168,
            "Score": 0.6975239515304565,
            "Text": "strncpy"
        },
        {
            "BeginOffset": 169,
            "EndOffset": 179,
            "Score": 0.6930729150772095,
            "Text": "char *dest"
        },
        {
            "BeginOffset": 181,
            "EndOffset": 185,
            "Score": 0.5250799059867859,
            "Text": "char"
        },
        {
            "BeginOffset": 187,
            "EndOffset": 190,
            "Score": 0.841059684753418,
            "Text": "src"
        },
        {
            "BeginOffset": 192,
            "EndOffset": 197,
            "Score": 0.8426956534385681,
            "Text": "int n"
        },
        {
            "BeginOffset": 205,
            "EndOffset": 211,
            "Score": 0.5216602683067322,
            "Text": "string"
        },
        {
            "BeginOffset": 212,
            "EndOffset": 239,
            "Score": 0.7189958691596985,
            "Text": "concatenation/append \n\nchar"
        },
        {
            "BeginOffset": 241,
            "EndOffset": 247,
            "Score": 0.5922700762748718,
            "Text": "strcat"
        },
        {
            "BeginOffset": 248,
            "EndOffset": 258,
            "Score": 0.7123044729232788,
            "Text": "char *dest"
        },
        {
            "BeginOffset": 260,
            "EndOffset": 264,
            "Score": 0.495770126581192,
            "Text": "char"
        },
        {
            "BeginOffset": 266,
            "EndOffset": 269,
            "Score": 0.9440669417381287,
            "Text": "src"
        },
        {
            "BeginOffset": 274,
            "EndOffset": 278,
            "Score": 0.5362998843193054,
            "Text": "char"
        },
        {
            "BeginOffset": 280,
            "EndOffset": 287,
            "Score": 0.6460279226303101,
            "Text": "strncat"
        },
        {
            "BeginOffset": 288,
            "EndOffset": 298,
            "Score": 0.6859229207038879,
            "Text": "char *dest"
        },
        {
            "BeginOffset": 300,
            "EndOffset": 304,
            "Score": 0.5258485078811646,
            "Text": "char"
        },
        {
            "BeginOffset": 306,
            "EndOffset": 309,
            "Score": 0.8413187861442566,
            "Text": "src"
        },
        {
            "BeginOffset": 311,
            "EndOffset": 316,
            "Score": 0.8277120590209961,
            "Text": "int n"
        }
    ],
    "ResponseMetadata": {
        "HTTPHeaders": {
            "content-length": "2418",
            "content-type": "application/x-amz-json-1.1",
            "date": "Thu, 28 Mar 2019 12:54:54 GMT",
            "x-amzn-requestid": "aee25110-5158-11e9-b1f4-0d6fc4dbbbce"
        },
        "HTTPStatusCode": 200,
        "RequestId": "aee25110-5158-11e9-b1f4-0d6fc4dbbbce",
        "RetryAttempts": 0
    }
}
]