[
{
    "Week": 5,
    "Slide": 0,
    "KeyPhrases": [
        {
            "BeginOffset": 14,
            "EndOffset": 23,
            "Score": 0.7755911946296692,
            "Text": "1511 18s1"
        }
    ],
    "ResponseMetadata": {
        "HTTPHeaders": {
            "content-length": "96",
            "content-type": "application/x-amz-json-1.1",
            "date": "Thu, 28 Mar 2019 12:54:55 GMT",
            "x-amzn-requestid": "af9155be-5158-11e9-a283-3b6eea63fce5"
        },
        "HTTPStatusCode": 200,
        "RequestId": "af9155be-5158-11e9-a283-3b6eea63fce5",
        "RetryAttempts": 0
    }
},
{
    "Week": 5,
    "Slide": 1,
    "KeyPhrases": [
        {
            "BeginOffset": 5,
            "EndOffset": 94,
            "Score": 0.9057004451751709,
            "Text": "5 8s\n\u2014 Lecture 7 \u2014 \n\nStrings\nAndrew Bennett \n\n<andrew.bennett@unsw.edu.au>\n\nchars \narrays"
        },
        {
            "BeginOffset": 98,
            "EndOffset": 103,
            "Score": 0.5334383845329285,
            "Text": "chars"
        }
    ],
    "ResponseMetadata": {
        "HTTPHeaders": {
            "content-length": "265",
            "content-type": "application/x-amz-json-1.1",
            "date": "Thu, 28 Mar 2019 12:54:56 GMT",
            "x-amzn-requestid": "b040a830-5158-11e9-8d49-d71cd8da7611"
        },
        "HTTPStatusCode": 200,
        "RequestId": "b040a830-5158-11e9-8d49-d71cd8da7611",
        "RetryAttempts": 0
    }
},
{
    "Week": 5,
    "Slide": 2,
    "KeyPhrases": [
        {
            "BeginOffset": 19,
            "EndOffset": 20,
            "Score": 0.7555587887763977,
            "Text": "\u2026"
        },
        {
            "BeginOffset": 46,
            "EndOffset": 56,
            "Score": 0.997734785079956,
            "Text": "the person"
        },
        {
            "BeginOffset": 110,
            "EndOffset": 119,
            "Score": 0.9876183271408081,
            "Text": "computing"
        }
    ],
    "ResponseMetadata": {
        "HTTPHeaders": {
            "content-length": "252",
            "content-type": "application/x-amz-json-1.1",
            "date": "Thu, 28 Mar 2019 12:54:57 GMT",
            "x-amzn-requestid": "b0f0498c-5158-11e9-8cd3-a305e61d9913"
        },
        "HTTPStatusCode": 200,
        "RequestId": "b0f0498c-5158-11e9-8cd3-a305e61d9913",
        "RetryAttempts": 0
    }
},
{
    "Week": 5,
    "Slide": 3,
    "KeyPhrases": [
        {
            "BeginOffset": 2,
            "EndOffset": 10,
            "Score": 0.533657431602478,
            "Text": "Overview"
        },
        {
            "BeginOffset": 17,
            "EndOffset": 29,
            "Score": 0.9970005750656128,
            "Text": "this lecture"
        },
        {
            "BeginOffset": 66,
            "EndOffset": 76,
            "Score": 0.9993976950645447,
            "Text": "the basics"
        },
        {
            "BeginOffset": 80,
            "EndOffset": 85,
            "Score": 0.9612817764282227,
            "Text": "chars"
        },
        {
            "BeginOffset": 103,
            "EndOffset": 108,
            "Score": 0.9853142499923706,
            "Text": "ASCII"
        },
        {
            "BeginOffset": 124,
            "EndOffset": 134,
            "Score": 0.9997032284736633,
            "Text": "the basics"
        },
        {
            "BeginOffset": 138,
            "EndOffset": 145,
            "Score": 0.8373863101005554,
            "Text": "strings"
        },
        {
            "BeginOffset": 153,
            "EndOffset": 161,
            "Score": 0.9960923790931702,
            "Text": "programs"
        },
        {
            "BeginOffset": 168,
            "EndOffset": 175,
            "Score": 0.9918416738510132,
            "Text": "strings"
        },
        {
            "BeginOffset": 185,
            "EndOffset": 200,
            "Score": 0.9987284541130066,
            "Text": "simple problems"
        },
        {
            "BeginOffset": 203,
            "EndOffset": 207,
            "Score": 0.7242250442504883,
            "Text": "note"
        },
        {
            "BeginOffset": 277,
            "EndOffset": 289,
            "Score": 0.9821452498435974,
            "Text": "this lecture"
        },
        {
            "BeginOffset": 300,
            "EndOffset": 312,
            "Score": 0.9942170977592468,
            "Text": "this lecture"
        },
        {
            "BeginOffset": 342,
            "EndOffset": 357,
            "Score": 0.9992502927780151,
            "Text": "the foundations"
        },
        {
            "BeginOffset": 378,
            "EndOffset": 390,
            "Score": 0.9973892569541931,
            "Text": "these skills"
        },
        {
            "BeginOffset": 402,
            "EndOffset": 413,
            "Score": 0.996505856513977,
            "Text": "programming"
        },
        {
            "BeginOffset": 431,
            "EndOffset": 449,
            "Score": 0.9994076490402222,
            "Text": "any other language"
        },
        {
            "BeginOffset": 460,
            "EndOffset": 491,
            "Score": 0.9729470014572144,
            "Text": "consistent and regular practice"
        }
    ],
    "ResponseMetadata": {
        "HTTPHeaders": {
            "content-length": "1521",
            "content-type": "application/x-amz-json-1.1",
            "date": "Thu, 28 Mar 2019 12:54:58 GMT",
            "x-amzn-requestid": "b18f6f4b-5158-11e9-99c9-7369baa4d582"
        },
        "HTTPStatusCode": 200,
        "RequestId": "b18f6f4b-5158-11e9-99c9-7369baa4d582",
        "RetryAttempts": 0
    }
},
{
    "Week": 5,
    "Slide": 4,
    "KeyPhrases": [
        {
            "BeginOffset": 2,
            "EndOffset": 7,
            "Score": 0.8646005392074585,
            "Text": "Admin"
        },
        {
            "BeginOffset": 22,
            "EndOffset": 40,
            "Score": 0.9538448452949524,
            "Text": "course style guide"
        },
        {
            "BeginOffset": 52,
            "EndOffset": 70,
            "Score": 0.7863355875015259,
            "Text": "week 4 weekly test"
        },
        {
            "BeginOffset": 75,
            "EndOffset": 81,
            "Score": 0.957040548324585,
            "Text": "friday"
        },
        {
            "BeginOffset": 101,
            "EndOffset": 113,
            "Score": 0.9068968296051025,
            "Text": "assignment 1"
        },
        {
            "BeginOffset": 146,
            "EndOffset": 166,
            "Score": 0.9975192546844482,
            "Text": "additional autotests"
        },
        {
            "BeginOffset": 176,
            "EndOffset": 190,
            "Score": 0.9962097406387329,
            "Text": "the assignment"
        },
        {
            "BeginOffset": 211,
            "EndOffset": 224,
            "Score": 0.9531838297843933,
            "Text": "help sessions"
        },
        {
            "BeginOffset": 231,
            "EndOffset": 245,
            "Score": 0.9776488542556763,
            "Text": "course website"
        }
    ],
    "ResponseMetadata": {
        "HTTPHeaders": {
            "content-length": "782",
            "content-type": "application/x-amz-json-1.1",
            "date": "Thu, 28 Mar 2019 12:54:59 GMT",
            "x-amzn-requestid": "b22fa6b1-5158-11e9-b1f4-0d6fc4dbbbce"
        },
        "HTTPStatusCode": 200,
        "RequestId": "b22fa6b1-5158-11e9-b1f4-0d6fc4dbbbce",
        "RetryAttempts": 0
    }
},
{
    "Week": 5,
    "Slide": 5,
    "KeyPhrases": [
        {
            "BeginOffset": 9,
            "EndOffset": 16,
            "Score": 0.9727051258087158,
            "Text": "Numbers"
        },
        {
            "BeginOffset": 35,
            "EndOffset": 42,
            "Score": 0.9957661628723145,
            "Text": "numbers"
        },
        {
            "BeginOffset": 54,
            "EndOffset": 61,
            "Score": 0.8905318975448608,
            "Text": "int age"
        },
        {
            "BeginOffset": 64,
            "EndOffset": 66,
            "Score": 0.9847818613052368,
            "Text": "18"
        },
        {
            "BeginOffset": 70,
            "EndOffset": 79,
            "Score": 0.8628026843070984,
            "Text": "double pi"
        },
        {
            "BeginOffset": 82,
            "EndOffset": 86,
            "Score": 0.9897157549858093,
            "Text": "3.14"
        },
        {
            "BeginOffset": 88,
            "EndOffset": 97,
            "Score": 0.7890993356704712,
            "Text": "what else"
        }
    ],
    "ResponseMetadata": {
        "HTTPHeaders": {
            "content-length": "557",
            "content-type": "application/x-amz-json-1.1",
            "date": "Thu, 28 Mar 2019 12:55:01 GMT",
            "x-amzn-requestid": "b2de0f2b-5158-11e9-b1f4-0d6fc4dbbbce"
        },
        "HTTPStatusCode": 200,
        "RequestId": "b2de0f2b-5158-11e9-b1f4-0d6fc4dbbbce",
        "RetryAttempts": 0
    }
},
{
    "Week": 5,
    "Slide": 6,
    "KeyPhrases": [
        {
            "BeginOffset": 2,
            "EndOffset": 19,
            "Score": 0.829956591129303,
            "Text": "Letters and Words"
        },
        {
            "BeginOffset": 31,
            "EndOffset": 36,
            "Score": 0.9868568778038025,
            "Text": "words"
        },
        {
            "BeginOffset": 42,
            "EndOffset": 48,
            "Score": 0.7226094603538513,
            "Text": "printf"
        },
        {
            "BeginOffset": 50,
            "EndOffset": 56,
            "Score": 0.6614060997962952,
            "Text": "andrew"
        }
    ],
    "ResponseMetadata": {
        "HTTPHeaders": {
            "content-length": "332",
            "content-type": "application/x-amz-json-1.1",
            "date": "Thu, 28 Mar 2019 12:55:02 GMT",
            "x-amzn-requestid": "b38db070-5158-11e9-9c6b-1b49fa666314"
        },
        "HTTPStatusCode": 200,
        "RequestId": "b38db070-5158-11e9-9c6b-1b49fa666314",
        "RetryAttempts": 0
    }
},
{
    "Week": 5,
    "Slide": 7,
    "KeyPhrases": [
        {
            "BeginOffset": 2,
            "EndOffset": 19,
            "Score": 0.829956591129303,
            "Text": "Letters and Words"
        },
        {
            "BeginOffset": 31,
            "EndOffset": 36,
            "Score": 0.9868568778038025,
            "Text": "words"
        },
        {
            "BeginOffset": 42,
            "EndOffset": 48,
            "Score": 0.7226094603538513,
            "Text": "printf"
        },
        {
            "BeginOffset": 50,
            "EndOffset": 56,
            "Score": 0.6614060997962952,
            "Text": "andrew"
        },
        {
            "BeginOffset": 73,
            "EndOffset": 80,
            "Score": 0.9647500514984131,
            "Text": "\u201candrew"
        }
    ],
    "ResponseMetadata": {
        "HTTPHeaders": {
            "content-length": "412",
            "content-type": "application/x-amz-json-1.1",
            "date": "Thu, 28 Mar 2019 12:55:02 GMT",
            "x-amzn-requestid": "b43cb51b-5158-11e9-99c9-7369baa4d582"
        },
        "HTTPStatusCode": 200,
        "RequestId": "b43cb51b-5158-11e9-99c9-7369baa4d582",
        "RetryAttempts": 0
    }
},
{
    "Week": 5,
    "Slide": 8,
    "KeyPhrases": [
        {
            "BeginOffset": 2,
            "EndOffset": 19,
            "Score": 0.6648110151290894,
            "Text": "Letters and Words"
        },
        {
            "BeginOffset": 20,
            "EndOffset": 25,
            "Score": 0.6194212436676025,
            "Text": "words"
        },
        {
            "BeginOffset": 42,
            "EndOffset": 60,
            "Score": 0.6928953528404236,
            "Text": "strings\n\n \n\nprintf"
        },
        {
            "BeginOffset": 62,
            "EndOffset": 68,
            "Score": 0.758518636226654,
            "Text": "andrew"
        },
        {
            "BeginOffset": 85,
            "EndOffset": 92,
            "Score": 0.9650185108184814,
            "Text": "\u201candrew"
        }
    ],
    "ResponseMetadata": {
        "HTTPHeaders": {
            "content-length": "428",
            "content-type": "application/x-amz-json-1.1",
            "date": "Thu, 28 Mar 2019 12:55:04 GMT",
            "x-amzn-requestid": "b4dced0f-5158-11e9-adf9-192c939d7e83"
        },
        "HTTPStatusCode": 200,
        "RequestId": "b4dced0f-5158-11e9-adf9-192c939d7e83",
        "RetryAttempts": 0
    }
},
{
    "Week": 5,
    "Slide": 9,
    "KeyPhrases": [],
    "ResponseMetadata": {
        "HTTPHeaders": {
            "content-length": "17",
            "content-type": "application/x-amz-json-1.1",
            "date": "Thu, 28 Mar 2019 12:55:05 GMT",
            "x-amzn-requestid": "b570c803-5158-11e9-a283-3b6eea63fce5"
        },
        "HTTPStatusCode": 200,
        "RequestId": "b570c803-5158-11e9-a283-3b6eea63fce5",
        "RetryAttempts": 0
    }
},
{
    "Week": 5,
    "Slide": 10,
    "KeyPhrases": [
        {
            "BeginOffset": 2,
            "EndOffset": 9,
            "Score": 0.5848720669746399,
            "Text": "Strings"
        },
        {
            "BeginOffset": 10,
            "EndOffset": 18,
            "Score": 0.9966573715209961,
            "Text": "a string"
        },
        {
            "BeginOffset": 22,
            "EndOffset": 30,
            "Score": 0.9992352724075317,
            "Text": "an array"
        },
        {
            "BeginOffset": 34,
            "EndOffset": 44,
            "Score": 0.994139552116394,
            "Text": "characters"
        },
        {
            "BeginOffset": 53,
            "EndOffset": 64,
            "Score": 0.9994263648986816,
            "Text": "a character"
        },
        {
            "BeginOffset": 68,
            "EndOffset": 96,
            "Score": 0.7980491518974304,
            "Text": "a \u201cprinted or written letter"
        },
        {
            "BeginOffset": 100,
            "EndOffset": 107,
            "Score": 0.9717210531234741,
            "Text": "symbol\u201d"
        }
    ],
    "ResponseMetadata": {
        "HTTPHeaders": {
            "content-length": "595",
            "content-type": "application/x-amz-json-1.1",
            "date": "Thu, 28 Mar 2019 12:55:06 GMT",
            "x-amzn-requestid": "b5fb2e64-5158-11e9-ad77-439f6b464df0"
        },
        "HTTPStatusCode": 200,
        "RequestId": "b5fb2e64-5158-11e9-ad77-439f6b464df0",
        "RetryAttempts": 0
    }
},
{
    "Week": 5,
    "Slide": 11,
    "KeyPhrases": [
        {
            "BeginOffset": 2,
            "EndOffset": 12,
            "Score": 0.8006623387336731,
            "Text": "Characters"
        },
        {
            "BeginOffset": 13,
            "EndOffset": 24,
            "Score": 0.9954367280006409,
            "Text": "a character"
        },
        {
            "BeginOffset": 45,
            "EndOffset": 54,
            "Score": 0.861147940158844,
            "Text": "a \nletter"
        },
        {
            "BeginOffset": 56,
            "EndOffset": 62,
            "Score": 0.843032717704773,
            "Text": "number"
        },
        {
            "BeginOffset": 64,
            "EndOffset": 75,
            "Score": 0.9708192348480225,
            "Text": "punctuation"
        }
    ],
    "ResponseMetadata": {
        "HTTPHeaders": {
            "content-length": "416",
            "content-type": "application/x-amz-json-1.1",
            "date": "Thu, 28 Mar 2019 12:55:07 GMT",
            "x-amzn-requestid": "b6aa59e2-5158-11e9-ad04-91cf7a3e7941"
        },
        "HTTPStatusCode": 200,
        "RequestId": "b6aa59e2-5158-11e9-ad04-91cf7a3e7941",
        "RetryAttempts": 0
    }
},
{
    "Week": 5,
    "Slide": 12,
    "KeyPhrases": [
        {
            "BeginOffset": 2,
            "EndOffset": 12,
            "Score": 0.9739500880241394,
            "Text": "Characters"
        },
        {
            "BeginOffset": 34,
            "EndOffset": 54,
            "Score": 0.7938339114189148,
            "Text": "a char\n\n \n\n// making"
        },
        {
            "BeginOffset": 55,
            "EndOffset": 71,
            "Score": 0.9079828858375549,
            "Text": "an int \n\nint age"
        },
        {
            "BeginOffset": 74,
            "EndOffset": 76,
            "Score": 0.9310814142227173,
            "Text": "18"
        },
        {
            "BeginOffset": 93,
            "EndOffset": 113,
            "Score": 0.8815819621086121,
            "Text": "a char \n\nchar letter"
        },
        {
            "BeginOffset": 123,
            "EndOffset": 129,
            "Score": 0.8952767848968506,
            "Text": "char s"
        },
        {
            "BeginOffset": 140,
            "EndOffset": 153,
            "Score": 0.9851499795913696,
            "Text": "single quotes"
        },
        {
            "BeginOffset": 155,
            "EndOffset": 159,
            "Score": 0.6201474070549011,
            "Text": "i.e."
        },
        {
            "BeginOffset": 165,
            "EndOffset": 172,
            "Score": 0.9734681844711304,
            "Text": "strings"
        },
        {
            "BeginOffset": 183,
            "EndOffset": 196,
            "Score": 0.9886406064033508,
            "Text": "double quotes"
        }
    ],
    "ResponseMetadata": {
        "HTTPHeaders": {
            "content-length": "855",
            "content-type": "application/x-amz-json-1.1",
            "date": "Thu, 28 Mar 2019 12:55:08 GMT",
            "x-amzn-requestid": "b749ce3f-5158-11e9-ad04-91cf7a3e7941"
        },
        "HTTPStatusCode": 200,
        "RequestId": "b749ce3f-5158-11e9-ad04-91cf7a3e7941",
        "RetryAttempts": 0
    }
},
{
    "Week": 5,
    "Slide": 13,
    "KeyPhrases": [
        {
            "BeginOffset": 2,
            "EndOffset": 12,
            "Score": 0.9748989939689636,
            "Text": "Characters"
        },
        {
            "BeginOffset": 16,
            "EndOffset": 22,
            "Score": 0.7829850912094116,
            "Text": "C\nchar"
        },
        {
            "BeginOffset": 31,
            "EndOffset": 45,
            "Score": 0.9856173992156982,
            "Text": "small integers"
        },
        {
            "BeginOffset": 48,
            "EndOffset": 54,
            "Score": 0.9636740684509277,
            "Text": "8 bits"
        },
        {
            "BeginOffset": 94,
            "EndOffset": 115,
            "Score": 0.940647304058075,
            "Text": "ASCII character codes"
        },
        {
            "BeginOffset": 131,
            "EndOffset": 151,
            "Score": 0.9975762367248535,
            "Text": "individual variables"
        },
        {
            "BeginOffset": 153,
            "EndOffset": 164,
            "Score": 0.8402613997459412,
            "Text": "only arrays"
        },
        {
            "BeginOffset": 176,
            "EndOffset": 180,
            "Score": 0.9273651838302612,
            "Text": "char"
        },
        {
            "BeginOffset": 186,
            "EndOffset": 196,
            "Score": 0.9981088638305664,
            "Text": "characters"
        },
        {
            "BeginOffset": 213,
            "EndOffset": 225,
            "Score": 0.9896456003189087,
            "Text": "e.g.\u00a0numbers"
        },
        {
            "BeginOffset": 234,
            "EndOffset": 237,
            "Score": 0.9974786043167114,
            "Text": "0-9"
        }
    ],
    "ResponseMetadata": {
        "HTTPHeaders": {
            "content-length": "927",
            "content-type": "application/x-amz-json-1.1",
            "date": "Thu, 28 Mar 2019 12:55:09 GMT",
            "x-amzn-requestid": "b7f8f9aa-5158-11e9-a8a0-9f0a29161967"
        },
        "HTTPStatusCode": 200,
        "RequestId": "b7f8f9aa-5158-11e9-a8a0-9f0a29161967",
        "RetryAttempts": 0
    }
},
{
    "Week": 5,
    "Slide": 14,
    "KeyPhrases": [
        {
            "BeginOffset": 2,
            "EndOffset": 13,
            "Score": 0.9953247308731079,
            "Text": "ASCII\nASCII"
        },
        {
            "BeginOffset": 17,
            "EndOffset": 22,
            "Score": 0.9961423277854919,
            "Text": "a way"
        },
        {
            "BeginOffset": 34,
            "EndOffset": 41,
            "Score": 0.9953613877296448,
            "Text": "numbers"
        },
        {
            "BeginOffset": 45,
            "EndOffset": 55,
            "Score": 0.9972437620162964,
            "Text": "characters"
        },
        {
            "BeginOffset": 72,
            "EndOffset": 92,
            "Score": 0.789326548576355,
            "Text": "upper and lower case"
        },
        {
            "BeginOffset": 93,
            "EndOffset": 108,
            "Score": 0.9852492213249207,
            "Text": "English letters"
        },
        {
            "BeginOffset": 110,
            "EndOffset": 113,
            "Score": 0.9461614489555359,
            "Text": "A-Z"
        },
        {
            "BeginOffset": 118,
            "EndOffset": 129,
            "Score": 0.9927206039428711,
            "Text": "a-z\n\ndigits"
        },
        {
            "BeginOffset": 131,
            "EndOffset": 162,
            "Score": 0.8600816130638123,
            "Text": "0-9\n\ncommon punctuation symbols"
        },
        {
            "BeginOffset": 164,
            "EndOffset": 195,
            "Score": 0.9894707202911377,
            "Text": "special non-printing characters"
        },
        {
            "BeginOffset": 197,
            "EndOffset": 208,
            "Score": 0.7645295262336731,
            "Text": "e.g newline"
        },
        {
            "BeginOffset": 213,
            "EndOffset": 218,
            "Score": 0.9916433095932007,
            "Text": "space"
        }
    ],
    "ResponseMetadata": {
        "HTTPHeaders": {
            "content-length": "1044",
            "content-type": "application/x-amz-json-1.1",
            "date": "Thu, 28 Mar 2019 12:55:10 GMT",
            "x-amzn-requestid": "b8a84d25-5158-11e9-a41b-5514da879d83"
        },
        "HTTPStatusCode": 200,
        "RequestId": "b8a84d25-5158-11e9-a41b-5514da879d83",
        "RetryAttempts": 0
    }
},
{
    "Week": 5,
    "Slide": 15,
    "KeyPhrases": [
        {
            "BeginOffset": 35,
            "EndOffset": 46,
            "Score": 0.994655966758728,
            "Text": "ASCII codes"
        },
        {
            "BeginOffset": 49,
            "EndOffset": 62,
            "Score": 0.9894137978553772,
            "Text": "single quotes"
        },
        {
            "BeginOffset": 72,
            "EndOffset": 86,
            "Score": 0.9977354407310486,
            "Text": "the ASCII code"
        },
        {
            "BeginOffset": 91,
            "EndOffset": 102,
            "Score": 0.9940498471260071,
            "Text": "a character"
        },
        {
            "BeginOffset": 108,
            "EndOffset": 114,
            "Score": 0.861342191696167,
            "Text": "printf"
        },
        {
            "BeginOffset": 130,
            "EndOffset": 136,
            "Score": 0.7258614301681519,
            "Text": "prints"
        },
        {
            "BeginOffset": 137,
            "EndOffset": 148,
            "Score": 0.9090728163719177,
            "Text": "97 \n\nprintf"
        },
        {
            "BeginOffset": 164,
            "EndOffset": 170,
            "Score": 0.6861985325813293,
            "Text": "prints"
        },
        {
            "BeginOffset": 171,
            "EndOffset": 182,
            "Score": 0.9030225872993469,
            "Text": "65 \n\nprintf"
        },
        {
            "BeginOffset": 190,
            "EndOffset": 191,
            "Score": 0.4961514472961426,
            "Text": "0"
        },
        {
            "BeginOffset": 198,
            "EndOffset": 204,
            "Score": 0.7194958329200745,
            "Text": "prints"
        },
        {
            "BeginOffset": 205,
            "EndOffset": 216,
            "Score": 0.8987835645675659,
            "Text": "48 \n\nprintf"
        },
        {
            "BeginOffset": 239,
            "EndOffset": 245,
            "Score": 0.6548733711242676,
            "Text": "prints"
        },
        {
            "BeginOffset": 246,
            "EndOffset": 248,
            "Score": 0.6845170855522156,
            "Text": "42"
        },
        {
            "BeginOffset": 250,
            "EndOffset": 257,
            "Score": 0.9248650670051575,
            "Text": "32 + 10"
        },
        {
            "BeginOffset": 271,
            "EndOffset": 282,
            "Score": 0.9979386925697327,
            "Text": "ASCII codes"
        },
        {
            "BeginOffset": 286,
            "EndOffset": 298,
            "Score": 0.8141696453094482,
            "Text": "your program"
        },
        {
            "BeginOffset": 305,
            "EndOffset": 318,
            "Score": 0.9962196946144104,
            "Text": "single quotes"
        }
    ],
    "ResponseMetadata": {
        "HTTPHeaders": {
            "content-length": "1485",
            "content-type": "application/x-amz-json-1.1",
            "date": "Thu, 28 Mar 2019 12:55:11 GMT",
            "x-amzn-requestid": "b947c16d-5158-11e9-ad77-439f6b464df0"
        },
        "HTTPStatusCode": 200,
        "RequestId": "b947c16d-5158-11e9-ad77-439f6b464df0",
        "RetryAttempts": 0
    }
},
{
    "Week": 5,
    "Slide": 16,
    "KeyPhrases": [
        {
            "BeginOffset": 2,
            "EndOffset": 7,
            "Score": 0.8910844326019287,
            "Text": "ASCII"
        }
    ],
    "ResponseMetadata": {
        "HTTPHeaders": {
            "content-length": "90",
            "content-type": "application/x-amz-json-1.1",
            "date": "Thu, 28 Mar 2019 12:55:13 GMT",
            "x-amzn-requestid": "b9f7144e-5158-11e9-8eba-154ad056dc4d"
        },
        "HTTPStatusCode": 200,
        "RequestId": "b9f7144e-5158-11e9-8eba-154ad056dc4d",
        "RetryAttempts": 0
    }
},
{
    "Week": 5,
    "Slide": 17,
    "KeyPhrases": [
        {
            "BeginOffset": 2,
            "EndOffset": 15,
            "Score": 0.7720195055007935,
            "Text": "Reading chars"
        },
        {
            "BeginOffset": 33,
            "EndOffset": 39,
            "Score": 0.9973437786102295,
            "Text": "a byte"
        },
        {
            "BeginOffset": 45,
            "EndOffset": 59,
            "Score": 0.8588305711746216,
            "Text": "standard input"
        },
        {
            "BeginOffset": 69,
            "EndOffset": 75,
            "Score": 0.8585493564605713,
            "Text": "an int"
        },
        {
            "BeginOffset": 85,
            "EndOffset": 100,
            "Score": 0.9988625049591064,
            "Text": "a special value"
        },
        {
            "BeginOffset": 118,
            "EndOffset": 124,
            "Score": 0.9931082725524902,
            "Text": "a byte"
        },
        {
            "BeginOffset": 144,
            "EndOffset": 154,
            "Score": 0.9824544787406921,
            "Text": "an integer"
        },
        {
            "BeginOffset": 156,
            "EndOffset": 157,
            "Score": 0.40025773644447327,
            "Text": "0"
        },
        {
            "BeginOffset": 159,
            "EndOffset": 162,
            "Score": 0.8581820726394653,
            "Text": "255"
        },
        {
            "BeginOffset": 167,
            "EndOffset": 177,
            "Score": 0.9677074551582336,
            "Text": "ASCII code"
        }
    ],
    "ResponseMetadata": {
        "HTTPHeaders": {
            "content-length": "821",
            "content-type": "application/x-amz-json-1.1",
            "date": "Thu, 28 Mar 2019 12:55:13 GMT",
            "x-amzn-requestid": "baa66644-5158-11e9-a41b-5514da879d83"
        },
        "HTTPStatusCode": 200,
        "RequestId": "baa66644-5158-11e9-a41b-5514da879d83",
        "RetryAttempts": 0
    }
},
{
    "Week": 5,
    "Slide": 18,
    "KeyPhrases": [
        {
            "BeginOffset": 2,
            "EndOffset": 9,
            "Score": 0.7923583984375,
            "Text": "getchar"
        },
        {
            "BeginOffset": 19,
            "EndOffset": 37,
            "Score": 0.9978747367858887,
            "Text": "the following code"
        },
        {
            "BeginOffset": 47,
            "EndOffset": 49,
            "Score": 0.952307403087616,
            "Text": "c1"
        },
        {
            "BeginOffset": 51,
            "EndOffset": 53,
            "Score": 0.9260529279708862,
            "Text": "c2"
        },
        {
            "BeginOffset": 57,
            "EndOffset": 63,
            "Score": 0.910485029220581,
            "Text": "printf"
        },
        {
            "BeginOffset": 78,
            "EndOffset": 93,
            "Score": 0.9819712042808533,
            "Text": "first character"
        },
        {
            "BeginOffset": 102,
            "EndOffset": 104,
            "Score": 0.6523056626319885,
            "Text": "c1"
        },
        {
            "BeginOffset": 107,
            "EndOffset": 114,
            "Score": 0.683661699295044,
            "Text": "getchar"
        },
        {
            "BeginOffset": 120,
            "EndOffset": 126,
            "Score": 0.843787431716919,
            "Text": "printf"
        },
        {
            "BeginOffset": 141,
            "EndOffset": 157,
            "Score": 0.9883967638015747,
            "Text": "second character"
        },
        {
            "BeginOffset": 166,
            "EndOffset": 178,
            "Score": 0.7587599754333496,
            "Text": "c2 = getchar"
        },
        {
            "BeginOffset": 184,
            "EndOffset": 190,
            "Score": 0.8506543636322021,
            "Text": "printf"
        },
        {
            "BeginOffset": 199,
            "EndOffset": 208,
            "Score": 0.7252419590950012,
            "Text": "d\\nSecond"
        },
        {
            "BeginOffset": 217,
            "EndOffset": 219,
            "Score": 0.9052262306213379,
            "Text": "c1"
        },
        {
            "BeginOffset": 221,
            "EndOffset": 223,
            "Score": 0.9668471217155457,
            "Text": "c2"
        }
    ],
    "ResponseMetadata": {
        "HTTPHeaders": {
            "content-length": "1203",
            "content-type": "application/x-amz-json-1.1",
            "date": "Thu, 28 Mar 2019 12:55:14 GMT",
            "x-amzn-requestid": "bb55b94d-5158-11e9-a283-3b6eea63fce5"
        },
        "HTTPStatusCode": 200,
        "RequestId": "bb55b94d-5158-11e9-a283-3b6eea63fce5",
        "RetryAttempts": 0
    }
},
{
    "Week": 5,
    "Slide": 19,
    "KeyPhrases": [
        {
            "BeginOffset": 2,
            "EndOffset": 19,
            "Score": 0.6118947267532349,
            "Text": "getchar\n \n\nint c1"
        },
        {
            "BeginOffset": 21,
            "EndOffset": 23,
            "Score": 0.9571480751037598,
            "Text": "c2"
        },
        {
            "BeginOffset": 27,
            "EndOffset": 33,
            "Score": 0.9130572080612183,
            "Text": "printf"
        },
        {
            "BeginOffset": 48,
            "EndOffset": 63,
            "Score": 0.981940507888794,
            "Text": "first character"
        },
        {
            "BeginOffset": 72,
            "EndOffset": 74,
            "Score": 0.6524766683578491,
            "Text": "c1"
        },
        {
            "BeginOffset": 77,
            "EndOffset": 84,
            "Score": 0.6836726665496826,
            "Text": "getchar"
        },
        {
            "BeginOffset": 90,
            "EndOffset": 96,
            "Score": 0.843785285949707,
            "Text": "printf"
        },
        {
            "BeginOffset": 111,
            "EndOffset": 127,
            "Score": 0.9883954524993896,
            "Text": "second character"
        },
        {
            "BeginOffset": 136,
            "EndOffset": 148,
            "Score": 0.7587571740150452,
            "Text": "c2 = getchar"
        },
        {
            "BeginOffset": 154,
            "EndOffset": 160,
            "Score": 0.850652277469635,
            "Text": "printf"
        },
        {
            "BeginOffset": 169,
            "EndOffset": 178,
            "Score": 0.7252430319786072,
            "Text": "d\\nSecond"
        },
        {
            "BeginOffset": 187,
            "EndOffset": 189,
            "Score": 0.9052258133888245,
            "Text": "c1"
        },
        {
            "BeginOffset": 191,
            "EndOffset": 193,
            "Score": 0.9668471217155457,
            "Text": "c2"
        },
        {
            "BeginOffset": 224,
            "EndOffset": 244,
            "Score": 0.9576910138130188,
            "Text": "two typed characters"
        },
        {
            "BeginOffset": 277,
            "EndOffset": 298,
            "Score": 0.8549867272377014,
            "Text": "one typed character +"
        }
    ],
    "ResponseMetadata": {
        "HTTPHeaders": {
            "content-length": "1240",
            "content-type": "application/x-amz-json-1.1",
            "date": "Thu, 28 Mar 2019 12:55:15 GMT",
            "x-amzn-requestid": "bc050c1a-5158-11e9-8d49-d71cd8da7611"
        },
        "HTTPStatusCode": 200,
        "RequestId": "bc050c1a-5158-11e9-8d49-d71cd8da7611",
        "RetryAttempts": 0
    }
},
{
    "Week": 5,
    "Slide": 20,
    "KeyPhrases": [
        {
            "BeginOffset": 37,
            "EndOffset": 39,
            "Score": 0.9423522353172302,
            "Text": "c1"
        },
        {
            "BeginOffset": 41,
            "EndOffset": 43,
            "Score": 0.9411388635635376,
            "Text": "c2"
        },
        {
            "BeginOffset": 47,
            "EndOffset": 53,
            "Score": 0.910977303981781,
            "Text": "printf"
        },
        {
            "BeginOffset": 68,
            "EndOffset": 83,
            "Score": 0.9819769263267517,
            "Text": "first character"
        },
        {
            "BeginOffset": 92,
            "EndOffset": 94,
            "Score": 0.6522960066795349,
            "Text": "c1"
        },
        {
            "BeginOffset": 97,
            "EndOffset": 104,
            "Score": 0.6831722855567932,
            "Text": "getchar"
        },
        {
            "BeginOffset": 113,
            "EndOffset": 120,
            "Score": 0.5160484313964844,
            "Text": "getchar"
        },
        {
            "BeginOffset": 127,
            "EndOffset": 140,
            "Score": 0.6901230812072754,
            "Text": "extra getchar"
        },
        {
            "BeginOffset": 150,
            "EndOffset": 173,
            "Score": 0.9805999994277954,
            "Text": "the newline \n\n \n\nprintf"
        },
        {
            "BeginOffset": 188,
            "EndOffset": 204,
            "Score": 0.987825870513916,
            "Text": "second character"
        },
        {
            "BeginOffset": 213,
            "EndOffset": 225,
            "Score": 0.7586856484413147,
            "Text": "c2 = getchar"
        },
        {
            "BeginOffset": 231,
            "EndOffset": 237,
            "Score": 0.8507020473480225,
            "Text": "printf"
        },
        {
            "BeginOffset": 246,
            "EndOffset": 255,
            "Score": 0.7252232432365417,
            "Text": "d\\nSecond"
        },
        {
            "BeginOffset": 264,
            "EndOffset": 266,
            "Score": 0.9052321314811707,
            "Text": "c1"
        },
        {
            "BeginOffset": 268,
            "EndOffset": 270,
            "Score": 0.9696710705757141,
            "Text": "c2"
        }
    ],
    "ResponseMetadata": {
        "HTTPHeaders": {
            "content-length": "1227",
            "content-type": "application/x-amz-json-1.1",
            "date": "Thu, 28 Mar 2019 12:55:17 GMT",
            "x-amzn-requestid": "bcb43863-5158-11e9-ad04-91cf7a3e7941"
        },
        "HTTPStatusCode": 200,
        "RequestId": "bcb43863-5158-11e9-ad04-91cf7a3e7941",
        "RetryAttempts": 0
    }
},
{
    "Week": 5,
    "Slide": 21,
    "KeyPhrases": [
        {
            "BeginOffset": 2,
            "EndOffset": 5,
            "Score": 0.7888104319572449,
            "Text": "End"
        },
        {
            "BeginOffset": 9,
            "EndOffset": 20,
            "Score": 0.7807686924934387,
            "Text": "Input\nscanf"
        },
        {
            "BeginOffset": 24,
            "EndOffset": 31,
            "Score": 0.8700882792472839,
            "Text": "getchar"
        },
        {
            "BeginOffset": 57,
            "EndOffset": 76,
            "Score": 0.7766786217689514,
            "Text": "any more input \n\neg"
        },
        {
            "BeginOffset": 100,
            "EndOffset": 106,
            "Score": 0.9962579607963562,
            "Text": "a file"
        },
        {
            "BeginOffset": 117,
            "EndOffset": 124,
            "Score": 0.9997614026069641,
            "Text": "the end"
        },
        {
            "BeginOffset": 128,
            "EndOffset": 145,
            "Score": 0.8828024864196777,
            "Text": "the file\n\ngetchar"
        },
        {
            "BeginOffset": 154,
            "EndOffset": 169,
            "Score": 0.9988278150558472,
            "Text": "a special value"
        },
        {
            "BeginOffset": 182,
            "EndOffset": 195,
            "Score": 0.9901812076568604,
            "Text": "no more input"
        },
        {
            "BeginOffset": 218,
            "EndOffset": 232,
            "Score": 0.8254383206367493,
            "Text": "this value EOF"
        },
        {
            "BeginOffset": 265,
            "EndOffset": 270,
            "Score": 0.9753497838973999,
            "Text": "scanf"
        }
    ],
    "ResponseMetadata": {
        "HTTPHeaders": {
            "content-length": "930",
            "content-type": "application/x-amz-json-1.1",
            "date": "Thu, 28 Mar 2019 12:55:18 GMT",
            "x-amzn-requestid": "bd5421e3-5158-11e9-b269-c1f80b73919e"
        },
        "HTTPStatusCode": 200,
        "RequestId": "bd5421e3-5158-11e9-b269-c1f80b73919e",
        "RetryAttempts": 0
    }
},
{
    "Week": 5,
    "Slide": 22,
    "KeyPhrases": [
        {
            "BeginOffset": 16,
            "EndOffset": 19,
            "Score": 0.9995222091674805,
            "Text": "End"
        },
        {
            "BeginOffset": 23,
            "EndOffset": 37,
            "Score": 0.9114223718643188,
            "Text": "Input\n \n\nint c"
        },
        {
            "BeginOffset": 41,
            "EndOffset": 52,
            "Score": 0.8573417067527771,
            "Text": "c = getchar"
        },
        {
            "BeginOffset": 70,
            "EndOffset": 73,
            "Score": 0.9050100445747375,
            "Text": "EOF"
        },
        {
            "BeginOffset": 83,
            "EndOffset": 89,
            "Score": 0.8374730348587036,
            "Text": "printf"
        },
        {
            "BeginOffset": 102,
            "EndOffset": 112,
            "Score": 0.9955681562423706,
            "Text": "ASCII code"
        },
        {
            "BeginOffset": 116,
            "EndOffset": 120,
            "Score": 0.6910548806190491,
            "Text": "%d\\n"
        },
        {
            "BeginOffset": 136,
            "EndOffset": 147,
            "Score": 0.813686728477478,
            "Text": "c = getchar"
        },
        {
            "BeginOffset": 165,
            "EndOffset": 172,
            "Score": 0.9981936812400818,
            "Text": "numbers"
        },
        {
            "BeginOffset": 179,
            "EndOffset": 182,
            "Score": 0.9992799162864685,
            "Text": "end"
        },
        {
            "BeginOffset": 186,
            "EndOffset": 191,
            "Score": 0.9992539286613464,
            "Text": "input"
        },
        {
            "BeginOffset": 197,
            "EndOffset": 202,
            "Score": 0.9438470005989075,
            "Text": "scanf"
        },
        {
            "BeginOffset": 208,
            "EndOffset": 215,
            "Score": 0.7090526819229126,
            "Text": "int num"
        },
        {
            "BeginOffset": 219,
            "EndOffset": 227,
            "Score": 0.6555799841880798,
            "Text": "// scanf"
        },
        {
            "BeginOffset": 236,
            "EndOffset": 246,
            "Score": 0.9991018176078796,
            "Text": "the number"
        },
        {
            "BeginOffset": 250,
            "EndOffset": 255,
            "Score": 0.9630508422851562,
            "Text": "items"
        },
        {
            "BeginOffset": 270,
            "EndOffset": 275,
            "Score": 0.8743459582328796,
            "Text": "scanf"
        },
        {
            "BeginOffset": 283,
            "EndOffset": 286,
            "Score": 0.865752637386322,
            "Text": "num"
        },
        {
            "BeginOffset": 289,
            "EndOffset": 292,
            "Score": 0.7181321382522583,
            "Text": "= 1"
        },
        {
            "BeginOffset": 302,
            "EndOffset": 308,
            "Score": 0.8313027620315552,
            "Text": "printf"
        },
        {
            "BeginOffset": 322,
            "EndOffset": 332,
            "Score": 0.9879181981086731,
            "Text": "the number"
        },
        {
            "BeginOffset": 341,
            "EndOffset": 344,
            "Score": 0.8333063125610352,
            "Text": "num"
        }
    ],
    "ResponseMetadata": {
        "HTTPHeaders": {
            "content-length": "1756",
            "content-type": "application/x-amz-json-1.1",
            "date": "Thu, 28 Mar 2019 12:55:19 GMT",
            "x-amzn-requestid": "bdf32103-5158-11e9-9ee0-d7b69e2c846a"
        },
        "HTTPStatusCode": 200,
        "RequestId": "bdf32103-5158-11e9-9ee0-d7b69e2c846a",
        "RetryAttempts": 0
    }
},
{
    "Week": 5,
    "Slide": 23,
    "KeyPhrases": [
        {
            "BeginOffset": 2,
            "EndOffset": 17,
            "Score": 0.9904261827468872,
            "Text": "Strings\nstrings"
        },
        {
            "BeginOffset": 22,
            "EndOffset": 30,
            "Score": 0.9950714111328125,
            "Text": "an array"
        }
    ],
    "ResponseMetadata": {
        "HTTPHeaders": {
            "content-length": "181",
            "content-type": "application/x-amz-json-1.1",
            "date": "Thu, 28 Mar 2019 12:55:20 GMT",
            "x-amzn-requestid": "bea24c23-5158-11e9-a698-9b1a515702e6"
        },
        "HTTPStatusCode": 200,
        "RequestId": "bea24c23-5158-11e9-a698-9b1a515702e6",
        "RetryAttempts": 0
    }
},
{
    "Week": 5,
    "Slide": 24,
    "KeyPhrases": [
        {
            "BeginOffset": 11,
            "EndOffset": 17,
            "Score": 0.966408908367157,
            "Text": "Arrays"
        },
        {
            "BeginOffset": 19,
            "EndOffset": 27,
            "Score": 0.9983039498329163,
            "Text": "A series"
        },
        {
            "BeginOffset": 31,
            "EndOffset": 36,
            "Score": 0.9989124536514282,
            "Text": "boxes"
        },
        {
            "BeginOffset": 42,
            "EndOffset": 55,
            "Score": 0.9987767934799194,
            "Text": "a common type"
        },
        {
            "BeginOffset": 71,
            "EndOffset": 338,
            "Score": 0.8311710953712463,
            "Text": "each other\n\n \n\n  0    1    2    3    4    5    6    7    8    9    10    11 \n\n\u2554\u2550\u2550\u2550\u2550\u2564\u2550\u2550\u2550\u2550\u2564\u2550\u2550\u2550\u2550\u2564\u2550\u2550\u2550\u2550\u2566\u2550\u2550\u2550\u2550\u2564\u2550\u2550\u2550\u2550\u2564\u2550\u2550\u2550\u2550\u2564\u2550\u2550\u2550\u2550\u2566\u2550\u2550\u2550\u2550\u2564\u2550\u2550\u2550\u2550\u2564\u2550\u2550\u2550\u2550\u2564\u2550\u2550\u2550\u2550\u2566\u2504 \n\n\u2551    \u2502    \u2502    \u2502    \u2551    \u2502    \u2502    \u2502    \u2551    \u2502    \u2502    \u2502    \u2551 \n\n\u255a\u2550\u2550\u2550\u2550\u2567\u2550\u2550\u2550\u2550\u2567\u2550\u2550\u2550\u2550\u2567\u2550\u2550\u2550\u2550\u2569\u2550\u2550\u2550\u2550\u2567\u2550\u2550\u2550\u2550\u2567\u2550\u2550\u2550\u2550\u2567\u2550\u2550\u2550\u2550\u2569\u2550\u2550\u2550\u2550\u2567\u2550\u2550\u2550\u2550\u2567\u2550\u2550\u2550\u2550\u2567\u2550\u2550\u2550\u2550"
        }
    ],
    "ResponseMetadata": {
        "HTTPHeaders": {
            "content-length": "950",
            "content-type": "application/x-amz-json-1.1",
            "date": "Thu, 28 Mar 2019 12:55:21 GMT",
            "x-amzn-requestid": "bf420e86-5158-11e9-9bf3-7b40ac3c3f45"
        },
        "HTTPStatusCode": 200,
        "RequestId": "bf420e86-5158-11e9-9bf3-7b40ac3c3f45",
        "RetryAttempts": 0
    }
},
{
    "Week": 5,
    "Slide": 25,
    "KeyPhrases": [
        {
            "BeginOffset": 2,
            "EndOffset": 8,
            "Score": 0.8472402691841125,
            "Text": "Arrays"
        },
        {
            "BeginOffset": 28,
            "EndOffset": 36,
            "Score": 0.9987214803695679,
            "Text": "an array"
        },
        {
            "BeginOffset": 42,
            "EndOffset": 53,
            "Score": 0.887896716594696,
            "Text": "10 elements"
        },
        {
            "BeginOffset": 63,
            "EndOffset": 74,
            "Score": 0.566425621509552,
            "Text": "initialises"
        },
        {
            "BeginOffset": 75,
            "EndOffset": 87,
            "Score": 0.925552487373352,
            "Text": "all elements"
        },
        {
            "BeginOffset": 91,
            "EndOffset": 113,
            "Score": 0.8045691847801208,
            "Text": "0. \n\nint myArray[10] ="
        },
        {
            "BeginOffset": 115,
            "EndOffset": 116,
            "Score": 0.4876832365989685,
            "Text": "0"
        },
        {
            "BeginOffset": 127,
            "EndOffset": 335,
            "Score": 0.9467665553092957,
            "Text": "\u250c\u2500\u2500\u2500\u2500\u252c\u2500\u2500\u2500\u2500\u252c\u2500\u2500\u2500\u2500\u252c\u2500\u2500\u2500\u2500\u252c\u2500\u2500\u2500\u2500\u252c\u2500\u2500\u2500\u2500\u252c\u2500\u2500\u2500\u2500\u252c\u2500\u2500\u2500\u2500\u252c\u2500\u2500\u2500\u2500\u252c\u2500\u2500\u2500\u2500\u2510 \n\n\u2502  0 \u2502  0 \u2502  0 \u2502  0 \u2502  0 \u2502  0 \u2502  0 \u2502  0 \u2502  0 \u2502  0 \u2502 \n\n\u2514\u2500\u2500\u2500\u2500\u2534\u2500\u2500\u2500\u2500\u2534\u2500\u2500\u2500\u2500\u2534\u2500\u2500\u2500\u2500\u2534\u2500\u2500\u2500\u2500\u2534\u2500\u2500\u2500\u2500\u2534\u2500\u2500\u2500\u2500\u2534\u2500\u2500\u2500\u2500\u2534\u2500\u2500\u2500\u2500\u2534\u2500\u2500\u2500\u2500\u2518 \n\n| 0  | 1  | 2  | 3  | 4  | 5  | 6  | 7  | 8  |"
        }
    ],
    "ResponseMetadata": {
        "HTTPHeaders": {
            "content-length": "1097",
            "content-type": "application/x-amz-json-1.1",
            "date": "Thu, 28 Mar 2019 12:55:22 GMT",
            "x-amzn-requestid": "bff11327-5158-11e9-a1f4-5925745f18c1"
        },
        "HTTPStatusCode": 200,
        "RequestId": "bff11327-5158-11e9-a1f4-5925745f18c1",
        "RetryAttempts": 0
    }
},
{
    "Week": 5,
    "Slide": 26,
    "KeyPhrases": [
        {
            "BeginOffset": 2,
            "EndOffset": 8,
            "Score": 0.8527409434318542,
            "Text": "Arrays"
        },
        {
            "BeginOffset": 12,
            "EndOffset": 34,
            "Score": 0.7170737385749817,
            "Text": "C\n \n\nint myArray[10] ="
        },
        {
            "BeginOffset": 36,
            "EndOffset": 38,
            "Score": 0.5751892924308777,
            "Text": "0}"
        },
        {
            "BeginOffset": 49,
            "EndOffset": 60,
            "Score": 0.983974814414978,
            "Text": "some values"
        },
        {
            "BeginOffset": 66,
            "EndOffset": 75,
            "Score": 0.9967674612998962,
            "Text": "the array"
        },
        {
            "BeginOffset": 79,
            "EndOffset": 89,
            "Score": 0.7742862105369568,
            "Text": "myArray[0]"
        },
        {
            "BeginOffset": 92,
            "EndOffset": 93,
            "Score": 0.9644255042076111,
            "Text": "3"
        },
        {
            "BeginOffset": 97,
            "EndOffset": 107,
            "Score": 0.7681811451911926,
            "Text": "myArray[5]"
        },
        {
            "BeginOffset": 110,
            "EndOffset": 112,
            "Score": 0.9854743480682373,
            "Text": "17"
        },
        {
            "BeginOffset": 122,
            "EndOffset": 330,
            "Score": 0.9644737243652344,
            "Text": "\u250c\u2500\u2500\u2500\u2500\u252c\u2500\u2500\u2500\u2500\u252c\u2500\u2500\u2500\u2500\u252c\u2500\u2500\u2500\u2500\u252c\u2500\u2500\u2500\u2500\u252c\u2500\u2500\u2500\u2500\u252c\u2500\u2500\u2500\u2500\u252c\u2500\u2500\u2500\u2500\u252c\u2500\u2500\u2500\u2500\u252c\u2500\u2500\u2500\u2500\u2510 \n\n\u2502  3 \u2502  0 \u2502  0 \u2502  0 \u2502  0 \u2502 17 \u2502  0 \u2502  0 \u2502  0 \u2502  0 \u2502 \n\n\u2514\u2500\u2500\u2500\u2500\u2534\u2500\u2500\u2500\u2500\u2534\u2500\u2500\u2500\u2500\u2534\u2500\u2500\u2500\u2500\u2534\u2500\u2500\u2500\u2500\u2534\u2500\u2500\u2500\u2500\u2534\u2500\u2500\u2500\u2500\u2534\u2500\u2500\u2500\u2500\u2534\u2500\u2500\u2500\u2500\u2534\u2500\u2500\u2500\u2500\u2518 \n\n| 0  | 1  | 2  | 3  | 4  | 5  | 6  | 7  | 8  |"
        }
    ],
    "ResponseMetadata": {
        "HTTPHeaders": {
            "content-length": "1244",
            "content-type": "application/x-amz-json-1.1",
            "date": "Thu, 28 Mar 2019 12:55:23 GMT",
            "x-amzn-requestid": "c0a06665-5158-11e9-9067-a580ee7ec557"
        },
        "HTTPStatusCode": 200,
        "RequestId": "c0a06665-5158-11e9-9067-a580ee7ec557",
        "RetryAttempts": 0
    }
},
{
    "Week": 5,
    "Slide": 27,
    "KeyPhrases": [
        {
            "BeginOffset": 2,
            "EndOffset": 18,
            "Score": 0.8406882882118225,
            "Text": "Character Arrays"
        },
        {
            "BeginOffset": 31,
            "EndOffset": 39,
            "Score": 0.9993261694908142,
            "Text": "an array"
        },
        {
            "BeginOffset": 43,
            "EndOffset": 48,
            "Score": 0.9971339702606201,
            "Text": "chars"
        },
        {
            "BeginOffset": 52,
            "EndOffset": 87,
            "Score": 0.7718837261199951,
            "Text": "the same way\n\n \n\nchar myArray[10] ="
        },
        {
            "BeginOffset": 89,
            "EndOffset": 90,
            "Score": 0.5120986104011536,
            "Text": "0"
        },
        {
            "BeginOffset": 102,
            "EndOffset": 113,
            "Score": 0.9851730465888977,
            "Text": "some values"
        },
        {
            "BeginOffset": 119,
            "EndOffset": 128,
            "Score": 0.9967651963233948,
            "Text": "the array"
        },
        {
            "BeginOffset": 132,
            "EndOffset": 142,
            "Score": 0.776663064956665,
            "Text": "myArray[0]"
        },
        {
            "BeginOffset": 145,
            "EndOffset": 147,
            "Score": 0.9853706359863281,
            "Text": "65"
        },
        {
            "BeginOffset": 151,
            "EndOffset": 161,
            "Score": 0.7709036469459534,
            "Text": "myArray[5]"
        },
        {
            "BeginOffset": 164,
            "EndOffset": 166,
            "Score": 0.9783439636230469,
            "Text": "70"
        },
        {
            "BeginOffset": 176,
            "EndOffset": 384,
            "Score": 0.9632207751274109,
            "Text": "\u250c\u2500\u2500\u2500\u2500\u252c\u2500\u2500\u2500\u2500\u252c\u2500\u2500\u2500\u2500\u252c\u2500\u2500\u2500\u2500\u252c\u2500\u2500\u2500\u2500\u252c\u2500\u2500\u2500\u2500\u252c\u2500\u2500\u2500\u2500\u252c\u2500\u2500\u2500\u2500\u252c\u2500\u2500\u2500\u2500\u252c\u2500\u2500\u2500\u2500\u2510 \n\n\u2502 65 \u2502  0 \u2502  0 \u2502  0 \u2502  0 \u2502 70 \u2502  0 \u2502  0 \u2502  0 \u2502  0 \u2502 \n\n\u2514\u2500\u2500\u2500\u2500\u2534\u2500\u2500\u2500\u2500\u2534\u2500\u2500\u2500\u2500\u2534\u2500\u2500\u2500\u2500\u2534\u2500\u2500\u2500\u2500\u2534\u2500\u2500\u2500\u2500\u2534\u2500\u2500\u2500\u2500\u2534\u2500\u2500\u2500\u2500\u2534\u2500\u2500\u2500\u2500\u2534\u2500\u2500\u2500\u2500\u2518 \n\n| 0  | 1  | 2  | 3  | 4  | 5  | 6  | 7  | 8  |"
        }
    ],
    "ResponseMetadata": {
        "HTTPHeaders": {
            "content-length": "1433",
            "content-type": "application/x-amz-json-1.1",
            "date": "Thu, 28 Mar 2019 12:55:24 GMT",
            "x-amzn-requestid": "c14fe002-5158-11e9-8eba-154ad056dc4d"
        },
        "HTTPStatusCode": 200,
        "RequestId": "c14fe002-5158-11e9-8eba-154ad056dc4d",
        "RetryAttempts": 0
    }
},
{
    "Week": 5,
    "Slide": 28,
    "KeyPhrases": [
        {
            "BeginOffset": 14,
            "EndOffset": 21,
            "Score": 0.9935469031333923,
            "Text": "a piece"
        },
        {
            "BeginOffset": 25,
            "EndOffset": 31,
            "Score": 0.96288001537323,
            "Text": "string"
        },
        {
            "BeginOffset": 55,
            "EndOffset": 65,
            "Score": 0.9988515377044678,
            "Text": "the length"
        },
        {
            "BeginOffset": 69,
            "EndOffset": 77,
            "Score": 0.9988629221916199,
            "Text": "a string"
        },
        {
            "BeginOffset": 81,
            "EndOffset": 99,
            "Score": 0.9230721592903137,
            "Text": "advance\n\ne.g. name"
        },
        {
            "BeginOffset": 109,
            "EndOffset": 117,
            "Score": 0.9549118280410767,
            "Text": "\u201cAndrew\u201d"
        },
        {
            "BeginOffset": 122,
            "EndOffset": 127,
            "Score": 0.9541751742362976,
            "Text": "\u201cTom\u201d"
        },
        {
            "BeginOffset": 130,
            "EndOffset": 142,
            "Score": 0.9653858542442322,
            "Text": "6 characters"
        },
        {
            "BeginOffset": 146,
            "EndOffset": 158,
            "Score": 0.9942851066589355,
            "Text": "3 characters"
        },
        {
            "BeginOffset": 168,
            "EndOffset": 174,
            "Score": 0.8950164318084717,
            "Text": "Andrew"
        },
        {
            "BeginOffset": 179,
            "EndOffset": 188,
            "Score": 0.9846000671386719,
            "Text": "6 letters"
        },
        {
            "BeginOffset": 189,
            "EndOffset": 200,
            "Score": 0.6163246035575867,
            "Text": "long \n\nname"
        },
        {
            "BeginOffset": 201,
            "EndOffset": 203,
            "Score": 0.7965380549430847,
            "Text": "0]"
        },
        {
            "BeginOffset": 218,
            "EndOffset": 220,
            "Score": 0.8122641444206238,
            "Text": "1]"
        },
        {
            "BeginOffset": 235,
            "EndOffset": 237,
            "Score": 0.7905550599098206,
            "Text": "2]"
        },
        {
            "BeginOffset": 251,
            "EndOffset": 254,
            "Score": 0.791689932346344,
            "Text": "[3]"
        },
        {
            "BeginOffset": 268,
            "EndOffset": 271,
            "Score": 0.7761287689208984,
            "Text": "[4]"
        },
        {
            "BeginOffset": 285,
            "EndOffset": 288,
            "Score": 0.7912709712982178,
            "Text": "[5]"
        },
        {
            "BeginOffset": 305,
            "EndOffset": 308,
            "Score": 0.8920133709907532,
            "Text": "Tom"
        },
        {
            "BeginOffset": 313,
            "EndOffset": 322,
            "Score": 0.983599841594696,
            "Text": "3 letters"
        },
        {
            "BeginOffset": 323,
            "EndOffset": 334,
            "Score": 0.6126560568809509,
            "Text": "long \n\nname"
        },
        {
            "BeginOffset": 335,
            "EndOffset": 337,
            "Score": 0.8272638320922852,
            "Text": "0]"
        },
        {
            "BeginOffset": 352,
            "EndOffset": 354,
            "Score": 0.849605917930603,
            "Text": "1]"
        },
        {
            "BeginOffset": 368,
            "EndOffset": 371,
            "Score": 0.8093321323394775,
            "Text": "[2]"
        }
    ],
    "ResponseMetadata": {
        "HTTPHeaders": {
            "content-length": "1924",
            "content-type": "application/x-amz-json-1.1",
            "date": "Thu, 28 Mar 2019 12:55:26 GMT",
            "x-amzn-requestid": "c1ff0c6c-5158-11e9-8d49-d71cd8da7611"
        },
        "HTTPStatusCode": 200,
        "RequestId": "c1ff0c6c-5158-11e9-8d49-d71cd8da7611",
        "RetryAttempts": 0
    }
},
{
    "Week": 5,
    "Slide": 29,
    "KeyPhrases": [
        {
            "BeginOffset": 14,
            "EndOffset": 21,
            "Score": 0.9935463070869446,
            "Text": "a piece"
        },
        {
            "BeginOffset": 25,
            "EndOffset": 31,
            "Score": 0.9487971663475037,
            "Text": "string"
        },
        {
            "BeginOffset": 41,
            "EndOffset": 46,
            "Score": 0.9992815852165222,
            "Text": "a way"
        },
        {
            "BeginOffset": 64,
            "EndOffset": 74,
            "Score": 0.9977745413780212,
            "Text": "the string"
        },
        {
            "BeginOffset": 87,
            "EndOffset": 90,
            "Score": 0.7805452942848206,
            "Text": "[0]"
        },
        {
            "BeginOffset": 103,
            "EndOffset": 105,
            "Score": 0.812239944934845,
            "Text": "1]"
        },
        {
            "BeginOffset": 118,
            "EndOffset": 120,
            "Score": 0.7905561923980713,
            "Text": "2]"
        },
        {
            "BeginOffset": 134,
            "EndOffset": 137,
            "Score": 0.7916892170906067,
            "Text": "[3]"
        },
        {
            "BeginOffset": 149,
            "EndOffset": 152,
            "Score": 0.7761286497116089,
            "Text": "[4]"
        },
        {
            "BeginOffset": 164,
            "EndOffset": 167,
            "Score": 0.7912710309028625,
            "Text": "[5]"
        },
        {
            "BeginOffset": 374,
            "EndOffset": 378,
            "Score": 0.9959092140197754,
            "Text": "code"
        },
        {
            "BeginOffset": 382,
            "EndOffset": 390,
            "Score": 0.9898378252983093,
            "Text": "one line"
        },
        {
            "BeginOffset": 420,
            "EndOffset": 430,
            "Score": 0.8974424004554749,
            "Text": "the slides"
        }
    ],
    "ResponseMetadata": {
        "HTTPHeaders": {
            "content-length": "1020",
            "content-type": "application/x-amz-json-1.1",
            "date": "Thu, 28 Mar 2019 12:55:27 GMT",
            "x-amzn-requestid": "c29e3219-5158-11e9-a698-9b1a515702e6"
        },
        "HTTPStatusCode": 200,
        "RequestId": "c29e3219-5158-11e9-a698-9b1a515702e6",
        "RetryAttempts": 0
    }
},
{
    "Week": 5,
    "Slide": 30,
    "KeyPhrases": [
        {
            "BeginOffset": 14,
            "EndOffset": 21,
            "Score": 0.9935463070869446,
            "Text": "a piece"
        },
        {
            "BeginOffset": 25,
            "EndOffset": 31,
            "Score": 0.9487971663475037,
            "Text": "string"
        },
        {
            "BeginOffset": 41,
            "EndOffset": 46,
            "Score": 0.9992815852165222,
            "Text": "a way"
        },
        {
            "BeginOffset": 64,
            "EndOffset": 74,
            "Score": 0.9977745413780212,
            "Text": "the string"
        },
        {
            "BeginOffset": 87,
            "EndOffset": 90,
            "Score": 0.7967612147331238,
            "Text": "[0]"
        },
        {
            "BeginOffset": 103,
            "EndOffset": 105,
            "Score": 0.8495910167694092,
            "Text": "1]"
        },
        {
            "BeginOffset": 117,
            "EndOffset": 120,
            "Score": 0.8093311190605164,
            "Text": "[2]"
        },
        {
            "BeginOffset": 133,
            "EndOffset": 178,
            "Score": 0.9049105644226074,
            "Text": "\u250c\u2500\u2500\u2500\u252c\u2500\u2500\u2500\u252c\u2500\u2500\u2500\u252c\u2500\u2500\u2500\u252c\u2500\u2500\u2500\u252c\u2500\u2500\u2500\u252c\u2500\u2500\u2500\u252c\u2500\u2500\u2500\u252c\u2500\u2500\u2500\u252c\u2500\u2500\u2500\u2510 \n\n\u2502"
        },
        {
            "BeginOffset": 180,
            "EndOffset": 182,
            "Score": 0.6789196729660034,
            "Text": "'\u2502"
        },
        {
            "BeginOffset": 184,
            "EndOffset": 186,
            "Score": 0.7168720960617065,
            "Text": "'\u2502"
        },
        {
            "BeginOffset": 188,
            "EndOffset": 320,
            "Score": 0.9368945956230164,
            "Text": "'\u2502 R \u2502 E \u2502 W \u2502   \u2502   \u2502   \u2502   \u2502 \n\n\u2514\u2500\u2500\u2500\u2534\u2500\u2500\u2500\u2534\u2500\u2500\u2500\u2534\u2500\u2500\u2500\u2534\u2500\u2500\u2500\u2534\u2500\u2500\u2500\u2534\u2500\u2500\u2500\u2534\u2500\u2500\u2500\u2534\u2500\u2500\u2500\u2534\u2500\u2500\u2500\u2518 \n\n| 0 | 1 | 2 | 3 | 4 | 5 | 6 | 7 | 8 | 9 \n\nprinting name"
        }
    ],
    "ResponseMetadata": {
        "HTTPHeaders": {
            "content-length": "1220",
            "content-type": "application/x-amz-json-1.1",
            "date": "Thu, 28 Mar 2019 12:55:28 GMT",
            "x-amzn-requestid": "c34dd2db-5158-11e9-a1f4-5925745f18c1"
        },
        "HTTPStatusCode": 200,
        "RequestId": "c34dd2db-5158-11e9-a1f4-5925745f18c1",
        "RetryAttempts": 0
    }
},
{
    "Week": 5,
    "Slide": 31,
    "KeyPhrases": [
        {
            "BeginOffset": 2,
            "EndOffset": 17,
            "Score": 0.9415366053581238,
            "Text": "Null Terminator"
        },
        {
            "BeginOffset": 40,
            "EndOffset": 57,
            "Score": 0.979071855545044,
            "Text": "a null terminator"
        },
        {
            "BeginOffset": 59,
            "EndOffset": 71,
            "Score": 0.9765540361404419,
            "Text": "any function"
        },
        {
            "BeginOffset": 73,
            "EndOffset": 84,
            "Score": 0.919074296951294,
            "Text": "e.g.\u00a0printf"
        },
        {
            "BeginOffset": 99,
            "EndOffset": 107,
            "Score": 0.90736323595047,
            "Text": "a string"
        },
        {
            "BeginOffset": 128,
            "EndOffset": 132,
            "Score": 0.9737148880958557,
            "Text": "\u201cend"
        },
        {
            "BeginOffset": 136,
            "EndOffset": 143,
            "Score": 0.9684871435165405,
            "Text": "string\u201d"
        },
        {
            "BeginOffset": 149,
            "EndOffset": 156,
            "Score": 0.6190935969352722,
            "Text": "name[0]"
        },
        {
            "BeginOffset": 170,
            "EndOffset": 173,
            "Score": 0.8075335025787354,
            "Text": "[1]"
        },
        {
            "BeginOffset": 187,
            "EndOffset": 190,
            "Score": 0.8094122409820557,
            "Text": "[2]"
        },
        {
            "BeginOffset": 205,
            "EndOffset": 207,
            "Score": 0.8477292656898499,
            "Text": "3]"
        },
        {
            "BeginOffset": 211,
            "EndOffset": 213,
            "Score": 0.8404361009597778,
            "Text": "\\0"
        }
    ],
    "ResponseMetadata": {
        "HTTPHeaders": {
            "content-length": "975",
            "content-type": "application/x-amz-json-1.1",
            "date": "Thu, 28 Mar 2019 12:55:29 GMT",
            "x-amzn-requestid": "c3ee5932-5158-11e9-9067-a580ee7ec557"
        },
        "HTTPStatusCode": 200,
        "RequestId": "c3ee5932-5158-11e9-9067-a580ee7ec557",
        "RetryAttempts": 0
    }
},
{
    "Week": 5,
    "Slide": 32,
    "KeyPhrases": [
        {
            "BeginOffset": 2,
            "EndOffset": 69,
            "Score": 0.9460844397544861,
            "Text": "Null Terminator\n \n\n\u250c\u2500\u2500\u2500\u252c\u2500\u2500\u2500\u252c\u2500\u2500\u2500\u252c\u2500\u2500\u2500\u2500\u252c\u2500\u2500\u2500\u252c\u2500\u2500\u2500\u252c\u2500\u2500\u2500\u252c\u2500\u2500\u2500\u252c\u2500\u2500\u2500\u252c\u2500\u2500\u2500\u2510 \n\n\u2502'T"
        },
        {
            "BeginOffset": 69,
            "EndOffset": 71,
            "Score": 0.6544265151023865,
            "Text": "'\u2502"
        },
        {
            "BeginOffset": 73,
            "EndOffset": 75,
            "Score": 0.7273086309432983,
            "Text": "'\u2502"
        },
        {
            "BeginOffset": 77,
            "EndOffset": 79,
            "Score": 0.8118362426757812,
            "Text": "'\u2502"
        }
    ],
    "ResponseMetadata": {
        "HTTPHeaders": {
            "content-length": "469",
            "content-type": "application/x-amz-json-1.1",
            "date": "Thu, 28 Mar 2019 12:55:30 GMT",
            "x-amzn-requestid": "c49c4bfb-5158-11e9-a1f4-5925745f18c1"
        },
        "HTTPStatusCode": 200,
        "RequestId": "c49c4bfb-5158-11e9-a1f4-5925745f18c1",
        "RetryAttempts": 0
    }
},
{
    "Week": 5,
    "Slide": 33,
    "KeyPhrases": [
        {
            "BeginOffset": 2,
            "EndOffset": 10,
            "Score": 0.8024013638496399,
            "Text": "Sidenote"
        },
        {
            "BeginOffset": 12,
            "EndOffset": 32,
            "Score": 0.9527226686477661,
            "Text": "Uninitialised Arrays"
        },
        {
            "BeginOffset": 69,
            "EndOffset": 78,
            "Score": 0.9957638382911682,
            "Text": "our array"
        }
    ],
    "ResponseMetadata": {
        "HTTPHeaders": {
            "content-length": "265",
            "content-type": "application/x-amz-json-1.1",
            "date": "Thu, 28 Mar 2019 12:55:31 GMT",
            "x-amzn-requestid": "c53bc047-5158-11e9-b79a-031038b16953"
        },
        "HTTPStatusCode": 200,
        "RequestId": "c53bc047-5158-11e9-b79a-031038b16953",
        "RetryAttempts": 0
    }
},
{
    "Week": 5,
    "Slide": 34,
    "KeyPhrases": [
        {
            "BeginOffset": 2,
            "EndOffset": 10,
            "Score": 0.8024013638496399,
            "Text": "Sidenote"
        },
        {
            "BeginOffset": 12,
            "EndOffset": 32,
            "Score": 0.9466735124588013,
            "Text": "Uninitialised Arrays"
        },
        {
            "BeginOffset": 51,
            "EndOffset": 60,
            "Score": 0.9664319157600403,
            "Text": "this code"
        },
        {
            "BeginOffset": 70,
            "EndOffset": 81,
            "Score": 0.8650625944137573,
            "Text": "array[SIZE]"
        },
        {
            "BeginOffset": 88,
            "EndOffset": 93,
            "Score": 0.7414727210998535,
            "Text": "int i"
        },
        {
            "BeginOffset": 96,
            "EndOffset": 97,
            "Score": 0.9494325518608093,
            "Text": "0"
        },
        {
            "BeginOffset": 108,
            "EndOffset": 116,
            "Score": 0.8678801655769348,
            "Text": "i < SIZE"
        },
        {
            "BeginOffset": 126,
            "EndOffset": 132,
            "Score": 0.7962567806243896,
            "Text": "printf"
        },
        {
            "BeginOffset": 135,
            "EndOffset": 138,
            "Score": 0.7445786595344543,
            "Text": "d\\n"
        },
        {
            "BeginOffset": 141,
            "EndOffset": 149,
            "Score": 0.7558265328407288,
            "Text": "array[i]"
        }
    ],
    "ResponseMetadata": {
        "HTTPHeaders": {
            "content-length": "813",
            "content-type": "application/x-amz-json-1.1",
            "date": "Thu, 28 Mar 2019 12:55:32 GMT",
            "x-amzn-requestid": "c5eb139d-5158-11e9-99c9-7369baa4d582"
        },
        "HTTPStatusCode": 200,
        "RequestId": "c5eb139d-5158-11e9-99c9-7369baa4d582",
        "RetryAttempts": 0
    }
},
{
    "Week": 5,
    "Slide": 35,
    "KeyPhrases": [
        {
            "BeginOffset": 2,
            "EndOffset": 10,
            "Score": 0.8007370829582214,
            "Text": "Sidenote"
        },
        {
            "BeginOffset": 12,
            "EndOffset": 32,
            "Score": 0.9299647212028503,
            "Text": "Uninitialised Arrays"
        },
        {
            "BeginOffset": 33,
            "EndOffset": 42,
            "Score": 0.999872088432312,
            "Text": "the array"
        },
        {
            "BeginOffset": 72,
            "EndOffset": 81,
            "Score": 0.7389819025993347,
            "Text": "int array"
        },
        {
            "BeginOffset": 81,
            "EndOffset": 87,
            "Score": 0.7736160755157471,
            "Text": "[SIZE]"
        },
        {
            "BeginOffset": 94,
            "EndOffset": 99,
            "Score": 0.6962516903877258,
            "Text": "int i"
        },
        {
            "BeginOffset": 102,
            "EndOffset": 103,
            "Score": 0.9498672485351562,
            "Text": "0"
        },
        {
            "BeginOffset": 114,
            "EndOffset": 122,
            "Score": 0.8678405284881592,
            "Text": "i < SIZE"
        },
        {
            "BeginOffset": 132,
            "EndOffset": 138,
            "Score": 0.7962694764137268,
            "Text": "printf"
        },
        {
            "BeginOffset": 141,
            "EndOffset": 144,
            "Score": 0.74457848072052,
            "Text": "d\\n"
        },
        {
            "BeginOffset": 147,
            "EndOffset": 155,
            "Score": 0.755826473236084,
            "Text": "array[i]"
        },
        {
            "BeginOffset": 178,
            "EndOffset": 227,
            "Score": 0.9017028212547302,
            "Text": "\u250c\u2500\u2500\u2500\u252c\u2500\u2500\u2500\u252c\u2500\u2500\u2500\u252c\u2500\u2500\u2500\u252c\u2500\u2500\u2500\u252c\u2500\u2500\u2500\u252c\u2500\u2500\u2500\u252c\u2500\u2500\u2500\u252c\u2500\u2500\u2500\u252c\u2500\u2500\u2500\u2510 \n\n\u2502 ? \u2502"
        },
        {
            "BeginOffset": 230,
            "EndOffset": 231,
            "Score": 0.37914910912513733,
            "Text": "\u2502"
        },
        {
            "BeginOffset": 234,
            "EndOffset": 235,
            "Score": 0.39344266057014465,
            "Text": "\u2502"
        },
        {
            "BeginOffset": 238,
            "EndOffset": 239,
            "Score": 0.3939768970012665,
            "Text": "\u2502"
        },
        {
            "BeginOffset": 242,
            "EndOffset": 243,
            "Score": 0.39059513807296753,
            "Text": "\u2502"
        },
        {
            "BeginOffset": 246,
            "EndOffset": 247,
            "Score": 0.38722100853919983,
            "Text": "\u2502"
        },
        {
            "BeginOffset": 250,
            "EndOffset": 251,
            "Score": 0.38435789942741394,
            "Text": "\u2502"
        },
        {
            "BeginOffset": 254,
            "EndOffset": 255,
            "Score": 0.3821541666984558,
            "Text": "\u2502"
        },
        {
            "BeginOffset": 258,
            "EndOffset": 259,
            "Score": 0.39027297496795654,
            "Text": "\u2502"
        },
        {
            "BeginOffset": 262,
            "EndOffset": 306,
            "Score": 0.9494808912277222,
            "Text": "\u2502 \n\n\u2514\u2500\u2500\u2500\u2534\u2500\u2500\u2500\u2534\u2500\u2500\u2500\u2534\u2500\u2500\u2500\u2534\u2500\u2500\u2500\u2534\u2500\u2500\u2500\u2534\u2500\u2500\u2500\u2534\u2500\u2500\u2500\u2534\u2500\u2500\u2500\u2534\u2500\u2500\u2500"
        }
    ],
    "ResponseMetadata": {
        "HTTPHeaders": {
            "content-length": "1911",
            "content-type": "application/x-amz-json-1.1",
            "date": "Thu, 28 Mar 2019 12:55:33 GMT",
            "x-amzn-requestid": "c68a6062-5158-11e9-bd32-375300018036"
        },
        "HTTPStatusCode": 200,
        "RequestId": "c68a6062-5158-11e9-bd32-375300018036",
        "RetryAttempts": 0
    }
},
{
    "Week": 5,
    "Slide": 36,
    "KeyPhrases": [
        {
            "BeginOffset": 2,
            "EndOffset": 10,
            "Score": 0.7999995946884155,
            "Text": "Sidenote"
        },
        {
            "BeginOffset": 12,
            "EndOffset": 41,
            "Score": 0.8641194105148315,
            "Text": "Uninitialised Arrays\nsolution"
        },
        {
            "BeginOffset": 43,
            "EndOffset": 53,
            "Score": 0.4552338719367981,
            "Text": "initialise"
        },
        {
            "BeginOffset": 54,
            "EndOffset": 63,
            "Score": 0.9313054084777832,
            "Text": "the array"
        },
        {
            "BeginOffset": 73,
            "EndOffset": 77,
            "Score": 0.6656495332717896,
            "Text": "note"
        },
        {
            "BeginOffset": 105,
            "EndOffset": 119,
            "Score": 0.9954891800880432,
            "Text": "all the values"
        },
        {
            "BeginOffset": 123,
            "EndOffset": 129,
            "Score": 0.9941912293434143,
            "Text": "a loop"
        },
        {
            "BeginOffset": 139,
            "EndOffset": 150,
            "Score": 0.7528497576713562,
            "Text": "array[SIZE]"
        },
        {
            "BeginOffset": 154,
            "EndOffset": 155,
            "Score": 0.6710829138755798,
            "Text": "0"
        },
        {
            "BeginOffset": 171,
            "EndOffset": 172,
            "Score": 0.9589499235153198,
            "Text": "0"
        },
        {
            "BeginOffset": 183,
            "EndOffset": 191,
            "Score": 0.8630358576774597,
            "Text": "i < SIZE"
        },
        {
            "BeginOffset": 201,
            "EndOffset": 207,
            "Score": 0.796640157699585,
            "Text": "printf"
        },
        {
            "BeginOffset": 210,
            "EndOffset": 213,
            "Score": 0.7446246147155762,
            "Text": "d\\n"
        },
        {
            "BeginOffset": 216,
            "EndOffset": 224,
            "Score": 0.7558351159095764,
            "Text": "array[i]"
        },
        {
            "BeginOffset": 247,
            "EndOffset": 375,
            "Score": 0.9519930481910706,
            "Text": "\u250c\u2500\u2500\u2500\u252c\u2500\u2500\u2500\u252c\u2500\u2500\u2500\u252c\u2500\u2500\u2500\u252c\u2500\u2500\u2500\u252c\u2500\u2500\u2500\u252c\u2500\u2500\u2500\u252c\u2500\u2500\u2500\u252c\u2500\u2500\u2500\u252c\u2500\u2500\u2500\u2510 \n\n\u2502 0 \u2502 0 \u2502 0 \u2502 0 \u2502 0 \u2502 0 \u2502 0 \u2502 0 \u2502 0 \u2502 0 \u2502 \n\n\u2514\u2500\u2500\u2500\u2534\u2500\u2500\u2500\u2534\u2500\u2500\u2500\u2534\u2500\u2500\u2500\u2534\u2500\u2500\u2500\u2534\u2500\u2500\u2500\u2534\u2500\u2500\u2500\u2534\u2500\u2500\u2500\u2534\u2500\u2500\u2500\u2534\u2500\u2500\u2500"
        }
    ],
    "ResponseMetadata": {
        "HTTPHeaders": {
            "content-length": "1535",
            "content-type": "application/x-amz-json-1.1",
            "date": "Thu, 28 Mar 2019 12:55:35 GMT",
            "x-amzn-requestid": "c729ad9c-5158-11e9-9ee0-d7b69e2c846a"
        },
        "HTTPStatusCode": 200,
        "RequestId": "c729ad9c-5158-11e9-9ee0-d7b69e2c846a",
        "RetryAttempts": 0
    }
}
]