[
    {
        "Week": 5,
        "Slide": 0,
        "KeyPhrases": []
    },
    {
        "Week": 5,
        "Slide": 1,
        "KeyPhrases": [
            {
                "Score": 0.7693220973014832,
                "Text": "lecture"
            },
            {
                "Score": 0.8851119875907898,
                "Text": "bennett"
            },
            {
                "Score": 0.8851119875907898,
                "Text": "jeremy"
            },
            {
                "Score": 0.8851119875907898,
                "Text": "string"
            },
            {
                "Score": 0.8851119875907898,
                "Text": "andrew"
            },
            {
                "Score": 0.8851119875907898,
                "Text": "jashank"
            }
        ]
    },
    {
        "Week": 5,
        "Slide": 2,
        "KeyPhrases": [
            {
                "Score": 0.997734785079956,
                "Text": "person"
            }
        ]
    },
    {
        "Week": 5,
        "Slide": 3,
        "KeyPhrases": [
            {
                "Score": 0.533657431602478,
                "Text": "overview"
            },
            {
                "Score": 0.9970005750656128,
                "Text": "lecture"
            },
            {
                "Score": 0.9933473467826843,
                "Text": "array"
            },
            {
                "Score": 0.9982689619064331,
                "Text": "way"
            },
            {
                "Score": 0.9990221261978149,
                "Text": "string"
            },
            {
                "Score": 0.9987953901290894,
                "Text": "function"
            },
            {
                "Score": 0.9468054175376892,
                "Text": "string"
            },
            {
                "Score": 0.9899348020553589,
                "Text": "command"
            },
            {
                "Score": 0.9899348020553589,
                "Text": "line"
            },
            {
                "Score": 0.9899348020553589,
                "Text": "argument"
            },
            {
                "Score": 0.752815306186676,
                "Text": "argc"
            },
            {
                "Score": 0.8673803806304932,
                "Text": "argv"
            },
            {
                "Score": 0.7321128845214844,
                "Text": "note"
            },
            {
                "Score": 0.9821453094482422,
                "Text": "lecture"
            },
            {
                "Score": 0.9942170977592468,
                "Text": "lecture"
            },
            {
                "Score": 0.9992502927780151,
                "Text": "foundation"
            },
            {
                "Score": 0.9974177479743958,
                "Text": "skill"
            },
            {
                "Score": 0.999396800994873,
                "Text": "language"
            },
            {
                "Score": 0.9729824066162109,
                "Text": "consistent"
            },
            {
                "Score": 0.9729824066162109,
                "Text": "practice"
            }
        ]
    },
    {
        "Week": 5,
        "Slide": 4,
        "KeyPhrases": [
            {
                "Score": 0.8646005392074585,
                "Text": "admin"
            },
            {
                "Score": 0.7031846046447754,
                "Text": "week"
            },
            {
                "Score": 0.7031846046447754,
                "Text": "test"
            },
            {
                "Score": 0.9554716348648071,
                "Text": "friday"
            },
            {
                "Score": 0.704984724521637,
                "Text": "friday"
            },
            {
                "Score": 0.9991812705993652,
                "Text": "week"
            },
            {
                "Score": 0.997417688369751,
                "Text": "public"
            },
            {
                "Score": 0.997417688369751,
                "Text": "holiday"
            },
            {
                "Score": 0.9896685481071472,
                "Text": "friday"
            },
            {
                "Score": 0.9896685481071472,
                "Text": "tutelab"
            },
            {
                "Score": 0.982974112033844,
                "Text": "course"
            },
            {
                "Score": 0.982974112033844,
                "Text": "website"
            },
            {
                "Score": 0.9945012331008911,
                "Text": "detail"
            },
            {
                "Score": 0.9987170100212097,
                "Text": "week"
            },
            {
                "Score": 0.9451004266738892,
                "Text": "lab"
            },
            {
                "Score": 0.7690074443817139,
                "Text": "friday"
            },
            {
                "Score": 0.7690074443817139,
                "Text": "midsem"
            },
            {
                "Score": 0.8041649460792542,
                "Text": "friday"
            },
            {
                "Score": 0.8041649460792542,
                "Text": "april"
            },
            {
                "Score": 0.8041649460792542,
                "Text": "assignment"
            },
            {
                "Score": 0.6043674349784851,
                "Text": "sunday"
            },
            {
                "Score": 0.6043674349784851,
                "Text": "midsem"
            },
            {
                "Score": 0.9537122845649719,
                "Text": "help"
            },
            {
                "Score": 0.9537122845649719,
                "Text": "session"
            },
            {
                "Score": 0.9776462316513062,
                "Text": "course"
            },
            {
                "Score": 0.9776462316513062,
                "Text": "website"
            }
        ]
    },
    {
        "Week": 5,
        "Slide": 5,
        "KeyPhrases": [
            {
                "Score": 0.9251580834388733,
                "Text": "array"
            },
            {
                "Score": 0.9251580834388733,
                "Text": "array"
            },
            {
                "Score": 0.9919098019599915,
                "Text": "yesterday"
            }
        ]
    },
    {
        "Week": 5,
        "Slide": 6,
        "KeyPhrases": [
            {
                "Score": 0.8752739429473877,
                "Text": "array"
            },
            {
                "Score": 0.999865710735321,
                "Text": "array"
            },
            {
                "Score": 0.7389283180236816,
                "Text": "int"
            },
            {
                "Score": 0.7389283180236816,
                "Text": "array"
            },
            {
                "Score": 0.6962592601776123,
                "Text": "int"
            },
            {
                "Score": 0.867840588092804,
                "Text": "size"
            },
            {
                "Score": 0.7962695360183716,
                "Text": "printf"
            },
            {
                "Score": 0.7558264136314392,
                "Text": "array"
            },
            {
                "Score": 0.9497020244598389,
                "Text": "print"
            },
            {
                "Score": 0.9154518246650696,
                "Text": "behaviour"
            },
            {
                "Score": 0.9974554181098938,
                "Text": "rule"
            }
        ]
    },
    {
        "Week": 5,
        "Slide": 7,
        "KeyPhrases": [
            {
                "Score": 0.8315685391426086,
                "Text": "array"
            },
            {
                "Score": 0.8315685391426086,
                "Text": "solution"
            },
            {
                "Score": 0.46284595131874084,
                "Text": "initialise"
            },
            {
                "Score": 0.9291186332702637,
                "Text": "array"
            },
            {
                "Score": 0.6705361008644104,
                "Text": "note"
            },
            {
                "Score": 0.9954888224601746,
                "Text": "value"
            },
            {
                "Score": 0.9941912293434143,
                "Text": "loop"
            },
            {
                "Score": 0.7528498768806458,
                "Text": "array"
            },
            {
                "Score": 0.8630358576774597,
                "Text": "size"
            },
            {
                "Score": 0.7966402173042297,
                "Text": "printf"
            },
            {
                "Score": 0.7558350563049316,
                "Text": "array"
            }
        ]
    },
    {
        "Week": 5,
        "Slide": 8,
        "KeyPhrases": [
            {
                "Score": 0.8217014670372009,
                "Text": "array"
            },
            {
                "Score": 0.9990531206130981,
                "Text": "way"
            },
            {
                "Score": 0.9996050000190735,
                "Text": "array"
            },
            {
                "Score": 0.6651794910430908,
                "Text": "array"
            },
            {
                "Score": 0.6651794910430908,
                "Text": "initialiser"
            },
            {
                "Score": 0.7133988738059998,
                "Text": "array"
            },
            {
                "Score": 0.7831011414527893,
                "Text": "zero"
            },
            {
                "Score": 0.7831011414527893,
                "Text": "array"
            },
            {
                "Score": 0.7831011414527893,
                "Text": "int"
            }
        ]
    },
    {
        "Week": 5,
        "Slide": 9,
        "KeyPhrases": [
            {
                "Score": 0.8217014670372009,
                "Text": "array"
            },
            {
                "Score": 0.9990531206130981,
                "Text": "way"
            },
            {
                "Score": 0.9996050000190735,
                "Text": "array"
            },
            {
                "Score": 0.6651794910430908,
                "Text": "array"
            },
            {
                "Score": 0.6651794910430908,
                "Text": "initialiser"
            },
            {
                "Score": 0.6961782574653625,
                "Text": "array"
            },
            {
                "Score": 0.7486993074417114,
                "Text": "rest"
            },
            {
                "Score": 0.8009986281394958,
                "Text": "array"
            },
            {
                "Score": 0.8009986281394958,
                "Text": "int"
            },
            {
                "Score": 0.8611689805984497,
                "Text": "size"
            }
        ]
    },
    {
        "Week": 5,
        "Slide": 10,
        "KeyPhrases": [
            {
                "Score": 0.8217014670372009,
                "Text": "array"
            },
            {
                "Score": 0.9990531206130981,
                "Text": "way"
            },
            {
                "Score": 0.9994238615036011,
                "Text": "array"
            },
            {
                "Score": 0.7948094010353088,
                "Text": "loop"
            },
            {
                "Score": 0.7948094010353088,
                "Text": "int"
            },
            {
                "Score": 0.8680182695388794,
                "Text": "size"
            },
            {
                "Score": 0.6670429110527039,
                "Text": "array"
            },
            {
                "Score": 0.9996185302734375,
                "Text": "value"
            },
            {
                "Score": 0.9989836812019348,
                "Text": "choice"
            }
        ]
    },
    {
        "Week": 5,
        "Slide": 11,
        "KeyPhrases": [
            {
                "Score": 0.9095513820648193,
                "Text": "string"
            },
            {
                "Score": 0.9973832964897156,
                "Text": "string"
            },
            {
                "Score": 0.7949185371398926,
                "Text": "name"
            },
            {
                "Score": 0.7949185371398926,
                "Text": "way"
            },
            {
                "Score": 0.7949185371398926,
                "Text": "char"
            },
            {
                "Score": 0.9950733184814453,
                "Text": "element"
            },
            {
                "Score": 0.9985637068748474,
                "Text": "zero"
            }
        ]
    },
    {
        "Week": 5,
        "Slide": 12,
        "KeyPhrases": [
            {
                "Score": 0.9115763902664185,
                "Text": "string"
            },
            {
                "Score": 0.9978091716766357,
                "Text": "hand"
            },
            {
                "Score": 0.8323374390602112,
                "Text": "name"
            },
            {
                "Score": 0.8323374390602112,
                "Text": "char"
            }
        ]
    },
    {
        "Week": 5,
        "Slide": 13,
        "KeyPhrases": [
            {
                "Score": 0.9340264797210693,
                "Text": "string"
            },
            {
                "Score": 0.5777559876441956,
                "Text": "than"
            },
            {
                "Score": 0.7863299250602722,
                "Text": "size"
            },
            {
                "Score": 0.7863299250602722,
                "Text": "name"
            },
            {
                "Score": 0.7863299250602722,
                "Text": "char"
            }
        ]
    },
    {
        "Week": 5,
        "Slide": 14,
        "KeyPhrases": [
            {
                "Score": 0.8981264233589172,
                "Text": "string"
            },
            {
                "Score": 0.9802501797676086,
                "Text": "size"
            },
            {
                "Score": 0.5867378115653992,
                "Text": "char"
            },
            {
                "Score": 0.5867378115653992,
                "Text": "name"
            }
        ]
    },
    {
        "Week": 5,
        "Slide": 15,
        "KeyPhrases": [
            {
                "Score": 0.8981264233589172,
                "Text": "string"
            },
            {
                "Score": 0.9802501797676086,
                "Text": "size"
            },
            {
                "Score": 0.5860835313796997,
                "Text": "char"
            },
            {
                "Score": 0.5860835313796997,
                "Text": "name"
            },
            {
                "Score": 0.9976209998130798,
                "Text": "problem"
            }
        ]
    },
    {
        "Week": 5,
        "Slide": 16,
        "KeyPhrases": [
            {
                "Score": 0.8981264233589172,
                "Text": "string"
            },
            {
                "Score": 0.9802501797676086,
                "Text": "size"
            },
            {
                "Score": 0.5860835313796997,
                "Text": "char"
            },
            {
                "Score": 0.5860835313796997,
                "Text": "name"
            }
        ]
    },
    {
        "Week": 5,
        "Slide": 17,
        "KeyPhrases": []
    },
    {
        "Week": 5,
        "Slide": 18,
        "KeyPhrases": [
            {
                "Score": 0.8740118741989136,
                "Text": "command"
            },
            {
                "Score": 0.8740118741989136,
                "Text": "line"
            },
            {
                "Score": 0.8740118741989136,
                "Text": "argument"
            },
            {
                "Score": 0.9473218321800232,
                "Text": "string"
            },
            {
                "Score": 0.999563992023468,
                "Text": "program"
            },
            {
                "Score": 0.8303428888320923,
                "Text": "dcc"
            },
            {
                "Score": 0.5328664183616638,
                "Text": "hello"
            },
            {
                "Score": 0.5328664183616638,
                "Text": "hello"
            },
            {
                "Score": 0.9770128726959229,
                "Text": "dcc"
            },
            {
                "Score": 0.9762926697731018,
                "Text": "command"
            },
            {
                "Score": 0.9762926697731018,
                "Text": "line"
            },
            {
                "Score": 0.9762926697731018,
                "Text": "argument"
            }
        ]
    },
    {
        "Week": 5,
        "Slide": 19,
        "KeyPhrases": [
            {
                "Score": 0.8740118741989136,
                "Text": "command"
            },
            {
                "Score": 0.8740118741989136,
                "Text": "line"
            },
            {
                "Score": 0.8740118741989136,
                "Text": "argument"
            },
            {
                "Score": 0.9473218321800232,
                "Text": "string"
            },
            {
                "Score": 0.9962934851646423,
                "Text": "program"
            },
            {
                "Score": 0.8088286519050598,
                "Text": "program"
            },
            {
                "Score": 0.8088286519050598,
                "Text": "hello"
            }
        ]
    },
    {
        "Week": 5,
        "Slide": 20,
        "KeyPhrases": [
            {
                "Score": 0.8740118741989136,
                "Text": "command"
            },
            {
                "Score": 0.8740118741989136,
                "Text": "line"
            },
            {
                "Score": 0.8740118741989136,
                "Text": "argument"
            },
            {
                "Score": 0.9473218321800232,
                "Text": "string"
            },
            {
                "Score": 0.9962934851646423,
                "Text": "program"
            },
            {
                "Score": 0.9992327690124512,
                "Text": "thing"
            },
            {
                "Score": 0.7239207029342651,
                "Text": "program"
            }
        ]
    },
    {
        "Week": 5,
        "Slide": 21,
        "KeyPhrases": [
            {
                "Score": 0.9143230319023132,
                "Text": "command"
            },
            {
                "Score": 0.9143230319023132,
                "Text": "line"
            },
            {
                "Score": 0.9143230319023132,
                "Text": "argument"
            },
            {
                "Score": 0.9996576309204102,
                "Text": "program"
            },
            {
                "Score": 0.9997947812080383,
                "Text": "signature"
            },
            {
                "Score": 0.8528807163238525,
                "Text": "function"
            },
            {
                "Score": 0.8528807163238525,
                "Text": "int"
            },
            {
                "Score": 0.835212230682373,
                "Text": "int"
            },
            {
                "Score": 0.835212230682373,
                "Text": "argc"
            },
            {
                "Score": 0.46828606724739075,
                "Text": "char"
            },
            {
                "Score": 0.8288398385047913,
                "Text": "argv"
            },
            {
                "Score": 0.8669297695159912,
                "Text": "code"
            },
            {
                "Score": 0.5253039598464966,
                "Text": "argc"
            },
            {
                "Score": 0.9984645843505859,
                "Text": "number"
            },
            {
                "Score": 0.6209813952445984,
                "Text": "argument"
            },
            {
                "Score": 0.6209813952445984,
                "Text": "argv"
            },
            {
                "Score": 0.9997637867927551,
                "Text": "content"
            }
        ]
    },
    {
        "Week": 5,
        "Slide": 22,
        "KeyPhrases": [
            {
                "Score": 0.9220880270004272,
                "Text": "command"
            },
            {
                "Score": 0.9220880270004272,
                "Text": "line"
            },
            {
                "Score": 0.9220880270004272,
                "Text": "argument"
            },
            {
                "Score": 0.4862353503704071,
                "Text": "program"
            },
            {
                "Score": 0.9982095956802368,
                "Text": "argument"
            },
            {
                "Score": 0.7858090400695801,
                "Text": "int"
            },
            {
                "Score": 0.7164520621299744,
                "Text": "int"
            },
            {
                "Score": 0.7164520621299744,
                "Text": "argc"
            },
            {
                "Score": 0.47939473390579224,
                "Text": "char"
            },
            {
                "Score": 0.8267433047294617,
                "Text": "argv"
            },
            {
                "Score": 0.9039241671562195,
                "Text": "argc"
            },
            {
                "Score": 0.9368160367012024,
                "Text": "printf"
            },
            {
                "Score": 0.8361754417419434,
                "Text": "argc"
            },
            {
                "Score": 0.9205858707427979,
                "Text": "argument"
            },
            {
                "Score": 0.805353581905365,
                "Text": "argc"
            },
            {
                "Score": 0.7753065228462219,
                "Text": "printf"
            },
            {
                "Score": 0.7209537625312805,
                "Text": "argument"
            },
            {
                "Score": 0.8688889145851135,
                "Text": "argv"
            },
            {
                "Score": 0.4861312508583069,
                "Text": "argc"
            },
            {
                "Score": 0.99856036901474,
                "Text": "number"
            },
            {
                "Score": 0.6144581437110901,
                "Text": "argument"
            },
            {
                "Score": 0.6144581437110901,
                "Text": "argv"
            },
            {
                "Score": 0.999769389629364,
                "Text": "content"
            }
        ]
    },
    {
        "Week": 5,
        "Slide": 23,
        "KeyPhrases": [
            {
                "Score": 0.6266127824783325,
                "Text": "fgets"
            },
            {
                "Score": 0.6266127824783325,
                "Text": "fgets"
            },
            {
                "Score": 0.8308144211769104,
                "Text": "array"
            },
            {
                "Score": 0.9403303265571594,
                "Text": "array"
            },
            {
                "Score": 0.9403303265571594,
                "Text": "size"
            },
            {
                "Score": 0.9818829298019409,
                "Text": "stream"
            },
            {
                "Score": 0.9996049404144287,
                "Text": "line"
            },
            {
                "Score": 0.8911383152008057,
                "Text": "char"
            },
            {
                "Score": 0.8911383152008057,
                "Text": "array"
            },
            {
                "Score": 0.8911383152008057,
                "Text": "text"
            },
            {
                "Score": 0.8911383152008057,
                "Text": "array"
            },
            {
                "Score": 0.8665975332260132,
                "Text": "line"
            },
            {
                "Score": 0.8665975332260132,
                "Text": "size"
            },
            {
                "Score": 0.8665975332260132,
                "Text": "array"
            },
            {
                "Score": 0.9968337416648865,
                "Text": "size"
            },
            {
                "Score": 0.8881873488426208,
                "Text": "array"
            },
            {
                "Score": 0.8881873488426208,
                "Text": "stream"
            },
            {
                "Score": 0.9988709688186646,
                "Text": "line"
            },
            {
                "Score": 0.8044009208679199,
                "Text": "fgets"
            },
            {
                "Score": 0.8044009208679199,
                "Text": "stdin"
            },
            {
                "Score": 0.8993939161300659,
                "Text": "than"
            },
            {
                "Score": 0.8993939161300659,
                "Text": "array"
            },
            {
                "Score": 0.8993939161300659,
                "Text": "size"
            },
            {
                "Score": 0.8993939161300659,
                "Text": "char"
            },
            {
                "Score": 0.9986118078231812,
                "Text": "array"
            },
            {
                "Score": 0.9950886368751526,
                "Text": "function"
            }
        ]
    },
    {
        "Week": 5,
        "Slide": 24,
        "KeyPhrases": [
            {
                "Score": 0.9112151265144348,
                "Text": "string"
            },
            {
                "Score": 0.7849018573760986,
                "Text": "string"
            },
            {
                "Score": 0.7849018573760986,
                "Text": "length"
            },
            {
                "Score": 0.7237086296081543,
                "Text": "strlen"
            },
            {
                "Score": 0.70441073179245,
                "Text": "char"
            },
            {
                "Score": 0.5373631119728088,
                "Text": "string"
            },
            {
                "Score": 0.5487695932388306,
                "Text": "char"
            },
            {
                "Score": 0.6588181257247925,
                "Text": "strcpy"
            },
            {
                "Score": 0.701636791229248,
                "Text": "char"
            },
            {
                "Score": 0.4950738251209259,
                "Text": "char"
            },
            {
                "Score": 0.9439738988876343,
                "Text": "src"
            },
            {
                "Score": 0.5678537487983704,
                "Text": "char"
            },
            {
                "Score": 0.6975239515304565,
                "Text": "strncpy"
            },
            {
                "Score": 0.6930729150772095,
                "Text": "char"
            },
            {
                "Score": 0.5250799059867859,
                "Text": "char"
            },
            {
                "Score": 0.841059684753418,
                "Text": "src"
            },
            {
                "Score": 0.8426956534385681,
                "Text": "int"
            },
            {
                "Score": 0.5216602683067322,
                "Text": "string"
            },
            {
                "Score": 0.7189958691596985,
                "Text": "char"
            },
            {
                "Score": 0.5922700762748718,
                "Text": "strcat"
            },
            {
                "Score": 0.7123044729232788,
                "Text": "char"
            },
            {
                "Score": 0.495770126581192,
                "Text": "char"
            },
            {
                "Score": 0.9440669417381287,
                "Text": "src"
            },
            {
                "Score": 0.5362998843193054,
                "Text": "char"
            },
            {
                "Score": 0.6460279226303101,
                "Text": "strncat"
            },
            {
                "Score": 0.6859229207038879,
                "Text": "char"
            },
            {
                "Score": 0.5258485078811646,
                "Text": "char"
            },
            {
                "Score": 0.8413187861442566,
                "Text": "src"
            },
            {
                "Score": 0.8277120590209961,
                "Text": "int"
            }
        ]
    }
]