[
    {
        "Week": 5,
        "Slide": 0,
        "KeyPhrases": []
    },
    {
        "Week": 5,
        "Slide": 1,
        "KeyPhrases": [
            {
                "Score": 0.9057004451751709,
                "Text": "lecture"
            },
            {
                "Score": 0.9057004451751709,
                "Text": "bennett"
            },
            {
                "Score": 0.9057004451751709,
                "Text": "string"
            },
            {
                "Score": 0.9057004451751709,
                "Text": "andrew"
            },
            {
                "Score": 0.9057004451751709,
                "Text": "char"
            },
            {
                "Score": 0.9057004451751709,
                "Text": "array"
            },
            {
                "Score": 0.5334383845329285,
                "Text": "char"
            }
        ]
    },
    {
        "Week": 5,
        "Slide": 2,
        "KeyPhrases": [
            {
                "Score": 0.997734785079956,
                "Text": "person"
            }
        ]
    },
    {
        "Week": 5,
        "Slide": 3,
        "KeyPhrases": [
            {
                "Score": 0.533657431602478,
                "Text": "overview"
            },
            {
                "Score": 0.9970005750656128,
                "Text": "lecture"
            },
            {
                "Score": 0.9612817764282227,
                "Text": "char"
            },
            {
                "Score": 0.9853142499923706,
                "Text": "ascii"
            },
            {
                "Score": 0.8373863101005554,
                "Text": "string"
            },
            {
                "Score": 0.9960923790931702,
                "Text": "program"
            },
            {
                "Score": 0.9918416738510132,
                "Text": "string"
            },
            {
                "Score": 0.9987284541130066,
                "Text": "simple"
            },
            {
                "Score": 0.9987284541130066,
                "Text": "problem"
            },
            {
                "Score": 0.7242250442504883,
                "Text": "note"
            },
            {
                "Score": 0.9821452498435974,
                "Text": "lecture"
            },
            {
                "Score": 0.9942170977592468,
                "Text": "lecture"
            },
            {
                "Score": 0.9992502927780151,
                "Text": "foundation"
            },
            {
                "Score": 0.9973892569541931,
                "Text": "skill"
            },
            {
                "Score": 0.9994076490402222,
                "Text": "language"
            },
            {
                "Score": 0.9729470014572144,
                "Text": "consistent"
            },
            {
                "Score": 0.9729470014572144,
                "Text": "practice"
            }
        ]
    },
    {
        "Week": 5,
        "Slide": 4,
        "KeyPhrases": [
            {
                "Score": 0.8646005392074585,
                "Text": "admin"
            },
            {
                "Score": 0.9538448452949524,
                "Text": "course"
            },
            {
                "Score": 0.9538448452949524,
                "Text": "style"
            },
            {
                "Score": 0.9538448452949524,
                "Text": "guide"
            },
            {
                "Score": 0.7863355875015259,
                "Text": "week"
            },
            {
                "Score": 0.7863355875015259,
                "Text": "test"
            },
            {
                "Score": 0.957040548324585,
                "Text": "friday"
            },
            {
                "Score": 0.9068968296051025,
                "Text": "assignment"
            },
            {
                "Score": 0.9975192546844482,
                "Text": "autotests"
            },
            {
                "Score": 0.9962097406387329,
                "Text": "assignment"
            },
            {
                "Score": 0.9531838297843933,
                "Text": "help"
            },
            {
                "Score": 0.9531838297843933,
                "Text": "session"
            },
            {
                "Score": 0.9776488542556763,
                "Text": "course"
            },
            {
                "Score": 0.9776488542556763,
                "Text": "website"
            }
        ]
    },
    {
        "Week": 5,
        "Slide": 5,
        "KeyPhrases": [
            {
                "Score": 0.9727051258087158,
                "Text": "number"
            },
            {
                "Score": 0.9957661628723145,
                "Text": "number"
            },
            {
                "Score": 0.8905318975448608,
                "Text": "int"
            },
            {
                "Score": 0.8905318975448608,
                "Text": "age"
            }
        ]
    },
    {
        "Week": 5,
        "Slide": 6,
        "KeyPhrases": [
            {
                "Score": 0.829956591129303,
                "Text": "letter"
            },
            {
                "Score": 0.829956591129303,
                "Text": "word"
            },
            {
                "Score": 0.9868568778038025,
                "Text": "word"
            },
            {
                "Score": 0.7226094603538513,
                "Text": "printf"
            },
            {
                "Score": 0.6614060997962952,
                "Text": "andrew"
            }
        ]
    },
    {
        "Week": 5,
        "Slide": 7,
        "KeyPhrases": [
            {
                "Score": 0.829956591129303,
                "Text": "letter"
            },
            {
                "Score": 0.829956591129303,
                "Text": "word"
            },
            {
                "Score": 0.9868568778038025,
                "Text": "word"
            },
            {
                "Score": 0.7226094603538513,
                "Text": "printf"
            },
            {
                "Score": 0.6614060997962952,
                "Text": "andrew"
            }
        ]
    },
    {
        "Week": 5,
        "Slide": 8,
        "KeyPhrases": [
            {
                "Score": 0.6648110151290894,
                "Text": "letter"
            },
            {
                "Score": 0.6648110151290894,
                "Text": "word"
            },
            {
                "Score": 0.6194212436676025,
                "Text": "word"
            },
            {
                "Score": 0.6928953528404236,
                "Text": "string"
            },
            {
                "Score": 0.6928953528404236,
                "Text": "printf"
            },
            {
                "Score": 0.758518636226654,
                "Text": "andrew"
            }
        ]
    },
    {
        "Week": 5,
        "Slide": 9,
        "KeyPhrases": []
    },
    {
        "Week": 5,
        "Slide": 10,
        "KeyPhrases": [
            {
                "Score": 0.5848720669746399,
                "Text": "string"
            },
            {
                "Score": 0.9966573715209961,
                "Text": "string"
            },
            {
                "Score": 0.9992352724075317,
                "Text": "array"
            },
            {
                "Score": 0.994139552116394,
                "Text": "character"
            },
            {
                "Score": 0.9994263648986816,
                "Text": "character"
            },
            {
                "Score": 0.7980491518974304,
                "Text": "written"
            },
            {
                "Score": 0.7980491518974304,
                "Text": "letter"
            },
            {
                "Score": 0.9717210531234741,
                "Text": "symbol"
            }
        ]
    },
    {
        "Week": 5,
        "Slide": 11,
        "KeyPhrases": [
            {
                "Score": 0.8006623387336731,
                "Text": "character"
            },
            {
                "Score": 0.9954367280006409,
                "Text": "character"
            },
            {
                "Score": 0.861147940158844,
                "Text": "letter"
            },
            {
                "Score": 0.843032717704773,
                "Text": "number"
            },
            {
                "Score": 0.9708192348480225,
                "Text": "punctuation"
            }
        ]
    },
    {
        "Week": 5,
        "Slide": 12,
        "KeyPhrases": [
            {
                "Score": 0.9739500880241394,
                "Text": "character"
            },
            {
                "Score": 0.7938339114189148,
                "Text": "char"
            },
            {
                "Score": 0.9079828858375549,
                "Text": "int"
            },
            {
                "Score": 0.9079828858375549,
                "Text": "age"
            },
            {
                "Score": 0.9079828858375549,
                "Text": "int"
            },
            {
                "Score": 0.8815819621086121,
                "Text": "char"
            },
            {
                "Score": 0.8815819621086121,
                "Text": "letter"
            },
            {
                "Score": 0.8815819621086121,
                "Text": "char"
            },
            {
                "Score": 0.8952767848968506,
                "Text": "char"
            },
            {
                "Score": 0.9851499795913696,
                "Text": "quote"
            },
            {
                "Score": 0.9734681844711304,
                "Text": "string"
            },
            {
                "Score": 0.9886406064033508,
                "Text": "quote"
            }
        ]
    },
    {
        "Week": 5,
        "Slide": 13,
        "KeyPhrases": [
            {
                "Score": 0.9748989939689636,
                "Text": "character"
            },
            {
                "Score": 0.7829850912094116,
                "Text": "char"
            },
            {
                "Score": 0.9856173992156982,
                "Text": "integer"
            },
            {
                "Score": 0.9636740684509277,
                "Text": "bit"
            },
            {
                "Score": 0.940647304058075,
                "Text": "ascii"
            },
            {
                "Score": 0.940647304058075,
                "Text": "character"
            },
            {
                "Score": 0.940647304058075,
                "Text": "code"
            },
            {
                "Score": 0.8402613997459412,
                "Text": "array"
            },
            {
                "Score": 0.9273651838302612,
                "Text": "char"
            },
            {
                "Score": 0.9981088638305664,
                "Text": "character"
            },
            {
                "Score": 0.9896456003189087,
                "Text": "number"
            }
        ]
    },
    {
        "Week": 5,
        "Slide": 14,
        "KeyPhrases": [
            {
                "Score": 0.9953247308731079,
                "Text": "ascii"
            },
            {
                "Score": 0.9953247308731079,
                "Text": "ascii"
            },
            {
                "Score": 0.9961423277854919,
                "Text": "way"
            },
            {
                "Score": 0.9953613877296448,
                "Text": "number"
            },
            {
                "Score": 0.9972437620162964,
                "Text": "character"
            },
            {
                "Score": 0.789326548576355,
                "Text": "case"
            },
            {
                "Score": 0.9852492213249207,
                "Text": "letter"
            },
            {
                "Score": 0.9927206039428711,
                "Text": "digit"
            },
            {
                "Score": 0.8600816130638123,
                "Text": "punctuation"
            },
            {
                "Score": 0.8600816130638123,
                "Text": "symbol"
            },
            {
                "Score": 0.9894707202911377,
                "Text": "character"
            },
            {
                "Score": 0.9894707202911377,
                "Text": "non"
            },
            {
                "Score": 0.9894707202911377,
                "Text": "printing"
            },
            {
                "Score": 0.7645295262336731,
                "Text": "newline"
            },
            {
                "Score": 0.9916433095932007,
                "Text": "space"
            }
        ]
    },
    {
        "Week": 5,
        "Slide": 15,
        "KeyPhrases": [
            {
                "Score": 0.994655966758728,
                "Text": "ascii"
            },
            {
                "Score": 0.994655966758728,
                "Text": "code"
            },
            {
                "Score": 0.9894137978553772,
                "Text": "quote"
            },
            {
                "Score": 0.9977354407310486,
                "Text": "ascii"
            },
            {
                "Score": 0.9977354407310486,
                "Text": "code"
            },
            {
                "Score": 0.9940498471260071,
                "Text": "character"
            },
            {
                "Score": 0.861342191696167,
                "Text": "printf"
            },
            {
                "Score": 0.7258614301681519,
                "Text": "print"
            },
            {
                "Score": 0.9090728163719177,
                "Text": "printf"
            },
            {
                "Score": 0.6861985325813293,
                "Text": "print"
            },
            {
                "Score": 0.9030225872993469,
                "Text": "printf"
            },
            {
                "Score": 0.7194958329200745,
                "Text": "print"
            },
            {
                "Score": 0.8987835645675659,
                "Text": "printf"
            },
            {
                "Score": 0.6548733711242676,
                "Text": "print"
            },
            {
                "Score": 0.9979386925697327,
                "Text": "ascii"
            },
            {
                "Score": 0.9979386925697327,
                "Text": "code"
            },
            {
                "Score": 0.8141696453094482,
                "Text": "program"
            },
            {
                "Score": 0.9962196946144104,
                "Text": "quote"
            }
        ]
    },
    {
        "Week": 5,
        "Slide": 16,
        "KeyPhrases": [
            {
                "Score": 0.8910844326019287,
                "Text": "ascii"
            }
        ]
    },
    {
        "Week": 5,
        "Slide": 17,
        "KeyPhrases": [
            {
                "Score": 0.7720195055007935,
                "Text": "reading"
            },
            {
                "Score": 0.7720195055007935,
                "Text": "char"
            },
            {
                "Score": 0.9973437786102295,
                "Text": "byte"
            },
            {
                "Score": 0.8588305711746216,
                "Text": "standard"
            },
            {
                "Score": 0.8588305711746216,
                "Text": "input"
            },
            {
                "Score": 0.8585493564605713,
                "Text": "int"
            },
            {
                "Score": 0.9988625049591064,
                "Text": "value"
            },
            {
                "Score": 0.9931082725524902,
                "Text": "byte"
            },
            {
                "Score": 0.9824544787406921,
                "Text": "integer"
            },
            {
                "Score": 0.9677074551582336,
                "Text": "ascii"
            },
            {
                "Score": 0.9677074551582336,
                "Text": "code"
            }
        ]
    },
    {
        "Week": 5,
        "Slide": 18,
        "KeyPhrases": [
            {
                "Score": 0.7923583984375,
                "Text": "getchar"
            },
            {
                "Score": 0.9978747367858887,
                "Text": "code"
            },
            {
                "Score": 0.910485029220581,
                "Text": "printf"
            },
            {
                "Score": 0.9819712042808533,
                "Text": "character"
            },
            {
                "Score": 0.683661699295044,
                "Text": "getchar"
            },
            {
                "Score": 0.843787431716919,
                "Text": "printf"
            },
            {
                "Score": 0.9883967638015747,
                "Text": "character"
            },
            {
                "Score": 0.7587599754333496,
                "Text": "getchar"
            },
            {
                "Score": 0.8506543636322021,
                "Text": "printf"
            },
            {
                "Score": 0.7252419590950012,
                "Text": "nsecond"
            }
        ]
    },
    {
        "Week": 5,
        "Slide": 19,
        "KeyPhrases": [
            {
                "Score": 0.6118947267532349,
                "Text": "getchar"
            },
            {
                "Score": 0.6118947267532349,
                "Text": "int"
            },
            {
                "Score": 0.9130572080612183,
                "Text": "printf"
            },
            {
                "Score": 0.981940507888794,
                "Text": "character"
            },
            {
                "Score": 0.6836726665496826,
                "Text": "getchar"
            },
            {
                "Score": 0.843785285949707,
                "Text": "printf"
            },
            {
                "Score": 0.9883954524993896,
                "Text": "character"
            },
            {
                "Score": 0.7587571740150452,
                "Text": "getchar"
            },
            {
                "Score": 0.850652277469635,
                "Text": "printf"
            },
            {
                "Score": 0.7252430319786072,
                "Text": "nsecond"
            },
            {
                "Score": 0.9576910138130188,
                "Text": "typed"
            },
            {
                "Score": 0.9576910138130188,
                "Text": "character"
            },
            {
                "Score": 0.8549867272377014,
                "Text": "typed"
            },
            {
                "Score": 0.8549867272377014,
                "Text": "character"
            }
        ]
    },
    {
        "Week": 5,
        "Slide": 20,
        "KeyPhrases": [
            {
                "Score": 0.910977303981781,
                "Text": "printf"
            },
            {
                "Score": 0.9819769263267517,
                "Text": "character"
            },
            {
                "Score": 0.6831722855567932,
                "Text": "getchar"
            },
            {
                "Score": 0.5160484313964844,
                "Text": "getchar"
            },
            {
                "Score": 0.6901230812072754,
                "Text": "getchar"
            },
            {
                "Score": 0.9805999994277954,
                "Text": "newline"
            },
            {
                "Score": 0.9805999994277954,
                "Text": "printf"
            },
            {
                "Score": 0.987825870513916,
                "Text": "character"
            },
            {
                "Score": 0.7586856484413147,
                "Text": "getchar"
            },
            {
                "Score": 0.8507020473480225,
                "Text": "printf"
            },
            {
                "Score": 0.7252232432365417,
                "Text": "nsecond"
            }
        ]
    },
    {
        "Week": 5,
        "Slide": 21,
        "KeyPhrases": [
            {
                "Score": 0.7888104319572449,
                "Text": "end"
            },
            {
                "Score": 0.7807686924934387,
                "Text": "input"
            },
            {
                "Score": 0.7807686924934387,
                "Text": "scanf"
            },
            {
                "Score": 0.8700882792472839,
                "Text": "getchar"
            },
            {
                "Score": 0.7766786217689514,
                "Text": "input"
            },
            {
                "Score": 0.9962579607963562,
                "Text": "file"
            },
            {
                "Score": 0.9997614026069641,
                "Text": "end"
            },
            {
                "Score": 0.8828024864196777,
                "Text": "file"
            },
            {
                "Score": 0.8828024864196777,
                "Text": "getchar"
            },
            {
                "Score": 0.9988278150558472,
                "Text": "value"
            },
            {
                "Score": 0.9901812076568604,
                "Text": "input"
            },
            {
                "Score": 0.8254383206367493,
                "Text": "value"
            },
            {
                "Score": 0.8254383206367493,
                "Text": "eof"
            },
            {
                "Score": 0.9753497838973999,
                "Text": "scanf"
            }
        ]
    },
    {
        "Week": 5,
        "Slide": 22,
        "KeyPhrases": [
            {
                "Score": 0.9995222091674805,
                "Text": "end"
            },
            {
                "Score": 0.9114223718643188,
                "Text": "input"
            },
            {
                "Score": 0.9114223718643188,
                "Text": "int"
            },
            {
                "Score": 0.8573417067527771,
                "Text": "getchar"
            },
            {
                "Score": 0.9050100445747375,
                "Text": "eof"
            },
            {
                "Score": 0.8374730348587036,
                "Text": "printf"
            },
            {
                "Score": 0.9955681562423706,
                "Text": "ascii"
            },
            {
                "Score": 0.9955681562423706,
                "Text": "code"
            },
            {
                "Score": 0.813686728477478,
                "Text": "getchar"
            },
            {
                "Score": 0.9981936812400818,
                "Text": "number"
            },
            {
                "Score": 0.9992799162864685,
                "Text": "end"
            },
            {
                "Score": 0.9992539286613464,
                "Text": "input"
            },
            {
                "Score": 0.9438470005989075,
                "Text": "scanf"
            },
            {
                "Score": 0.7090526819229126,
                "Text": "int"
            },
            {
                "Score": 0.7090526819229126,
                "Text": "num"
            },
            {
                "Score": 0.6555799841880798,
                "Text": "scanf"
            },
            {
                "Score": 0.9991018176078796,
                "Text": "number"
            },
            {
                "Score": 0.9630508422851562,
                "Text": "item"
            },
            {
                "Score": 0.8743459582328796,
                "Text": "scanf"
            },
            {
                "Score": 0.865752637386322,
                "Text": "num"
            },
            {
                "Score": 0.8313027620315552,
                "Text": "printf"
            },
            {
                "Score": 0.9879181981086731,
                "Text": "number"
            },
            {
                "Score": 0.8333063125610352,
                "Text": "num"
            }
        ]
    },
    {
        "Week": 5,
        "Slide": 23,
        "KeyPhrases": [
            {
                "Score": 0.9904261827468872,
                "Text": "string"
            },
            {
                "Score": 0.9904261827468872,
                "Text": "string"
            },
            {
                "Score": 0.9950714111328125,
                "Text": "array"
            }
        ]
    },
    {
        "Week": 5,
        "Slide": 24,
        "KeyPhrases": [
            {
                "Score": 0.966408908367157,
                "Text": "array"
            },
            {
                "Score": 0.9983039498329163,
                "Text": "series"
            },
            {
                "Score": 0.9989124536514282,
                "Text": "box"
            },
            {
                "Score": 0.9987767934799194,
                "Text": "type"
            }
        ]
    },
    {
        "Week": 5,
        "Slide": 25,
        "KeyPhrases": [
            {
                "Score": 0.8472402691841125,
                "Text": "array"
            },
            {
                "Score": 0.9987214803695679,
                "Text": "array"
            },
            {
                "Score": 0.887896716594696,
                "Text": "element"
            },
            {
                "Score": 0.566425621509552,
                "Text": "initialises"
            },
            {
                "Score": 0.925552487373352,
                "Text": "element"
            },
            {
                "Score": 0.8045691847801208,
                "Text": "myarray"
            },
            {
                "Score": 0.8045691847801208,
                "Text": "int"
            }
        ]
    },
    {
        "Week": 5,
        "Slide": 26,
        "KeyPhrases": [
            {
                "Score": 0.8527409434318542,
                "Text": "array"
            },
            {
                "Score": 0.7170737385749817,
                "Text": "myarray"
            },
            {
                "Score": 0.7170737385749817,
                "Text": "int"
            },
            {
                "Score": 0.983974814414978,
                "Text": "value"
            },
            {
                "Score": 0.9967674612998962,
                "Text": "array"
            },
            {
                "Score": 0.7742862105369568,
                "Text": "myarray"
            },
            {
                "Score": 0.7681811451911926,
                "Text": "myarray"
            }
        ]
    },
    {
        "Week": 5,
        "Slide": 27,
        "KeyPhrases": [
            {
                "Score": 0.8406882882118225,
                "Text": "character"
            },
            {
                "Score": 0.8406882882118225,
                "Text": "array"
            },
            {
                "Score": 0.9993261694908142,
                "Text": "array"
            },
            {
                "Score": 0.9971339702606201,
                "Text": "char"
            },
            {
                "Score": 0.7718837261199951,
                "Text": "myarray"
            },
            {
                "Score": 0.7718837261199951,
                "Text": "way"
            },
            {
                "Score": 0.7718837261199951,
                "Text": "char"
            },
            {
                "Score": 0.9851730465888977,
                "Text": "value"
            },
            {
                "Score": 0.9967651963233948,
                "Text": "array"
            },
            {
                "Score": 0.776663064956665,
                "Text": "myarray"
            },
            {
                "Score": 0.7709036469459534,
                "Text": "myarray"
            }
        ]
    },
    {
        "Week": 5,
        "Slide": 28,
        "KeyPhrases": [
            {
                "Score": 0.9935469031333923,
                "Text": "piece"
            },
            {
                "Score": 0.96288001537323,
                "Text": "string"
            },
            {
                "Score": 0.9988515377044678,
                "Text": "length"
            },
            {
                "Score": 0.9988629221916199,
                "Text": "string"
            },
            {
                "Score": 0.9230721592903137,
                "Text": "name"
            },
            {
                "Score": 0.9230721592903137,
                "Text": "advance"
            },
            {
                "Score": 0.9653858542442322,
                "Text": "character"
            },
            {
                "Score": 0.9942851066589355,
                "Text": "character"
            },
            {
                "Score": 0.8950164318084717,
                "Text": "andrew"
            },
            {
                "Score": 0.9846000671386719,
                "Text": "letter"
            },
            {
                "Score": 0.6163246035575867,
                "Text": "name"
            },
            {
                "Score": 0.8920133709907532,
                "Text": "tom"
            },
            {
                "Score": 0.983599841594696,
                "Text": "letter"
            },
            {
                "Score": 0.6126560568809509,
                "Text": "name"
            }
        ]
    },
    {
        "Week": 5,
        "Slide": 29,
        "KeyPhrases": [
            {
                "Score": 0.9935463070869446,
                "Text": "piece"
            },
            {
                "Score": 0.9487971663475037,
                "Text": "string"
            },
            {
                "Score": 0.9992815852165222,
                "Text": "way"
            },
            {
                "Score": 0.9977745413780212,
                "Text": "string"
            },
            {
                "Score": 0.9959092140197754,
                "Text": "code"
            },
            {
                "Score": 0.9898378252983093,
                "Text": "line"
            },
            {
                "Score": 0.8974424004554749,
                "Text": "slide"
            }
        ]
    },
    {
        "Week": 5,
        "Slide": 30,
        "KeyPhrases": [
            {
                "Score": 0.9935463070869446,
                "Text": "piece"
            },
            {
                "Score": 0.9487971663475037,
                "Text": "string"
            },
            {
                "Score": 0.9992815852165222,
                "Text": "way"
            },
            {
                "Score": 0.9977745413780212,
                "Text": "string"
            },
            {
                "Score": 0.9368945956230164,
                "Text": "name"
            },
            {
                "Score": 0.9368945956230164,
                "Text": "printing"
            }
        ]
    },
    {
        "Week": 5,
        "Slide": 31,
        "KeyPhrases": [
            {
                "Score": 0.9415366053581238,
                "Text": "null"
            },
            {
                "Score": 0.9415366053581238,
                "Text": "terminator"
            },
            {
                "Score": 0.979071855545044,
                "Text": "null"
            },
            {
                "Score": 0.979071855545044,
                "Text": "terminator"
            },
            {
                "Score": 0.9765540361404419,
                "Text": "function"
            },
            {
                "Score": 0.919074296951294,
                "Text": "printf"
            },
            {
                "Score": 0.90736323595047,
                "Text": "string"
            },
            {
                "Score": 0.6190935969352722,
                "Text": "name"
            }
        ]
    },
    {
        "Week": 5,
        "Slide": 32,
        "KeyPhrases": [
            {
                "Score": 0.9460844397544861,
                "Text": "null"
            },
            {
                "Score": 0.9460844397544861,
                "Text": "terminator"
            }
        ]
    },
    {
        "Week": 5,
        "Slide": 33,
        "KeyPhrases": [
            {
                "Score": 0.8024013638496399,
                "Text": "sidenote"
            },
            {
                "Score": 0.9527226686477661,
                "Text": "array"
            },
            {
                "Score": 0.9957638382911682,
                "Text": "array"
            }
        ]
    },
    {
        "Week": 5,
        "Slide": 34,
        "KeyPhrases": [
            {
                "Score": 0.8024013638496399,
                "Text": "sidenote"
            },
            {
                "Score": 0.9466735124588013,
                "Text": "array"
            },
            {
                "Score": 0.9664319157600403,
                "Text": "code"
            },
            {
                "Score": 0.8650625944137573,
                "Text": "array"
            },
            {
                "Score": 0.7414727210998535,
                "Text": "int"
            },
            {
                "Score": 0.8678801655769348,
                "Text": "size"
            },
            {
                "Score": 0.7962567806243896,
                "Text": "printf"
            },
            {
                "Score": 0.7558265328407288,
                "Text": "array"
            }
        ]
    },
    {
        "Week": 5,
        "Slide": 35,
        "KeyPhrases": [
            {
                "Score": 0.8007370829582214,
                "Text": "sidenote"
            },
            {
                "Score": 0.9299647212028503,
                "Text": "array"
            },
            {
                "Score": 0.999872088432312,
                "Text": "array"
            },
            {
                "Score": 0.7389819025993347,
                "Text": "int"
            },
            {
                "Score": 0.7389819025993347,
                "Text": "array"
            },
            {
                "Score": 0.6962516903877258,
                "Text": "int"
            },
            {
                "Score": 0.8678405284881592,
                "Text": "size"
            },
            {
                "Score": 0.7962694764137268,
                "Text": "printf"
            },
            {
                "Score": 0.755826473236084,
                "Text": "array"
            }
        ]
    },
    {
        "Week": 5,
        "Slide": 36,
        "KeyPhrases": [
            {
                "Score": 0.7999995946884155,
                "Text": "sidenote"
            },
            {
                "Score": 0.8641194105148315,
                "Text": "array"
            },
            {
                "Score": 0.8641194105148315,
                "Text": "solution"
            },
            {
                "Score": 0.4552338719367981,
                "Text": "initialise"
            },
            {
                "Score": 0.9313054084777832,
                "Text": "array"
            },
            {
                "Score": 0.6656495332717896,
                "Text": "note"
            },
            {
                "Score": 0.9954891800880432,
                "Text": "value"
            },
            {
                "Score": 0.9941912293434143,
                "Text": "loop"
            },
            {
                "Score": 0.7528497576713562,
                "Text": "array"
            },
            {
                "Score": 0.8630358576774597,
                "Text": "size"
            },
            {
                "Score": 0.796640157699585,
                "Text": "printf"
            },
            {
                "Score": 0.7558351159095764,
                "Text": "array"
            }
        ]
    }
]