[
{
    "Week": 12,
    "Slide": 0,
    "KeyPhrases": [
        {
            "BeginOffset": 15,
            "EndOffset": 24,
            "Score": 0.7755911946296692,
            "Text": "1511 18s1"
        }
    ],
    "ResponseMetadata": {
        "HTTPHeaders": {
            "content-length": "96",
            "content-type": "application/x-amz-json-1.1",
            "date": "Thu, 28 Mar 2019 12:49:07 GMT",
            "x-amzn-requestid": "e042805b-5157-11e9-902b-adbe1c0e68b7"
        },
        "HTTPStatusCode": 200,
        "RequestId": "e042805b-5157-11e9-902b-adbe1c0e68b7",
        "RetryAttempts": 0
    }
},
{
    "Week": 12,
    "Slide": 1,
    "KeyPhrases": [
        {
            "BeginOffset": 5,
            "EndOffset": 35,
            "Score": 0.8304532766342163,
            "Text": "5 8s\n\u2014 Lecture 21 \u2014 \n\nAnalysis"
        },
        {
            "BeginOffset": 37,
            "EndOffset": 44,
            "Score": 0.8671674132347107,
            "Text": "Sorting"
        },
        {
            "BeginOffset": 46,
            "EndOffset": 97,
            "Score": 0.8625677824020386,
            "Text": "Searching\nAndrew Bennett \n\n<andrew.bennett@unsw.edu"
        }
    ],
    "ResponseMetadata": {
        "HTTPHeaders": {
            "content-length": "326",
            "content-type": "application/x-amz-json-1.1",
            "date": "Thu, 28 Mar 2019 12:49:07 GMT",
            "x-amzn-requestid": "e0e095d2-5157-11e9-ad77-439f6b464df0"
        },
        "HTTPStatusCode": 200,
        "RequestId": "e0e095d2-5157-11e9-ad77-439f6b464df0",
        "RetryAttempts": 0
    }
},
{
    "Week": 12,
    "Slide": 2,
    "KeyPhrases": [
        {
            "BeginOffset": 1,
            "EndOffset": 6,
            "Score": 0.8646005392074585,
            "Text": "Admin"
        }
    ],
    "ResponseMetadata": {
        "HTTPHeaders": {
            "content-length": "90",
            "content-type": "application/x-amz-json-1.1",
            "date": "Thu, 28 Mar 2019 12:49:09 GMT",
            "x-amzn-requestid": "e17f9444-5157-11e9-b79a-031038b16953"
        },
        "HTTPStatusCode": 200,
        "RequestId": "e17f9444-5157-11e9-b79a-031038b16953",
        "RetryAttempts": 0
    }
},
{
    "Week": 12,
    "Slide": 3,
    "KeyPhrases": [
        {
            "BeginOffset": 23,
            "EndOffset": 30,
            "Score": 0.8800848722457886,
            "Text": "week 11"
        },
        {
            "BeginOffset": 30,
            "EndOffset": 41,
            "Score": 0.8963673114776611,
            "Text": "\u2019s tute/lab"
        },
        {
            "BeginOffset": 64,
            "EndOffset": 86,
            "Score": 0.8833818435668945,
            "Text": "week 11 \nlab solutions"
        },
        {
            "BeginOffset": 95,
            "EndOffset": 106,
            "Score": 0.9174727201461792,
            "Text": "weekly test"
        },
        {
            "BeginOffset": 111,
            "EndOffset": 117,
            "Score": 0.9540397524833679,
            "Text": "friday"
        },
        {
            "BeginOffset": 138,
            "EndOffset": 151,
            "Score": 0.9526731967926025,
            "Text": "help sessions"
        },
        {
            "BeginOffset": 158,
            "EndOffset": 172,
            "Score": 0.9829152822494507,
            "Text": "course website"
        },
        {
            "BeginOffset": 177,
            "EndOffset": 184,
            "Score": 0.9988056421279907,
            "Text": "details"
        },
        {
            "BeginOffset": 200,
            "EndOffset": 208,
            "Score": 0.789922297000885,
            "Text": "lectures"
        },
        {
            "BeginOffset": 209,
            "EndOffset": 218,
            "Score": 0.9860990047454834,
            "Text": "next week"
        },
        {
            "BeginOffset": 222,
            "EndOffset": 229,
            "Score": 0.7344679236412048,
            "Text": "week 13"
        },
        {
            "BeginOffset": 234,
            "EndOffset": 244,
            "Score": 0.8766480684280396,
            "Text": "3Questions"
        },
        {
            "BeginOffset": 246,
            "EndOffset": 266,
            "Score": 0.6392834186553955,
            "Text": "unanswered questions"
        },
        {
            "BeginOffset": 277,
            "EndOffset": 339,
            "Score": 0.8950716257095337,
            "Text": "Ed \nedstem.org/courses/1950/\n\n\u2026\n\nhttps://echo360.org.au/\n\nnote"
        },
        {
            "BeginOffset": 364,
            "EndOffset": 404,
            "Score": 0.9191630482673645,
            "Text": "Moodle \n\nhttps://moodle.telt.unsw.edu.au"
        }
    ],
    "ResponseMetadata": {
        "HTTPHeaders": {
            "content-length": "1364",
            "content-type": "application/x-amz-json-1.1",
            "date": "Thu, 28 Mar 2019 12:49:10 GMT",
            "x-amzn-requestid": "e22f3535-5157-11e9-968d-b5d967a94d5a"
        },
        "HTTPStatusCode": 200,
        "RequestId": "e22f3535-5157-11e9-968d-b5d967a94d5a",
        "RetryAttempts": 0
    }
},
{
    "Week": 12,
    "Slide": 4,
    "KeyPhrases": [
        {
            "BeginOffset": 1,
            "EndOffset": 32,
            "Score": 0.8206974864006042,
            "Text": "COMP1511 vs future COMP courses"
        },
        {
            "BeginOffset": 37,
            "EndOffset": 41,
            "Score": 0.9639772176742554,
            "Text": "1511"
        },
        {
            "BeginOffset": 66,
            "EndOffset": 78,
            "Score": 0.9599036574363708,
            "Text": "a programmer"
        },
        {
            "BeginOffset": 88,
            "EndOffset": 96,
            "Score": 0.9997655749320984,
            "Text": "problems"
        },
        {
            "BeginOffset": 100,
            "EndOffset": 119,
            "Score": 0.7833214998245239,
            "Text": "developing programs"
        },
        {
            "BeginOffset": 132,
            "EndOffset": 142,
            "Score": 0.9995257258415222,
            "Text": "your ideas"
        }
    ],
    "ResponseMetadata": {
        "HTTPHeaders": {
            "content-length": "529",
            "content-type": "application/x-amz-json-1.1",
            "date": "Thu, 28 Mar 2019 12:49:11 GMT",
            "x-amzn-requestid": "e2deafdd-5157-11e9-ad77-439f6b464df0"
        },
        "HTTPStatusCode": 200,
        "RequestId": "e2deafdd-5157-11e9-ad77-439f6b464df0",
        "RetryAttempts": 0
    }
},
{
    "Week": 12,
    "Slide": 5,
    "KeyPhrases": [
        {
            "BeginOffset": 5,
            "EndOffset": 31,
            "Score": 0.8833847641944885,
            "Text": "111 vs future COMP courses"
        },
        {
            "BeginOffset": 32,
            "EndOffset": 51,
            "Score": 0.8728890419006348,
            "Text": "future COMP courses"
        },
        {
            "BeginOffset": 55,
            "EndOffset": 68,
            "Score": 0.8465870022773743,
            "Text": "e.g.\u00a0COMP2521"
        },
        {
            "BeginOffset": 94,
            "EndOffset": 114,
            "Score": 0.9944650530815125,
            "Text": "a computer scientist"
        },
        {
            "BeginOffset": 124,
            "EndOffset": 157,
            "Score": 0.8397589921951294,
            "Text": "fundamental techniques/structures"
        },
        {
            "BeginOffset": 168,
            "EndOffset": 174,
            "Score": 0.9930967688560486,
            "Text": "reason"
        },
        {
            "BeginOffset": 181,
            "EndOffset": 208,
            "Score": 0.9175575375556946,
            "Text": "applicability/effectiveness"
        },
        {
            "BeginOffset": 226,
            "EndOffset": 247,
            "Score": 0.9591187834739685,
            "Text": "behaviour/correctness"
        }
    ],
    "ResponseMetadata": {
        "HTTPHeaders": {
            "content-length": "758",
            "content-type": "application/x-amz-json-1.1",
            "date": "Thu, 28 Mar 2019 12:49:13 GMT",
            "x-amzn-requestid": "e37c27bb-5157-11e9-9bf3-7b40ac3c3f45"
        },
        "HTTPStatusCode": 200,
        "RequestId": "e37c27bb-5157-11e9-9bf3-7b40ac3c3f45",
        "RetryAttempts": 0
    }
},
{
    "Week": 12,
    "Slide": 6,
    "KeyPhrases": [
        {
            "BeginOffset": 1,
            "EndOffset": 32,
            "Score": 0.8411263227462769,
            "Text": "COMP1511 vs future COMP courses"
        },
        {
            "BeginOffset": 42,
            "EndOffset": 55,
            "Score": 0.8947988152503967,
            "Text": "just a taster"
        },
        {
            "BeginOffset": 78,
            "EndOffset": 86,
            "Score": 0.8842384815216064,
            "Text": "COMP2521"
        }
    ],
    "ResponseMetadata": {
        "HTTPHeaders": {
            "content-length": "280",
            "content-type": "application/x-amz-json-1.1",
            "date": "Thu, 28 Mar 2019 12:49:13 GMT",
            "x-amzn-requestid": "e42d4ff7-5157-11e9-ad77-439f6b464df0"
        },
        "HTTPStatusCode": 200,
        "RequestId": "e42d4ff7-5157-11e9-ad77-439f6b464df0",
        "RetryAttempts": 0
    }
},
{
    "Week": 12,
    "Slide": 7,
    "KeyPhrases": [
        {
            "BeginOffset": 14,
            "EndOffset": 22,
            "Score": 0.7858036756515503,
            "Text": "analysis"
        },
        {
            "BeginOffset": 31,
            "EndOffset": 42,
            "Score": 0.9984881281852722,
            "Text": "the science"
        },
        {
            "BeginOffset": 46,
            "EndOffset": 62,
            "Score": 0.9975901246070862,
            "Text": "computer science"
        }
    ],
    "ResponseMetadata": {
        "HTTPHeaders": {
            "content-length": "264",
            "content-type": "application/x-amz-json-1.1",
            "date": "Thu, 28 Mar 2019 12:49:15 GMT",
            "x-amzn-requestid": "e4fc5f5c-5157-11e9-845e-7f0c2f11cc2d"
        },
        "HTTPStatusCode": 200,
        "RequestId": "e4fc5f5c-5157-11e9-845e-7f0c2f11cc2d",
        "RetryAttempts": 0
    }
},
{
    "Week": 12,
    "Slide": 8,
    "KeyPhrases": [
        {
            "BeginOffset": 12,
            "EndOffset": 20,
            "Score": 0.7642287611961365,
            "Text": "software"
        }
    ],
    "ResponseMetadata": {
        "HTTPHeaders": {
            "content-length": "95",
            "content-type": "application/x-amz-json-1.1",
            "date": "Thu, 28 Mar 2019 12:49:16 GMT",
            "x-amzn-requestid": "e5abb25f-5157-11e9-8d49-d71cd8da7611"
        },
        "HTTPStatusCode": 200,
        "RequestId": "e5abb25f-5157-11e9-8d49-d71cd8da7611",
        "RetryAttempts": 0
    }
},
{
    "Week": 12,
    "Slide": 9,
    "KeyPhrases": [
        {
            "BeginOffset": 12,
            "EndOffset": 20,
            "Score": 0.7606933116912842,
            "Text": "software"
        },
        {
            "BeginOffset": 27,
            "EndOffset": 38,
            "Score": 0.611394464969635,
            "Text": "correctness"
        }
    ],
    "ResponseMetadata": {
        "HTTPHeaders": {
            "content-length": "176",
            "content-type": "application/x-amz-json-1.1",
            "date": "Thu, 28 Mar 2019 12:49:17 GMT",
            "x-amzn-requestid": "e65b048c-5157-11e9-88a1-7f24626c0794"
        },
        "HTTPStatusCode": 200,
        "RequestId": "e65b048c-5157-11e9-88a1-7f24626c0794",
        "RetryAttempts": 0
    }
},
{
    "Week": 12,
    "Slide": 10,
    "KeyPhrases": [
        {
            "BeginOffset": 12,
            "EndOffset": 20,
            "Score": 0.7606933116912842,
            "Text": "software"
        },
        {
            "BeginOffset": 27,
            "EndOffset": 38,
            "Score": 0.5170611143112183,
            "Text": "correctness"
        },
        {
            "BeginOffset": 41,
            "EndOffset": 51,
            "Score": 0.8355668187141418,
            "Text": "efficiency"
        }
    ],
    "ResponseMetadata": {
        "HTTPHeaders": {
            "content-length": "258",
            "content-type": "application/x-amz-json-1.1",
            "date": "Thu, 28 Mar 2019 12:49:18 GMT",
            "x-amzn-requestid": "e70a7f54-5157-11e9-9413-d9ac0f641d76"
        },
        "HTTPStatusCode": 200,
        "RequestId": "e70a7f54-5157-11e9-9413-d9ac0f641d76",
        "RetryAttempts": 0
    }
},
{
    "Week": 12,
    "Slide": 11,
    "KeyPhrases": [
        {
            "BeginOffset": 12,
            "EndOffset": 20,
            "Score": 0.7606933116912842,
            "Text": "software"
        },
        {
            "BeginOffset": 27,
            "EndOffset": 38,
            "Score": 0.5219635963439941,
            "Text": "correctness"
        },
        {
            "BeginOffset": 41,
            "EndOffset": 51,
            "Score": 0.7186475396156311,
            "Text": "efficiency"
        },
        {
            "BeginOffset": 54,
            "EndOffset": 78,
            "Score": 0.7243357300758362,
            "Text": "clear, maintainable code"
        }
    ],
    "ResponseMetadata": {
        "HTTPHeaders": {
            "content-length": "353",
            "content-type": "application/x-amz-json-1.1",
            "date": "Thu, 28 Mar 2019 12:49:20 GMT",
            "x-amzn-requestid": "e7b9aad9-5157-11e9-a9c1-9d8813a6657d"
        },
        "HTTPStatusCode": 200,
        "RequestId": "e7b9aad9-5157-11e9-a9c1-9d8813a6657d",
        "RetryAttempts": 0
    }
},
{
    "Week": 12,
    "Slide": 12,
    "KeyPhrases": [
        {
            "BeginOffset": 12,
            "EndOffset": 20,
            "Score": 0.7606933116912842,
            "Text": "software"
        },
        {
            "BeginOffset": 27,
            "EndOffset": 38,
            "Score": 0.5219635963439941,
            "Text": "correctness"
        },
        {
            "BeginOffset": 41,
            "EndOffset": 51,
            "Score": 0.7186475396156311,
            "Text": "efficiency"
        },
        {
            "BeginOffset": 54,
            "EndOffset": 78,
            "Score": 0.7195162773132324,
            "Text": "clear, maintainable code"
        }
    ],
    "ResponseMetadata": {
        "HTTPHeaders": {
            "content-length": "353",
            "content-type": "application/x-amz-json-1.1",
            "date": "Thu, 28 Mar 2019 12:49:21 GMT",
            "x-amzn-requestid": "e8618314-5157-11e9-88a1-7f24626c0794"
        },
        "HTTPStatusCode": 200,
        "RequestId": "e8618314-5157-11e9-88a1-7f24626c0794",
        "RetryAttempts": 0
    }
},
{
    "Week": 12,
    "Slide": 13,
    "KeyPhrases": [
        {
            "BeginOffset": 2,
            "EndOffset": 7,
            "Score": 0.9921950101852417,
            "Text": "today"
        }
    ],
    "ResponseMetadata": {
        "HTTPHeaders": {
            "content-length": "90",
            "content-type": "application/x-amz-json-1.1",
            "date": "Thu, 28 Mar 2019 12:49:22 GMT",
            "x-amzn-requestid": "e90871ed-5157-11e9-bd32-375300018036"
        },
        "HTTPStatusCode": 200,
        "RequestId": "e90871ed-5157-11e9-bd32-375300018036",
        "RetryAttempts": 0
    }
},
{
    "Week": 12,
    "Slide": 14,
    "KeyPhrases": [
        {
            "BeginOffset": 1,
            "EndOffset": 20,
            "Score": 0.9206787943840027,
            "Text": "Efficiency\nCOMP1511"
        },
        {
            "BeginOffset": 40,
            "EndOffset": 56,
            "Score": 0.9940413236618042,
            "Text": "correct programs"
        },
        {
            "BeginOffset": 64,
            "EndOffset": 73,
            "Score": 0.9800397157669067,
            "Text": "effciency"
        },
        {
            "BeginOffset": 118,
            "EndOffset": 141,
            "Score": 0.9218757152557373,
            "Text": "execution time \n\nmemory"
        },
        {
            "BeginOffset": 147,
            "EndOffset": 177,
            "Score": 0.8686226606369019,
            "Text": "a correct but too slow program"
        }
    ],
    "ResponseMetadata": {
        "HTTPHeaders": {
            "content-length": "474",
            "content-type": "application/x-amz-json-1.1",
            "date": "Thu, 28 Mar 2019 12:49:22 GMT",
            "x-amzn-requestid": "e99dad2c-5157-11e9-9bf3-7b40ac3c3f45"
        },
        "HTTPStatusCode": 200,
        "RequestId": "e99dad2c-5157-11e9-9bf3-7b40ac3c3f45",
        "RetryAttempts": 0
    }
},
{
    "Week": 12,
    "Slide": 15,
    "KeyPhrases": [
        {
            "BeginOffset": 1,
            "EndOffset": 22,
            "Score": 0.9912937879562378,
            "Text": "Efficiency\nefficiency"
        },
        {
            "BeginOffset": 40,
            "EndOffset": 48,
            "Score": 0.9989028573036194,
            "Text": "the size"
        },
        {
            "BeginOffset": 52,
            "EndOffset": 60,
            "Score": 0.9963861107826233,
            "Text": "the data"
        },
        {
            "BeginOffset": 92,
            "EndOffset": 107,
            "Score": 0.9978115558624268,
            "Text": "this dependency"
        },
        {
            "BeginOffset": 125,
            "EndOffset": 144,
            "Score": 0.991629421710968,
            "Text": "program performance"
        },
        {
            "BeginOffset": 150,
            "EndOffset": 164,
            "Score": 0.9209015965461731,
            "Text": "larger data\n\n\u2026"
        },
        {
            "BeginOffset": 167,
            "EndOffset": 187,
            "Score": 0.9850333333015442,
            "Text": "informal exploration"
        },
        {
            "BeginOffset": 191,
            "EndOffset": 199,
            "Score": 0.7580187916755676,
            "Text": "COMP1511"
        },
        {
            "BeginOffset": 202,
            "EndOffset": 211,
            "Score": 0.6019378304481506,
            "Text": "much more"
        },
        {
            "BeginOffset": 215,
            "EndOffset": 223,
            "Score": 0.723030149936676,
            "Text": "COMP2521"
        }
    ],
    "ResponseMetadata": {
        "HTTPHeaders": {
            "content-length": "871",
            "content-type": "application/x-amz-json-1.1",
            "date": "Thu, 28 Mar 2019 12:49:24 GMT",
            "x-amzn-requestid": "ea3866b5-5157-11e9-902b-adbe1c0e68b7"
        },
        "HTTPStatusCode": 200,
        "RequestId": "ea3866b5-5157-11e9-902b-adbe1c0e68b7",
        "RetryAttempts": 0
    }
},
{
    "Week": 12,
    "Slide": 16,
    "KeyPhrases": [
        {
            "BeginOffset": 1,
            "EndOffset": 9,
            "Score": 0.9659996032714844,
            "Text": "Analysis"
        },
        {
            "BeginOffset": 13,
            "EndOffset": 23,
            "Score": 0.995755672454834,
            "Text": "Algorithms"
        },
        {
            "BeginOffset": 52,
            "EndOffset": 61,
            "Score": 0.9998619556427002,
            "Text": "a program"
        },
        {
            "BeginOffset": 84,
            "EndOffset": 102,
            "Score": 0.8276339769363403,
            "Text": "empirical approach"
        },
        {
            "BeginOffset": 109,
            "EndOffset": 120,
            "Score": 0.9746425151824951,
            "Text": "the program"
        },
        {
            "BeginOffset": 122,
            "EndOffset": 135,
            "Score": 0.9992849230766296,
            "Text": "several times"
        },
        {
            "BeginOffset": 141,
            "EndOffset": 162,
            "Score": 0.9669858813285828,
            "Text": "different input sizes"
        },
        {
            "BeginOffset": 177,
            "EndOffset": 185,
            "Score": 0.9986583590507507,
            "Text": "the time"
        },
        {
            "BeginOffset": 193,
            "EndOffset": 213,
            "Score": 0.9310684204101562,
            "Text": "theoretical approach"
        },
        {
            "BeginOffset": 229,
            "EndOffset": 239,
            "Score": 0.9994485378265381,
            "Text": "the number"
        },
        {
            "BeginOffset": 245,
            "EndOffset": 255,
            "Score": 0.8201630711555481,
            "Text": "operations"
        },
        {
            "BeginOffset": 271,
            "EndOffset": 284,
            "Score": 0.9976842403411865,
            "Text": "the algorithm"
        },
        {
            "BeginOffset": 290,
            "EndOffset": 295,
            "Score": 0.9995477795600891,
            "Text": "input"
        }
    ],
    "ResponseMetadata": {
        "HTTPHeaders": {
            "content-length": "1111",
            "content-type": "application/x-amz-json-1.1",
            "date": "Thu, 28 Mar 2019 12:49:25 GMT",
            "x-amzn-requestid": "ead6f000-5157-11e9-99c9-7369baa4d582"
        },
        "HTTPStatusCode": 200,
        "RequestId": "ead6f000-5157-11e9-99c9-7369baa4d582",
        "RetryAttempts": 0
    }
},
{
    "Week": 12,
    "Slide": 17,
    "KeyPhrases": [
        {
            "BeginOffset": 1,
            "EndOffset": 30,
            "Score": 0.9554364085197449,
            "Text": "Linear Search Unordered Array"
        },
        {
            "BeginOffset": 33,
            "EndOffset": 55,
            "Score": 0.835627019405365,
            "Text": "Code\nint linear_search"
        },
        {
            "BeginOffset": 56,
            "EndOffset": 65,
            "Score": 0.6271384954452515,
            "Text": "int array"
        },
        {
            "BeginOffset": 69,
            "EndOffset": 79,
            "Score": 0.8016022443771362,
            "Text": "int length"
        },
        {
            "BeginOffset": 81,
            "EndOffset": 86,
            "Score": 0.818279504776001,
            "Text": "int x"
        },
        {
            "BeginOffset": 101,
            "EndOffset": 106,
            "Score": 0.8002074360847473,
            "Text": "int i"
        },
        {
            "BeginOffset": 109,
            "EndOffset": 110,
            "Score": 0.8761683106422424,
            "Text": "0"
        },
        {
            "BeginOffset": 112,
            "EndOffset": 122,
            "Score": 0.7520999908447266,
            "Text": "i < length"
        },
        {
            "BeginOffset": 128,
            "EndOffset": 133,
            "Score": 0.9059523344039917,
            "Text": "i + 1"
        },
        {
            "BeginOffset": 151,
            "EndOffset": 159,
            "Score": 0.6751546263694763,
            "Text": "array[i]"
        },
        {
            "BeginOffset": 183,
            "EndOffset": 191,
            "Score": 0.6830180883407593,
            "Text": "return 1"
        },
        {
            "BeginOffset": 226,
            "EndOffset": 227,
            "Score": 0.9042562246322632,
            "Text": "0"
        }
    ],
    "ResponseMetadata": {
        "HTTPHeaders": {
            "content-length": "993",
            "content-type": "application/x-amz-json-1.1",
            "date": "Thu, 28 Mar 2019 12:49:25 GMT",
            "x-amzn-requestid": "eb85a701-5157-11e9-845e-7f0c2f11cc2d"
        },
        "HTTPStatusCode": 200,
        "RequestId": "eb85a701-5157-11e9-845e-7f0c2f11cc2d",
        "RetryAttempts": 0
    }
},
{
    "Week": 12,
    "Slide": 18,
    "KeyPhrases": [
        {
            "BeginOffset": 1,
            "EndOffset": 30,
            "Score": 0.9566726088523865,
            "Text": "Linear Search Unordered Array"
        },
        {
            "BeginOffset": 33,
            "EndOffset": 62,
            "Score": 0.9641250371932983,
            "Text": "Informal\nAnalysis\n\nOperations"
        },
        {
            "BeginOffset": 65,
            "EndOffset": 70,
            "Score": 0.6319395303726196,
            "Text": "start"
        },
        {
            "BeginOffset": 74,
            "EndOffset": 87,
            "Score": 0.9853741526603699,
            "Text": "first element"
        },
        {
            "BeginOffset": 96,
            "EndOffset": 108,
            "Score": 0.9974801540374756,
            "Text": "each element"
        },
        {
            "BeginOffset": 112,
            "EndOffset": 122,
            "Score": 0.7377480268478394,
            "Text": "turn\n\nstop"
        },
        {
            "BeginOffset": 144,
            "EndOffset": 147,
            "Score": 0.9742317795753479,
            "Text": "end"
        },
        {
            "BeginOffset": 162,
            "EndOffset": 172,
            "Score": 0.9901160597801208,
            "Text": "N elements"
        },
        {
            "BeginOffset": 176,
            "EndOffset": 182,
            "Score": 0.9740555286407471,
            "Text": "search"
        },
        {
            "BeginOffset": 185,
            "EndOffset": 194,
            "Score": 0.8833016753196716,
            "Text": "best case"
        },
        {
            "BeginOffset": 201,
            "EndOffset": 210,
            "Score": 0.9194454550743103,
            "Text": "1 element"
        },
        {
            "BeginOffset": 211,
            "EndOffset": 221,
            "Score": 0.7621088624000549,
            "Text": "worst case"
        },
        {
            "BeginOffset": 228,
            "EndOffset": 238,
            "Score": 0.9962280988693237,
            "Text": "N elements"
        },
        {
            "BeginOffset": 246,
            "EndOffset": 250,
            "Score": 0.9951411485671997,
            "Text": "list"
        },
        {
            "BeginOffset": 254,
            "EndOffset": 280,
            "Score": 0.9009745121002197,
            "Text": "average check N/2 elements"
        },
        {
            "BeginOffset": 291,
            "EndOffset": 295,
            "Score": 0.5776293873786926,
            "Text": "list"
        }
    ],
    "ResponseMetadata": {
        "HTTPHeaders": {
            "content-length": "1368",
            "content-type": "application/x-amz-json-1.1",
            "date": "Thu, 28 Mar 2019 12:49:27 GMT",
            "x-amzn-requestid": "ec2653ca-5157-11e9-b269-c1f80b73919e"
        },
        "HTTPStatusCode": 200,
        "RequestId": "ec2653ca-5157-11e9-b269-c1f80b73919e",
        "RetryAttempts": 0
    }
},
{
    "Week": 12,
    "Slide": 19,
    "KeyPhrases": [
        {
            "BeginOffset": 1,
            "EndOffset": 28,
            "Score": 0.9500303268432617,
            "Text": "Linear Search Ordered Array"
        },
        {
            "BeginOffset": 31,
            "EndOffset": 47,
            "Score": 0.7365320324897766,
            "Text": "Code\nint linear_"
        },
        {
            "BeginOffset": 55,
            "EndOffset": 64,
            "Score": 0.6191871166229248,
            "Text": "int array"
        },
        {
            "BeginOffset": 68,
            "EndOffset": 78,
            "Score": 0.8734110593795776,
            "Text": "int length"
        },
        {
            "BeginOffset": 80,
            "EndOffset": 85,
            "Score": 0.8115320801734924,
            "Text": "int x"
        },
        {
            "BeginOffset": 100,
            "EndOffset": 105,
            "Score": 0.8000859022140503,
            "Text": "int i"
        },
        {
            "BeginOffset": 108,
            "EndOffset": 109,
            "Score": 0.8763791918754578,
            "Text": "0"
        },
        {
            "BeginOffset": 111,
            "EndOffset": 121,
            "Score": 0.7521160840988159,
            "Text": "i < length"
        },
        {
            "BeginOffset": 127,
            "EndOffset": 132,
            "Score": 0.9059526324272156,
            "Text": "i + 1"
        },
        {
            "BeginOffset": 150,
            "EndOffset": 158,
            "Score": 0.6751546263694763,
            "Text": "array[i]"
        },
        {
            "BeginOffset": 182,
            "EndOffset": 190,
            "Score": 0.698164165019989,
            "Text": "return 1"
        },
        {
            "BeginOffset": 213,
            "EndOffset": 218,
            "Score": 0.3966585397720337,
            "Text": "array"
        },
        {
            "BeginOffset": 219,
            "EndOffset": 225,
            "Score": 0.7629655003547668,
            "Text": "i] > x"
        },
        {
            "BeginOffset": 243,
            "EndOffset": 251,
            "Score": 0.611789882183075,
            "Text": "return 0"
        },
        {
            "BeginOffset": 286,
            "EndOffset": 287,
            "Score": 0.9038141965866089,
            "Text": "0"
        }
    ],
    "ResponseMetadata": {
        "HTTPHeaders": {
            "content-length": "1223",
            "content-type": "application/x-amz-json-1.1",
            "date": "Thu, 28 Mar 2019 12:49:27 GMT",
            "x-amzn-requestid": "ecd46d88-5157-11e9-a9c1-9d8813a6657d"
        },
        "HTTPStatusCode": 200,
        "RequestId": "ecd46d88-5157-11e9-a9c1-9d8813a6657d",
        "RetryAttempts": 0
    }
},
{
    "Week": 12,
    "Slide": 20,
    "KeyPhrases": [
        {
            "BeginOffset": 1,
            "EndOffset": 28,
            "Score": 0.9525467753410339,
            "Text": "Linear Search Ordered Array"
        },
        {
            "BeginOffset": 31,
            "EndOffset": 59,
            "Score": 0.9637123942375183,
            "Text": "Informal Analysis\nOperations"
        },
        {
            "BeginOffset": 62,
            "EndOffset": 67,
            "Score": 0.6237431168556213,
            "Text": "start"
        },
        {
            "BeginOffset": 71,
            "EndOffset": 84,
            "Score": 0.9853906631469727,
            "Text": "first element"
        },
        {
            "BeginOffset": 93,
            "EndOffset": 105,
            "Score": 0.9974842071533203,
            "Text": "each element"
        },
        {
            "BeginOffset": 109,
            "EndOffset": 119,
            "Score": 0.7378487586975098,
            "Text": "turn\n\nstop"
        },
        {
            "BeginOffset": 140,
            "EndOffset": 147,
            "Score": 0.8377440571784973,
            "Text": "value X"
        },
        {
            "BeginOffset": 157,
            "EndOffset": 160,
            "Score": 0.9729428291320801,
            "Text": "end"
        },
        {
            "BeginOffset": 175,
            "EndOffset": 185,
            "Score": 0.9901337623596191,
            "Text": "N elements"
        },
        {
            "BeginOffset": 189,
            "EndOffset": 195,
            "Score": 0.9740598201751709,
            "Text": "search"
        },
        {
            "BeginOffset": 198,
            "EndOffset": 207,
            "Score": 0.8833028674125671,
            "Text": "best case"
        },
        {
            "BeginOffset": 214,
            "EndOffset": 223,
            "Score": 0.9194454550743103,
            "Text": "1 element"
        },
        {
            "BeginOffset": 224,
            "EndOffset": 234,
            "Score": 0.7621098160743713,
            "Text": "worst case"
        },
        {
            "BeginOffset": 241,
            "EndOffset": 251,
            "Score": 0.9962280988693237,
            "Text": "N elements"
        },
        {
            "BeginOffset": 259,
            "EndOffset": 263,
            "Score": 0.9951411485671997,
            "Text": "list"
        },
        {
            "BeginOffset": 267,
            "EndOffset": 293,
            "Score": 0.9009745121002197,
            "Text": "average check N/2 elements"
        },
        {
            "BeginOffset": 304,
            "EndOffset": 308,
            "Score": 0.9983626008033752,
            "Text": "list"
        },
        {
            "BeginOffset": 312,
            "EndOffset": 329,
            "Score": 0.8577026128768921,
            "Text": "average check N/2"
        }
    ],
    "ResponseMetadata": {
        "HTTPHeaders": {
            "content-length": "1533",
            "content-type": "application/x-amz-json-1.1",
            "date": "Thu, 28 Mar 2019 12:49:29 GMT",
            "x-amzn-requestid": "eda3cb63-5157-11e9-b1f4-0d6fc4dbbbce"
        },
        "HTTPStatusCode": 200,
        "RequestId": "eda3cb63-5157-11e9-b1f4-0d6fc4dbbbce",
        "RetryAttempts": 0
    }
},
{
    "Week": 12,
    "Slide": 21,
    "KeyPhrases": [
        {
            "BeginOffset": 1,
            "EndOffset": 28,
            "Score": 0.9435286521911621,
            "Text": "Binary Search Ordered Array"
        },
        {
            "BeginOffset": 31,
            "EndOffset": 53,
            "Score": 0.8374161124229431,
            "Text": "Code\nint binary_search"
        },
        {
            "BeginOffset": 54,
            "EndOffset": 63,
            "Score": 0.6202478408813477,
            "Text": "int array"
        },
        {
            "BeginOffset": 67,
            "EndOffset": 77,
            "Score": 0.8015823364257812,
            "Text": "int length"
        },
        {
            "BeginOffset": 79,
            "EndOffset": 84,
            "Score": 0.8239887952804565,
            "Text": "int x"
        },
        {
            "BeginOffset": 98,
            "EndOffset": 107,
            "Score": 0.7985948920249939,
            "Text": "lower = 0"
        },
        {
            "BeginOffset": 115,
            "EndOffset": 133,
            "Score": 0.6952054500579834,
            "Text": "int upper = length"
        },
        {
            "BeginOffset": 136,
            "EndOffset": 137,
            "Score": 0.9556789994239807,
            "Text": "1"
        },
        {
            "BeginOffset": 152,
            "EndOffset": 166,
            "Score": 0.6783239245414734,
            "Text": "lower <= upper"
        },
        {
            "BeginOffset": 184,
            "EndOffset": 189,
            "Score": 0.853070080280304,
            "Text": "mid ="
        },
        {
            "BeginOffset": 191,
            "EndOffset": 204,
            "Score": 0.8630124926567078,
            "Text": "lower + upper"
        },
        {
            "BeginOffset": 207,
            "EndOffset": 208,
            "Score": 0.9011276364326477,
            "Text": "2"
        },
        {
            "BeginOffset": 224,
            "EndOffset": 234,
            "Score": 0.6949215531349182,
            "Text": "array[mid]"
        },
        {
            "BeginOffset": 257,
            "EndOffset": 265,
            "Score": 0.6990566253662109,
            "Text": "return 1"
        },
        {
            "BeginOffset": 288,
            "EndOffset": 302,
            "Score": 0.715490996837616,
            "Text": "array[mid] > x"
        },
        {
            "BeginOffset": 320,
            "EndOffset": 335,
            "Score": 0.8841910362243652,
            "Text": "upper = mid - 1"
        },
        {
            "BeginOffset": 370,
            "EndOffset": 385,
            "Score": 0.7292501926422119,
            "Text": "lower = mid + 1"
        },
        {
            "BeginOffset": 420,
            "EndOffset": 421,
            "Score": 0.900124728679657,
            "Text": "0"
        }
    ],
    "ResponseMetadata": {
        "HTTPHeaders": {
            "content-length": "1513",
            "content-type": "application/x-amz-json-1.1",
            "date": "Thu, 28 Mar 2019 12:49:31 GMT",
            "x-amzn-requestid": "ee52f75f-5157-11e9-a283-3b6eea63fce5"
        },
        "HTTPStatusCode": 200,
        "RequestId": "ee52f75f-5157-11e9-a283-3b6eea63fce5",
        "RetryAttempts": 0
    }
},
{
    "Week": 12,
    "Slide": 22,
    "KeyPhrases": [
        {
            "BeginOffset": 1,
            "EndOffset": 28,
            "Score": 0.9461563229560852,
            "Text": "Binary Search Ordered Array"
        },
        {
            "BeginOffset": 31,
            "EndOffset": 59,
            "Score": 0.963621973991394,
            "Text": "Informal Analysis\nOperations"
        },
        {
            "BeginOffset": 73,
            "EndOffset": 85,
            "Score": 0.9994980096817017,
            "Text": "entire array"
        },
        {
            "BeginOffset": 89,
            "EndOffset": 98,
            "Score": 0.9919439554214478,
            "Text": "each step"
        },
        {
            "BeginOffset": 105,
            "EndOffset": 114,
            "Score": 0.9890130162239075,
            "Text": "the range"
        },
        {
            "BeginOffset": 115,
            "EndOffset": 126,
            "Score": 0.999932050704956,
            "Text": "the element"
        },
        {
            "BeginOffset": 138,
            "EndOffset": 142,
            "Score": 0.8041884303092957,
            "Text": "stop"
        },
        {
            "BeginOffset": 153,
            "EndOffset": 163,
            "Score": 0.9781140089035034,
            "Text": "X or range"
        },
        {
            "BeginOffset": 187,
            "EndOffset": 197,
            "Score": 0.9892550110816956,
            "Text": "N elements"
        },
        {
            "BeginOffset": 209,
            "EndOffset": 218,
            "Score": 0.9305307269096375,
            "Text": "best case"
        },
        {
            "BeginOffset": 225,
            "EndOffset": 234,
            "Score": 0.9211611151695251,
            "Text": "1 element"
        },
        {
            "BeginOffset": 235,
            "EndOffset": 245,
            "Score": 0.6928393244743347,
            "Text": "worst case"
        },
        {
            "BeginOffset": 252,
            "EndOffset": 256,
            "Score": 0.8341913223266602,
            "Text": "log2"
        },
        {
            "BeginOffset": 260,
            "EndOffset": 270,
            "Score": 0.995951235294342,
            "Text": "1 elements"
        },
        {
            "BeginOffset": 278,
            "EndOffset": 282,
            "Score": 0.9950751662254333,
            "Text": "list"
        },
        {
            "BeginOffset": 286,
            "EndOffset": 301,
            "Score": 0.7015784382820129,
            "Text": "average check ~"
        },
        {
            "BeginOffset": 304,
            "EndOffset": 305,
            "Score": 0.7194538712501526,
            "Text": "2"
        }
    ],
    "ResponseMetadata": {
        "HTTPHeaders": {
            "content-length": "1428",
            "content-type": "application/x-amz-json-1.1",
            "date": "Thu, 28 Mar 2019 12:49:32 GMT",
            "x-amzn-requestid": "eef3560b-5157-11e9-b79a-031038b16953"
        },
        "HTTPStatusCode": 200,
        "RequestId": "eef3560b-5157-11e9-b79a-031038b16953",
        "RetryAttempts": 0
    }
},
{
    "Week": 12,
    "Slide": 23,
    "KeyPhrases": [
        {
            "BeginOffset": 1,
            "EndOffset": 28,
            "Score": 0.9436333179473877,
            "Text": "Binary Search Ordered Array"
        },
        {
            "BeginOffset": 31,
            "EndOffset": 48,
            "Score": 0.9156685471534729,
            "Text": "Informal Analysis"
        },
        {
            "BeginOffset": 52,
            "EndOffset": 53,
            "Score": 0.7907420992851257,
            "Text": "2"
        },
        {
            "BeginOffset": 80,
            "EndOffset": 81,
            "Score": 0.9533455967903137,
            "Text": "2"
        },
        {
            "BeginOffset": 82,
            "EndOffset": 84,
            "Score": 0.9745572805404663,
            "Text": "10"
        },
        {
            "BeginOffset": 88,
            "EndOffset": 96,
            "Score": 0.881979763507843,
            "Text": "3.3\nlog2"
        },
        {
            "BeginOffset": 97,
            "EndOffset": 101,
            "Score": 0.9741388559341431,
            "Text": "1000"
        },
        {
            "BeginOffset": 105,
            "EndOffset": 114,
            "Score": 0.9004582166671753,
            "Text": "~10\n\nlog2"
        },
        {
            "BeginOffset": 115,
            "EndOffset": 122,
            "Score": 0.9750391840934753,
            "Text": "1000000"
        },
        {
            "BeginOffset": 126,
            "EndOffset": 134,
            "Score": 0.9102063179016113,
            "Text": "~20\nlog2"
        },
        {
            "BeginOffset": 135,
            "EndOffset": 145,
            "Score": 0.9746536612510681,
            "Text": "1000000000"
        },
        {
            "BeginOffset": 149,
            "EndOffset": 158,
            "Score": 0.9012200832366943,
            "Text": "~30\n\nlog2"
        },
        {
            "BeginOffset": 159,
            "EndOffset": 172,
            "Score": 0.9749182462692261,
            "Text": "1000000000000"
        },
        {
            "BeginOffset": 176,
            "EndOffset": 207,
            "Score": 0.9040417075157166,
            "Text": "~40\n\nPhysicists estimate  atoms"
        },
        {
            "BeginOffset": 211,
            "EndOffset": 219,
            "Score": 0.9964749217033386,
            "Text": "universe"
        },
        {
            "BeginOffset": 221,
            "EndOffset": 242,
            "Score": 0.7900952696800232,
            "Text": "\\[1ex]\n\nBinary search"
        },
        {
            "BeginOffset": 243,
            "EndOffset": 252,
            "Score": 0.9606977105140686,
            "Text": "all atoms"
        },
        {
            "BeginOffset": 256,
            "EndOffset": 264,
            "Score": 0.9944018721580505,
            "Text": "universe"
        }
    ],
    "ResponseMetadata": {
        "HTTPHeaders": {
            "content-length": "1519",
            "content-type": "application/x-amz-json-1.1",
            "date": "Thu, 28 Mar 2019 12:49:32 GMT",
            "x-amzn-requestid": "ef866e0d-5157-11e9-b270-937b8b08d656"
        },
        "HTTPStatusCode": 200,
        "RequestId": "ef866e0d-5157-11e9-b270-937b8b08d656",
        "RetryAttempts": 0
    }
},
{
    "Week": 12,
    "Slide": 24,
    "KeyPhrases": [],
    "ResponseMetadata": {
        "HTTPHeaders": {
            "content-length": "17",
            "content-type": "application/x-amz-json-1.1",
            "date": "Thu, 28 Mar 2019 12:49:33 GMT",
            "x-amzn-requestid": "f0217586-5157-11e9-bd32-375300018036"
        },
        "HTTPStatusCode": 200,
        "RequestId": "f0217586-5157-11e9-bd32-375300018036",
        "RetryAttempts": 0
    }
},
{
    "Week": 12,
    "Slide": 25,
    "KeyPhrases": [
        {
            "BeginOffset": 9,
            "EndOffset": 13,
            "Score": 0.877999484539032,
            "Text": "sort"
        },
        {
            "BeginOffset": 25,
            "EndOffset": 35,
            "Score": 0.9992889165878296,
            "Text": "a sequence"
        },
        {
            "BeginOffset": 48,
            "EndOffset": 68,
            "Score": 0.9893580675125122,
            "Text": "non-decreasing order"
        },
        {
            "BeginOffset": 76,
            "EndOffset": 91,
            "Score": 0.9303475022315979,
            "Text": "sorted sequence"
        },
        {
            "BeginOffset": 121,
            "EndOffset": 126,
            "Score": 0.9650757312774658,
            "Text": "items"
        },
        {
            "BeginOffset": 132,
            "EndOffset": 142,
            "Score": 0.9964170455932617,
            "Text": "equal keys"
        },
        {
            "BeginOffset": 175,
            "EndOffset": 200,
            "Score": 0.8834566473960876,
            "Text": "simple obvious algorithms"
        },
        {
            "BeginOffset": 218,
            "EndOffset": 233,
            "Score": 0.9973685145378113,
            "Text": "large sequences"
        },
        {
            "BeginOffset": 237,
            "EndOffset": 254,
            "Score": 0.9475947618484497,
            "Text": "better algorithms"
        },
        {
            "BeginOffset": 264,
            "EndOffset": 284,
            "Score": 0.9508606791496277,
            "Text": "very large sequences"
        }
    ],
    "ResponseMetadata": {
        "HTTPHeaders": {
            "content-length": "877",
            "content-type": "application/x-amz-json-1.1",
            "date": "Thu, 28 Mar 2019 12:49:35 GMT",
            "x-amzn-requestid": "f0d0a1a5-5157-11e9-b79a-031038b16953"
        },
        "HTTPStatusCode": 200,
        "RequestId": "f0d0a1a5-5157-11e9-b79a-031038b16953",
        "RetryAttempts": 0
    }
},
{
    "Week": 12,
    "Slide": 26,
    "KeyPhrases": [
        {
            "BeginOffset": 1,
            "EndOffset": 19,
            "Score": 0.7302266955375671,
            "Text": "Sorting Algorithms"
        },
        {
            "BeginOffset": 30,
            "EndOffset": 63,
            "Score": 0.9633944034576416,
            "Text": "many different sorting algorithms"
        },
        {
            "BeginOffset": 79,
            "EndOffset": 105,
            "Score": 0.9630216360092163,
            "Text": "one slow obvious algorithm"
        },
        {
            "BeginOffset": 109,
            "EndOffset": 119,
            "Score": 0.6460094451904297,
            "Text": "bubblesort"
        },
        {
            "BeginOffset": 128,
            "EndOffset": 146,
            "Score": 0.9492212533950806,
            "Text": "one fast algorithm"
        },
        {
            "BeginOffset": 150,
            "EndOffset": 159,
            "Score": 0.7970407605171204,
            "Text": "quicksort"
        },
        {
            "BeginOffset": 162,
            "EndOffset": 169,
            "Score": 0.9632114171981812,
            "Text": "SortVis"
        }
    ],
    "ResponseMetadata": {
        "HTTPHeaders": {
            "content-length": "642",
            "content-type": "application/x-amz-json-1.1",
            "date": "Thu, 28 Mar 2019 12:49:35 GMT",
            "x-amzn-requestid": "f17127c7-5157-11e9-9067-a580ee7ec557"
        },
        "HTTPStatusCode": 200,
        "RequestId": "f17127c7-5157-11e9-9067-a580ee7ec557",
        "RetryAttempts": 0
    }
},
{
    "Week": 12,
    "Slide": 27,
    "KeyPhrases": [
        {
            "BeginOffset": 1,
            "EndOffset": 11,
            "Score": 0.8884928822517395,
            "Text": "Bubblesort"
        },
        {
            "BeginOffset": 23,
            "EndOffset": 32,
            "Score": 0.9961075782775879,
            "Text": "the array"
        },
        {
            "BeginOffset": 44,
            "EndOffset": 49,
            "Score": 0.9992546439170837,
            "Text": "pairs"
        },
        {
            "BeginOffset": 53,
            "EndOffset": 61,
            "Score": 0.9416452646255493,
            "Text": "elements"
        },
        {
            "BeginOffset": 69,
            "EndOffset": 81,
            "Score": 0.999466598033905,
            "Text": "the elements"
        },
        {
            "BeginOffset": 96,
            "EndOffset": 114,
            "Score": 0.784491240978241,
            "Text": "the wrong order \n\u2026"
        },
        {
            "BeginOffset": 117,
            "EndOffset": 123,
            "Score": 0.5821319222450256,
            "Text": "repeat"
        }
    ],
    "ResponseMetadata": {
        "HTTPHeaders": {
            "content-length": "584",
            "content-type": "application/x-amz-json-1.1",
            "date": "Thu, 28 Mar 2019 12:49:36 GMT",
            "x-amzn-requestid": "f21f4189-5157-11e9-9bf3-7b40ac3c3f45"
        },
        "HTTPStatusCode": 200,
        "RequestId": "f21f4189-5157-11e9-9bf3-7b40ac3c3f45",
        "RetryAttempts": 0
    }
},
{
    "Week": 12,
    "Slide": 28,
    "KeyPhrases": [
        {
            "BeginOffset": 1,
            "EndOffset": 14,
            "Score": 0.6141323447227478,
            "Text": "Bubblesort\n//"
        },
        {
            "BeginOffset": 15,
            "EndOffset": 24,
            "Score": 0.9907337427139282,
            "Text": "our array"
        },
        {
            "BeginOffset": 28,
            "EndOffset": 64,
            "Score": 0.8153994083404541,
            "Text": "numbers \n\n 3   1   4   9   5 \n\n \n\n//"
        },
        {
            "BeginOffset": 73,
            "EndOffset": 87,
            "Score": 0.8085976243019104,
            "Text": "the first pair"
        },
        {
            "BeginOffset": 90,
            "EndOffset": 116,
            "Score": 0.7417986989021301,
            "Text": "[3] [1]  4   9   5 \n\n \n\n//"
        },
        {
            "BeginOffset": 128,
            "EndOffset": 143,
            "Score": 0.9976517558097839,
            "Text": "the wrong order"
        },
        {
            "BeginOffset": 155,
            "EndOffset": 189,
            "Score": 0.7731829881668091,
            "Text": "[1] [3]  4   9   5 \n\n \n\n// compare"
        },
        {
            "BeginOffset": 190,
            "EndOffset": 205,
            "Score": 0.7788876295089722,
            "Text": "the second pair"
        },
        {
            "BeginOffset": 209,
            "EndOffset": 242,
            "Score": 0.7473143935203552,
            "Text": "1  [3] [4]  9   5 \n\n \n\n// compare"
        },
        {
            "BeginOffset": 243,
            "EndOffset": 257,
            "Score": 0.8070940971374512,
            "Text": "the third pair"
        },
        {
            "BeginOffset": 261,
            "EndOffset": 294,
            "Score": 0.7573316097259521,
            "Text": "1   3  [4] [9]  5 \n\n \n\n// compare"
        },
        {
            "BeginOffset": 295,
            "EndOffset": 310,
            "Score": 0.8281374573707581,
            "Text": "the fourth pair"
        },
        {
            "BeginOffset": 314,
            "EndOffset": 340,
            "Score": 0.7522522807121277,
            "Text": "1   3   4  [9] [5] \n\n \n\n//"
        },
        {
            "BeginOffset": 352,
            "EndOffset": 367,
            "Score": 0.9981499314308167,
            "Text": "the wrong order"
        },
        {
            "BeginOffset": 380,
            "EndOffset": 396,
            "Score": 0.7523972988128662,
            "Text": "1   3   4  [5] ["
        }
    ],
    "ResponseMetadata": {
        "HTTPHeaders": {
            "content-length": "1442",
            "content-type": "application/x-amz-json-1.1",
            "date": "Thu, 28 Mar 2019 12:49:38 GMT",
            "x-amzn-requestid": "f2de99ea-5157-11e9-b270-937b8b08d656"
        },
        "HTTPStatusCode": 200,
        "RequestId": "f2de99ea-5157-11e9-b270-937b8b08d656",
        "RetryAttempts": 0
    }
},
{
    "Week": 12,
    "Slide": 29,
    "KeyPhrases": [
        {
            "BeginOffset": 1,
            "EndOffset": 18,
            "Score": 0.6908155083656311,
            "Text": "Bubblesort - Code"
        },
        {
            "BeginOffset": 24,
            "EndOffset": 34,
            "Score": 0.7319470643997192,
            "Text": "bubblesort"
        },
        {
            "BeginOffset": 35,
            "EndOffset": 44,
            "Score": 0.6736757755279541,
            "Text": "int array"
        },
        {
            "BeginOffset": 48,
            "EndOffset": 58,
            "Score": 0.7803483605384827,
            "Text": "int length"
        },
        {
            "BeginOffset": 72,
            "EndOffset": 83,
            "Score": 0.6750986576080322,
            "Text": "swapped = 1"
        },
        {
            "BeginOffset": 129,
            "EndOffset": 130,
            "Score": 0.9592394828796387,
            "Text": "0"
        },
        {
            "BeginOffset": 147,
            "EndOffset": 152,
            "Score": 0.8073440194129944,
            "Text": "int i"
        },
        {
            "BeginOffset": 155,
            "EndOffset": 156,
            "Score": 0.9558746814727783,
            "Text": "1"
        },
        {
            "BeginOffset": 162,
            "EndOffset": 168,
            "Score": 0.967759370803833,
            "Text": "length"
        },
        {
            "BeginOffset": 174,
            "EndOffset": 179,
            "Score": 0.9022547602653503,
            "Text": "i + 1"
        },
        {
            "BeginOffset": 201,
            "EndOffset": 224,
            "Score": 0.717029869556427,
            "Text": "array[i] < array[i - 1]"
        },
        {
            "BeginOffset": 246,
            "EndOffset": 261,
            "Score": 0.630797803401947,
            "Text": "int tmp = array"
        },
        {
            "BeginOffset": 284,
            "EndOffset": 289,
            "Score": 0.47409629821777344,
            "Text": "array"
        },
        {
            "BeginOffset": 295,
            "EndOffset": 307,
            "Score": 0.8488402366638184,
            "Text": "array[i - 1]"
        },
        {
            "BeginOffset": 327,
            "EndOffset": 332,
            "Score": 0.46729007363319397,
            "Text": "array"
        },
        {
            "BeginOffset": 333,
            "EndOffset": 339,
            "Score": 0.7743430733680725,
            "Text": "i - 1]"
        },
        {
            "BeginOffset": 342,
            "EndOffset": 345,
            "Score": 0.9518742561340332,
            "Text": "tmp"
        },
        {
            "BeginOffset": 375,
            "EndOffset": 376,
            "Score": 0.8841387033462524,
            "Text": "1"
        }
    ],
    "ResponseMetadata": {
        "HTTPHeaders": {
            "content-length": "1463",
            "content-type": "application/x-amz-json-1.1",
            "date": "Thu, 28 Mar 2019 12:49:39 GMT",
            "x-amzn-requestid": "f38e1429-5157-11e9-a12c-4fc516924d62"
        },
        "HTTPStatusCode": 200,
        "RequestId": "f38e1429-5157-11e9-a12c-4fc516924d62",
        "RetryAttempts": 0
    }
},
{
    "Week": 12,
    "Slide": 30,
    "KeyPhrases": [
        {
            "BeginOffset": 1,
            "EndOffset": 10,
            "Score": 0.510974645614624,
            "Text": "Quicksort"
        },
        {
            "BeginOffset": 23,
            "EndOffset": 41,
            "Score": 0.8157927989959717,
            "Text": "bubblesort\n\ndivide"
        },
        {
            "BeginOffset": 61,
            "EndOffset": 72,
            "Score": 0.9927886724472046,
            "Text": "the problem"
        },
        {
            "BeginOffset": 81,
            "EndOffset": 90,
            "Score": 0.7923079133033752,
            "Text": "each time"
        },
        {
            "BeginOffset": 111,
            "EndOffset": 120,
            "Score": 0.9987488985061646,
            "Text": "the array"
        },
        {
            "BeginOffset": 126,
            "EndOffset": 144,
            "Score": 0.9817534685134888,
            "Text": "two smaller arrays"
        },
        {
            "BeginOffset": 159,
            "EndOffset": 184,
            "Score": 0.9115890264511108,
            "Text": "the two smaller arrays\n\n\u2026"
        },
        {
            "BeginOffset": 211,
            "EndOffset": 218,
            "Score": 0.9968199133872986,
            "Text": "a pivot"
        },
        {
            "BeginOffset": 239,
            "EndOffset": 259,
            "Score": 0.9993268251419067,
            "Text": "the smaller elements"
        },
        {
            "BeginOffset": 263,
            "EndOffset": 271,
            "Score": 0.9628762602806091,
            "Text": "its left"
        },
        {
            "BeginOffset": 285,
            "EndOffset": 304,
            "Score": 0.999152660369873,
            "Text": "the larger elements"
        }
    ],
    "ResponseMetadata": {
        "HTTPHeaders": {
            "content-length": "967",
            "content-type": "application/x-amz-json-1.1",
            "date": "Thu, 28 Mar 2019 12:49:40 GMT",
            "x-amzn-requestid": "f43d18aa-5157-11e9-b1f4-0d6fc4dbbbce"
        },
        "HTTPStatusCode": 200,
        "RequestId": "f43d18aa-5157-11e9-b1f4-0d6fc4dbbbce",
        "RetryAttempts": 0
    }
},
{
    "Week": 12,
    "Slide": 31,
    "KeyPhrases": [
        {
            "BeginOffset": 1,
            "EndOffset": 17,
            "Score": 0.6723794937133789,
            "Text": "Quicksort - Code"
        },
        {
            "BeginOffset": 23,
            "EndOffset": 32,
            "Score": 0.6521269679069519,
            "Text": "quicksort"
        },
        {
            "BeginOffset": 33,
            "EndOffset": 42,
            "Score": 0.6670502424240112,
            "Text": "int array"
        },
        {
            "BeginOffset": 46,
            "EndOffset": 56,
            "Score": 0.789372980594635,
            "Text": "int length"
        },
        {
            "BeginOffset": 66,
            "EndOffset": 76,
            "Score": 0.8742066621780396,
            "Text": "quicksort1"
        },
        {
            "BeginOffset": 77,
            "EndOffset": 82,
            "Score": 0.8892534375190735,
            "Text": "array"
        },
        {
            "BeginOffset": 84,
            "EndOffset": 85,
            "Score": 0.5897278189659119,
            "Text": "0"
        },
        {
            "BeginOffset": 87,
            "EndOffset": 93,
            "Score": 0.7104058265686035,
            "Text": "length"
        },
        {
            "BeginOffset": 96,
            "EndOffset": 97,
            "Score": 0.96121746301651,
            "Text": "1"
        },
        {
            "BeginOffset": 123,
            "EndOffset": 124,
            "Score": 0.8415302038192749,
            "Text": "1"
        },
        {
            "BeginOffset": 125,
            "EndOffset": 134,
            "Score": 0.6698912382125854,
            "Text": "int array"
        },
        {
            "BeginOffset": 142,
            "EndOffset": 144,
            "Score": 0.7125684022903442,
            "Text": "lo"
        },
        {
            "BeginOffset": 166,
            "EndOffset": 170,
            "Score": 0.6531487107276917,
            "Text": "lo >"
        },
        {
            "BeginOffset": 188,
            "EndOffset": 194,
            "Score": 0.8169093132019043,
            "Text": "return"
        },
        {
            "BeginOffset": 214,
            "EndOffset": 227,
            "Score": 0.962282121181488,
            "Text": "p = partition"
        },
        {
            "BeginOffset": 228,
            "EndOffset": 233,
            "Score": 0.9286900162696838,
            "Text": "array"
        },
        {
            "BeginOffset": 235,
            "EndOffset": 237,
            "Score": 0.9168531894683838,
            "Text": "lo"
        },
        {
            "BeginOffset": 253,
            "EndOffset": 268,
            "Score": 0.6780721545219421,
            "Text": "sort lower part"
        },
        {
            "BeginOffset": 272,
            "EndOffset": 277,
            "Score": 0.481587678194046,
            "Text": "array"
        },
        {
            "BeginOffset": 284,
            "EndOffset": 294,
            "Score": 0.8307000398635864,
            "Text": "quicksort1"
        },
        {
            "BeginOffset": 295,
            "EndOffset": 300,
            "Score": 0.9207359552383423,
            "Text": "array"
        },
        {
            "BeginOffset": 302,
            "EndOffset": 304,
            "Score": 0.8746128678321838,
            "Text": "lo"
        },
        {
            "BeginOffset": 319,
            "EndOffset": 334,
            "Score": 0.7707064151763916,
            "Text": "sort upper part"
        },
        {
            "BeginOffset": 338,
            "EndOffset": 343,
            "Score": 0.4784263074398041,
            "Text": "array"
        },
        {
            "BeginOffset": 350,
            "EndOffset": 360,
            "Score": 0.8268786072731018,
            "Text": "quicksort1"
        },
        {
            "BeginOffset": 361,
            "EndOffset": 366,
            "Score": 0.5754920840263367,
            "Text": "array"
        },
        {
            "BeginOffset": 368,
            "EndOffset": 373,
            "Score": 0.8182119131088257,
            "Text": "p + 1"
        }
    ],
    "ResponseMetadata": {
        "HTTPHeaders": {
            "content-length": "2149",
            "content-type": "application/x-amz-json-1.1",
            "date": "Thu, 28 Mar 2019 12:49:42 GMT",
            "x-amzn-requestid": "f4d8950c-5157-11e9-b7b4-8f0a6db039e5"
        },
        "HTTPStatusCode": 200,
        "RequestId": "f4d8950c-5157-11e9-b7b4-8f0a6db039e5",
        "RetryAttempts": 0
    }
},
{
    "Week": 12,
    "Slide": 32,
    "KeyPhrases": [
        {
            "BeginOffset": 1,
            "EndOffset": 41,
            "Score": 0.8167924880981445,
            "Text": "Quicksort Partition - Code\nint partition"
        },
        {
            "BeginOffset": 42,
            "EndOffset": 51,
            "Score": 0.6141945719718933,
            "Text": "int array"
        },
        {
            "BeginOffset": 59,
            "EndOffset": 61,
            "Score": 0.7096359729766846,
            "Text": "lo"
        },
        {
            "BeginOffset": 87,
            "EndOffset": 89,
            "Score": 0.40418341755867004,
            "Text": "lo"
        },
        {
            "BeginOffset": 91,
            "EndOffset": 97,
            "Score": 0.7539345622062683,
            "Text": "j = hi"
        },
        {
            "BeginOffset": 105,
            "EndOffset": 119,
            "Score": 0.9114474654197693,
            "Text": "int pivotValue"
        },
        {
            "BeginOffset": 122,
            "EndOffset": 128,
            "Score": 0.8887615203857422,
            "Text": "array["
        },
        {
            "BeginOffset": 129,
            "EndOffset": 136,
            "Score": 0.7900199294090271,
            "Text": "lo + hi"
        },
        {
            "BeginOffset": 140,
            "EndOffset": 142,
            "Score": 0.7750375270843506,
            "Text": "2]"
        },
        {
            "BeginOffset": 157,
            "EndOffset": 158,
            "Score": 0.9907852411270142,
            "Text": "1"
        },
        {
            "BeginOffset": 179,
            "EndOffset": 200,
            "Score": 0.7263965010643005,
            "Text": "array[i] < pivotValue"
        },
        {
            "BeginOffset": 222,
            "EndOffset": 227,
            "Score": 0.8818132281303406,
            "Text": "i + 1"
        },
        {
            "BeginOffset": 258,
            "EndOffset": 279,
            "Score": 0.8319389820098877,
            "Text": "array[j] > pivotValue"
        },
        {
            "BeginOffset": 281,
            "EndOffset": 306,
            "Score": 0.8326572179794312,
            "Text": "{ \n\n            j = j - 1"
        },
        {
            "BeginOffset": 358,
            "EndOffset": 366,
            "Score": 0.7948127388954163,
            "Text": "return j"
        },
        {
            "BeginOffset": 390,
            "EndOffset": 398,
            "Score": 0.6906603574752808,
            "Text": "int temp"
        },
        {
            "BeginOffset": 401,
            "EndOffset": 409,
            "Score": 0.8633880615234375,
            "Text": "array[i]"
        },
        {
            "BeginOffset": 421,
            "EndOffset": 426,
            "Score": 0.4917360544204712,
            "Text": "array"
        },
        {
            "BeginOffset": 432,
            "EndOffset": 440,
            "Score": 0.9039586782455444,
            "Text": "array[j]"
        },
        {
            "BeginOffset": 452,
            "EndOffset": 457,
            "Score": 0.4393203556537628,
            "Text": "array"
        },
        {
            "BeginOffset": 463,
            "EndOffset": 467,
            "Score": 0.9851796627044678,
            "Text": "temp"
        },
        {
            "BeginOffset": 483,
            "EndOffset": 488,
            "Score": 0.873582661151886,
            "Text": "i + 1"
        },
        {
            "BeginOffset": 500,
            "EndOffset": 509,
            "Score": 0.8614349961280823,
            "Text": "j = j - 1"
        },
        {
            "BeginOffset": 525,
            "EndOffset": 533,
            "Score": 0.7248167991638184,
            "Text": "return j"
        }
    ],
    "ResponseMetadata": {
        "HTTPHeaders": {
            "content-length": "1989",
            "content-type": "application/x-amz-json-1.1",
            "date": "Thu, 28 Mar 2019 12:49:43 GMT",
            "x-amzn-requestid": "f58bb930-5157-11e9-8eba-154ad056dc4d"
        },
        "HTTPStatusCode": 200,
        "RequestId": "f58bb930-5157-11e9-8eba-154ad056dc4d",
        "RetryAttempts": 0
    }
}
]