[
    {
        "Week": 12,
        "Slide": 0,
        "KeyPhrases": []
    },
    {
        "Week": 12,
        "Slide": 1,
        "KeyPhrases": [
            {
                "Score": 0.8304532766342163,
                "Text": "lecture"
            },
            {
                "Score": 0.8304532766342163,
                "Text": "analysis"
            },
            {
                "Score": 0.8625677824020386,
                "Text": "bennett"
            },
            {
                "Score": 0.8625677824020386,
                "Text": "andrew"
            }
        ]
    },
    {
        "Week": 12,
        "Slide": 2,
        "KeyPhrases": [
            {
                "Score": 0.8646005392074585,
                "Text": "admin"
            }
        ]
    },
    {
        "Week": 12,
        "Slide": 3,
        "KeyPhrases": [
            {
                "Score": 0.8800848722457886,
                "Text": "week"
            },
            {
                "Score": 0.8833818435668945,
                "Text": "week"
            },
            {
                "Score": 0.8833818435668945,
                "Text": "solution"
            },
            {
                "Score": 0.8833818435668945,
                "Text": "lab"
            },
            {
                "Score": 0.9174727201461792,
                "Text": "test"
            },
            {
                "Score": 0.9540397524833679,
                "Text": "friday"
            },
            {
                "Score": 0.9526731967926025,
                "Text": "help"
            },
            {
                "Score": 0.9526731967926025,
                "Text": "session"
            },
            {
                "Score": 0.9829152822494507,
                "Text": "course"
            },
            {
                "Score": 0.9829152822494507,
                "Text": "website"
            },
            {
                "Score": 0.9988056421279907,
                "Text": "detail"
            },
            {
                "Score": 0.789922297000885,
                "Text": "lecture"
            },
            {
                "Score": 0.9860990047454834,
                "Text": "week"
            },
            {
                "Score": 0.7344679236412048,
                "Text": "week"
            },
            {
                "Score": 0.6392834186553955,
                "Text": "question"
            },
            {
                "Score": 0.8950716257095337,
                "Text": "https"
            },
            {
                "Score": 0.8950716257095337,
                "Text": "note"
            },
            {
                "Score": 0.9191630482673645,
                "Text": "moodle"
            },
            {
                "Score": 0.9191630482673645,
                "Text": "https"
            }
        ]
    },
    {
        "Week": 12,
        "Slide": 4,
        "KeyPhrases": [
            {
                "Score": 0.8206974864006042,
                "Text": "future"
            },
            {
                "Score": 0.8206974864006042,
                "Text": "comp"
            },
            {
                "Score": 0.8206974864006042,
                "Text": "course"
            },
            {
                "Score": 0.9599036574363708,
                "Text": "programmer"
            },
            {
                "Score": 0.9997655749320984,
                "Text": "problem"
            },
            {
                "Score": 0.7833214998245239,
                "Text": "program"
            },
            {
                "Score": 0.9995257258415222,
                "Text": "idea"
            }
        ]
    },
    {
        "Week": 12,
        "Slide": 5,
        "KeyPhrases": [
            {
                "Score": 0.8833847641944885,
                "Text": "future"
            },
            {
                "Score": 0.8833847641944885,
                "Text": "comp"
            },
            {
                "Score": 0.8833847641944885,
                "Text": "course"
            },
            {
                "Score": 0.8728890419006348,
                "Text": "future"
            },
            {
                "Score": 0.8728890419006348,
                "Text": "comp"
            },
            {
                "Score": 0.8728890419006348,
                "Text": "course"
            },
            {
                "Score": 0.9944650530815125,
                "Text": "computer"
            },
            {
                "Score": 0.9944650530815125,
                "Text": "scientist"
            },
            {
                "Score": 0.9930967688560486,
                "Text": "reason"
            }
        ]
    },
    {
        "Week": 12,
        "Slide": 6,
        "KeyPhrases": [
            {
                "Score": 0.8411263227462769,
                "Text": "future"
            },
            {
                "Score": 0.8411263227462769,
                "Text": "comp"
            },
            {
                "Score": 0.8411263227462769,
                "Text": "course"
            },
            {
                "Score": 0.8947988152503967,
                "Text": "taster"
            }
        ]
    },
    {
        "Week": 12,
        "Slide": 7,
        "KeyPhrases": [
            {
                "Score": 0.7858036756515503,
                "Text": "analysis"
            },
            {
                "Score": 0.9984881281852722,
                "Text": "science"
            },
            {
                "Score": 0.9975901246070862,
                "Text": "computer"
            },
            {
                "Score": 0.9975901246070862,
                "Text": "science"
            }
        ]
    },
    {
        "Week": 12,
        "Slide": 8,
        "KeyPhrases": [
            {
                "Score": 0.7642287611961365,
                "Text": "software"
            }
        ]
    },
    {
        "Week": 12,
        "Slide": 9,
        "KeyPhrases": [
            {
                "Score": 0.7606933116912842,
                "Text": "software"
            },
            {
                "Score": 0.611394464969635,
                "Text": "correctness"
            }
        ]
    },
    {
        "Week": 12,
        "Slide": 10,
        "KeyPhrases": [
            {
                "Score": 0.7606933116912842,
                "Text": "software"
            },
            {
                "Score": 0.5170611143112183,
                "Text": "correctness"
            },
            {
                "Score": 0.8355668187141418,
                "Text": "efficiency"
            }
        ]
    },
    {
        "Week": 12,
        "Slide": 11,
        "KeyPhrases": [
            {
                "Score": 0.7606933116912842,
                "Text": "software"
            },
            {
                "Score": 0.5219635963439941,
                "Text": "correctness"
            },
            {
                "Score": 0.7186475396156311,
                "Text": "efficiency"
            },
            {
                "Score": 0.7243357300758362,
                "Text": "code"
            }
        ]
    },
    {
        "Week": 12,
        "Slide": 12,
        "KeyPhrases": [
            {
                "Score": 0.7606933116912842,
                "Text": "software"
            },
            {
                "Score": 0.5219635963439941,
                "Text": "correctness"
            },
            {
                "Score": 0.7186475396156311,
                "Text": "efficiency"
            },
            {
                "Score": 0.7195162773132324,
                "Text": "code"
            }
        ]
    },
    {
        "Week": 12,
        "Slide": 13,
        "KeyPhrases": [
            {
                "Score": 0.9921950101852417,
                "Text": "today"
            }
        ]
    },
    {
        "Week": 12,
        "Slide": 14,
        "KeyPhrases": [
            {
                "Score": 0.9206787943840027,
                "Text": "efficiency"
            },
            {
                "Score": 0.9940413236618042,
                "Text": "correct"
            },
            {
                "Score": 0.9940413236618042,
                "Text": "program"
            },
            {
                "Score": 0.9800397157669067,
                "Text": "effciency"
            },
            {
                "Score": 0.9218757152557373,
                "Text": "execution"
            },
            {
                "Score": 0.9218757152557373,
                "Text": "time"
            },
            {
                "Score": 0.9218757152557373,
                "Text": "memory"
            },
            {
                "Score": 0.8686226606369019,
                "Text": "correct"
            },
            {
                "Score": 0.8686226606369019,
                "Text": "program"
            }
        ]
    },
    {
        "Week": 12,
        "Slide": 15,
        "KeyPhrases": [
            {
                "Score": 0.9912937879562378,
                "Text": "efficiency"
            },
            {
                "Score": 0.9912937879562378,
                "Text": "efficiency"
            },
            {
                "Score": 0.9989028573036194,
                "Text": "size"
            },
            {
                "Score": 0.9963861107826233,
                "Text": "data"
            },
            {
                "Score": 0.9978115558624268,
                "Text": "dependency"
            },
            {
                "Score": 0.991629421710968,
                "Text": "program"
            },
            {
                "Score": 0.991629421710968,
                "Text": "performance"
            },
            {
                "Score": 0.9209015965461731,
                "Text": "data"
            },
            {
                "Score": 0.9850333333015442,
                "Text": "exploration"
            }
        ]
    },
    {
        "Week": 12,
        "Slide": 16,
        "KeyPhrases": [
            {
                "Score": 0.9659996032714844,
                "Text": "analysis"
            },
            {
                "Score": 0.995755672454834,
                "Text": "algorithm"
            },
            {
                "Score": 0.9998619556427002,
                "Text": "program"
            },
            {
                "Score": 0.8276339769363403,
                "Text": "approach"
            },
            {
                "Score": 0.9746425151824951,
                "Text": "program"
            },
            {
                "Score": 0.9992849230766296,
                "Text": "time"
            },
            {
                "Score": 0.9669858813285828,
                "Text": "input"
            },
            {
                "Score": 0.9669858813285828,
                "Text": "size"
            },
            {
                "Score": 0.9986583590507507,
                "Text": "time"
            },
            {
                "Score": 0.9310684204101562,
                "Text": "approach"
            },
            {
                "Score": 0.9994485378265381,
                "Text": "number"
            },
            {
                "Score": 0.8201630711555481,
                "Text": "operation"
            },
            {
                "Score": 0.9976842403411865,
                "Text": "algorithm"
            },
            {
                "Score": 0.9995477795600891,
                "Text": "input"
            }
        ]
    },
    {
        "Week": 12,
        "Slide": 17,
        "KeyPhrases": [
            {
                "Score": 0.9554364085197449,
                "Text": "linear"
            },
            {
                "Score": 0.9554364085197449,
                "Text": "search"
            },
            {
                "Score": 0.9554364085197449,
                "Text": "array"
            },
            {
                "Score": 0.835627019405365,
                "Text": "code"
            },
            {
                "Score": 0.835627019405365,
                "Text": "int"
            },
            {
                "Score": 0.6271384954452515,
                "Text": "int"
            },
            {
                "Score": 0.6271384954452515,
                "Text": "array"
            },
            {
                "Score": 0.8016022443771362,
                "Text": "int"
            },
            {
                "Score": 0.8016022443771362,
                "Text": "length"
            },
            {
                "Score": 0.818279504776001,
                "Text": "int"
            },
            {
                "Score": 0.8002074360847473,
                "Text": "int"
            },
            {
                "Score": 0.7520999908447266,
                "Text": "length"
            },
            {
                "Score": 0.6751546263694763,
                "Text": "array"
            },
            {
                "Score": 0.6830180883407593,
                "Text": "return"
            }
        ]
    },
    {
        "Week": 12,
        "Slide": 18,
        "KeyPhrases": [
            {
                "Score": 0.9566726088523865,
                "Text": "linear"
            },
            {
                "Score": 0.9566726088523865,
                "Text": "search"
            },
            {
                "Score": 0.9566726088523865,
                "Text": "array"
            },
            {
                "Score": 0.9641250371932983,
                "Text": "analysis"
            },
            {
                "Score": 0.9641250371932983,
                "Text": "operation"
            },
            {
                "Score": 0.6319395303726196,
                "Text": "start"
            },
            {
                "Score": 0.9853741526603699,
                "Text": "element"
            },
            {
                "Score": 0.9974801540374756,
                "Text": "element"
            },
            {
                "Score": 0.7377480268478394,
                "Text": "turn"
            },
            {
                "Score": 0.7377480268478394,
                "Text": "stop"
            },
            {
                "Score": 0.9742317795753479,
                "Text": "end"
            },
            {
                "Score": 0.9901160597801208,
                "Text": "element"
            },
            {
                "Score": 0.9740555286407471,
                "Text": "search"
            },
            {
                "Score": 0.8833016753196716,
                "Text": "case"
            },
            {
                "Score": 0.9194454550743103,
                "Text": "element"
            },
            {
                "Score": 0.7621088624000549,
                "Text": "case"
            },
            {
                "Score": 0.9962280988693237,
                "Text": "element"
            },
            {
                "Score": 0.9951411485671997,
                "Text": "list"
            },
            {
                "Score": 0.9009745121002197,
                "Text": "check"
            },
            {
                "Score": 0.9009745121002197,
                "Text": "element"
            },
            {
                "Score": 0.5776293873786926,
                "Text": "list"
            }
        ]
    },
    {
        "Week": 12,
        "Slide": 19,
        "KeyPhrases": [
            {
                "Score": 0.9500303268432617,
                "Text": "linear"
            },
            {
                "Score": 0.9500303268432617,
                "Text": "search"
            },
            {
                "Score": 0.9500303268432617,
                "Text": "ordered"
            },
            {
                "Score": 0.9500303268432617,
                "Text": "array"
            },
            {
                "Score": 0.7365320324897766,
                "Text": "code"
            },
            {
                "Score": 0.7365320324897766,
                "Text": "int"
            },
            {
                "Score": 0.6191871166229248,
                "Text": "int"
            },
            {
                "Score": 0.6191871166229248,
                "Text": "array"
            },
            {
                "Score": 0.8734110593795776,
                "Text": "int"
            },
            {
                "Score": 0.8734110593795776,
                "Text": "length"
            },
            {
                "Score": 0.8115320801734924,
                "Text": "int"
            },
            {
                "Score": 0.8000859022140503,
                "Text": "int"
            },
            {
                "Score": 0.7521160840988159,
                "Text": "length"
            },
            {
                "Score": 0.6751546263694763,
                "Text": "array"
            },
            {
                "Score": 0.698164165019989,
                "Text": "return"
            },
            {
                "Score": 0.3966585397720337,
                "Text": "array"
            },
            {
                "Score": 0.611789882183075,
                "Text": "return"
            }
        ]
    },
    {
        "Week": 12,
        "Slide": 20,
        "KeyPhrases": [
            {
                "Score": 0.9525467753410339,
                "Text": "linear"
            },
            {
                "Score": 0.9525467753410339,
                "Text": "search"
            },
            {
                "Score": 0.9525467753410339,
                "Text": "ordered"
            },
            {
                "Score": 0.9525467753410339,
                "Text": "array"
            },
            {
                "Score": 0.9637123942375183,
                "Text": "analysis"
            },
            {
                "Score": 0.9637123942375183,
                "Text": "operation"
            },
            {
                "Score": 0.6237431168556213,
                "Text": "start"
            },
            {
                "Score": 0.9853906631469727,
                "Text": "element"
            },
            {
                "Score": 0.9974842071533203,
                "Text": "element"
            },
            {
                "Score": 0.7378487586975098,
                "Text": "turn"
            },
            {
                "Score": 0.7378487586975098,
                "Text": "stop"
            },
            {
                "Score": 0.8377440571784973,
                "Text": "value"
            },
            {
                "Score": 0.9729428291320801,
                "Text": "end"
            },
            {
                "Score": 0.9901337623596191,
                "Text": "element"
            },
            {
                "Score": 0.9740598201751709,
                "Text": "search"
            },
            {
                "Score": 0.8833028674125671,
                "Text": "case"
            },
            {
                "Score": 0.9194454550743103,
                "Text": "element"
            },
            {
                "Score": 0.7621098160743713,
                "Text": "case"
            },
            {
                "Score": 0.9962280988693237,
                "Text": "element"
            },
            {
                "Score": 0.9951411485671997,
                "Text": "list"
            },
            {
                "Score": 0.9009745121002197,
                "Text": "check"
            },
            {
                "Score": 0.9009745121002197,
                "Text": "element"
            },
            {
                "Score": 0.9983626008033752,
                "Text": "list"
            },
            {
                "Score": 0.8577026128768921,
                "Text": "check"
            }
        ]
    },
    {
        "Week": 12,
        "Slide": 21,
        "KeyPhrases": [
            {
                "Score": 0.9435286521911621,
                "Text": "binary"
            },
            {
                "Score": 0.9435286521911621,
                "Text": "search"
            },
            {
                "Score": 0.9435286521911621,
                "Text": "ordered"
            },
            {
                "Score": 0.9435286521911621,
                "Text": "array"
            },
            {
                "Score": 0.8374161124229431,
                "Text": "code"
            },
            {
                "Score": 0.8374161124229431,
                "Text": "int"
            },
            {
                "Score": 0.6202478408813477,
                "Text": "int"
            },
            {
                "Score": 0.6202478408813477,
                "Text": "array"
            },
            {
                "Score": 0.8015823364257812,
                "Text": "int"
            },
            {
                "Score": 0.8015823364257812,
                "Text": "length"
            },
            {
                "Score": 0.8239887952804565,
                "Text": "int"
            },
            {
                "Score": 0.6952054500579834,
                "Text": "int"
            },
            {
                "Score": 0.6952054500579834,
                "Text": "length"
            },
            {
                "Score": 0.853070080280304,
                "Text": "mid"
            },
            {
                "Score": 0.6949215531349182,
                "Text": "array"
            },
            {
                "Score": 0.6990566253662109,
                "Text": "return"
            },
            {
                "Score": 0.715490996837616,
                "Text": "array"
            },
            {
                "Score": 0.8841910362243652,
                "Text": "mid"
            },
            {
                "Score": 0.7292501926422119,
                "Text": "mid"
            }
        ]
    },
    {
        "Week": 12,
        "Slide": 22,
        "KeyPhrases": [
            {
                "Score": 0.9461563229560852,
                "Text": "binary"
            },
            {
                "Score": 0.9461563229560852,
                "Text": "search"
            },
            {
                "Score": 0.9461563229560852,
                "Text": "ordered"
            },
            {
                "Score": 0.9461563229560852,
                "Text": "array"
            },
            {
                "Score": 0.963621973991394,
                "Text": "analysis"
            },
            {
                "Score": 0.963621973991394,
                "Text": "operation"
            },
            {
                "Score": 0.9994980096817017,
                "Text": "array"
            },
            {
                "Score": 0.9919439554214478,
                "Text": "step"
            },
            {
                "Score": 0.9890130162239075,
                "Text": "range"
            },
            {
                "Score": 0.999932050704956,
                "Text": "element"
            },
            {
                "Score": 0.8041884303092957,
                "Text": "stop"
            },
            {
                "Score": 0.9781140089035034,
                "Text": "range"
            },
            {
                "Score": 0.9892550110816956,
                "Text": "element"
            },
            {
                "Score": 0.9305307269096375,
                "Text": "case"
            },
            {
                "Score": 0.9211611151695251,
                "Text": "element"
            },
            {
                "Score": 0.6928393244743347,
                "Text": "case"
            },
            {
                "Score": 0.995951235294342,
                "Text": "element"
            },
            {
                "Score": 0.9950751662254333,
                "Text": "list"
            },
            {
                "Score": 0.7015784382820129,
                "Text": "check"
            }
        ]
    },
    {
        "Week": 12,
        "Slide": 23,
        "KeyPhrases": [
            {
                "Score": 0.9436333179473877,
                "Text": "binary"
            },
            {
                "Score": 0.9436333179473877,
                "Text": "search"
            },
            {
                "Score": 0.9436333179473877,
                "Text": "ordered"
            },
            {
                "Score": 0.9436333179473877,
                "Text": "array"
            },
            {
                "Score": 0.9156685471534729,
                "Text": "analysis"
            },
            {
                "Score": 0.9040417075157166,
                "Text": "estimate"
            },
            {
                "Score": 0.9040417075157166,
                "Text": "atom"
            },
            {
                "Score": 0.9040417075157166,
                "Text": "physicist"
            },
            {
                "Score": 0.9964749217033386,
                "Text": "universe"
            },
            {
                "Score": 0.7900952696800232,
                "Text": "search"
            },
            {
                "Score": 0.7900952696800232,
                "Text": "binary"
            },
            {
                "Score": 0.9606977105140686,
                "Text": "atom"
            },
            {
                "Score": 0.9944018721580505,
                "Text": "universe"
            }
        ]
    },
    {
        "Week": 12,
        "Slide": 24,
        "KeyPhrases": []
    },
    {
        "Week": 12,
        "Slide": 25,
        "KeyPhrases": [
            {
                "Score": 0.877999484539032,
                "Text": "sort"
            },
            {
                "Score": 0.9992889165878296,
                "Text": "sequence"
            },
            {
                "Score": 0.9893580675125122,
                "Text": "order"
            },
            {
                "Score": 0.9893580675125122,
                "Text": "non"
            },
            {
                "Score": 0.9303475022315979,
                "Text": "sorted"
            },
            {
                "Score": 0.9303475022315979,
                "Text": "sequence"
            },
            {
                "Score": 0.9650757312774658,
                "Text": "item"
            },
            {
                "Score": 0.9964170455932617,
                "Text": "key"
            },
            {
                "Score": 0.8834566473960876,
                "Text": "simple"
            },
            {
                "Score": 0.8834566473960876,
                "Text": "algorithm"
            },
            {
                "Score": 0.9973685145378113,
                "Text": "sequence"
            },
            {
                "Score": 0.9475947618484497,
                "Text": "algorithm"
            },
            {
                "Score": 0.9508606791496277,
                "Text": "sequence"
            }
        ]
    },
    {
        "Week": 12,
        "Slide": 26,
        "KeyPhrases": [
            {
                "Score": 0.7302266955375671,
                "Text": "algorithm"
            },
            {
                "Score": 0.9633944034576416,
                "Text": "algorithm"
            },
            {
                "Score": 0.9630216360092163,
                "Text": "algorithm"
            },
            {
                "Score": 0.6460094451904297,
                "Text": "bubblesort"
            },
            {
                "Score": 0.9492212533950806,
                "Text": "fast"
            },
            {
                "Score": 0.9492212533950806,
                "Text": "algorithm"
            },
            {
                "Score": 0.7970407605171204,
                "Text": "quicksort"
            },
            {
                "Score": 0.9632114171981812,
                "Text": "sortvis"
            }
        ]
    },
    {
        "Week": 12,
        "Slide": 27,
        "KeyPhrases": [
            {
                "Score": 0.8884928822517395,
                "Text": "bubblesort"
            },
            {
                "Score": 0.9961075782775879,
                "Text": "array"
            },
            {
                "Score": 0.9992546439170837,
                "Text": "pair"
            },
            {
                "Score": 0.9416452646255493,
                "Text": "element"
            },
            {
                "Score": 0.999466598033905,
                "Text": "element"
            },
            {
                "Score": 0.784491240978241,
                "Text": "order"
            },
            {
                "Score": 0.5821319222450256,
                "Text": "repeat"
            }
        ]
    },
    {
        "Week": 12,
        "Slide": 28,
        "KeyPhrases": [
            {
                "Score": 0.6141323447227478,
                "Text": "bubblesort"
            },
            {
                "Score": 0.9907337427139282,
                "Text": "array"
            },
            {
                "Score": 0.8153994083404541,
                "Text": "number"
            },
            {
                "Score": 0.8085976243019104,
                "Text": "pair"
            },
            {
                "Score": 0.9976517558097839,
                "Text": "order"
            },
            {
                "Score": 0.7731829881668091,
                "Text": "compare"
            },
            {
                "Score": 0.7788876295089722,
                "Text": "pair"
            },
            {
                "Score": 0.7473143935203552,
                "Text": "compare"
            },
            {
                "Score": 0.8070940971374512,
                "Text": "pair"
            },
            {
                "Score": 0.7573316097259521,
                "Text": "compare"
            },
            {
                "Score": 0.8281374573707581,
                "Text": "pair"
            },
            {
                "Score": 0.9981499314308167,
                "Text": "order"
            }
        ]
    },
    {
        "Week": 12,
        "Slide": 29,
        "KeyPhrases": [
            {
                "Score": 0.6908155083656311,
                "Text": "bubblesort"
            },
            {
                "Score": 0.6908155083656311,
                "Text": "code"
            },
            {
                "Score": 0.7319470643997192,
                "Text": "bubblesort"
            },
            {
                "Score": 0.6736757755279541,
                "Text": "int"
            },
            {
                "Score": 0.6736757755279541,
                "Text": "array"
            },
            {
                "Score": 0.7803483605384827,
                "Text": "int"
            },
            {
                "Score": 0.7803483605384827,
                "Text": "length"
            },
            {
                "Score": 0.8073440194129944,
                "Text": "int"
            },
            {
                "Score": 0.967759370803833,
                "Text": "length"
            },
            {
                "Score": 0.717029869556427,
                "Text": "array"
            },
            {
                "Score": 0.717029869556427,
                "Text": "array"
            },
            {
                "Score": 0.630797803401947,
                "Text": "int"
            },
            {
                "Score": 0.630797803401947,
                "Text": "tmp"
            },
            {
                "Score": 0.630797803401947,
                "Text": "array"
            },
            {
                "Score": 0.47409629821777344,
                "Text": "array"
            },
            {
                "Score": 0.8488402366638184,
                "Text": "array"
            },
            {
                "Score": 0.46729007363319397,
                "Text": "array"
            },
            {
                "Score": 0.9518742561340332,
                "Text": "tmp"
            }
        ]
    },
    {
        "Week": 12,
        "Slide": 30,
        "KeyPhrases": [
            {
                "Score": 0.510974645614624,
                "Text": "quicksort"
            },
            {
                "Score": 0.8157927989959717,
                "Text": "bubblesort"
            },
            {
                "Score": 0.8157927989959717,
                "Text": "divide"
            },
            {
                "Score": 0.9927886724472046,
                "Text": "problem"
            },
            {
                "Score": 0.7923079133033752,
                "Text": "time"
            },
            {
                "Score": 0.9987488985061646,
                "Text": "array"
            },
            {
                "Score": 0.9817534685134888,
                "Text": "array"
            },
            {
                "Score": 0.9115890264511108,
                "Text": "array"
            },
            {
                "Score": 0.9968199133872986,
                "Text": "pivot"
            },
            {
                "Score": 0.9993268251419067,
                "Text": "element"
            },
            {
                "Score": 0.9628762602806091,
                "Text": "left"
            },
            {
                "Score": 0.999152660369873,
                "Text": "element"
            }
        ]
    },
    {
        "Week": 12,
        "Slide": 31,
        "KeyPhrases": [
            {
                "Score": 0.6723794937133789,
                "Text": "quicksort"
            },
            {
                "Score": 0.6723794937133789,
                "Text": "code"
            },
            {
                "Score": 0.6521269679069519,
                "Text": "quicksort"
            },
            {
                "Score": 0.6670502424240112,
                "Text": "int"
            },
            {
                "Score": 0.6670502424240112,
                "Text": "array"
            },
            {
                "Score": 0.789372980594635,
                "Text": "int"
            },
            {
                "Score": 0.789372980594635,
                "Text": "length"
            },
            {
                "Score": 0.8892534375190735,
                "Text": "array"
            },
            {
                "Score": 0.7104058265686035,
                "Text": "length"
            },
            {
                "Score": 0.6698912382125854,
                "Text": "int"
            },
            {
                "Score": 0.6698912382125854,
                "Text": "array"
            },
            {
                "Score": 0.8169093132019043,
                "Text": "return"
            },
            {
                "Score": 0.962282121181488,
                "Text": "partition"
            },
            {
                "Score": 0.9286900162696838,
                "Text": "array"
            },
            {
                "Score": 0.6780721545219421,
                "Text": "sort"
            },
            {
                "Score": 0.6780721545219421,
                "Text": "part"
            },
            {
                "Score": 0.481587678194046,
                "Text": "array"
            },
            {
                "Score": 0.9207359552383423,
                "Text": "array"
            },
            {
                "Score": 0.7707064151763916,
                "Text": "sort"
            },
            {
                "Score": 0.7707064151763916,
                "Text": "part"
            },
            {
                "Score": 0.4784263074398041,
                "Text": "array"
            },
            {
                "Score": 0.5754920840263367,
                "Text": "array"
            }
        ]
    },
    {
        "Week": 12,
        "Slide": 32,
        "KeyPhrases": [
            {
                "Score": 0.8167924880981445,
                "Text": "quicksort"
            },
            {
                "Score": 0.8167924880981445,
                "Text": "partition"
            },
            {
                "Score": 0.8167924880981445,
                "Text": "partition"
            },
            {
                "Score": 0.8167924880981445,
                "Text": "code"
            },
            {
                "Score": 0.8167924880981445,
                "Text": "int"
            },
            {
                "Score": 0.6141945719718933,
                "Text": "int"
            },
            {
                "Score": 0.6141945719718933,
                "Text": "array"
            },
            {
                "Score": 0.9114474654197693,
                "Text": "int"
            },
            {
                "Score": 0.9114474654197693,
                "Text": "pivotvalue"
            },
            {
                "Score": 0.8887615203857422,
                "Text": "array"
            },
            {
                "Score": 0.7263965010643005,
                "Text": "array"
            },
            {
                "Score": 0.7263965010643005,
                "Text": "pivotvalue"
            },
            {
                "Score": 0.8319389820098877,
                "Text": "array"
            },
            {
                "Score": 0.8319389820098877,
                "Text": "pivotvalue"
            },
            {
                "Score": 0.7948127388954163,
                "Text": "return"
            },
            {
                "Score": 0.6906603574752808,
                "Text": "int"
            },
            {
                "Score": 0.6906603574752808,
                "Text": "temp"
            },
            {
                "Score": 0.8633880615234375,
                "Text": "array"
            },
            {
                "Score": 0.4917360544204712,
                "Text": "array"
            },
            {
                "Score": 0.9039586782455444,
                "Text": "array"
            },
            {
                "Score": 0.4393203556537628,
                "Text": "array"
            },
            {
                "Score": 0.9851796627044678,
                "Text": "temp"
            },
            {
                "Score": 0.7248167991638184,
                "Text": "return"
            }
        ]
    }
]