[
{
    "Week": 12,
    "Slide": 0,
    "KeyPhrases": [
        {
            "BeginOffset": 15,
            "EndOffset": 24,
            "Score": 0.7755911946296692,
            "Text": "1511 18s1"
        }
    ],
    "ResponseMetadata": {
        "HTTPHeaders": {
            "content-length": "96",
            "content-type": "application/x-amz-json-1.1",
            "date": "Thu, 28 Mar 2019 12:49:44 GMT",
            "x-amzn-requestid": "f61b4e9c-5157-11e9-a1f4-5925745f18c1"
        },
        "HTTPStatusCode": 200,
        "RequestId": "f61b4e9c-5157-11e9-a1f4-5925745f18c1",
        "RetryAttempts": 0
    }
},
{
    "Week": 12,
    "Slide": 1,
    "KeyPhrases": [
        {
            "BeginOffset": 5,
            "EndOffset": 89,
            "Score": 0.8992835879325867,
            "Text": "5 8s\n\u2014 Lecture 20 \u2014 \nIllegal C + Memory\n\nAndrew Bennett \n<andrew.bennett@unsw.edu.au"
        }
    ],
    "ResponseMetadata": {
        "HTTPHeaders": {
            "content-length": "179",
            "content-type": "application/x-amz-json-1.1",
            "date": "Thu, 28 Mar 2019 12:49:44 GMT",
            "x-amzn-requestid": "f6ca7ace-5157-11e9-9ee0-d7b69e2c846a"
        },
        "HTTPStatusCode": 200,
        "RequestId": "f6ca7ace-5157-11e9-9ee0-d7b69e2c846a",
        "RetryAttempts": 0
    }
},
{
    "Week": 12,
    "Slide": 2,
    "KeyPhrases": [
        {
            "BeginOffset": 1,
            "EndOffset": 9,
            "Score": 0.533657431602478,
            "Text": "Overview"
        },
        {
            "BeginOffset": 16,
            "EndOffset": 28,
            "Score": 0.9970005750656128,
            "Text": "this lecture"
        },
        {
            "BeginOffset": 65,
            "EndOffset": 82,
            "Score": 0.991029679775238,
            "Text": "the memory layout"
        },
        {
            "BeginOffset": 86,
            "EndOffset": 97,
            "Score": 0.9945419430732727,
            "Text": "a C program"
        },
        {
            "BeginOffset": 118,
            "EndOffset": 143,
            "Score": 0.9985235929489136,
            "Text": "the security implications"
        },
        {
            "BeginOffset": 166,
            "EndOffset": 182,
            "Score": 0.9882249236106873,
            "Text": "an understanding"
        },
        {
            "BeginOffset": 189,
            "EndOffset": 198,
            "Score": 0.9476547241210938,
            "Text": "illegal C"
        },
        {
            "BeginOffset": 221,
            "EndOffset": 242,
            "Score": 0.9993258118629456,
            "Text": "basic vulnerabilities"
        },
        {
            "BeginOffset": 246,
            "EndOffset": 252,
            "Score": 0.994182288646698,
            "Text": "C code"
        },
        {
            "BeginOffset": 255,
            "EndOffset": 256,
            "Score": 0.623519241809845,
            "Text": "\u2026"
        },
        {
            "BeginOffset": 270,
            "EndOffset": 274,
            "Score": 0.5840709805488586,
            "Text": "note"
        },
        {
            "BeginOffset": 344,
            "EndOffset": 356,
            "Score": 0.9821451902389526,
            "Text": "this lecture"
        },
        {
            "BeginOffset": 367,
            "EndOffset": 379,
            "Score": 0.9942173361778259,
            "Text": "this lecture"
        },
        {
            "BeginOffset": 409,
            "EndOffset": 424,
            "Score": 0.9992502927780151,
            "Text": "the foundations"
        },
        {
            "BeginOffset": 445,
            "EndOffset": 457,
            "Score": 0.9974177479743958,
            "Text": "these skills"
        },
        {
            "BeginOffset": 469,
            "EndOffset": 480,
            "Score": 0.996127188205719,
            "Text": "programming"
        },
        {
            "BeginOffset": 499,
            "EndOffset": 517,
            "Score": 0.999396800994873,
            "Text": "any other language"
        },
        {
            "BeginOffset": 528,
            "EndOffset": 559,
            "Score": 0.9729824066162109,
            "Text": "consistent and regular practice"
        }
    ],
    "ResponseMetadata": {
        "HTTPHeaders": {
            "content-length": "1557",
            "content-type": "application/x-amz-json-1.1",
            "date": "Thu, 28 Mar 2019 12:49:46 GMT",
            "x-amzn-requestid": "f779cd3a-5157-11e9-b1f4-0d6fc4dbbbce"
        },
        "HTTPStatusCode": 200,
        "RequestId": "f779cd3a-5157-11e9-b1f4-0d6fc4dbbbce",
        "RetryAttempts": 0
    }
},
{
    "Week": 12,
    "Slide": 3,
    "KeyPhrases": [
        {
            "BeginOffset": 1,
            "EndOffset": 6,
            "Score": 0.8646005392074585,
            "Text": "Admin"
        },
        {
            "BeginOffset": 21,
            "EndOffset": 33,
            "Score": 0.800625741481781,
            "Text": "assignment 3"
        },
        {
            "BeginOffset": 45,
            "EndOffset": 52,
            "Score": 0.8553027510643005,
            "Text": "week 11"
        },
        {
            "BeginOffset": 52,
            "EndOffset": 63,
            "Score": 0.8945547938346863,
            "Text": "\u2019s tute/lab"
        },
        {
            "BeginOffset": 86,
            "EndOffset": 98,
            "Score": 0.7801234126091003,
            "Text": "week 11 \nlab"
        },
        {
            "BeginOffset": 103,
            "EndOffset": 124,
            "Score": 0.7023465633392334,
            "Text": "tonight \n\nweekly test"
        },
        {
            "BeginOffset": 129,
            "EndOffset": 135,
            "Score": 0.9555175304412842,
            "Text": "friday"
        },
        {
            "BeginOffset": 156,
            "EndOffset": 169,
            "Score": 0.9526966214179993,
            "Text": "help sessions"
        },
        {
            "BeginOffset": 176,
            "EndOffset": 190,
            "Score": 0.977651059627533,
            "Text": "course website"
        }
    ],
    "ResponseMetadata": {
        "HTTPHeaders": {
            "content-length": "765",
            "content-type": "application/x-amz-json-1.1",
            "date": "Thu, 28 Mar 2019 12:49:47 GMT",
            "x-amzn-requestid": "f8194178-5157-11e9-9bf3-7b40ac3c3f45"
        },
        "HTTPStatusCode": 200,
        "RequestId": "f8194178-5157-11e9-9bf3-7b40ac3c3f45",
        "RetryAttempts": 0
    }
},
{
    "Week": 12,
    "Slide": 4,
    "KeyPhrases": [
        {
            "BeginOffset": 1,
            "EndOffset": 10,
            "Score": 0.9067006707191467,
            "Text": "Questions"
        },
        {
            "BeginOffset": 66,
            "EndOffset": 106,
            "Score": 0.9193549752235413,
            "Text": "Moodle \n\nhttps://moodle.telt.unsw.edu.au"
        }
    ],
    "ResponseMetadata": {
        "HTTPHeaders": {
            "content-length": "209",
            "content-type": "application/x-amz-json-1.1",
            "date": "Thu, 28 Mar 2019 12:49:48 GMT",
            "x-amzn-requestid": "f8c89437-5157-11e9-a41b-5514da879d83"
        },
        "HTTPStatusCode": 200,
        "RequestId": "f8c89437-5157-11e9-a41b-5514da879d83",
        "RetryAttempts": 0
    }
},
{
    "Week": 12,
    "Slide": 5,
    "KeyPhrases": [
        {
            "BeginOffset": 4,
            "EndOffset": 11,
            "Score": 0.8034271001815796,
            "Text": "\u2019s talk"
        },
        {
            "BeginOffset": 19,
            "EndOffset": 25,
            "Score": 0.9722148180007935,
            "Text": "memory"
        }
    ],
    "ResponseMetadata": {
        "HTTPHeaders": {
            "content-length": "172",
            "content-type": "application/x-amz-json-1.1",
            "date": "Thu, 28 Mar 2019 12:49:49 GMT",
            "x-amzn-requestid": "f9783526-5157-11e9-a369-99e6fd3713b6"
        },
        "HTTPStatusCode": 200,
        "RequestId": "f9783526-5157-11e9-a369-99e6fd3713b6",
        "RetryAttempts": 0
    }
},
{
    "Week": 12,
    "Slide": 6,
    "KeyPhrases": [
        {
            "BeginOffset": 1,
            "EndOffset": 14,
            "Score": 0.9838034510612488,
            "Text": "Memory Layout"
        },
        {
            "BeginOffset": 44,
            "EndOffset": 49,
            "Score": 0.9784592390060425,
            "Text": "a bit"
        },
        {
            "BeginOffset": 76,
            "EndOffset": 82,
            "Score": 0.9974806904792786,
            "Text": "memory"
        },
        {
            "BeginOffset": 95,
            "EndOffset": 104,
            "Score": 0.9953212738037109,
            "Text": "your code"
        },
        {
            "BeginOffset": 109,
            "EndOffset": 116,
            "Score": 0.944519579410553,
            "Text": "diagram"
        },
        {
            "BeginOffset": 118,
            "EndOffset": 131,
            "Score": 0.7202168703079224,
            "Text": "week 6 slides"
        }
    ],
    "ResponseMetadata": {
        "HTTPHeaders": {
            "content-length": "498",
            "content-type": "application/x-amz-json-1.1",
            "date": "Thu, 28 Mar 2019 12:49:50 GMT",
            "x-amzn-requestid": "fa276112-5157-11e9-9bf3-7b40ac3c3f45"
        },
        "HTTPStatusCode": 200,
        "RequestId": "fa276112-5157-11e9-9bf3-7b40ac3c3f45",
        "RetryAttempts": 0
    }
},
{
    "Week": 12,
    "Slide": 7,
    "KeyPhrases": [
        {
            "BeginOffset": 1,
            "EndOffset": 17,
            "Score": 0.8047705888748169,
            "Text": "Some Terminology"
        },
        {
            "BeginOffset": 25,
            "EndOffset": 46,
            "Score": 0.7823474407196045,
            "Text": "function memory\n\nheap"
        },
        {
            "BeginOffset": 48,
            "EndOffset": 62,
            "Score": 0.9824873805046082,
            "Text": "dynamic memory"
        },
        {
            "BeginOffset": 64,
            "EndOffset": 68,
            "Score": 0.9316866397857666,
            "Text": "e.g."
        },
        {
            "BeginOffset": 74,
            "EndOffset": 80,
            "Score": 0.9915565252304077,
            "Text": "malloc"
        }
    ],
    "ResponseMetadata": {
        "HTTPHeaders": {
            "content-length": "433",
            "content-type": "application/x-amz-json-1.1",
            "date": "Thu, 28 Mar 2019 12:49:51 GMT",
            "x-amzn-requestid": "fad6b41d-5157-11e9-a1f4-5925745f18c1"
        },
        "HTTPStatusCode": 200,
        "RequestId": "fad6b41d-5157-11e9-a1f4-5925745f18c1",
        "RetryAttempts": 0
    }
},
{
    "Week": 12,
    "Slide": 8,
    "KeyPhrases": [
        {
            "BeginOffset": 1,
            "EndOffset": 13,
            "Score": 0.9212443232536316,
            "Text": "Stack Frames"
        },
        {
            "BeginOffset": 14,
            "EndOffset": 28,
            "Score": 0.9963536262512207,
            "Text": "every function"
        },
        {
            "BeginOffset": 33,
            "EndOffset": 47,
            "Score": 0.9991241097450256,
            "Text": "its own memory"
        },
        {
            "BeginOffset": 62,
            "EndOffset": 78,
            "Score": 0.9131522178649902,
            "Text": "a stack frame\n\n\u2026"
        },
        {
            "BeginOffset": 97,
            "EndOffset": 116,
            "Score": 0.9973194003105164,
            "Text": "the local variables"
        },
        {
            "BeginOffset": 132,
            "EndOffset": 159,
            "Score": 0.9910036325454712,
            "Text": "other necessary information"
        },
        {
            "BeginOffset": 168,
            "EndOffset": 183,
            "Score": 0.9306379556655884,
            "Text": "the stack frame"
        },
        {
            "BeginOffset": 214,
            "EndOffset": 222,
            "Score": 0.9997137784957886,
            "Text": "the code"
        },
        {
            "BeginOffset": 228,
            "EndOffset": 241,
            "Score": 0.937389612197876,
            "Text": "this function"
        },
        {
            "BeginOffset": 252,
            "EndOffset": 270,
            "Score": 0.931779146194458,
            "Text": "the return address"
        }
    ],
    "ResponseMetadata": {
        "HTTPHeaders": {
            "content-length": "894",
            "content-type": "application/x-amz-json-1.1",
            "date": "Thu, 28 Mar 2019 12:49:53 GMT",
            "x-amzn-requestid": "fb85b8a1-5157-11e9-88a1-7f24626c0794"
        },
        "HTTPStatusCode": 200,
        "RequestId": "fb85b8a1-5157-11e9-88a1-7f24626c0794",
        "RetryAttempts": 0
    }
},
{
    "Week": 12,
    "Slide": 9,
    "KeyPhrases": [
        {
            "BeginOffset": 1,
            "EndOffset": 13,
            "Score": 0.7877116799354553,
            "Text": "Implications"
        }
    ],
    "ResponseMetadata": {
        "HTTPHeaders": {
            "content-length": "98",
            "content-type": "application/x-amz-json-1.1",
            "date": "Thu, 28 Mar 2019 12:49:53 GMT",
            "x-amzn-requestid": "fc25057a-5157-11e9-9ee0-d7b69e2c846a"
        },
        "HTTPStatusCode": 200,
        "RequestId": "fc25057a-5157-11e9-9ee0-d7b69e2c846a",
        "RetryAttempts": 0
    }
},
{
    "Week": 12,
    "Slide": 10,
    "KeyPhrases": [
        {
            "BeginOffset": 1,
            "EndOffset": 21,
            "Score": 0.8297544121742249,
            "Text": "Illegal Array Access"
        },
        {
            "BeginOffset": 23,
            "EndOffset": 27,
            "Score": 0.975522518157959,
            "Text": "demo"
        },
        {
            "BeginOffset": 29,
            "EndOffset": 51,
            "Score": 0.964957058429718,
            "Text": "interactive array tool"
        }
    ],
    "ResponseMetadata": {
        "HTTPHeaders": {
            "content-length": "272",
            "content-type": "application/x-amz-json-1.1",
            "date": "Thu, 28 Mar 2019 12:49:54 GMT",
            "x-amzn-requestid": "fcac5df1-5157-11e9-9ee0-d7b69e2c846a"
        },
        "HTTPStatusCode": 200,
        "RequestId": "fcac5df1-5157-11e9-9ee0-d7b69e2c846a",
        "RetryAttempts": 0
    }
},
{
    "Week": 12,
    "Slide": 11,
    "KeyPhrases": [
        {
            "BeginOffset": 19,
            "EndOffset": 26,
            "Score": 0.7831848859786987,
            "Text": "better\u2026"
        },
        {
            "BeginOffset": 28,
            "EndOffset": 32,
            "Score": 0.9600880742073059,
            "Text": "demo"
        },
        {
            "BeginOffset": 42,
            "EndOffset": 48,
            "Score": 0.9885662198066711,
            "Text": "a calc"
        }
    ],
    "ResponseMetadata": {
        "HTTPHeaders": {
            "content-length": "248",
            "content-type": "application/x-amz-json-1.1",
            "date": "Thu, 28 Mar 2019 12:49:56 GMT",
            "x-amzn-requestid": "fd443128-5157-11e9-ad04-91cf7a3e7941"
        },
        "HTTPStatusCode": 200,
        "RequestId": "fd443128-5157-11e9-ad04-91cf7a3e7941",
        "RetryAttempts": 0
    }
},
{
    "Week": 12,
    "Slide": 12,
    "KeyPhrases": [
        {
            "BeginOffset": 10,
            "EndOffset": 19,
            "Score": 0.9866824150085449,
            "Text": "The Stack"
        },
        {
            "BeginOffset": 24,
            "EndOffset": 47,
            "Score": 0.8398811221122742,
            "Text": "Fun And Profit\nSmashing"
        },
        {
            "BeginOffset": 48,
            "EndOffset": 57,
            "Score": 0.9645875096321106,
            "Text": "The Stack"
        }
    ],
    "ResponseMetadata": {
        "HTTPHeaders": {
            "content-length": "271",
            "content-type": "application/x-amz-json-1.1",
            "date": "Thu, 28 Mar 2019 12:49:57 GMT",
            "x-amzn-requestid": "fdf3845e-5157-11e9-ad77-439f6b464df0"
        },
        "HTTPStatusCode": 200,
        "RequestId": "fdf3845e-5157-11e9-ad77-439f6b464df0",
        "RetryAttempts": 0
    }
},
{
    "Week": 12,
    "Slide": 13,
    "KeyPhrases": [
        {
            "BeginOffset": 10,
            "EndOffset": 21,
            "Score": 0.7558472752571106,
            "Text": "farnarkling"
        }
    ],
    "ResponseMetadata": {
        "HTTPHeaders": {
            "content-length": "98",
            "content-type": "application/x-amz-json-1.1",
            "date": "Thu, 28 Mar 2019 12:49:58 GMT",
            "x-amzn-requestid": "fea2af76-5157-11e9-9bf3-7b40ac3c3f45"
        },
        "HTTPStatusCode": 200,
        "RequestId": "fea2af76-5157-11e9-9bf3-7b40ac3c3f45",
        "RetryAttempts": 0
    }
},
{
    "Week": 12,
    "Slide": 14,
    "KeyPhrases": [
        {
            "BeginOffset": 1,
            "EndOffset": 29,
            "Score": 0.8609412908554077,
            "Text": "The Farnarkle AI Leaderboard"
        },
        {
            "BeginOffset": 36,
            "EndOffset": 47,
            "Score": 0.6741073131561279,
            "Text": "backup link"
        }
    ],
    "ResponseMetadata": {
        "HTTPHeaders": {
            "content-length": "196",
            "content-type": "application/x-amz-json-1.1",
            "date": "Thu, 28 Mar 2019 12:49:59 GMT",
            "x-amzn-requestid": "ff520330-5157-11e9-ad77-439f6b464df0"
        },
        "HTTPStatusCode": 200,
        "RequestId": "ff520330-5157-11e9-ad77-439f6b464df0",
        "RetryAttempts": 0
    }
},
{
    "Week": 12,
    "Slide": 15,
    "KeyPhrases": [],
    "ResponseMetadata": {
        "HTTPHeaders": {
            "content-length": "17",
            "content-type": "application/x-amz-json-1.1",
            "date": "Thu, 28 Mar 2019 12:50:00 GMT",
            "x-amzn-requestid": "0001560a-5158-11e9-ad77-439f6b464df0"
        },
        "HTTPStatusCode": 200,
        "RequestId": "0001560a-5158-11e9-ad77-439f6b464df0",
        "RetryAttempts": 0
    }
},
{
    "Week": 12,
    "Slide": 16,
    "KeyPhrases": [],
    "ResponseMetadata": {
        "HTTPHeaders": {
            "content-length": "17",
            "content-type": "application/x-amz-json-1.1",
            "date": "Thu, 28 Mar 2019 12:50:01 GMT",
            "x-amzn-requestid": "00b0a8a9-5158-11e9-b7b4-8f0a6db039e5"
        },
        "HTTPStatusCode": 200,
        "RequestId": "00b0a8a9-5158-11e9-b7b4-8f0a6db039e5",
        "RetryAttempts": 0
    }
},
{
    "Week": 12,
    "Slide": 17,
    "KeyPhrases": [],
    "ResponseMetadata": {
        "HTTPHeaders": {
            "content-length": "17",
            "content-type": "application/x-amz-json-1.1",
            "date": "Thu, 28 Mar 2019 12:50:03 GMT",
            "x-amzn-requestid": "016021dc-5158-11e9-adf9-192c939d7e83"
        },
        "HTTPStatusCode": 200,
        "RequestId": "016021dc-5158-11e9-adf9-192c939d7e83",
        "RetryAttempts": 0
    }
},
{
    "Week": 12,
    "Slide": 18,
    "KeyPhrases": [
        {
            "BeginOffset": 9,
            "EndOffset": 13,
            "Score": 0.914620578289032,
            "Text": "demo"
        },
        {
            "BeginOffset": 15,
            "EndOffset": 22,
            "Score": 0.9497461318969727,
            "Text": "andrewb"
        },
        {
            "BeginOffset": 22,
            "EndOffset": 37,
            "Score": 0.9708973169326782,
            "Text": "\u2019s farnarkle AI"
        }
    ],
    "ResponseMetadata": {
        "HTTPHeaders": {
            "content-length": "255",
            "content-type": "application/x-amz-json-1.1",
            "date": "Thu, 28 Mar 2019 12:50:04 GMT",
            "x-amzn-requestid": "01ff4875-5158-11e9-9ee0-d7b69e2c846a"
        },
        "HTTPStatusCode": 200,
        "RequestId": "01ff4875-5158-11e9-9ee0-d7b69e2c846a",
        "RetryAttempts": 0
    }
},
{
    "Week": 12,
    "Slide": 19,
    "KeyPhrases": [
        {
            "BeginOffset": 8,
            "EndOffset": 13,
            "Score": 0.7579039335250854,
            "Text": "links"
        },
        {
            "BeginOffset": 17,
            "EndOffset": 46,
            "Score": 0.9716699123382568,
            "Text": "terminal output \n\nexplanation"
        },
        {
            "BeginOffset": 49,
            "EndOffset": 53,
            "Score": 0.9827648997306824,
            "Text": "demo"
        },
        {
            "BeginOffset": 55,
            "EndOffset": 62,
            "Score": 0.949682891368866,
            "Text": "andrewb"
        },
        {
            "BeginOffset": 62,
            "EndOffset": 77,
            "Score": 0.9801558256149292,
            "Text": "\u2019s farnarkle AI"
        }
    ],
    "ResponseMetadata": {
        "HTTPHeaders": {
            "content-length": "433",
            "content-type": "application/x-amz-json-1.1",
            "date": "Thu, 28 Mar 2019 12:50:04 GMT",
            "x-amzn-requestid": "02ae9bbe-5158-11e9-a9c1-9d8813a6657d"
        },
        "HTTPStatusCode": 200,
        "RequestId": "02ae9bbe-5158-11e9-a9c1-9d8813a6657d",
        "RetryAttempts": 0
    }
}
]