{"Slide-1": "", "Slide22": "Getting Started\nBefore the end of this week, you should:\n\ndo Lab 1.\n\nbe able to write a ‘hello world’ program \nfrom your CSE account at uni, and\n\nbe able to write the ‘hello world’ program \nfrom your home computer.", "Slide23": "The CSE Labs\nCSE has lab computers…\n\nunlike other workstations at UNSW, \nthese don’t run Windows; \n\nthey run Linux, which is very different\n\nthe easiest way to use these \n(if you’re not in a lab) \n\nis using VLAB\n\nuse your zID and zPass to log in \nif you don’t have a zID/zPass, \n\nyou should fix that asap!", "Slide20": "Resources\noptional textbook: Alistair Moffat \n\nPrograming, Problem Solving, and Abstraction with C \n(Pearson Educational, 2003; ISBN 978 1 74103 080 3)\n\nGoogle is your friend, \nas is Stack Overflow, \n\nespecially when debugging compile errors", "Slide21": "Getting Help\nread the course forum \n\nask your questions there, if they’re not answered\n\nask one of your COMP1511 peers\n\nask your tutor! (they are all very friendly :-)\n\ntalk to me after lectures", "Slide26": "Hello World\n// Prints out a friendly message. \n// Andrew Bennett <andrew.bennett@unsw.edu.au> \n// 2018-02-27 \n \n#include <stdio.h> \n \nint main (void) { \n \n \n \n \n    return 0; \n}", "Slide27": "Hello World\n// Prints out a friendly message. \n// Andrew Bennett <andrew.bennett@unsw.edu.au> \n// 2018-02-27 \n \n#include <stdio.h> \n \nint main (void) { \n \n    // Print out the famous 'hello world' message. \n    printf (\"Hello, world!\\n\"); \n \n    return 0; \n}", "Slide24": "It’s All Text!\nwe write programs in a text editor \n\nvery different to (e.g.) Word or Pages\n\nwe’ll be programming in C \nwhich has well-defined rules for how the language works, \n\nwhich means we can use this to describe \nsomething that can be turned into a program \n\nthat the computer can run", "Slide25": "let’s try it!", "Slide28": "Navigating on Unix\npwd shows where you currently are\n\n$ pwd \n/import/ravel/2/andrewb\n\nls lists the items in the current directory\n\n$ ls \n18s1    bin     lib     public_html     tmp     web\n\nmkdir makes a new directory\n\n$ mkdir cs1511 \n$ ls \n18s1    bin     cs1511  lib     public_html     tmp     web", "Slide29": "Navigating on Unix\ncd changes directory\n\n$ cd cs1511 \n$ pwd \n/import/ravel/2/andrewb/cs1511 \n$ ls \n$ \n\ncd .. changes into the previous directory\n\n$ cd .. \n$ pwd \n/import/ravel/2/andrewb", "Slide19": "How to do well in this course\npractice consistently across the entire course\n\nprepare for all tutorials and labs \nby attempting the questions before your class.\n\nattend all tutorials and labs. \nask questions. \n\nuse your resources.\n\nmake a list of each compile error you get, \nand how you fixed it. \n\n(they will come back to haunt you repeatedly… this will be invaluable.)", "Slide18": "More information?\ncourse material lives on WebCMS3 \n\nwebcms3.cse.unsw.edu.au/COMP1511/18s1\n\n* * *\n\nplease read the course outline!\n\nhttps://webcms3.cse.unsw.edu.au/COMP1511/18s1/", "Slide13": "Assessment\nassignment 0 \n\nworth 6%, due week ~5\n\nassignment 1 \nworth 12%, due week ~9\n\nassignment 2 \nworth 12%, due week ~12\n\nweekly coding tests \nbest 8 of 10, worth 8% total, weeks 3-12\n\nlab exercises \ngroups, worth 12% total, due weekly\n\nfinal exam \n3h theory+practical exam, worth 50%, during the exam period", "Slide12": "How?\nLectures \n\nintroduce theory and practice of programming\n\nTutorials and Laboratories \nreinforce ideas and concepts with hands-on examples\n\nAssignments \nassess understanding of C, problem-solving skills\n\nWeekly Coding Tests \nregular and realistic feedback of your understanding of course content\n\nFinal Exam \na 3-hour theory and practical extravaganza, in CSE laboratories", "Slide11": "Should I take COMP1511?", "Slide10": "Three types of students\nred\n\nyellow\n\ngreen", "Slide17": "Conduct and Integrity\ntreat people with courtesy and respect \n\n… we are all humans …\n\n* * *\n\npretending someone else’s work is yours is not okay.\n\nCSE is a bit different to other places… \nwe don’t care how you reference, \nwe just care that you reference\n\nimportant: read the course outline!", "Slide16": "Course Evaluation and Development\nassessed with myExperience and the Sturep Survey\n\n* * *\n\ninformal feedback during the semester is very welcome!\n\nlet us know of any problems as soon as they arise \nwe can’t fix problems we don’t know about", "Slide15": "Course Forum\nask anything about the course / computing\n\nreceive answers from your tutors and classmates\n\nlink is on course website, or here: https://edstem.org/courses/1950/\n\nhttps://edstem.org/courses/1950/", "Slide14": "Communications\nofficial communications from the course \nwill come to your UNSW email address \n\nmake sure you can receive emails!\n\nif you set up email forwarding, test it!\n\nwhen you send emails, \nsend them from your UNSW email address \n\nand include your zID… \ndon’t email from personal email addresses!\n\nto get in touch with the course urgently \nemail <cs1511@cse.unsw.edu.au>", "Slide3": "what is programming?", "Slide2": "the bigger picture…", "Slide1": "— Lecture 0 — \nHello, World!\n\nAndrew Bennett \n<andrew.bennett@unsw.edu.au>\n\ncourse introduction \nthe big picture \n\nmany sights to C", "Slide0": "Welcome!\nCOMP1511 18s1 \n\nProgramming Fundamentals", "Slide7": "It can be tricky at first\ncode won’t compile\n\nnot sure what’s going on\n\neasy to lose track of what you’re trying to do\n\nis “it works” good enough?", "Slide6": "What?\nthis is a course where you will…\n\nlearn to program\n\nbecome a confident programmer\n\nwrite code you’re proud of\n\ndiscover the joys of programming", "Slide5": "why is programming awesome?", "Slide4": "doesn’t have to be in a language like C…\nhttps://www.youtube.com/watch?v=FN2RM-CHkuI", "Slide9": "Who’s learning?\n…\n\nYou!", "Slide8": "Who’s teaching?\n3x lecturers: \n\nMr Andrew Bennett \n(that’s me!)\n\nDr Andrew Taylor\n\nDr John ‘jas’ Shepherd\n\ncourse convenor: \nDr Andrew Taylor\n\ncourse administrator: \nMei Cheng Whale\n\ntutors + lab assistants: \ntoo many to list!"}