{"Slide-1": "", "Slide22": "Printing Variables Out\nNo variables:\n\nprintf (\"Hello World\\n\");\n\nA single variable:\n\nint num = 5; \nprintf (\"num is %d\\n\", num);", "Slide23": "Printing Variables Out\nMore than one variable:\n\nint num1 = 5; \nint num2 = 17; \nprintf(\"num1 is %d and num2 is %d\\n\", num1, num2);\n\nThe order of arguments \nis the order they will appear:\n\nint num1 = 5; \nint num2 = 17; \nprintf (\"num2 is %d and num1 is %d\\n\", num2, num1);", "Slide20": "Variables\nwe can also declare and initialise in the same step:\n\nint num = 5; // Declare and Initialise \n... \nnum = 27; // Assign", "Slide21": "Variable Naming (and other identifiers)\nmust be made up of letters, digits and underscores ( _ ) \n\nthe first character must be a letter \nare case sensitive ( num1  and Num1  are different)\n\nKeywords like \nif , while , do , int  \n\ncannot be used as identifiers", "Slide26": "Reading Variables In\nMultiple variables (space separated):\n\nint num1 = 0; \nint num2 = 0; \nscanf (\"%d %d\", &num1, &num2); \nprintf (\"num1 = %d and num2 = %d\\n\", num1, num2);\n\nMultiple variables (comma separated):\n\nint num1 = 0; \nint num2 = 0; \nscanf (\"%d, %d\", &num1, &num2); \nprintf (\"num1 = %d and num2 = %d\\n\", num1, num2);\n\nNote the space or comma between the variables.", "Slide27": "making decisions\ndifferent behaviour in different situations", "Slide24": "printf ’s placeholders\nint uses %d  ", "Slide25": "Numbers in: scanf\nint num = 0; \nscanf (\"%d\", &num); \nprintf (\"num = %d\\n\", num);\n\nNote that the variable is still initialised. \n(Not necessary, but good practice.)\n\nNote the & before the variable name. \nDon’t forget it!", "Slide28": "Driving, Take 1\nWrite a program which asks the user to enter their age.\n\nIf they are at least 16 years old, \nthen, display “You can drive.”\n\nThen, whether or not they can drive, \ndisplay “Have a nice day.”", "Slide29": "Driving, Take 1\nWrite a program which asks the user to enter their age.\n\nIf they are at least 16 years old, \nthen, display “You can drive.”\n\nThen, whether or not they can drive, \ndisplay “Have a nice day.”", "Slide31": "// Can a user drive? \n// Andrew Bennett <andrew.bennett@unsw.edu.au> \n// 2017-07-31 \n \n#include <stdio.h> \n#include <stdlib.h> \n \nint main (int argc, char *argv[]) { \n    printf (\"How old are you? \"); \n    int age = 0; \n    if (age >= 16) { \n        printf (\"You can drive.\\n\"); \n    } \n \n    printf (\"Have a nice day.\\n\"); \n \n    return EXIT_SUCCESS; \n}", "Slide30": "Driving, Take 1: Step by Step\n… Print “How old are you?” \n\n… Read in their age. \n… If their age is ≥ 16: print “You can drive”. \n\n… Print “Have a nice day.”", "Slide19": "Variables\ndeclare \n\nthe first time a variable is mentioned, \nwe need to specify its type.\n\ninitialise \nbefore using a variable we need to assign it a value.\n\nassign \nto give a variable a value.\n\nint num; // Declare \nnum = 5; // Initialise (also Assign) \n... \nnum = 27; // Assign", "Slide18": "Variables and Types\nVariables are used to store data… \n\nthink “boxes”\n\nEach variable has a data type… \nthis is the size and structure of the “box”\n\nFor the next few weeks, we’ll only use two data types:\n\nint stores whole numbers: \n2 , 17 , -5\n\nfloat stores “floating-point” numbers: \n3.14159 , 2.71828\n\nwe’ll look at other types in future weeks. can you think of any other types that would be useful?", "Slide13": "Printing more than just words\nCan we print more than just words?\n\n… \nYes!\n\nprintf \nthe f stands for “formatted”", "Slide12": "Printing more than just words\nCan we print more than just words?", "Slide11": "(re-)introducing: printf\nprintf (\"hello world!\\n\")\n\nprints the text \n\n\"hello world!\"  \nto the terminal", "Slide10": "The overall process", "Slide17": "Introducing \nvariables!", "Slide16": "we can change the numbers \nto add different values together \n\nand print them out!\n\nbut that’s boring if it can’t be dynamic, \nand it sucks to do it by hand.", "Slide15": "// Prints out the sum of two numbers. \n// Andrew Bennett <andrew.bennett@unsw.edu.au> \n// 2018-02-28 \n \n#include <stdio.h> \n \nint main (void) { \n    // Sum two numbers, and print them out. \n    printf (\"The sum of 3 and 5 is %d\\n\", 3 + 5); \n \n    return 0; \n}", "Slide14": "Let’s try it out!", "Slide3": "Getting Help\npost on the course forum \n\nI (or others) will answer so everyone can see\n\ntalk to me after the lecture\n\ntalk to your tutor\n\nhelp labs\n\nadmin: \n\ncs1511@cse.unsw.edu.au\n\nif it needs to go to me directly: \n\nandrew.bennett@unsw.edu.au", "Slide2": "Admin\ntutorials and laboratories start in week 1 \n\n(some of you have already had tutes and labs)\n\nlecture recordings are on WebCMS 3\n\nmake sure you have home computing set up", "Slide1": " \n\nBefore we begin…\n \n\nintroduce yourself to the person sitting next to you\n\n \n\nwhy did they decide to study computing?", "Slide0": "COMP5 8s \n— Lecture 1 — \n\nNumbers In, Numbers Out\nAndrew Bennett \n\n<andrew.bennett@unsw.edu.au>\n\nmore printf \nvariables \n\nscanf", "Slide7": "Writing a Program\nto create a C program from the terminal, \n\nopen a text editor like gedit\n\n$ gedit hello.c &\n\nonce the code is written and saved… \ncompile it with dcc!\n\n$ dcc -o hello hello.c", "Slide6": "Navigating on Unix\ncd changes directory\n\n$ cd cs1511 \n$ pwd \n/import/ravel/2/andrewb/cs1511 \n$ ls \n$ \n\ncd .. changes into the previous directory\n\n$ cd .. \n$ pwd \n/import/ravel/2/andrewb", "Slide5": "Navigating on Unix\npwd shows where you currently are\n\n$ pwd \n/import/ravel/2/andrewb\n\nls lists the items in the current directory\n\n$ ls \n18s1    bin     lib     public_html     tmp     web\n\nmkdir makes a new directory\n\n$ mkdir cs1511 \n$ ls \n18s1    bin     cs1511  lib     public_html     tmp     web", "Slide4": "Hello World\n// Prints out a friendly message. \n// Andrew Bennett <andrew.bennett@unsw.edu.au> \n// 2018-02-27 \n \n#include <stdio.h> \n \nint main (void) { \n \n    // Print out the famous 'hello world' message. \n    printf (\"Hello, world!\\n\"); \n \n    return 0; \n}", "Slide9": "Compiling\nremember: we write C programs for humans to read.\n\na C program must be translated into machine code to be run.\n\nthis process is known as compilation, \nand is performed by a compiler.\n\nwe will use a compiler named dcc for COMP1511 \ndcc is actually a custom wrapper around a compiler named clang.\n\nanother widely used compiler is called gcc.", "Slide8": "Programming is a construction exercise\nthink about the problem\n\nwrite down a proposed solution\n\nbreak each step into smaller steps\n\nconvert the basic steps into instructions in the programming language\n\nuse an editor to create a file that contains the program\n\nuse the compiler to check the syntax of the program\n\ntest the program on a range of data"}