{"Slide-1": "", "Slide22": "\fSlide:\nMemory Mapped I/O \n\n⚫ The entire memory address space is divided \n\ninto memory space and I/O space.\n\nMemory \n\nI/O\n\n23", "Slide23": "\fSlide:\nAVR Memory Mapped I/O\n\n⚫ In AVR, 480 I/O \n\nregisters are mapped \ninto memory space \n0x0020 ~ 0x01FF\n⚫ 1 byte each\n\n⚫ With such memory \n\naddresses, accesses \nto the I/O registers \nuse memory access \ntype of instructions. \n\n24", "Slide20": "\fSlide:\nComplete I/O Interface (cont.)\n\n⚫ READ and WRITE control  the enable (E).\n\n⚫ The three-state enables and the latch clock \n\nsignals are not asserted until the correct \naddress is on the address bus AND the \ncorrect time in the read or write cycle has \narrived. \n\n21", "Slide21": "\fSlide:\nI/O Addressing\n\n⚫ If the same address bus is used for both \n\nmemory and I/O, how does hardware \ndistinguish between memory reads/writes \nand I/O reads/writes?\n⚫ Two approaches:\n\n⚫ Memory-mapped I/O.\n\n⚫ Separate I/O.\n\n⚫ AVR supports both.\n\n22", "Slide26": "\fSlide:\nSeparate I/O\n\n⚫ Two separate spaces for memory and I/O.\n⚫ Less expensive address decoders than those \n\nneeded for memory-mapped I/O (Why?)\n\n⚫ Additional control signal, called IO/M, is \n\nrequired to prevent both memory and I/O \ntrying to place data on the bus \nsimultaneously. \n⚫ IO/M is high for I/O use and low for memory use. \n\n⚫ Special I/O instructions are required. \n\n27", "Slide27": "\fSlide:\nI/O Interface for Separate I/O \n\nData Bus\n\nReduced \n\nAddress Bus\n\nADR_OK\n\nDecoder\n\nIO_READ\n\nInformation Source -\n\nmemory\n\nREAD\n\nIO/M\n\nInformation Source –\n\ninput device\n\n28", "Slide24": "\fSlide:\nMemory Mapped I/O (cont.) \n\n⚫ Advantages:\n\n⚫ Simpler CPU design.\n\n⚫ No special instructions for I/O accesses.\n\n⚫ Disadvantages:\n\n⚫ I/O devices reduce the amount of memory space \n\navailable for application programs.\n\n⚫ The address decoder needs to decode the full \n\naddress bus to avoid conflict with memory \naddresses.\n\n25", "Slide25": "\fSlide:\nI/O Interface for Memory-\nMapped I/O\n\nADR_OK\n\nAddress \n\nBus\n\nto memory\n\nData Bus\n\nADR_OK\n\nDecoder\n\nto input devices\n\nInformation \nDestination\n\nD Q\n\nCL\n\nADR_OK\n\nInformation \n\nSource\n\nto output devices\n\nREAD\n\nWRITE\n\n26", "Slide60": "\fSlide:\nHomework\n\n1. Refer to the AVR Instruction Set manual, \n\nstudy the following instructions:\n\n•\n\n•\n\n⚫\n\n⚫\n\nArithmetic and logic instructions\n\nser\n\nData transfer instructions\n\nin, out\n\n⚫ Bit operations\n\n⚫\n\nsbi, cbi\n\n⚫ Program control instructions\n\n⚫\n\nsbic, sbis\n\n⚫ MCU control instructions\n\n⚫\n\nnop\n\n61", "Slide28": "\fSlide:\nSeparate I/O (cont.) \n\n⚫ In AVR, the first 64 I/O registers can also be \naddressed with separate addresses 0x00 ~ \n0x3F\n⚫ 1 byte each\n\n⚫ With such separate addresses, the I/O \n\nregisters are accessed using I/O specific \ninstructions. \n⚫ E.g. in and out\n\n29", "Slide29": "\fSlide:\nI/O Synchronization\n\n⚫ CPU is typically much faster than I/O devices.\n\n⚫ Therefore, synchronization between CPU and \n\nI/O devices is required.\n\n⚫ Two synchronization approaches:\n\n⚫ Software synchronization.\n\n⚫ Hardware synchronization.\n\n30", "Slide44": "\fSlide:\nSample code for input\n\n.include “m2560def.inc”\n\nclr\nout \n\nr15\nDDRA, r15\n\n; set Port A for input operation\n\nin \ncpi \nbreq \n...\n\nr25, PINA\nr25, 4\nexit \n\n; read Port A\n; compare read value with constant\n; branch if r25=4\n\nexit:  nop \n\n; branch destination (do nothing)\n\n45", "Slide45": "\fSlide:\nExample 1\n\n⚫ Design a simple control system that can \n\ncontrol a set of LEDs to display a fixed \npattern. \n\n46", "Slide46": "\fSlide:\nLED and its operation\n\n47", "Slide47": "\fSlide:\nExample 1 (solution)\n\n⚫ Consists of a number of steps:\n\n⚫ Set a port for the output operation, each pin of the ports is \n\nconnected to one LED\n\n⚫ Write the pattern value to the port so that it drives the LEDs \n\nto display the related pattern.\n\n.include “m2560def.inc”\n\nser r16\nout DDRA, r16\n\nldi r16, 0xAA\nout PORTA, r16\n\nend:\n\nrjmp end\n\n; set Port A for output\n\n; write the pattern \n\n48", "Slide40": "\fSlide:\nOne-bit port circuitry\n\nSource: Atmega2560 Data Sheet\n\n41", "Slide41": "\fSlide:\nHow does it work?\n\n⚫ Each port pin consists of three register bits\n\n⚫ DDxn, PORTxn, and PINxn. \n\n⚫ DDxn bits are accessed at the DDRx I/O address,\n\n⚫ PORTxn bits at the PORTx I/O address\n\n⚫ PINxn bits at the PINx I/O address.\n\n⚫ The DDxn bit in the DDRx Register selects \n\nthe direction of this pin. \n⚫ If DDxn is written logic one, Pxn is configured as \nan output pin. If DDxn is written logic zero, Pxn is \nconfigured as an input pin.\n\n42", "Slide42": "\fSlide:\nHow does it work? (cont.)\n\n⚫ When the pin is configured as an input pin,  \n\nthe pull-up resistor can be \nactivated/deactivated.\n\n⚫ To active pull-up resistor for input pin,  \nPORTxn needs to be written logic one. \n\n43", "Slide43": "\fSlide:\nSample code for output\n\n.include “m2560def.inc”\n\nclr \nser \nout \n\nout \nnop \nout \n\nr16 \nr17 \nDDRA, r17\n\n; clear r16\n; set r17\n; set Port A for output operation\n\nPORTA, r16 \n\nPORTA, r17 \n\n; write zeros to Port A\n; wait (do nothing)\n; write ones to Port A\n\n44", "Slide48": "\fSlide:\nExample 2\n\n⚫ Design a simple control system that can \n\ncontrol a set of LEDs to display a fixed \npattern for one second then turn the LEDs \noff.\n\n49", "Slide49": "\fSlide:\nExample 2 (solution)\n\n⚫ Consists of a number of steps:\n\n⚫ Set a port for the output operation, each pin of the \n\nports is connected to one LED\n\n⚫ Write the pattern value to the port so that it drives \n\nthe display of LEDs\n\n⚫ Count one second\n\n⚫ Write a pattern to set all LEDs off.\n\n50", "Slide58": "\fSlide:\nCode for Example 4\n⚫ Set an extra input bit for signal from user when \n\nthe input is ready.\n\n.include “m2560def.inc”\n\ncbi DDRB, 0\n\n; clear Port B bit 0 for input\n\nwaiting: sbis PINB, 0\nrjmp waiting\n\n; if yes skip to the next instruction\n; waiting\n\nclr r17\nout DDRC, r17\nser r17\nout PORTC, r17\nin r17, PINC\n\nser r16\nout DDRA, r16\n\nend:\n\nout PORTA, r17\nrjmp end\n\n; set Port C for input\n\n; activate the pull up\n; read pattern set by the user\n; from the switches\n\n; set Port A for output\n\n59", "Slide61": "\fSlide:\nHomework\n\n2. To make the AVR processor skip an amount \n\nof time without doing anything, we use nop\ninstruction in the program shown in the \nexample in this lecture. Can we use \nmov Rd, Rd to replace the nop instruction? \nAny difference?\n\n62", "Slide59": "\fSlide:\nReading Materials \n\n⚫ Chapter 7: Computer Buses and Parallel \n\nInput and Output. Microcontrollers and \nMicrocomputers by Fredrick M. Cady.\n\n⚫ ATmega2560 Data Sheet.  \n\n⚫ AVR CPU Core\n\n⚫ PORTS\n\n60", "Slide55": "\fSlide:\nCode for Example 3\n\n.include “m2560def.inc”\n\nclr r17\nout DDRC, r17\nser r17\nout PORTC, r17\nin r17, PINC\n\nser r16\nout DDRA, r16\n\n; set Port C for input\n\n; activate the pull up\n; read pattern set by the user\n; from the switches\n\n; set Port A for output\n\nout PORTA, r17\n\n; write the input pattern\n\nend:\n\nrjmp end\n\n56", "Slide35": "\fSlide:\nAtmega2560 Pin Configuration\n\nSource: Atmega2560\nData Sheet\n\n36", "Slide34": "\fSlide:\nParallel Input/Output in AVR\n\n⚫ Communication through ports\n\n⚫ There are two special instructions designed \n\nfor parallel input/output operations\n⚫ in\n⚫ out\n\n35", "Slide37": "\fSlide:\nAVR PORTs\n\n⚫ Can be configured to receive data or send out data\n\n⚫ Include physical pins and related circuitry to enable \n\ninput/output operations.\n\n⚫ Different AVR microcontroller devices have different \n\nport design\n⚫ ATmega2560 has 100 pins, most of them form eleven \n\nports for parallel input/output.\n\n⚫ Port A to Port H, Port J to Port L\n\n⚫ Three I/O memory addresses (in data memory) are \n\nallocated for each port\n▪ PORTx for data register\n\n▪ DDRx for data direction register\n\n▪ PINx for port input pins\n\n38", "Slide36": "\fSlide:\nSource: Atmega2560 Data Sheet\n\n37", "Slide31": "\fSlide:\nHandshaking I/O\n\n⚫ A hardware synchronization approach with control \n\nsignal READY or WAIT.\n⚫ For an input device, when CPU is asking for input data, the \n\ninput device will assert WAIT if the input data is NOT \navailable. When the input data is available, it will deassert \nWAIT. While WAIT is asserted, CPU must wait until this \ncontrol signal is deasserted. \n\n⚫ For an output device, when CPU is sending output data via \n\nthe data bus, the output device will assert WAIT if it is not \nready to take the data. When it is ready, it will deassert \nWAIT. While WAIT is asserted, CPU must wait until this \ncontrol signal is deasserted. \n\n32", "Slide30": "\fSlide:\nSoftware Synchronization\nTwo software synchronization approaches:\n\n⚫ Real-time synchronization\n\n⚫ Uses a software delay to match CPU to the timing \n\nrequirements of the I/O device.\n\n⚫ The timing requirement must be known\n\n⚫ Sensitive to CPU clock frequency.\n\n⚫ Wastes CPU time.\n\n⚫ Polling I/O\n\n⚫ A status register, with a DATA_READY bit,  is added to \n\nthe device. The software keeps reading the status \nregister until the DATA_READY bit is set.\n\n⚫ Not sensitive to CPU clock frequency.\n\n⚫ Still waste CPU time, but CPU can do other tasks.\n\n31", "Slide33": "\fSlide:\nRead Cycle with Wait States\n\n34", "Slide32": "\fSlide:\nInput Handshaking Hardware\n\nTo CPU WAIT \n\nINPUT DEVICE\n\nWait State \n\nLogic\n\nDATA_REQUEST\n\nData Register\n\nAddress Bus\n\nREAD\n\nINFO_ADD_OK\n\nData Bus\n\n33", "Slide39": "\fSlide:\nStore Register to I/O Location\n\n⚫ Syntax:           out A, Rr\n\n⚫ Operands:      0  r 31, 0  A 63\n⚫ Operation:      I/O(A)  Rr\n\n⚫ Words:            1 \n\n⚫ Cycles:            1\n\n⚫ Example: \n\nout 0x02, r16\n\n; write to port A\n\n40", "Slide38": "\fSlide:\nLoad I/O Location to Register\n\n⚫ Syntax:           in Rd, A\n\n⚫ Operands:      0  d 31, 0  A 63\n⚫ Operation:      Rd  I/O(A)\n\n⚫ Words:            1 \n\n⚫ Cycles:            1\n\n⚫ Example: \n\nin r25, 0x00\n\n; read from port A\n\n39", "Slide57": "\fSlide:\nExample 4 (solution)\n\n⚫ One solution is the processor continuously \nchecking if there is an input to read. If there \nis, then read the input and go to next task, \notherwise the processor stays waiting for \ninput. Such an approach to handle dynamic \ninput is called polling.\n\n58", "Slide56": "\fSlide:\nExample 4\n\n⚫ Design a simple control system that can \ncontrol a set of LEDs to display a pattern \nspecified by the user during the execution.\n\n57", "Slide19": "\fSlide:\nComplete I/O Interface\n\nData Bus\n\n74LS139 \n\n2-of-4 \nDecoder\n\n74LS244 Octal \n\nBuffer\n\nSOURCE_ADR_OK\n\nSource\n\nDES_ADR_OK\n\nA1\n\nA0\n\nREAD\n\nA1\n\nA0\n\nWRITE\n\nA1\n\nA0\n\nE\n\nA1\n\nA0\n\nE\n\nO0\n\nO1\n\nO2\n\nO3\n\nO0\n\nO1\n\nO2\n\nO3\n\n74116 Dual \n4-Bit Latch\n\nDestination\n\n20", "Slide18": "\fSlide:\nTypical CPU Write Cycle\n\n⚫ CPU places the address on the address bus at point \n\nA. \n\n⚫ The data bits are supplied by CPU at point B.\n\n⚫ The control signal WRITE is asserted by CPU at \n\npoint C to signal the external device that the data is \nready to be taken from the data bus.\n⚫ This signal is used to create the clock to latch the data at \n\nthe correct time.\n\n⚫ Depending on the type of latch and when  WRITE is \n\nasserted, the data may be captured on the falling \nedge or rising edge.\n\n19", "Slide53": "\fSlide:\nExample 3\n\n⚫ Design a simple control system that can \n\ncontrol a set of LEDs to display a fixed \npattern specified by the user.\n\n54", "Slide52": "\fSlide:\nCode for Example 2\n\n.include “m2560def.inc”\n\nser r15\nout DDRA, r15\n\nldi r15, 0xAA\nout PORTA, r15\noneSecondDelay\nldi r15, 0x00\nout PORTA, r15\n\nend:\n\nrjmp end\n\n; set Port A for output\n\n; write the pattern \n\n; 1 second delay\n\n; turn off the LEDs\n\n53", "Slide51": "", "Slide50": "\fSlide:\nCounting one second\n\n⚫ Assume we know that the clock cycle period \n\nis 1 ms (very very slow, not a real value). \nThen we can write a program that executes \n\nsingle cycle instructions.\n\n⚫ Execution of the code will take 1 second if \n\neach instruction in the code takes one clock \ncycle.\n\n⚫ An implementation is given in the next slide\n\n51\n\n33101101=−\fSlide52:\nCode for one second delay\n\n.include “m2560def.inc”\n.equ loop_count = 124\n.def iH = r25\n.def iL = r24\n.def countH = r17\n.def countL = r16\n.macro oneSecondDelay\n\nloop:\n\nldi countL, low(loop_count)\nldi countH, high(loop_count)\nclr iH\nclr iL\ncp iL, countL\ncpc iH, countH\nbrsh done\nadiw iH:iL, 1\nnop\nrjmp loop\n\n; 1 cycle\n\n; 1\n\n; 1\n\n; 1, 2 (if branch)\n; 2\n\n; 2\n\ndone:\n.endmacro", "Slide13": "\fSlide:\nAddress Decoding for Output \nDevices \n\n74LS139 \n\n2-of-4 \nDecoder\n\nA1\n\nA0\n\nFrom \nCPU\n\nWrite \nControl\n\nA1\n\nA0\n\nE\n\nO0\n\nO1\n\nO2\n\nO3\n\n74116 \n\n74116 \n\n74116 \n\n74116 \n\nDual 4-Bit \n\nDual 4-Bit \n\nDual 4-Bit \n\nDual 4-Bit \n\nLatch\n\nLatch\n\nLatch\n\nLatch\n\nTo/From \n\nCPU\n\nData Bus\n\n14", "Slide12": "\fSlide:\nAddress Decoding for Input \nDevices\n\n74LS139 \n\n2-of-4 \nDecoder\n\nA1\n\nA0\n\nFrom \nCPU\n\nRead \nControl\n\nA1\n\nA0\n\nE\n\nO0\n\nO1\n\nO2\n\nO3\n\nInfo \n\nSource\n\nInfo \n\nSource\n\nInfo \n\nSource\n\nInfo \n\nSource\n\nTo/From \n\nCPU\n\nData Bus\n\n13", "Slide11": "\fSlide:\nAddress Decoding \n\n⚫ The interface must provides the ability for \n\nCPU to select one of many sources and \ndestinations.\n⚫ The address decoder is used.\n\n12", "Slide10": "\fSlide:\nOutput Interface\n\n⚫ The output interface between the data bus \n\nand a destination or output device contains a \nlatch.\n\nDBn\n\nClock\n\nD\n\nQ\n\n74116 Dual 4-bit \nLatch with Clear\n\nC1\n\nC2\n\nCLR\n\nDestination or \nOutput Device\n\n11", "Slide17": "\fSlide:\nTypical CPU Write Cycle\n\nCPU Clock\n\nAddress \n\nBus\n\nData Bus\n\nWRITE \nControl \nSignal\n\nA\n\naddress from CPU valid\n\nB\n\ndata from CPU \n\nvalid\n\nC\n\nD\n\n18", "Slide16": "\fSlide:\nTypical CPU Read Cycle\n\n⚫ CPU places the address on the address bus \n\nat point A. \n\n⚫ The control signal READ is asserted at point \n\nB to signal the external device that CPU is \nready to take the data from the data bus.\n\n⚫ CPU reads the data bus at point C whether or \n\nnot the input device has made it ready \n⚫ If NOT, some form of synchronization is required.\n\n17", "Slide15": "\fSlide:\nTypical CPU Read Cycle\n\nCPU Clock\n\nAddress \n\nBus\n\nData Bus\n\nREAD \nControl \nSignal\n\nA\n\naddress from CPU valid\n\nC\n\ndata from device \n\nvalid\n\nB\n\n16", "Slide14": "\fSlide:\nCPU Timing Signals\n\n⚫ CPU must provide timing and synchronization \n\nso that the transfer of information occurs at \nthe right time.\n⚫ CPU has its own clock.\n\n⚫ I/O devices may have a separate I/O clock.  \n\n⚫ Typical timing signals include READ and WRITE. \n\n15", "Slide3": "\fSlide:\nBuses\n⚫ A collection of wires through which data is \n\ntransmitted from one of sources to destinations \n\nsource 1\n\nsource 2\n\nsource n\n\ndest 1\n\ndest 2\n\ndest n\n\n⚫ All buses consist of three parts: \n\n⚫ data bus\n\n⚫ transfer actual data\n\n⚫ address bus\n\n⚫ transfer information about where the data should go.\n\n⚫ control bus\n\n⚫ transfer control signals\n\n4", "Slide2": "\fSlide:\nFive Components of \nComputers\n\nComputer\n\nProcessor\n\n(active)\n\nControl\n(“brain”)\n\nDatapath\n(“brawn”)\n\nMemory\n(passive)\n\n(where \nprograms, \ndata live \nwhen\nrunning)\n\nDevices\n\nInput\n\nOutput\n\nKeyboard\nMouse\nDisk\n\nDisk,\nDisplay, \nPrinter\n\n3", "Slide1": "\fSlide:\nLecture Overview\n\n⚫ Buses\n\n⚫ Computer buses\n\n⚫ I/O Addressing\n\n⚫ Memory mapped I/O\n\n⚫ Separate I/O\n\n⚫ Parallel input/output\n\n⚫ AVR examples\n\n2", "Slide0": "Slide:\nBuses and Parallel \nInput/Output\n\nLecturer: Sri Parameswaran\n\nNotes by: Annie Guo\n\n1", "Slide7": "\fSlide:\nComputer Buses (cont.) \n\n⚫ Each line of a bus has multiple sources and \n\ndestinations. The bus transfers data from one \nsource each time.\n\nMultiple Destinations\n\nCPU\n\n• • •\n\n• • •\n\nData Bus\n\nMultiple Sources\n\n8", "Slide6": "\fSlide:\nComputer Buses\n\n⚫ CPU is connected to memory and I/O devices via \n\ndata, address and control buses.\n\n⚫ Data bus is bi-directional and transfers information \n\n(memory data and instructions, I/O data) to and from \nCPU.\n\n⚫ Address bus is most often unidirectional because \n\nthe CPU is the only source of addresses.\n\n⚫ Control bus carries all control signals required to \n\ncontrol the operation of the data transfer.   \n\n7", "Slide5": "\fSlide:\nTypical Computer Bus \nStructure\n\nParallel \n\nI/O \n\nDevice\n\nSerial \n\nI/O \n\nDevice\n\nCPU\n\nMemory\n\nI/O \n\nInterface\n\nData Bus\n\nAddress Bus\n\nControl Bus\n\n6", "Slide4": "\fSlide:\nCharacteristics of Buses\n\n⚫ For system or higher level designs, buses \n\ncan be characterized in \n⚫ Bus width (in bits)\n\n⚫ Determines how much data can be transmitted at a \n\ntime. E.g. 16 bits, 32 bits\n\n⚫ Clock speed in MHz\n\n⚫ Determines how often data can be transferred on the \n\nbusses\n\n5", "Slide9": "\fSlide:\nTypical Bus Interface Gates\n\nData source input\n\nA\n\n1G\n\n1G   A    Y\n\n0     0     0\n0     1     1\n1     0     X\n1     1     X\n\nBus line\n\nY\n\nHigh \n\nImpedance\n\nVcc\n\nExternal \nPull-up \nResistor\n\nOpen \nCollector\n\n(a) Three-state \n\ngate\n\n(b) Typical open-collector \n\ngate\n\n10", "Slide8": "\fSlide:\nInput Interface \n\n⚫ Connects multiple data sources\n\n⚫ Only one source data is sent to the bus at a time\n⚫ Often implemented with three-state buffers \n\nfor data buses\n⚫ For example, \n\n⚫ a parallel, eight-bit input data is connected to eight \n\nthree-state gates whose enable lines are tied together\n\n⚫ When the data is to sent to the bus the eight three-\n\nstate gates are enabled.\n\n⚫ The open-collector gate is often used for \n\ncontrol signals such as request for interrupts\n⚫ Since one way switch is often required.\n\n9", "Slide54": "\fSlide:\nExample 3 (solution)\n\n⚫ Consists of a number of steps:\n\n⚫ Set the switches and connect the switches to the \n\npins of a port\n\n⚫ Set the port for input \n\n⚫ Read the input\n\n⚫ Set another port for the output operation, each pin \n\nof the ports is connected to one LED\n\n⚫ Write the pattern value to the port so that it drives \n\nthe display of LEDs\n\n55"}