{"Slide-1": "", "Slide22": "Command Line Arguments\n./program hello there\n\nthis has two arguments: “hello” and “there”\n\n \n\nint main (int argc, char *argv[]) { \n\n    // argc is 2 \n\n    printf(\"%d\\n\", argc); \n\n \n\n    // print out all of the arguments \n\n    int i = 0; \n\n    while (i < argc) { \n\n        printf(\"Argument %d is: %s\\n\", i, argv[i]); \n\n        i++; \n\n    } \n\n} \n\nargc stores the number of arguments\n\nargv stores the contents of the arguments", "Slide23": "fgets\nfgets(array, array size, stream)  reads a line of text\n\narray - char array in which to store the line \narray size - the size of the array \n\nstream - where to read the line from, e.g. stdin\n\nfgets won’t try to store more than array size chars in the array\n\nnever use the function gets ! (why?)", "Slide20": "Command Line Arguments\n“0 or more” strings specified when the program runs\n\n./hello some thing goes here\n\nthe program hello has 4 command line arguments", "Slide21": "Command Line Arguments\nwe can access these in our program by changing the \n\nsignature of the main function\n\n \n\nint main (int argc, char *argv[]) { \n\n    // code goes here \n\n} \n\nargc stores the number of arguments\n\nargv stores the contents of the arguments", "Slide24": "string.h\n \n\n#include <string.h> \n\n// string length (not including ’\\0’) \n\nint strlen(char *s); \n\n// string copy \n\nchar *strcpy(char *dest, char *src); \n\nchar *strncpy(char *dest, char *src, int n); \n\n// string concatenation/append \n\nchar *strcat(char *dest, char *src); \n\nchar *strncat(char *dest, char *src, int n); ", "Slide19": "Command Line Arguments\n“0 or more” strings specified when the program runs\n\n./hello\n\nthe program hello has 0 command line arguments", "Slide18": "Command Line Arguments\n“0 or more” strings specified when the program runs\n\nyou’ve already seen these\n\ndcc -o hello hello.c\n\nhere, dcc is being run with 3 command line arguments: \n-o , hello , hello.c", "Slide13": "Initialising Strings\nwhat happens if we try to set more than will fit?\n\n \n\n#define SIZE 2 \n\nchar name[SIZE] = \"ANDREW\"; \n\n \n\n┌───┬───┐ \n\n│ A │ N │ D │ R │ E │ W │ \\0 │ ? │ ? │ ? │ \n\n└───┴───┘ \n\n| 0 | 1 | ? | ? | ? | ? |  ? | ? | ? | ? ", "Slide12": "Initialising Strings\nthere’s a short-hand in C\n\n \n\nchar name[SIZE] = \"ANDREW\"; \n\n \n\n┌───┬───┬───┬───┬───┬───┬────┬───┬───┬───┐ \n\n│ A │ N │ D │ R │ E │ W │ \\0 │ ? │ ? │ ? │ \n\n└───┴───┴───┴───┴───┴───┴────┴───┴───┴───┘ \n\n| 0 | 1 | 2 | 3 | 4 | 5 |  6 | 7 | 8 | 9 ", "Slide11": "Initialising Strings\nwe can initialise strings in a similar way\n\n \n\nchar name[SIZE] = {'A', 'N', 'D', 'R', 'E', 'W'}; \n\n \n\n┌───┬───┬───┬───┬───┬───┬───┬───┬───┬───┐ \n\n│ A │ N │ D │ R │ E │ W │ 0 │ 0 │ 0 │ 0 │ \n\n└───┴───┴───┴───┴───┴───┴───┴───┴───┴───┘ \n\n| 0 | 1 | 2 | 3 | 4 | 5 | 6 | 7 | 8 | 9 \n\n(remember: the remaining elements are initialised with zeroes)", "Slide10": "Initialising Arrays\nthere are several ways to initialise an array\n\nusing a loop\n\n \n\nint i = 0; \n\nwhile (i < SIZE) { \n\n    array[i] = i; \n\n} \n\n \n\n┌───┬───┬───┬───┬───┬───┬───┬───┬───┬───┐ \n\n│ 0 │ 1 │ 2 │ 3 │ 4 │ 5 │ 6 │ 7 │ 8 │ 9 │ \n\n└───┴───┴───┴───┴───┴───┴───┴───┴───┴───┘ \n\n(this is more flexible and allows you to initialise with values of your choice)", "Slide17": "introducing: \ncommand line arguments", "Slide16": "Initialising Strings\nif we leave the size out, C will automatically make it big enough\n\n \n\nchar name[] = {'A', 'N', 'D', 'R', 'E', 'W', '\\0'}; \n\n \n\n┌───┬───┬───┬───┬───┬───┬────┐ \n\n│ A │ N │ D │ R │ E │ W │ \\0 │ \n\n└───┴───┴───┴───┴───┴───┴────┘ \n\n| 0 | 1 | 2 | 3 | 4 | 5 |  6 ", "Slide15": "Initialising Strings\nif we leave the size out, C will automatically make it big enough\n\n \n\nchar name[] = {'A', 'N', 'D', 'R', 'E', 'W'}; \n\n \n\n┌───┬───┬───┬───┬───┬───┐ \n\n│ A │ N │ D │ R │ E │ W │ \n\n└───┴───┴───┴───┴───┴───┘ \n\n| 0 | 1 | 2 | 3 | 4 | 5  \n\nwhat’s the problem here?\n\ntry it and see!", "Slide14": "Initialising Strings\nif we leave the size out, C will automatically make it big enough\n\n \n\nchar name[] = \"ANDREW\"; \n\n \n\n┌───┬───┬───┬───┬───┬───┬────┐ \n\n│ A │ N │ D │ R │ E │ W │ \\0 │ \n\n└───┴───┴───┴───┴───┴───┴────┘ \n\n| 0 | 1 | 2 | 3 | 4 | 5 |  6 ", "Slide3": "Overview\nafter this lecture, you should be able to…\n\nunderstand how to initialise an array\n\nunderstand the various ways to initialise a string\n\nhave a basic understanding of functions from string.h\n\nunderstand the basics of working with command line arguments \n(i.e. argc and argv)\n\n(note: you shouldn’t be able to do all of these immediately after watching this lecture. however, this lecture should (hopefully!) give you the foundations you need to develop these skills. remember: programming is\n\nlike learning any other language, it takes consistent and regular practice.)", "Slide2": " \n\nBefore we begin…\n \n\nintroduce yourself to the person sitting next to you\n\n \n\nwhy did they decide to study computing?", "Slide1": "COMP5 8s \n— Lecture 9 — \n\nMore Strings\nAndrew Bennett \n\n<andrew.bennett@unsw.edu.au>\n\nJashank Jeremy \n<jashank.jeremy@unsw.edu.au>", "Slide0": "Welcome!\nCOMP1511 18s1 \n\nProgramming Fundamentals", "Slide7": "Revisiting: Uninitialised Arrays\nsolution: initialise the array first \n\n(note: you could also initialise all the values in a loop)\n\n \n\nint array[SIZE] = {0}; \n\n \n\nint i = 0; \n\nwhile (i < SIZE) { \n\n    printf(\"%d\\n\", array[i]); \n\n    i++; \n\n} \n\n \n\n┌───┬───┬───┬───┬───┬───┬───┬───┬───┬───┐ \n\n│ 0 │ 0 │ 0 │ 0 │ 0 │ 0 │ 0 │ 0 │ 0 │ 0 │ \n\n└───┴───┴───┴───┴───┴───┴───┴───┴───┴───┘ ", "Slide6": "Revisiting: Uninitialised Arrays\nthe array has not been initialised\n\n \n\nint array[SIZE]; \n\n \n\nint i = 0; \n\nwhile (i < SIZE) { \n\n    printf(\"%d\\n\", array[i]); \n\n    i++; \n\n} \n\n \n\n┌───┬───┬───┬───┬───┬───┬───┬───┬───┬───┐ \n\n│ ? │ ? │ ? │ ? │ ? │ ? │ ? │ ? │ ? │ ? │ \n\n└───┴───┴───┴───┴───┴───┴───┴───┴───┴───┘ \n\nwhat should printf print? \nthis is undefined behaviour \n\n(there’s no rule in C about what should happen", "Slide5": "Initialising Arrays\ninitialising arrays is important \n\n(remember yesterday?)", "Slide4": "Admin\nDon’t panic!\n\nweek 4 weekly test due friday \ndon’t be scared!\n\nfriday this week is a public holiday \nif you have a friday tutelab: see course website for details\n\nthis week’s lab due friday midsem break \nFriday 6th April\n\nassignment 1 due sunday midsem break \nyou need to start now, if you haven’t already\n\ndon’t forget about help sessions! \nsee course website for details", "Slide9": "Initialising Arrays\nthere are several ways to initialise an array\n\nusing an array initialiser\n\n \n\n// array will be initialised with 1, 2, 3, 4, 5, then the rest 0 \n\nint array[SIZE] = {1, 2, 3, 4, 5}; \n\n \n\n┌───┬───┬───┬───┬───┬───┬───┬───┬───┬───┐ \n\n│ 1 │ 2 │ 3 │ 4 │ 5 │ 0 │ 0 │ 0 │ 0 │ 0 │ \n\n└───┴───┴───┴───┴───┴───┴───┴───┴───┴───┘ ", "Slide8": "Initialising Arrays\nthere are several ways to initialise an array\n\nusing an array initialiser\n\n \n\n// array will be filled with all zeroes \n\nint array[SIZE] = {0}; \n\n \n\n┌───┬───┬───┬───┬───┬───┬───┬───┬───┬───┐ \n\n│ 0 │ 0 │ 0 │ 0 │ 0 │ 0 │ 0 │ 0 │ 0 │ 0 │ \n\n└───┴───┴───┴───┴───┴───┴───┴───┴───┴───┘ "}