{"Slide-1": "", "Slide20": "What if we wanted to do something more than once?\n\n \nint main (void) { \n    printf (\"Enter a number: \"); \n \n    int num; \n    scanf (\"%d\", &num); \n \n    while (num < 10) { \n        printf (\"Hello!\\n\"); \n    } \n     \n    return 0; \n} ", "Slide21": "What if we wanted to do something more than once?\n\n \nint main (void) { \n    printf (\"Enter a number: \"); \n \n    int num; \n    scanf (\"%d\", &num); \n \n    while (num < 10) { \n        printf (\"Hello!\\n\"); \n        num++; \n    } \n     \n    return 0; \n} ", "Slide19": "Remember if  statements?\n \nint main (void) { \n    printf (\"Enter a number: \"); \n \n    int num; \n    scanf (\"%d\", &num); \n \n    if (num < 10) { \n        printf (\"Hello!\\n\"); \n    } \n     \n    return 0; \n} \n\nif the condition is true, then do something, else do something else.", "Slide18": "and now for something new…", "Slide13": "Side Note: When scanf  Goes Wrong\nscanf  returns the number of things successfully scanned in\n\ne.g.\n\n \nint a; \nint b; \n// num will be 2 if both a and b were scanned successfully \nint num = scanf(\"%d %d\", &a, &b); \n ", "Slide12": "Side Note: When scanf  Goes Wrong\nwhat do we do if somebody enters invalid input?\n\n(e.g. enters a word, not a number)\n\n \nint a; \nint b; \n// What happens if they didn't type in two numbers? \nint num = scanf(\"%d %d\", &a, &b); \n ", "Slide11": "Why Functions?\nmain function: \n\nwant to know what it’s doing \ndon’t need to know how it’s doing it", "Slide10": "Why Functions?\nRevisiting license.c", "Slide17": "Extending the challenge\nGuess the Number (v2)\n\ncomputer is thinking of a number \nenter a guess \n\nprogram responds “higher” or “lower” or “correct!” \nthen asks again \n\nand again \nuntil you guess correctly\n\nhint \n\nuse a loop to run the code multiple times (coming up next!)", "Slide16": "before we get started: extending the challenge", "Slide15": "Features of Functions\na function can have zero or more parameter(s)\n\na function can only return zero or one value(s)\n\n* * *\n\na function stores a local copy of parameters passed to it\n\nthe original values of variables remain unaltered", "Slide14": "Side Note: When scanf  Goes Wrong\nwe can wrap this in an if  statement:\n\n \nint a; \nint b; \n// num will be 2 if both a and b were scanned successfully \nif (scanf(\"%d %d\", &a, &b) != 2) { \n    printf(\"Invalid input!\\n\"); \n} \n ", "Slide3": "Overview\nafter this lecture, you should be able to…\n\nhandle invalid input to your program\n\nunderstand why we use functions\n\nwrite simple functions\n\nunderstand the basics of while loops\n\n(note: you shouldn’t be able to do all of these immediately after watching this lecture. however, this lecture should (hopefully!) give you the foundations you need to develop these skills. remember\n\nprogramming is like learning any other language or skill, it takes consistent and regular practice.)", "Slide2": " \n\nBefore we begin…\n \n\nintroduce yourself to the person sitting next to you\n\n \n\nwhy did they decide to study computing?", "Slide1": "COMP5 8s \n— Lecture 4 — \n\nMore Functions + Loops\nAndrew Bennett \n\n<andrew.bennett@unsw.edu.au>\n\neven more functions \nwhile  loops", "Slide0": "Welcome!\nCOMP1511 18s1 \n\nProgramming Fundamentals", "Slide7": "Functions\nbuilding blocks in our programs\n\nself-contained, reusable pieces of code\n\nabstraction", "Slide6": "remember functions?", "Slide5": "A challenge for you\nGuess the Number\n\ncomputer is thinking of a number \nenter a guess \n\nprogram responds “higher” or “lower” or “correct!”\n\nhint \n\nto start out with: \n\nhave a fixed secret number \n\n(i.e. int secret = 5 ) \n\nscanf  their guess \n\nrerun the program to guess another number", "Slide4": "Admin\nDon’t panic!\n\nthese slides are on WebCMS3 (“DRAFT”)\n\nlecture recordings are on WebCMS3\n\nmake sure you have home computing set up\n\nmake sure you can send and receive uni emails", "Slide9": "Functions as Building Blocks\nfor example: \n\na function that takes a number and multiplies it by 2\n\nwe can take our number, and put it into the function, and get it out doubled\n\n \nint x = 5; \nx = doubled (x); \n\nkey things: \ninput (parameters) \n\noutput (return value) \nfunctions won’t change values", "Slide8": "Anatomy of a Function\nreturn type \n\n( void  if no return value) \nfunction name \n\nparameters \n(inside parens, comma separated; \n\nvoid  if no parameters) \nstatements \n\nreturn statement\n\n \nint addNumbers (int num1, int num2) { \n    int sum = num1 + num2; \n    return sum; \n} "}