{"Slide-1": "", "Slide22": "  \n\ninitialisation \ncondition \n\nstatements \nupdate\n\n \nint i = 0; \nwhile (something) { \n    // do something \n    // move to the next iteration of the loop \n} ", "Slide23": "  \n\ninitialisation \ncondition \n\nstatements \nupdate\n\n \nint i = 0; \nwhile (i < 10) { \n    // do something \n    // move to the next iteration of the loop \n} ", "Slide20": "  \n\ninitialisation \ncondition \n\nstatements \n \n\n \n// set up our loop counter, start at 0 \nwhile (something) { \n    // do something \n    ???? \n} ", "Slide21": "  \n\ninitialisation \ncondition \n\nstatements \nupdate\n\n \n// set up our loop counter, start at 0 \nwhile (something) { \n    // do something \n    // move to the next iteration of the loop \n} ", "Slide26": "how do we know \nwhen to stop?", "Slide27": "Loop Counters\n \nint i = 0; \nwhile (i < 10) { \n    printf (\"hello, world!\\n\"); \n    i = i + 1; \n} ", "Slide24": "  \n\ninitialisation \ncondition \n\nstatements \nupdate\n\n \nint i = 0; \nwhile (i < 10) { \n    printf (\"hello, world!\\n\"); \n    // move to the next iteration of the loop \n} ", "Slide25": "  \n\ninitialisation \ncondition \n\nstatements \nupdate\n\n \nint i = 0; \nwhile (i < 10) { \n    printf (\"hello, world!\\n\"); \n    i = i + 1; \n} ", "Slide28": "Loop Counters\n \n// Print out \"hello, world!\" n times, \n// where n is chosen by the user. \n \nint num; \nprintf (\"Enter a number: \"); \nscanf (\"%d\", &num); \n \nint i = 0; \nwhile (i < num) { \n    printf (\"hello, world!\\n\"); \n    i = i + 1; \n} ", "Slide29": "Sentinel Value (Flag)\n \nint finished = 0; \nwhile (!finished) { \n    printf (\"hello, world!\\n\"); \n    finished = 1; \n} ", "Slide35": "Demo: Printing a Square\nscan in a number: width \n\nprint out a square of width * width stars.\n\ne.g. for width = 4:\n\n* * * * \n* * * * \n* * * * \n* * * * \n\nchallenge: can you just print the outside?\n\n* * * * \n*     * \n*     * \n* * * * ", "Slide34": "nested loops\n \nwhile (something) { \n    while (somethingElse) { \n \n    } \n} ", "Slide31": "what is a style guide?", "Slide30": "Sentinel Value (Flag)\n \n// Print out the number that the user entered \n// Stop when they type 0 \n \nint n = 1; \nwhile (n != 0) { \n    printf (\"You entered: %d\\n\", n); \n    scanf(\"%d\", &n); \n} ", "Slide33": "nested loops\nloops inside loops", "Slide32": "Style Guide\nhttps://cgi.cse.unsw.edu.au/~cs1511/resources/style_guide.html\n\nlinked from WebCMS3", "Slide19": "  \n\ninitialisation \ncondition \n\n  \n \n\n \n// set up our loop counter, start at 0 \nwhile (something) { \n    ???? \n    ???? \n} ", "Slide18": "  \n\ninitialisation \n  \n  \n \n\n \n// set up our loop counter, start at 0 \nwhile (?????) { \n    ???? \n    ???? \n} ", "Slide13": "A Counting Loop\n“Do this thing n  times”\n\nuse a loop counter \n… a variable that we use in our loop \n\nto count how many times we’ve done something", "Slide12": "A Counting Loop\n“Do this thing n  different times”\n\nsometimes, it’s explicit: \ne.g. print out ‘hello world!’ 10 times\n\nsometimes, it’s not: \ne.g. print out the numbers from 1-10 \n\ne.g. calculate the power of a number (e.g.,\n\n)", "Slide11": "Aside: Definitions\niterate \n\nperform repeatedly\n\niteration \nthe repetition of a process", "Slide10": "Anatomy of a Loop\ninitialisation \n\nset up our variables\n\ncondition \nwhile “something”…\n\nstatements \nthings we do inside our loop\n\nupdate \nmove along to the next iteration", "Slide17": "  \n  \n  \n  \n \n\n \n???? \nwhile (?????) { \n    ???? \n    ???? \n} ", "Slide16": "Anatomy of a Loop\ninitialisation \n\nset up our variables\n\ncondition \nwhile “something”…\n\nstatements \nthings we do inside our loop\n\nupdate \nmove along to the next iteration", "Slide15": "A Counting Loop\nhow would we code this?\n\nstart our counter at 0\n\nprint “hello world!”\nwhile counter is less than 10, \n\nincrease our counter by 1", "Slide14": "A Counting Loop\ndo something until we’ve done it n  times \n\ne.g. print out ‘hello world!’ 10 times\n\ncounter starts at 0 \nprint “hello world!”; increase counter to 1 (we’ve done it once) \nprint “hello world!”; increase counter to 2 (we’ve done it twice) \n\nprint “hello world!”; increase counter to 3 (we’ve done it three times) \n… \n\nprint “hello world!”; increase counter to 9 (we’ve done it 9 times) \nprint “hello world!”; increase counter to 10 (we’ve done it 10 times)\n\nnow stop, because we’ve done it 10 times.", "Slide3": "Overview\nafter this lecture, you should be able to…\n\nunderstand the basics of while loops\n\nunderstand the basics of nested while loops\n\nwrite programs using while loops to solve simple problems\n\nknow about the course style guide\n\n(note: you shouldn’t be able to do all of these immediately after watching this lecture. however, this lecture should (hopefully!) give you the foundations you need to develop these skills. remember:\n\nprogramming is like learning any other language, it takes consistent and regular practice.)", "Slide2": " \n\nBefore we begin…\n \n\nintroduce yourself to the person sitting next to you\n\n \n\nwhy did they decide to study computing?", "Slide1": "COMP5 8s \n— Lecture 5 — \n\nMore Loops\nAndrew Bennett \n\n<andrew.bennett@unsw.edu.au>\n\nwhile  loops \nloops inside loops \n\nstopping loops", "Slide0": "Welcome!\nCOMP1511 18s1 \n\nProgramming Fundamentals", "Slide7": "Anatomy of a Loop\n  \n\ninitialisation \nset up our variables\n\ncondition \n.\n\nstatements \n.\n\nupdate \n.", "Slide6": "Anatomy of a Loop\n  \n\ninitialisation \n.\n\ncondition \n.\n\nstatements \n.\n\nupdate \n.", "Slide5": "Loops\nwhat if we want to do something multiple times?\n\nUse a loop!\n\nkeep doing this while this condition is true", "Slide4": "Admin\nDon’t panic!\n\nlecture recordings are on WebCMS3 \nEcho360 was sad last night :(\n\nweekly tests start this week \ndon’t be scared!\n\ncourse style guide published", "Slide9": "Anatomy of a Loop\ninitialisation \n\nset up our variables\n\ncondition \nwhile “something”…\n\nstatements \nthings we do inside our loop\n\nupdate \n.", "Slide8": "Anatomy of a Loop\n  \n\ninitialisation \nset up our variables\n\ncondition \nwhile “something”…\n\nstatements \n.\n\nupdate \n."}