{"Slide-1": "", "Slide22": "\fSlide:\nBinary additions \n\n Example: \n\n Addition of two 4-bit unsigned binary numbers. \n\nHow many bits are required for holding the result? \n\n \n\n  1001+0110 = (__________) \n\n \n\nWeek2 \n\n23 ", "Slide23": "\fSlide:\nBinary multiplications \n\n Example: \n\n Multiplication of two 4-bit unsigned binary \n\nnumbers. How many bits are required for holding \nthe result? \n\n \n\n 1001*0110 = (____________________) \n\n \n\nWeek2 \n\n24 ", "Slide20": "\fSlide:\nConversion to binary via octal \n\nThe direct conversion \nof 200110 to binary \nlooks like this ... \n \n \n \n \n \n \n \n \n \n \n \n \n\n2001 \n1000  1 \n  500  0 \n  250  0 \n  125  0 \n    62  1 \n    31  0 \n    15  1 \n      7  1 \n      3  1 \n      1  1 \n      0  1 \n\n... and gives 11111010001. \n\nIt may be quicker to \nconvert to octal first ... \n \n\n2001 \n\n \n\n \n\n \n\n  250 \n\n    31 \n\n      3 \n\n \n\n \n\n \n\n1 \n\n2 \n\n7 \n\n \n\n3 \n\n      0 \n\n \n... yielding 3721 8 , which \ncan be instantly converted \nto 11 111 010 001 2 .  \n\nWeek2 \n\n21 ", "Slide21": "\fSlide:\nBinary arithmetic operations \n\n Similar to decimal calculations \n\n Examples of addition and multiplication are \n\ngiven in the next two slides. \n\nWeek2 \n\n22 ", "Slide26": "\fSlide:\nExamples \n4-bit 2’s-complement \nadditions/subtractions \n\n(1)  0101 - 0010 (5 - 2): \n \n\n     0101 \n\n(3)  -0101 - 0010 (-5 - 2): \n \n\n     1011  (= 0101*) \n\n \n\n \n\n \n\n+   1110  (= 0010*) \n\n= 10011 \n\n \n\n(2)  0010 - 0101 (2 - 5): \n \n\n     0010 \n\n \n\n \n\n \n\n+   1011  (= 0101*) \n\n=   1101  (= 0011*). \n\nResult means -3. \n\n+   1110  (= 0010*) \n\n= 11001 \n\nResult is 0111* (how?) \n\nand means  -7. \n\n \n\n \n\n \n\n \n\n \n\n(4)  0101 + 0010 (5 + 2): \nThis is trivial, as no conversions are \nrequired.  The result is 0111 (= 7). \n\n \n\nWeek2 \n\n27 ", "Slide27": "\fSlide:\nOverflow in two’s-complement \n\n Assume a, b are positive numbers in an n-bit \n\n2’s complement systems, \n For a+b \n\n If a+b > 2n-1 - 1, then a+b represents a negative \n\nnumber; this is positive overflow. \n\n For -a-b \n\n If –a-b < 2n-1, then –a-b results in a positive number; \n\nthis is negative overflow. \n\n \n\nWeek2 \n\n28 ", "Slide24": "\fSlide:\nNegative numbers & \nsubtraction \n\n Subtraction can be defined as addition of the additive \n\ninverse: \n \n\n \n\n \n\na – b = a + (-b)  \n\n To eliminate subtraction in binary arithmetic, we can \n\nrepresent –b by 2’s complement of b. \n\n In n-digit binary arithmetic, 2’s complement of b is \n\n (b*)* = b \n\nb* = 2n – b \n\n The MSB (Most Significant Bit) of a 2’s complement number \n\nis the sign bit  \n\n For example, for a 4-bit 2’s complement system, \n (1001)  -7,  \n\n(0111)  7 \n\n \n\nWeek2 \n\n25 ", "Slide25": "\fSlide:\nExamples \n-- 2’s complement numbers  \n\n Represent the following decimal numbers \n\nusing 8-bit 2’s complement format \n\n(a) 0 \n\n(b) 7 \n\n(c) 127 \n\n-12 \n\n(d)\n\n \n\n Can all the above numbers be represented \n\nby 4-bits? \n\n \n\n \n\nWeek2 \n\n26 ", "Slide28": "\fSlide:\nPositive overflow detection \n\nAddition of 4-bit positive \n\nPositive overflow looks \n\nnumbers without \noverflow looks like \nthis: \n\n \n\n \n\n \n\n \n\n \n\n \n\n    0xxx \n\n+  0xxx \n\n=  0xxx . \n\nThe “carry in” to the \n\nMSB must have been \n0, and the carry out is \n0.   \n\nlike this: \n\n \n\n    0xxx \n\n  +  0xxx \n\n  =  1xxx . \n\nThe “carry in” to the \n\nMSB must have been \n1, but the carry out is \n0. \n\nOverflow occurs when \n\n \n\nWeek2 \n\n29 ", "Slide29": "carry in  carry out.\fSlide:\nNegative overflow detection \n\nAddition of negative \ntwos-complement \nnumbers without \noverflow: \n      1xxx \n \n  +    1xxx \n  =  11xxx . \nThe carry in to the MSB \n\nmust have been 1 \n(otherwise the sum bit \nwould be 0), and the \ncarry out is 1. \n\nNegative overflow: \n\n \n\n      1xxx \n\n  +    1xxx \n\n  =  10xxx . \n\nThe carry in to the MSB \nmust have been 0, but \nthe carry out is 1. \n\nSo negative overflow, \nlike positive, occurs \nwhen \n\n \n\nWeek2 \n\n30 ", "Slide44": "\fSlide:\nReading Material \n\n Appendix A in Microcontrollers and \n\nMicrocomputers. \n\n \n\nWeek2 \n\n45 ", "Slide45": "\fSlide:\nQuestions \n\n1. Do the following calculations by changing \n\nthe given decimal numbers to 8-bit 2’s \ncomplement numbers and then performing \nthe indicated operation on the 2’s \ncomplement numbers. Were there any 2’s \ncomplement overflows? \n\n(+127)+(-127) \n\n(-50)-(-100) \n\n(+75)+(126) \n\n(a)\n\n(b)\n\n(c)\n\n \n\n \n\nWeek2 \n\n46 ", "Slide46": "\fSlide:\nQuestions \n\n2. How to represent number (-13) \n\n(a) in 8-bit 2’s complement format (what is the \nminimum number bits required for such \nnumber?) \n\n(b) IEEE 32-bit FP format \n\n\n\n\n\n \n\n \n\nWeek2 \n\n47 ", "Slide47": "\fSlide:\nQuestions \n\n3. Find the equivalent numbers. \n\n \n\n(a) (11111111)2’s complement = (______)Hex \n(b) 25hex = (_________)2 \n\n \n      (c) (01110011)BCD = (___________)2 \n      (d) (11000011)2 = (__________)8 \n\nWeek2 \n\n48 ", "Slide40": "\fSlide:\nBinary codes for decimal digits \n\n Can be coded with 4-bit binary numbers  \n\n Common ones: \n\nBCD \n\nDecimal \n\n8,4,2,1    Excess3    8,4, - 2, - 1     Gray   \n\n0   \n1   \n2   \n3   \n4   \n5   \n6   \n7   \n8   \n9   \n\n0000   \n0001   \n0010   \n0011   \n0100   \n0101   \n0110   \n0111   \n1000   \n1001   \n\n0011   \n0100   \n0101   \n0110   \n0111   \n1000   \n1001   \n1010   \n1011   \n1 100   \n\n0000   \n0111   \n0110   \n0101   \n0100   \n1011   \n1010   \n1001   \n1000   \n1111   \n\n0000   \n0100   \n0101   \n0111   \n0110   \n0010   \n0011   \n0001   \n1001   \n1000   \n\nWeek2 \n\n41 ", "Slide41": "\fSlide:\nASCII \n\n American Standard Code for Information \n\nInterchange. \n\n Enable computers and computer programs to \n\nexchange information \n\n Provide 256 codes \n\n Standard \n\n Extended  \n\n Nearly every computer uses American \n\nStandard Code for Information Interchange \n(ASCII) \n\nWeek2 \n\n42 \n\n ", "Slide42": "\fSlide:\nASCII \n\nchar \n\nNo. \n\nchar \n\nNo. \n\nchar \n\nNo. \n\nchar \n\nNo. \n\nNo. \n\nchar \n\nchar \n\nNo. \n\n \n\n \n\n \n\n \n\n \n\n \n\n Uppercase + 32 = Lowercase (e.g, B+32=b) \n\n tab=9, carriage return=13, backspace=8, Null=0 \n\n \n\nWeek2 \n\n43 \n\n32 48064@80P96`112p33!49165A81Q97a113q34\"50266B82R98b114r35#51367C83S99c115s..................47/63?79O95_111o127DEL\fSlide44:\nStrings \n\n Characters normally combined into strings, which \n\nhave variable length \n  e.g., “student@unsw.edu.au” \n\n How to represent a variable length string? \n\n 1st position of string reserved for length of string (Pascal) \n\n an accompanying variable has the length of string (as in a \n\nstructure) \n\n last position of string is indicated by a character used to \n\nmark end of string \n\n  C uses 0 (Null in ASCII) to mark the end of a string \n\n How to represent “PASS”? \n\n \n\nWeek2 ", "Slide43": " ", "Slide48": "\fSlide:\nQuestions \n\n4. How many bits do you need to represent a~z        \n\n26 letters and 0~9 ten digits? Why? \n\n5. A 32-bit address is given in hexadecimal \n\nformat 0X2468BAFF, what is the address in \nbinary form? \n\n7. Convert the 8-bit two’s complement numbers \n0100110 and 11001110 to the equivalent 16-\nbit two’s complement numbers. \n\nWeek2 \n\n49 ", "Slide49": "\fSlide:\nSome Programming Examples \n\n/* Example 1: Reading a value from a memory location \n              and write that back into another location \n*/ \n \n \n/* The header file to include */ \n \n.include \"m2560def.inc\" \n \n \nldi r16,10         //Loading a value of 10 into register r16 \n \nsts 0x000206,r16   //Storing the value in r16 into the memory location 000206 \n \nlds r17,0x000206   //Loading the value in 000206 into register r17 \n \nsts 0x00020C,r17   //Storing the value in r17 into the memory location 00020C \n \nloop: rjmp loop    //An infinite loop to end the program for AVR.... \n \n \n/* The values can be observed in the Memory window....View ->Memory ->data*/ \n\nWeek2 \n\n50 ", "Slide35": "\fSlide:\nIEEE 754 FP Standard—Single \nPrecision (cont.) \n\n Subnormal numbers reduce the chance of \n\nunderflow. \n Without subnormal numbers, the smallest \n\npositive number is 2 –127 \n\n With subnormal numbers, the smallest positive \n\nnumber is 0.00000000000000000000001 *2 -\n126  =2 –(126+23) =2-149 \n\n \n\nWeek2 \n\n36 ", "Slide34": "\fSlide:\nIEEE 754 FP Standard—Single \nPrecision (cont.) \n\nThe value, v, of the FP representation is determined as \n\nfollows: \n If 0<E<255 then V=(-1) S * 2 E-127 * 1.F   \n\n where \"1.F\" is intended to represent the binary number created \n\nby prefixing F with an implicit leading 1 and a binary point.  \n\n  If E = 255 and F is nonzero, then V=NaN (\"Not a number\")  \n  If E = 255 and F is zero and S is 1, then V= -Infinity  \n  If E = 255 and F is zero and S is 0, then V=Infinity  \n  If E = 0 and F is nonzero, then V=(-1) S * 2 -126 * 0.F. These are \n\nunnormalized numbers or subnormal numbers.  \n\n  If E = 0 and F is 0 and S is 1, then V=-0  \n  If E = 0 and F is 0 and S is 0, then V=0  \n\n \n\nWeek2 \n\n35 ", "Slide37": "\fSlide:\nEncoding \n\n Beside numbers, a computer machine needs \n\nto represent all types of information it is to \nprocess.  \n\n Examples: \n\n \n\nWeek2 \n\n38 ", "Slide36": "\fSlide:\nFloating point additions \n\nGiven two decimal values \n\n \n\n \n\na = 12.025 \n\nb =  9.5 \n\n(a) What are their IEEE format representations? \n\n(b) How to calculate a+b in the IEEE format? \n\nAnd what is the result? \n\nWeek2 \n\n37 ", "Slide31": "\fSlide:\nExamples \n\n1. Do the following calculations, where all \n\nnumbers are 4-bit 2’s complement numbers. \nCheck whether there is any overflow. \n\n(a) 1000-0001 \n\n(b) 1000+0101 \n\n(c) 0101+0110 \n\n \n\n \n\n \n\nWeek2 \n\n32 ", "Slide30": "carry in  carry out.\fSlide:\nOverflow detection \n\n For n-bit 2’s complement systems, condition \n\nof overflow for both addition and substraction: \n The MSB has a carry-in different from the carry-\n\nout \n\n \n\n \n\nWeek2 \n\n31 ", "Slide33": "\fSlide:\nIEEE 754 FP standard—single \nprecision \n\nSign bit \n\nBiased Exponent \n\nSignificand \n\n S  EEEEEEEE  FFFFFFFFFFFFFFFFFFFFFFF  \n  31  30                     23 22                                                                 1 0 \n\nbits \n\n \n\n \n\n \n\n \n\n \n\n Bit 31 for sign \n\n S=1 for negative numbers, 0 for positive numbers \n\n Bits 23-30 for biased exponent \n\n  The real exponent = E –127 \n\n  127 is called bias. \n\n Bits 0-22 for significand \n\nWeek2 \n\n \n\n34 ", "Slide32": "\fSlide:\nFloating point numbers \n\n Example \n\nInteger \n\n1.01 x 2-12 \n\n \n       \n\nExponent \n\n \n\n \n\nBinary point \n\nRadix (base) \n\n Normal Form \n\n \n\n \n\n+(-) 1.x * 2 y \n\nsign bit      significand       exponent \n\n \n Things to be encoded: \n\n sign bit \n\n significant \n\n exponent \n\nWeek2 \n\n33 ", "Slide39": "\fSlide:\nExample 2 \n\n To encode the locations in a memory. \n\nAssume the memory size is 2kB with  (2 \nBytes/location).  \n 1024 locations \n\n Binary encoding \n\n 10-bit  \n\n \n\nWeek2 \n\n40 ", "Slide38": "\fSlide:\nExample 1 \n\n To encode a decimal digit with 7 digits for 7-\n\nsegment display \n\nS0 \n\nS5 \n\nS6 \n\nS1 \n\nS4 \n\nS3 \n\nS2 \n\n     A  B C  D \n     0  0  0  0 \n     0  0  0  1 \n     0  0  1  0 \n     0  0  1  1 \n     0  1  0  0 \n     0  1  0  1 \n     0  1  1  0 \n     0  1  1  1 \n     1  0  0  0 \n     1  0  0  1 \n     1  0  1  0 \n     1  0  1  1 \n     1  1  0  0 \n     1  1  0  1 \n     1  1  1  0 \n     1  1  1  1 \n\nWeek2 \n\nS0  S1  S2  S3  S4  S5  S6 \n1   1   1   1   1   1   0 \n0   1   1   0   0   0   0 \n1   1   0   1   1   0   1 \n1   1   1   1   0   0   1 \n0   1   1   0   0   1   1 \n1   0   1   1   0   1   1 \n1   0   1   1   1   1   1 \n1   1   1   0   0   0   0 \n1   1   1   1   1   1   1 \n1   1   1   1   0   1   1 \nx   x   x   x   x   x   x \nx   x   x   x   x   x   x \nx   x   x   x   x   x   x \nx   x   x   x   x   x   x \nx   x   x   x   x   x   x \nx   x   x   x   x   x   x \n\n39 ", "Slide19": "\fSlide:\nExamples    \n\n Hexadecimal to binary \n\n Convert 2F6A.78 16 to binary : \n      2        F      6      A   .     7       8 16 \n \n     =   0010 1111 0110 1010 . 0111 1000 2 \n   =  10111101101010.01111 2 \n\n \n\n \n \n\n Note:  \n\n For whole number parts, the leading 0s can be \n\nomitted. \n\n For fractional parts, the trailing 0s can be omitted. \n\nWeek2 \n\n20 ", "Slide18": "\fSlide:\nExamples    \n\n Binary to hexadecimal \n\n Convert 10101100011010001000.10001 2 to \n\nhexadecimal : \n   1010 1100 0110 1000 1000 . 1000 1000 2 \n\n \n   =      A       C      6        8      8    .    8      8    16     \n   =   AC688.8816 . \n\n \n\n \n\n \n\n Note:  \n\n Whole number parts are grouped from right to left. \n\nThe leading 0 is optional \n\n Fractional parts are grouped from left to right and \n\npadded with 0s  \n\nWeek2 \n\n19 ", "Slide52": "\fSlide:\nExample3 – cont’d \n\n/* Retrieving the values from the array add the values \ntogether  \n   and write them back into another array   \n*/ \nlds r16,0x000200    //value taken from the first array \nlds r17,0x000205    //value taken from the second array \nadd r16,r17         //adding the values together \nsts 0x00020A,r16    //storing the value into another \narray \n \nlds r16,0x000201 \nlds r17,0x000206 \nadd r16,r17 \nsts 0x00020B,r16 \n \nlds r16,0x000202 \nlds r17,0x000207 \nadd r16,r17 \nsts 0x00020C,r16 \n \nlds r16,0x000203 \nlds r17,0x000208 \nadd r16,r17 \nsts 0x00020D,r16 \n \nlds r16,0x000204 \nlds r17,0x000209 \nadd r16,r17 \nsts 0x00020E,r16 \n \nloop: rjmp loop \n\nWeek2 \n\n53 ", "Slide51": "\fSlide:\n/* Example3: Add two arrays and store it a new array.. \n             The array is considered as a sequence of memory blocks.... \n*/ \n/* The header file to include */ \n.include \"m2560def.inc\" \n/****  Storing some values into the first array....*****/ \nldi r16,10 \nsts 0x000200,r16 \nldi r16,11 \nsts 0x000201,r16 \nldi r16,12 \nsts 0x000202,r16 \nldi r16,13 \nsts 0x000203,r16 \nldi r16,14 \nsts 0x000204,r16 \n/****  Storing some values into the second array....*****/ \nldi r16,15 \nsts 0x000205,r16 \nldi r16,16 \nsts 0x000206,r16 \nldi r16,17 \nsts 0x000207,r16 \nldi r16,18 \nsts 0x000208,r16 \nldi r16,19 \nsts 0x000209,r16 \n\nWeek2 \n\n52 ", "Slide50": "\fSlide:\n/* Example2: Copy an Array into another array.. \n             The array is considered as a sequence of memory blocks..*/ \n \n/* The header file to include */ \n.include \"m2560def.inc\" \n/****  Storing some values into the array memory locations *****/ \nldi r16,10 \nsts 0x000200,r16 \nldi r16,11 \nsts 0x000201,r16 \nldi r16,12 \nsts 0x000202,r16 \nldi r16,13 \nsts 0x000203,r16 \nldi r16,14 \nsts 0x000204,r16 \n/*****Copying the array from memory into another array *********/ \nlds r16,0x000200 \nsts 0x000205,r16 \nlds r16,0x000201 \nsts 0x000206,r16 \nlds r16,0x000202 \nsts 0x000207,r16 \nlds r16,0x000203 \nsts 0x000208,r16 \nlds r16,0x000204 \nsts 0x000209,r16 \nloop: rjmp loop     //infinte loop... \n \n\nWeek2 \n\n51 ", "Slide13": "\fSlide:\nNumber conversion    \n\n Between binary and octal \n\n Direct mapping based on the observation: \n\n \n\n \n\n \n\n \n\n \n\n \n\n \n\n The expressions in parentheses, being less than 8, \n\nWeek2 \n\n14 \n\nare the octal digits. \n\n22120212226232232628)(mn08)(jkl   8)(fgh8)(cde8)(0ab20)2n2(m   2l)2k2(jh)2g2(f   2e)2d2(c2b)2(ajklmn)(abcdefgh.\fSlide15:\nNumber conversion    \n\n Between binary and octal (cont.) \n\n Binary to octal \n\n The binary digits (“bits”) are grouped from the radix point, \nthree digits a group. Each group corresponds to an octal \ndigit. \n\n Octal to binary \n\n Each of octal digits is expanded to three binary digits \n\n \n\nWeek2 ", "Slide12": "\fSlide:\nExamples    \n\n To base 16 \n\n To convert (99.25)10 to hexadecimal \n\n For whole number (99)10 – division (by 16) \n\n \n\n \n\n \n\n \n\n \n\n \n\n99 \n\n6 \n\n0 \n\n3 \n\n6 \n\n \n\n For fraction (0.25)10 – multiplication (by 16) \n\n 0.25 \n 0.0 \n\n4 \n\n \n \n\n \n \n\n \n\n  (99.25)10=(63.4) hex \n\n \n\n \n\nWeek2 \n\n13 ", "Slide11": "\fSlide:\nExamples    \n\n To base 8 \n\n To convert (99.25)10 to octal \n\n For whole number (99)10 – division (by 8) \n\n \n\n \n\n \n\n \n\n \n\n \n\n \n\n \n\n99 \n\n12 \n\n 1 \n\n 0 \n\n3 \n\n4 \n\n1 \n\n \n\n For fraction (0.25)10 – multiplication (by 8) \n\n 0.25 \n 0.0 \n\n2 \n\n \n \n\n \n \n\n \n\n  (99.25)10=(143.2) 8 \n\nWeek2 \n\n12 \n\n \n\n ", "Slide10": "mm-0n1nnnm-1-0nnra...raara...rara)...aa.a...aa(ar\fSlide:\nExamples    \n\n To base 2 \n\n To convert (11.25)10 to binary \n\n For whole number (11)10 – division (by 2) \n\n \n \n \n \n \n\n \n \n \n \n \n\n11 \n 5 \n 2 \n 1 \n 0 \n\n1 \n1 \n0 \n1 \n \n\n For fraction (0.25)10 – multiplication (by 2) \n\n 0.25 \n 0.5 \n 0.0 \n\n0 \n1 \n\n \n \n \n\n \n \n \n \n\n \n\n  (11.25)10=(1011.01) 2 \n\nWeek2 \n\n11 ", "Slide17": "\fSlide:\nNumber conversion    \n\n Between binary and hexadecimal \n\n Binary to hexadecimal \n\n The binary digits (“bits”) are grouped from the radix point, \n\nfour binary digits a group. Each group corresponds to a \nhexadecimal digit. \n\n Hexadecimal to binary \n\n Each of hexadecimal digits is expanded to four binary \n\ndigits \n\n \n\nWeek2 \n\n18 ", "Slide16": "\fSlide:\nExamples    \n\n Octal to binary \n\n Convert 37425.62 8 to binary : \n\n \n\n \n \n\n    3     7     4     2     5   .    6     2 8 \n \n     =  011 111 100 010 101  . 110 010 2 \n   =  11111100010101.11001 2 \n\n Note:  \n\n For whole number parts, the leading 0s can be \n\nomitted. \n\n For fractional parts, the trailing 0s can be omitted. \n\nWeek2 \n\n17 ", "Slide15": "\fSlide:\nExamples    \n\n Binary to octal \n\n Convert (10101100011010001000.10001) 2 to octal: \n\n \n\n \n\n \n\n   010 101 100 011 010 001 000 . 100 010 2 \n \n   =      2     5     4     3     2     1     0   .    4     2 8 \n   =   2543210.42 8 . \n\n Note:  \n\n Whole number parts are grouped from right to left. \n\nThe leading 0 is optional \n\n Fractional parts are grouped from left to right and \n\npadded with 0s  \n\nWeek2 \n\n16 ", "Slide14": " ", "Slide3": "7109105103(3597)2310\fSlide5:\nBinary \n\n Example \n\n \n\n \n\n \n\n The place values, from right to left, are 1, 2, 4, 8 \n\n The base or radix is 2 \n\n  All digits must be less than the base, namely, \n\n0~1 \n\n  What are the first 16 binary integers? \n\nWeek2 ", "Slide2": "\fSlide:\nNumber representation \n\n Any number can be represented in the form \n\nof  \n\n \n\n \n\n \n\n \n\nWeek2 \n\n3 \n\nra0baseradix,:rra...raara...rara)...aa.a...aa(aimm11-011n1nnnrm-1-011nn\fSlide4:\nDecimal \n\n Example \n\n \n\n \n\n \n\n The place values, from right to left, are 1, 10, 100, \n\n1000 \n\n The base or radix is 10 \n\n  All digits must be less than the base, namely, \n\n0~9 \n\n \n\nWeek2 ", "Slide1": "Week \n\n1 \n\n\fSlide2:\nLecture overview \n\n Basics of computing with digital systems \n\n Binary numbers \n\n Floating point numbers \n\n Encoding \n\n BCD \n\n ASCII \n\n Others  \n\n \n\nWeek2 \n\n2 ", "Slide0": "Slide:\nNumber Systems \n& Encoding \n\nLecturer: Sri Parameswaran \n\nAuthor: Hui Annie Guo \n\nModified: Sri Parameswaran ", "Slide7": "\fSlide:\nNumber conversion    \n\n From base r  to base 10 \n\n Using \n\n \n\n \n\n \n\n Examples:  \n\n \n\nWeek2 \n\n8 \n\nmm11-011n1nnnm-1-011nnra...raara...rara)...aa.a...aa(ar\fSlide9:\nExamples    \n\n From base 2  \n\n \n\n From base 8 \n\n \n\n From base 16 \n\n \n\n \n\n  \n\nWeek2 ", "Slide6": "", "Slide5": "11164162161516416216F(F24B)232316B\fSlide7:\nWhich numbers to use? \n\n Digital machines use binary numbers \n\n Because digital devices can easily produce high \nor low level voltages, which can represent 1 or 0. \n\n Hexadecimals or sometimes octal numbers \n\nare used  \n For neat binary representation \n\n For easy number conversion between binary and \n\ndecimal \n\n Humans are familiar with decimals \n\n \n\n \n\nWeek2 ", "Slide4": "1212021(1011)232\fSlide6:\nHexadecimal \n\n Example \n\n \n\n \n\n \n\n The place values, from right to left, are 1, 16, 162, \n\n163 \n\n The base or radix is 16 \n\n  All digits must be less than the base, namely, \n\n0~9,A,B,C,D,E,F \n\n \n\nWeek2 ", "Slide9": " From base   to base r \n\nBased on the formula \n\n \n\n \n For whole number \n\n Divide the number/quotient repeatedly by r until the \n\nquotient is zero and the remainders are the digits of base \nr number, in reverse order \n\n For fraction \n\n Multiply the number/fraction repeatedly by r, the whole \n\nnumbers of the products are the digits of the base r \nfraction number \n\nWeek2 \n\n10 ", "Slide8": "11.5211212021)(1011.1-123225.517825808081(1005.2)123826610160161(10A)216\fSlide10:\nNumber conversion    "}