{"Slide-1": "", "Slide22": "\fSlide:\nSubtraction by tens-complements\n\nAgain, suppose a,b are in the range 0 to 4999.  Then\na+b* = a + 104 - b = 104 + a - b = 104 - (b-a).\n\nIf a=b or a>b, then a+b* is at least 104 and reduces to   \na-b if we throw away the carry.  If a<b, we see from the \ngreen expression that a+b* = (b-a)*, which is less than \n104 (leaving no carry) and represents a-b.  Also,\n\na*+b* = 104 - a + 104 - b = 104 + (a+b)*.\n\nDiscarding the carry leaves (a+b)*, which means -a-b.\n\nIn all cases, discarding the carry (if any) gives the tens-\ncomplement representation of the expected result.\n\n2/04/2019\n\n23", "Slide23": "\fSlide:\nTens-complement examples\n\n(1)  2708 - 1984:\n\n(3)  -2708 - 1984:\n\n2708\n\n+   8016  (= 1984*)\n\n= 10724\n\n7292  (= 2708*)\n\n+   8016  (= 1984*)\n\n= 15308\n\nor  0724  (discarding carry).\n\nor  5308  (discarding carry).\n\n(2)  1984 - 2708:\n\n1984\n\n+   7292  (= 2708*)\n\n=   9276  (= 0724*).\n\nNo carry to discard.\n\nResult means -724.\n\nResult is 4692*\n\nand means  - 4692.\n\n(4)  2708 + 1984:\nThis is trivial.  The result is 4692.\n\n[Slide 21 does the same \nexamples in nines-comp.] \n\n2/04/2019\n\n24", "Slide20": "\fSlide:\nNines-complement examples\n\n(1)  2708 - 1984:\n\n(3)  -2708 - 1984:\n\n2708\n\n+   8015  (= 1984’ )\n\n= 10723\n\n7291  (= 2708’ )\n\n+   8015  (= 1984’ )\n\n= 15306\n\n1  (end-around carry)\n\n1  (end-around carry)\n\n=   0724.\n\n(2)  1984 - 2708:\n\n1984\n\n+   7291  (= 2708’ )\n\n=   9275  (= 0724’ ).\n\nEnd-around carry is zero.\n\nResult means -724.\n\n=   5307  (= 4692’ ).\n\nResult means -4692.\n\n(4)  2708 + 1984:\nThis is trivial, as no conversions are \nrequired.  The result is 4692.\n\n2/04/2019\n\n21", "Slide21": "\fSlide:\nTens-complements\n\nWe can eliminate the double representation of zero and the \nend-around-carry by using the tens complement, which is \nfound by adding 1 to the nines complement.  Hence, in 4-\ndigit decimal arithmetic, the tens complement of b is \ndefined as\n\nb* = 104 - b.\n\nIn tens-complement arithmetic, 0 to 4999 are represented \nliterally, while -1 to -5000 are represented by 9999 down \nto 5000, which are the tens complements of 1 to 5000.  \nZero is always 0000.  Note that +5000 is not represented.\n\n2/04/2019\n\n22", "Slide26": "\fSlide:\nOnes-complements\n\nIn n-digit binary arithmetic, the ones complement of b is\n\nb’ = 2n - 1 - b.\n\nIn binary, 2n - 1 is a row of n ones.  So to find b’, we \nsubtract each digit from 1, or invert each digit; this is \ncalled a bitwise inversion.\n\nIn ones-complement arithmetic, we represent -b by b’.  \nThe numbers 0 to 2n-1 - 1 are represented literally [for n=4, \nthese numbers are 0000 to 0111], while -0 to -(2n-1 - 1) are \nrepresented by 2n - 1 down to 2n-1 [1111 down to 1000].  \nZero can be represented as 0 or 2n - 1 [0000 or 1111].\n\n2/04/2019\n\n27", "Slide27": "\fSlide:\nSubtraction by ones-complements\n\nSuppose a,b are in the range 0 to 2n-1 - 1.  Then\n\na+b’ = a + 2n - 1 - b = 2n - 1 + a - b = 2n - 1 - (b-a).\n\nIf a=b, then a+b’ = 2n - 1, which means 0, which is a-b.  \nIf a>b, then a+b’ is at least 2n , and we must subtract     \n2n - 1 to obtain a-b ; this subtraction can be accomplished \nby the end-around carry.  If a<b, then a+b’ = (b-a)’, \nwhich represents a-b (and has no end-carry).  Also,\n\na’+b’ = 2n - 1 - a + 2n - 1 - b = 2n - 1 + (a+b)’.\n\nThe end-around carry leaves (a+b)’, which means -a-b.  \nSo a-b and -a-b evaluate correctly in ones-complement.\n\n2/04/2019\n\n28", "Slide24": "\fSlide:\nOverflow in tens-complement\n\nSuppose a,b are in the range 0 to 4999.  Then\n\na+b* = 104 + a - b = 104 - (b - a).\n\nThe result is in the range 5001 to 14999.  After the carry \n(if any) is dropped, this represents -4999 to +4999, which \nis the correct range for a-b.\n\nBut if a+b > 4999, then a+b represents a negative \nnumber; this is positive overflow.\n\nRecall that a*+b* becomes (a+b)* when the carry is \ndropped.  If a+b > 5000, then (a+b)* < 5000 and stands \nfor a positive number, not -a-b; this is negative overflow.\n\n2/04/2019\n\n25", "Slide25": "\fSlide:\nNegative numbers in binary\n\nThe nines complement in decimal corresponds to \nthe ones complement in binary.  In both notations, \nthe carry from the most significant digit is added to \nthe least significant digit (“end-around carry”).\n\nThe tens complement in decimal corresponds to \nthe twos complement in binary.  In both notations, \nthe carry from the most significant digit is \ndropped.\n\n[The next 10 slides concern ones- and twos complements.]\n\n2/04/2019\n\n26", "Slide28": "\fSlide:\n4-bit ones-complement examples\n\n(1)  0101 - 0010 (5 - 2):\n\n(3)  -0101 - 0010 (-5 - 2):\n\n0101\n\n+   1101  (= 0010’ )\n\n= 10010\n\n1010  (= 0101’ )\n\n+   1101  (= 0010’ )\n\n= 10111\n\n1  (end-around carry)\n\n1  (end-around carry)\n\n=   0011  (= 3).\n\n(2)  0010 - 0101 (2 - 5):\n\n=   1000  (= 0111’ ).\n\nResult means -7.\n\n0010\n\n+   1010  (= 0101’ )\n\n=   1100  (= 0011’ ).\n\nEnd-around carry is zero.\n\nResult means -3.\n\n(4)  0101 + 0010 (5 + 2):\nThis is trivial, as no conversions are \nrequired.  The result is 0111 (= 7).\n\n2/04/2019\n\n29", "Slide29": "\fSlide:\nTwos-complements\n\nIn n-digit binary arithmetic, the twos complement of b is\n\nb* = b’ + 1 = 2n - b .\n\nIn twos-complement arithmetic, the values 0 to 2n-1 - 1 \n[0000 to 0111 for n = 4] are represented literally, while the \nvalues -1 to -2n-1 [-0001 to -1000] are represented by 2n - 1 \ndown to 2n-1 [1111 down to 1000], which are the twos \ncomplements of 1 to 2n-1.  Note that 2n-1 [1000] represents \nthe value -2n-1 [-1000] while the value +2n-1 [+1000] is not \nrepresented.  N.B.: Negative numbers are marked by a 1 \nin the leftmost bit or Most Significant Bit (MSB).  So the \nMSB is also the sign bit.\n\n2/04/2019\n\n30", "Slide44": "\fSlide:\nThe “ripple-carry” effect.\n\nIn the 4-bit adders shown on the last few slides, the carry-\nout from each FA is connected to the carry-in of the next.  \nThis system is called ripple-carry.\n\nLogic gates do not react instantaneously to changes in \ntheir inputs.  There is a delay in the calculation of C1.  \nWhen C1 reaches its correct value, there is a further delay \nin the calculation of C2 (which depends on C1), and so on.  \nSo the carry “ripples” through the full adders. The sum \nbits also depend on the incoming carry bits, causing a \ncumulative delay in the calculation of the sum.\n\n2/04/2019\n\n45", "Slide45": "\fSlide:\nCarry acceleration (1)\n\nMethods for reducing carry delay include the carry-select \nadder (CSA) and carry look-ahead (CLA).  These are \nuseful when we connect several 4-bit adders in cascade to \nmake a larger adder.\n\nIn a 4-bit CSA, we have two complete 4-bit adders, one \nwith a carry-in of 0 and the other with a carry-in of 1.  The \n“real” carry-in is used to select between the outputs of the \ntwo adders.  The two sums and two carry-outs can be \ncomputed while waiting for the carry-in from the previous \nadder in the chain.\n\n2/04/2019\n\n46", "Slide46": "\fSlide:\nCarry acceleration (2)\n\nIn an adder with carry look-ahead (CLA), each FA has two\ncarry outputs, called generate carry (G) and propagate \ncarry (P).  G means “Co = 1” (regardless of Ci), while P \nmeans “Co = Ci”.  Using G and P as intermediate values, \nall the carry-ins to a 4-bit adder can be computed from the \ninputs and C0 (C0 is the least significant or rightmost Ci).\nWe can also produce G and P outputs for the whole 4-bit \nadder; P means “C4 = C0”.  When several 4-bit adders are \ncascaded, the G and P outputs of each adder can be \ncombined like those of a single FA; the combining circuit \nis called a carry look-ahead generator (CLAG).\n\n2/04/2019\n\n47", "Slide40": "\fSlide:\nFull adder - implementation (2)\n\nIn the previous slide, the \nXOR and AND gates at the \ntop left comprise a half \nadder, and the lower XOR \ngate is part of a half adder.  \nSo the circuit may be \nredrawn as shown here.  \nThe labels ‘C’ and ‘S’ \ndistinguish between the \noutputs of each HA.  The \ncarry-out variables from\n\n2/04/2019\n\nthe two HAs are called \nCAand CB ;  CB is unused.\n\nA\nB\nCi\n\nHA\nC   S\n\nCA\n\nHA\nC   S\n\nCB\n\nS\n\nCo\n\n41", "Slide41": "\fSlide:\nFull adder - implementation (3)\n\nNow let’s see if we can use \nCB in the calculation of Co .\n\nTRUTH TABLE\nA  B  Ci CA CB Co\n0   0   0       0     0       0\n\n0   0   1       0     0       0\n\n0   1   0       0     0       0\n\n0   1   1       0     1       1\n\n1   0   0       0     0       0\n\n1   0   1       0     1       1\n\n1   1   0       1     0       1\n\n1   1   1       1     0       1\n\nFrom the truth table we see \nthat Co = CA or CB .  So the \nFA circuit simplifies to:\n\nCiBA\n\nHA\nC   S\n\nCA\n\nHA\nC   S\n\nS\n\nCB\n\nCo\n\n2/04/2019\n\n42", "Slide42": "\fSlide:\nFull adder - used in 4-bit subtractor\n\nTo subtract B3B2B1B0 from \nA3A2A1A0 using twos-\ncomplement arithmetic, we \nadd A3A2A1A0 to the twos \ncomplement of B3B2B1B0 .  \nTo find the complement, \nwe invert the bits and add \none.  The “add one” step \ncan be done by replacing \nthe right-hand half adder \nwith a full adder.\n\nSubtractor (with overflow):\n\nB3\n\nB2\n\nB1\n\nB0\n\nA3\n\nA2\n\nA1\n\nA0\n\n1\n\nFA\n\nFA\n\nFA\n\nFA\n\nC4\n\nC3\n\nC2\n\nC1\n\nS0\n\nS1\n\nS2\n\nS3\n\nOF (overflow)\n\n2/04/2019\n\n43", "Slide43": "\fSlide:\n4-bit adder/subtractor\n\nAn XOR gate is a \ncontrolled inverter.  If one \ninput is 0, the output is the \nother input; if one input is \n1, the output is the inverse \nof the other input.  We can \nuse XOR gates to select \nbetween B3B2B1B0 and its \nones complement.  The \nSel(ect) input also controls \nthe \"add one’’ step.\n\nAdder/subtractor:\n\nB3\n\nB2\n\nB1\n\nB0\n\nA3\n\nA2\n\nA1\n\nA0\n\nSel\n\nFA\n\nFA\n\nFA\n\nFA\n\nC4\n\nC3\n\nC2\n\nC1\n\nS0\n\nS1\n\nS2\n\nS3\n\nOF (overflow)\n\n2/04/2019\n\n44", "Slide35": "carry in  carry out.\fSlide:\nHardware overflow signal\n\nWe have seen that the condition for twos-complement* \noverflow is\n\nin the MSB.  An “XOR” gate has an output of 1 when the \ninputs are unequal.  So if we define the overflow flag as\n\noverflow = (carry in) xor (carry out),\n\nit will be 1 (or “set” or “true”) when an overflow occurs.\n* The same condition works for ones-complement.  To prove this, we have to \nconsider which of the cases on the preceding two slides can involve 1111, which \nis not negative and breaks the rule that a 1 in the MSB signals a negative number.  \nThe proof is left as an exercise.\n\n2/04/2019\n\n36", "Slide34": "carry in  carry out.\fSlide:\nNegative overflow detection\n\nAddition of negative twos-\ncomplement numbers \nwithout overflow:\n\n1xxx\n\n+    1xxx\n\n=  11xxx .\n\nThe carry in to the MSB \nmust have been 1 \n(otherwise the sum bit \nwould be 0), and the carry \nout is 1.\n\n2/04/2019\n\nNegative overflow:\n\n1xxx\n\n+    1xxx\n\n=  10xxx .\n\nThe carry in to the MSB \nmust have been 0, but the \ncarry out is 1.\n\nSo negative overflow, like \npositive, occurs when\n\n35", "Slide37": "\fSlide:\nHalf adder (continued)\n\nThe truth table is fully \ndescribed by the Boolean \nrelations\n\nS = A xor B\n\nC = AB\n\nwhich lead directly to the \ngate implementation:\n\nA\nB\n\n2/04/2019\n\nS\n\nC\n\nIn hand calculations, the \nsum bit is written under the \ncolumn, while the carry bit \nis added to the next column \nto the left; that column has \nthree bits to be added.  An \nadder accepting three 1-bit \ninputs is called a full adder \n[next slide]; one accepting \nonly two inputs is called a \nhalf adder [left]. \n\n38", "Slide36": "carry in  carry out\fSlide:\nHalf adder\n\nWhen two binary numbers \nare added [cf. slides 29 and \n32], the right-hand bits are \nadded using this addition \ntable [cf. slide 3]:\n\nLet the bits to be added be \nA and B, the sum bit S and \nthe carry bit C.  Then the \naddition table may be \nexpressed as a truth table:\n\n0+0 = 00   0+1 = 01\n\n1+0 = 01   1+1 = 10\n\nIn the two-bit sum, the \nright bit is the sum bit and \nthe left bit the carry bit.\n\n2/04/2019\n\nA\n\n0\n\n0\n\n1\n\n1\n\nB\n\n0\n\n1\n\n0\n\n1\n\nS\n\n0\n\n1\n\n1\n\n0\n\nC\n\n0\n\n0\n\n0\n\n1\n\n37", "Slide31": "\fSlide:\n4-bit twos-complement examples\n\n(1)  0101 - 0010 (5 - 2):\n\n(3)  -0101 - 0010 (-5 - 2):\n\n0101\n\n+   1110  (= 0010*)\n\n= 10011\n\n1011  (= 0101*)\n\n+   1110  (= 0010*)\n\n= 11001\n\nor  0011  (discarding carry).\n\nor  1001  (discarding carry ).\n\n(2)  0010 - 0101 (2 - 5):\n\n0010\n\n+   1011  (= 0101*)\n\n=   1101  (= 0011*).\n\nNo carry to discard.\n\nResult means -3.\n\nResult is 0111*\n\nand means  -7.\n\n(4)  0101 + 0010 (5 + 2):\nThis is trivial, as no conversions are \nrequired.  The result is 0111 (= 7).\n\n[Slide 29 does the same \nexamples in ones-comp.]\n\n2/04/2019\n\n32", "Slide30": "\fSlide:\nSubtraction by twos-complements\n\nAgain, suppose a,b are in the range 0 to 2n-1 - 1.  Then\n\na+b* = a + 2n - b = 2n + a - b = 2n - (b-a).\n\nIf a=b or a>b, then a+b* is at least 2n and reduces to     \na-b if we throw away the end-carry (subtracting 2n ).  If \na<b, then a+b* = (b-a)*, which represents a-b (and there \nis no end-carry to throw away).  Also,\n\na*+b* = 2n - a + 2n - b = 2n + (a+b)*.\n\nDropping the carry leaves (a+b)*, which means -a-b.\n\nIn all cases, discarding the carry (if any) gives the twos-\ncomplement representation of the expected result.\n\n2/04/2019\n\n31", "Slide33": "\fSlide:\nPositive overflow detection\n\nAddition of 4-bit positive \nnumbers without overflow \nlooks like this:\n\n0xxx\n\n+  0xxx\n\n=  0xxx .\n\nThe carry in to the MSB \nmust have been 0, and the \ncarry out is 0.  (We can \nrepeat the illustration for \nany number of bits.)\n\n2/04/2019\n\nPositive overflow looks \nlike this:\n\n0xxx\n\n+  0xxx\n\n=  1xxx .\n\nThe carry in to the MSB \nmust have been 0, but the \ncarry out is 1.\n\nOverflow occurs when\n\n34", "Slide32": "\fSlide:\nOverflow in twos-complement\n\nSuppose a,b are in the range 0 to 2n-1 - 1.  Then\n\na+b* = 2n + a - b = 2n - (b - a).\n\nThe result is in the range 2n-1 + 1 to 2n + 2n-1 - 1.  After any \ncarry is dropped, this represents -(2n-1 - 1) to 2n-1 - 1, \nwhich is the correct range for a-b.\nBut if a+b > 2n-1 - 1, then a+b represents a negative \nnumber; this is positive overflow.\n\nRecall that a*+b* becomes (a+b)* when the carry is \ndropped.  If a+b > 2n-1, then (a+b)* < 2n-1 and represents \na positive number, not -a-b; this is negative overflow.\n\n2/04/2019\n\n33", "Slide39": "\fSlide:\nFull adder - implementation (1)\n\nLet Ci be the carry-in, S the \nsum, and Co the carry-out.\n\nA\nB\nCi\n\nTRUTH TABLE\nA  B  Ci\nS    Co\n0   0   0      0     0\n\n0   0   1      1     0\n\n0   1   0      1     0\n\n0   1   1      0     1\n\n1   0   0      1     0\n\n1   0   1      0     1\n\n1   1   0      0     1\n\n1   1   1      1     1\n\n2/04/2019\n\nS is 1 if the inputs A,B,Ci\ninclude an odd number of \n1’s.  Co is 1 if any two (or \nmore) inputs are 1’s.\n\nS\n\nCo\n\n40", "Slide38": "\fSlide:\nFull adder - used in 4-bit adder\n\nA full adder adds three \nnumbers each of which can \ntake the values 0 and 1.  \nThe result lies in the range \n002 to 112 and can be \nrepresented by a sum bit \nand carry bit, as in a half \nadder.\n\nSuppose we want to add \ntwo 4-bit numbers \nA3A2A1A0 and B3B2B1B0 .\n\n2/04/2019\n\nLet the sum be S3S2S1S0 , \nand let C1 be the carry into \nthe column of A1 and B1, \netc.  Let FA denote a full \nadder and HA a half adder.\n\nThe circuit is:\n\nA3  B3\n\nA2  B2\n\nA1  B1\n\nA0  B0\n\nFA\n\nFA\n\nFA\n\nHA\n\nC3\n\nC2\n\nC1\n\nS0\n\nS1\n\nS2\n\nS3\n\n39", "Slide19": "\fSlide:\nSubtraction by nines-complements\n\nSuppose a and b are in the range 0 to 4999.  Then\n\na+b’ = a + 9999 - b = 9999 + a - b = 9999 - (b-a).\n\nIf a=b, then a+b’ = 9999, which means 0, which is a-b.  \nIf a>b, then a+b’ is at least 104, and we must subtract \n9999 to obtain a-b ; this can be done by adding the carry \nfrom the leftmost column (“end-around carry”). If a<b, \nwe see from the green expression that a+b’ = (b-a)’, \nwhich represents a-b (and has no end-carry).  Also,\n\na’+b’ = 9999 - a + 9999 - b = 9999 + (a+b)’.\n\nThe end-around carry leaves (a+b)’, which means -a-b.\n\n2/04/2019\n\n20", "Slide18": "\fSlide:\nNines-complements\n\nIf we confine the discussion to 4-digit decimal arithmetic, \nthe nines complement of b is defined as\n\nb’ = 104 - 1 - b = 9999 - b.\n\nEvaluation of the nines complement does not require the \nfull subtraction algorithm, because there is no borrowing. \nEach digit is simply subtracted from 9.\n\nIn nines-complement arithmetic, we represent -b by b’.  \nThe numbers 0 to 4999 are represented literally, while -0 \nto -4999 are represented by 9999 down to 5000.  Zero can \nbe represented as 0000 or 9999.\n\n2/04/2019\n\n19", "Slide13": "\fSlide:\nBinary-octal conversion - Examples\n\n(1) Convert 10111110101100011010001000 2 to octal :\n\n010 111 110 101 100 011 010 001 000 *\n=   2     7     6     5     4     3     2     1     0 8\n=   276543210 8 .\n\n(* The leading 0 is optional.  Each conversion of three \nbinary digits to one octal digit is done by inspection.)\n\n(2) Fractional parts are grouped from left to right and \npadded with zeros (the proof is left as an exercise).  \nExample: Convert 11111111.10001 2 to octal:\n\n011 111 111 . 100 010 2 =  377.42 8 .\n\n2/04/2019\n\n14", "Slide12": "\fSlide:\nOctal (base 8)\n\nIt is especially easy to convert between octal and binary:\nabcdefgh2\n\n= a.27 + b.26 + c.25 + d.24 + e.23 + f.22 + g.2 + h\n= (a.2 + b).26 + (c.22 + d.2 + e).23 + (f.22 + g.2 + h)\n= (ab2).82 + (cde2).8 + (fgh2)\n\nThe expressions in parentheses, being less than 8, are the \noctal digits.  The process can also be reversed.  Note that \none octal digit corresponds to three binary digits because \n8 = 23.  The binary digits (“bits”) are grouped from right \nto left, i.e. away from the radix point.\n\n2/04/2019\n\n13", "Slide11": "\fSlide:\nNotes on base conversions\n\nIn explaining how to convert to base x [slides 6 & 9], we \nhave written the given numbers in powers of x to show \nwhy the methods work.  In the worked examples, of \ncourse, we have written the given numbers in decimal.\n\nBecause we humans prefer base 10, we use repeated \ndivision to convert to other bases, and power-series \nexpressions to convert to base 10.\n\nBut a computer prefers base 2.  So it works the other way \naround, using repeated division to express its results in \nbase 10, and power-series expressions to convert human \ninput to base 2.\n\n2/04/2019\n\n12", "Slide10": "Example: Convert .8125 to base 8\n\nFor the integer part, we \nrepeatedly divide by 8 \n(remainders are in blue):\n\nEach line in the table is 8 \ntimes the fractional part of \nthe previous line:\n\n11\n\n1\n\n0\n\n3\n\n1\n\n.8125\n\n6.5\n\n4.0\n\nInteger part is 13 8 .\nFor the fractional part, we \nrepeatedly multiply by 8 \n[next column].\n\nFractional part is .64 8 .\nAnswer:\n\n11.8125 10 = 13.64 8 .\n\n2/04/2019\n\n10\n\n\fSlide11:\nExample: Convert 6.410 to base 7\n\nThe integer part is trivial:\n\n6\n\n0\n\n6\n\nInteger part is 6 7 .\nThe fractional part is 4/10.  \nSince 10 is not divisible by \n7, repeated multiplication \nby 7 will never cancel the \ndenominator and never \nconvert the fractional part\n\nto an integer.  So the \nprocess will not terminate:\n\n.4\n\n2.8\n\n5.6\n\n4.2\n\n1.4\n\n...and this pattern repeats.\n\nAnswer: 6.25412541...\n\n2/04/2019\n\n11", "Slide17": "\fSlide:\nNegative numbers & subtraction\n\nMathematicians define \nsubtraction as addition of \nthe additive inverse:\n\na - b = a + (-b).\n\nIn theory, this trick reduces \nsubtraction to addition.  In \npractice, we still need \nsubtraction because we use \na magnitude-sign notation \nfor negative numbers.\n\nThat is, if b is positive, we \nwrite its additive inverse as\n\n-b = -|b|\n\nand we evaluate a + (-b) as \na - b.\n\nTo eliminate subtraction in \nbase-10 integer arithmetic, \nwe can represent -b by the \nnines complement or tens \ncomplement of b.\n\n2/04/2019\n\n18", "Slide16": "\fSlide:\nConversion to binary via octal\n\nThe direct conversion of \n200110 to binary looks like \nthis ...\n\n... and gives 11111010001.\n\nIt may be quicker to \nconvert to octal first ...\n\n2001\n\n1000\n\n500\n\n250\n\n125\n\n62\n\n31\n\n15\n\n7\n\n3\n\n1\n\n0\n\n1\n\n0\n\n0\n\n0\n\n1\n\n0\n\n1\n\n1\n\n1\n\n1\n\n1\n\n2001\n\n250\n\n31\n\n3\n\n0\n\n1\n\n2\n\n7\n\n3\n\n... yielding 3721 8 , which \ncan be instantly converted \nto 11 111 010 001 2 . \n\n2/04/2019\n\n17", "Slide15": "Hexadecimal or “hex” (base )\n\nWe have seen that one octal digit corresponds to 3 bits \nbecause 8 = 23.  Similarly, one hex digit corresponds to 4 \nbits because 16 = 24.  The following generalized example \nincludes a fractional part, which must be padded with a 0:\nabcdef.ghijklm 2\n\n=   a.25 + b.24 + c.23 + d.22 + e.2 + f\n\n+ g.2-1 + h.2-2 + i.2-3 + j.2-4 + k.2-5 + l.2-6 + m.2-7\n\n=   (a.2 + b).24 + (c.23 + d.22 + e.2 + f )\n\n+ (g.23 + h.22 + i.2 + j).2-4 + (k.23 + l.22 + m.21 + 0).2-8\n=   (ab2).16 + (cdef2) + (ghij2).16-1 + (klm02).16-2.\n\n2/04/2019\n\n15\n\n\fSlide16:\nHex-binary conversion - Examples\n\n(1) Convert 789ABCDEFhex to binary:\n\n0111 1000 1001 1010 1011 1100 1101 1110 1111 2 .\n\n(The leading 0 can be omitted.  Conversion of individual \nhex digits can be done by inspection; recall that the letters \nA to F represent the “digits” 10 to 15.)\n(2) Convert 1011100.101101 2 to hex:\n\n0101 1100 . 1011 0100 2 =  5C.B4 hex .\n\n(The digits are counted off away from the radix point.  \nThe trailing zeros on the fractional part are needed to \ncomplete the group of four.  The leading 0 is optional.)\n\n2/04/2019\n\n16", "Slide14": "\fSlide:", "Slide3": "Each table has  entries.   \nIn decimal, each table \nwould have 10010 entries!  \n(Notice that 4 = 1002 .)\n\n3\n\n\fSlide4:\nConverting from base x\n\nWhile computers work in base 2, people prefer base 10.  \nSo conversions to and from binary are needed.  We can \nillustrate the methods using a 4-digit integer in an \narbitrary base.  The number abcdx (base x) means\n\nax3 + bx2 + cx + d.\n\nThis polynomial can be used directly to convert the \nnumber to decimal.  We can reduce the number of \narithmetical operations in the conversion by writing the \npolynomial in nested form:\n\n((ax + b) x + c) x + d.\n\n2/04/2019\n\n4", "Slide2": "\fSlide:\nAdvantages of binary representation\n\nBinary notation is \nconvenient for electronic \nprocessing because:\n\n(1) Only two voltage levels \nare needed to represent all \ndigits;\n\n(2) Arithmetic tables are \nsimple, and can be \nimplemented using logic \ngates.\n\n2/04/2019\n\nAddition table:\n\n0+0 = 00   0+1 = 01\n\n1+0 = 01   1+1 = 10\n\nMultiplication table:\n\n0x0 = 0    0x1 = 0\n\n1x0 = 0    1x1 = 1", "Slide1": "Part :\n\nIntroduction to Binary \nNumbers & Arithmetic\n\n2/04/2019\n\n1\n\n\fSlide2:\nDecimal vs. binary representation\n\nThe decimal number 805 \nmeans\n\n8x102 + 0x101 + 5x100.\n\nThe place values, from \nright to left, are \n1,10,100,1000,..., or \n100,101,102,103,... .\n\nThe base or radix is 10.\n\nAll digits must be less than \nthe base, i.e. from 0 to 9.\n\nThe binary number 10112\nmeans\n1x23 + 0x22 + 1x21 + 1x20.\n\nThe place values, from \nright to left, are 1,2,4,8,..., \nor 20,21,22,23,... .\n\nThe base or radix is 2 (in \ndecimal) or 102 (in binary).\nAll digits must be less than \nthe base, i.e. either 0 or 1.\n\n2/04/2019\n\n2", "Slide0": "Slide:", "Slide7": "\fSlide:\nConverting fractions from base x\n\nThe number abcd. pqrsx (base x) means\n\nax3 + bx2 + cx + d +  px-1 + qx-2 + rx-3 + sx-4 .\n\nThe part to the left of the radix point (.) is the integer part \nand the part to the right is the fractional part.  Again, the \nabove expression may be used to convert the number to \ndecimal.  (Exercise:  Can you devise a nested form to \nspeed up the calculation?)\n\nTo convert from decimal to base x, the integer part is \nprocessed by the repeated-division method, while the \nfractional part requires separate treatment [next slide].\n\n2/04/2019\n\n8", "Slide6": "\fSlide:\nConverting to base x - Examples\n\nTo convert 1110 to binary, \nwe repeatedly divide by 2.  \nLet us write the quotients \non the left and remainders \non the right:\n\n11\n\n5\n\n2\n\n1\n\n0\n\n1\n\n1\n\n0\n\n1\n\n2/04/2019\n\nReading the remainders up \nthe column gives 10112.\nTo convert 9973 to base 7:\n\n9973\n\n1424\n\n203\n\n29\n\n4\n\n0\n\n5\n\n3\n\n0\n\n1\n\n4\n\nThe result is 410357.\n\n7", "Slide5": "\fSlide:\nConverting to base x\n\nThe nested form\n\n((ax + b) x + c) x + d\n\ncan be written\n\nabcdx = Cx + d\nwhere  C = Bx + c\n\nwhere  B = ax + b\n\nwhere  a = 0x + a.\n\nNow all the above are \nwhole numbers, and\n\na,b,c,d are all less than x, \nbeing the digits of a base-x\nnumber.  So the equations \nat left imply that d,c,b,a are \nthe remainders when abcdx\nis divided repeatedly by x.\n\nTo convert a whole number \nto base x, divide it \nrepeatedly by x until the \nquotient is zero, and write \nthe remainders in reverse.\n\n2/04/2019\n\n6", "Slide4": "\fSlide:\nConverting from base x - Examples\n\nTaking the example from slide 2,\n\n10112 = 1. 23 + 0. 22 + 1. 21 + 1. 20 = 8 + 0 + 2 + 1 = 11\n\nor, in nested form,\n\n10112 = ((1. 2 + 0) . 2 + 1) . 2 + 1 = 11.\n\nHere’s an example in base 7:\n\n410357 = (((4 . 7 + 1) . 7 + 0) . 7 + 3) . 7 + 5 = 9973.\nIn base 16 (known as hexadecimal or “hex”), we use the \nletters A to F to represent the “digits” 10 to 15 :\n\nFFFFhex = ((15 . 16 + 15) . 16 + 15) . 16 + 15 = 65535.\n\n2/04/2019\n\n5", "Slide9": "\fSlide:", "Slide8": "\fSlide:\nConverting fractions to base x\n\nThe fractional part (red) of \nabcd.pqrsx is\n\npx-1 + qx-2 + rx-3 + sx-4 .\n\nMultiply by x :\n\np + qx-1 + rx-2 + sx-3 .\n\nTake the fractional part and \nmultiply by x again:\nq + rx-1 + sx-2 .\n\nRepeat the separate-and-\nmultiply step until there is\n\nno fractional part left*:\n\nr + sx-1\n\ns + 0.\n\nNow read off the resulting \ninteger parts (red) in \nforward order, and you get \nthe base-x digits pqrs.\n\n* If the process doesn’t \nterminate itself, stop when \nyou’ve got enough digits.\n\n2/04/2019\n\n9"}