{"Slide-1": "", "Slide22": "\fSlide:\nDeglitched D/A \n\nN\n\nDigital\n\nDigital-to-\nAnalog \nConverter\n\nSample-and-\n\nHold \n\nDeglitched \n\nAnalog \nOutput\n\nSAMPLE\n\n23", "Slide23": "\fSlide:\nA/D Conversion\n\nphysical \n\nanalog\n\nelectrical\n\nanalog\n\nelectronic\n\nelectronic\n\nanalog\n\ndigital\n\nTrans-\nducer\n\ncondi-\ntioner\n\nADC\n\nPro-\n\ncessor\n\n24", "Slide20": "\fSlide:\nD/A Converter Specifications \n(cont.)\n\n⚫ Glitches.\n\n⚫ A glitch is caused by asymmetrical switching in \n\nthe D/A switches. If a switch changes from a one \nto a zero faster than from a zero to a one, a glitch \nmay occur.\n⚫ Consider changing the output code of a 8-bit D/A from \n\n10000000 to 01111111 in the next slide.\n\n⚫ D/A converter glitch can be eliminated by using a \n\nsample-and-hold. \n\n21", "Slide21": "\fSlide:\nD/A Output Glitch\n\n10000000\n\n01111111\n\nDigital \nInput \nCode\n\n00000000\n\nGlitch\n\nOutput Voltage\n\nt\n\n22", "Slide26": "\fSlide:\nData Acquisition System\n\nAnalog Input\n\nTransducer\n\nSignal Cond.\n\nAnalog Mux.\n\nOther Analog \n\nInput\n\nTHREE-STATE ENABLE \n\nAnalog Multiplexer \n\n2 \n\nN\n\nData\n\nThree State Gates\n\nN\n\nAnalog-to-Digital  \n\nConverter\n\nSample- and-\n\nHold\n\nDigital\n\nTO CPU\n\nSTART_OF_CONVERT\n\nEND_OF_CONVERT\n\n27", "Slide27": "\fSlide:\nShannon’s Sampling Theorem\n\nClaude Shannon’s Theorem:\n⚫ When a signal, f(t) = X sin(2fsigt), is to be \nsampled (digitized), the minimum sampling \nfrequency must be twice the signal \nfrequency. \n\n28", "Slide24": "\fSlide:\nData Acquisition and \nConversion\n\nProcedure of data acquisition and conversion:\n⚫ A transducer converts physical values to electrical \n\nsignals, either voltages or currents. \n\n⚫ Signal conditioner performs the following tasks:\n\n⚫ Isolation and buffering: The input to the A/D may need to be \nprotected from dangerous voltages such as static charges or \nreversed polarity voltages.\n\n⚫ Amplification: Rarely does the transducer produce the voltage or \ncurrent needed by the A/D. The amplifier is designed so that the \nfull-scale signal from the analog results in a full-scale signal to \nthe A/D.\n\n⚫ Bandwidth limiting: The signal conditioning provides a low-pass \n\nfilter to limit the range of frequencies that can be digitized.\n\n25", "Slide25": "\fSlide:\nData Acquisition and \nConversion (Cont.)\n\n⚫ In applications where several analog inputs must be \ndigitized, an analog multiplexer is followed the signal \nconditioning. It allows multiple analog inputs, each with \nits own signal conditioning for different transducers. \n\n⚫ The sample-and-hold circuit samples the signal and \n\nholds it steady while the A/D converts it.\n\n⚫ The A/D converter converts the sampled signal to digital \n\nvalues.\n\n⚫ The three state gates hold the digital values generated \n\nby the A/D converter. \n\n26", "Slide28": "\fSlide:\nSample Examples\n\n⚫ Sampled at twice of the signal frequency.\n\n1.0\n\n0.8\n\n0.6\n\n0.4\n\n0.2\n0\n\n-0.2\n-0.4\n\n-0.6\n\n-0.8\n\n-1.0\n\nA\n\nf(t)=X sin(2fsig t)\n\nB\n\n29", "Slide29": "\fSlide:\nSample Examples\n\n⚫ Under-sampled, with sample frequency less \n\nthan twice of the signal frequency \n\nf(t)=Y sin(2gsig t)\n\nA\n\nB\nB\n\n1.0\n\n0.8\n\n0.6\n\n0.4\n\n0.2\n0\n\n-0.2\n-0.4\n\n-0.6\n\n-0.8\n\n-1.0\n\n30", "Slide44": "\fSlide:\nA/D Errors (Cont.)\n\nA/D \nAperture\n\nAnalog Input\n\nV\n\n ½ LSB\n\ntAP\n\nAperture time error\n\n45", "Slide45": "\fSlide:\nReading Material\n\n⚫ Chapter 11: Analog Input and Output. \n\nMicrocontrollers and Microcomputers by \nFredrick M. Cady.\n\n⚫ Timers/Counters. AVR Mega2560 Data \n\nSheet.\n⚫ PWM\n\n46", "Slide46": "\fSlide:\nHomework\n1. With the AVR lab board, connect PB7 to a \nLED and run the following code. What did \nyou observe?\n\n.include \"m2560def.inc\"\n.def temp=r16\n\nldi temp, 0b00001000\nsts DDRL, temp ; Bit 3 will function as OC5A.\n\nldi temp, 0x4A\nsts OCR5AL, temp\nclr temp\nsts OCR5AH, temp\n\n; the value controls the PWM duty cycle\n\n; Set the Timer5 to Phase Correct PWM mode. \n\nldi temp, (1 << CS50)\nsts TCCR5B, temp\nldi temp, (1<< WGM50)|(1<<COM5A1)\nsts TCCR5A, temp\n\n47", "Slide47": "\fSlide:\nHomework\n\n2. The A/D converter conversion time is 100 us. \n\nWhat is the maximum frequency that can be \ndigitalized without aliasing occurring?\n\n48", "Slide40": "\fSlide:\nA/D Converter Specifications \n(Cont.)\n\n⚫ Missing codes.\n\n⚫ A missing code could be caused by an internal \n\nerror, especially by the D/A converter in a \nsuccessive approximation converter.\n\n⚫ Aperture time. \n\n⚫ The time that the A/D converter is “looking” at the \n\ninput signal.\n\n⚫ It is usually equal to the conversion time.\n\n41", "Slide41": "\fSlide:\nA/D Converter Specifications \n(Cont.)\n\nOutput Code\n\n11\n\n10\n\n01\n\n00\n\nOutput Code\n\n11\n\n10\n\nMissing \n\n01\n\nCode\n\n00\n\n ½ LSB\n\n ½ LSB\n\nInput \nVoltage\n\nFull-Scale\n\nInput \nVoltage\n\nFull-Scale\n\nA/D linearity                                  \n\nA/D missing codes\n\n42", "Slide42": "\fSlide:\nA/D Errors\n\n⚫ Three sources of errors in A/D conversion:\n\n⚫ Noise:\n\n⚫ All signals have noise.\n\n⚫ Need to reduce noise or choose the converter resolution \n\nappropriately to control the peak-to-peak noise. \n\n⚫ Aliasing: \n\n⚫ The errors due to aliasing is difficult to quantify.\n\n⚫ They depend on the relative amplitude of the signals at \n\nfrequencies below and above the Nyquist frequency.\n\n⚫ The system design should include a low-pass filter to attenuate \n\nfrequencies above the Nyquist frequency.\n\n43", "Slide43": "\fSlide:\nA/D Errors (cont.)\n\n⚫ Aperture.\n\n⚫ A significant error in a digitizing system is due to signal variation \n\nduring the aperture time. \n\n⚫ A good design will attempt to have the uncertainty, V, be less \n\nthan one least significant bit.\n\n⚫ A design equation for the aperture time, tAP, in terms of the \n\nmaximum signal frequency, fMAX, and the number of bits in the \nA/D converter is \n\ntAP=1/(2  fMAX 2n)                 (4)\n\n⚫ The aperture time needed to reduce the error to is surprisingly \n\nshort. \n\n44", "Slide35": "\fSlide:\nParallel A/D Converter \n\n⚫ An array of 2N-1 comparators and produces \n\nan output code in the propagation time of the \ncomparators and the output decoder.\n\n⚫ Fast but more costly in comparison to other \n\ndesigns.\n\n⚫ Also called flash A/D converter.\n\n36", "Slide34": "\fSlide:\nParallel A/D Converter\n\nAnalog \nInput\n\nRef\n\nR/2\n\n5/6Ref\n\n2N –1 \nComparators\n\n+\n-\n\n+\n-\n\n3/6Ref\n\n1/Ref\n\n+\n-\n\nR\n\nR\n\nR/2\n\nN outputs\n\nDecoder\n\nDigital \nOutputs\n\n35", "Slide37": "\fSlide:\nTwo-Stage Parallel A/D \nConverter\n\n⚫ The input signal is converted in two pieces.\n\n⚫ First, a coarse estimate is found by the first parallel A/D \n\nconverter. This digital value is sent to the D/A and summer, \nwhere it is subtracted from original signal.\n\n⚫ The difference is converted by the second parallel converter and \nthe result combined with the first A/D to give the digitized value.  \n\n⚫ It has nearly the performance of the parallel converter \n\nbut without the complexity of 2N –1 comparators.\n\n⚫ It offers high resolution and high-speed conversion for \n\napplications like video signal processing.\n\n38", "Slide36": "\fSlide:\nTwo-Stage Parallel A/D \nConverter\n\nAnalog \nInput\n\nN/2-Bit \nFlash A/D\n\n+\n\n-\n\nN/2-Bit\n\nD/A\n\nN/2-Bit \nFlash A/D\n\nN-Bit Register\n\nDigital Outputs\n\n37", "Slide31": "\fSlide:\nShannon’s Sampling Theorem \nand Aliasing (Cont.) \n\n⚫ Undersampled signal, when converted back \n\ninto a continuous time signal, will exhibit a \nphenomenon called aliasing.\n⚫ Aliasing is the presence of unwanted components \n\nin the reconstructed signal. These components \nwere not present when the original signal was \nsampled.\n\n32", "Slide30": "\fSlide:\nShannon’s Sampling Theorem \nand Aliasing\n\n⚫ To preserve the full information in the signal, \n\nit is necessary to sample at twice the \nmaximum frequency of the signal. This is \nknown as the Nyquist rate.\n\n⚫ A signal can be exactly reproduced if it is \n\nsampled at a frequency F, where F is greater \nthan or equal to the Nyquist rate.\n\n⚫ If the sampling frequency is less than Nyquist \n\nrate, the waveform is said to be under-\nsampled.\n\n31", "Slide33": "\fSlide:\nSuccessive Approximation A/D \nConverter\n\n⚫ Each bit in the successive approximation \n\nregister is tested, starting at the most \nsignificant bit and working toward the least \nsignificant bit.\n\n⚫ As each bit is set, the output of the D/A \n\nconverter is compared with the input.\n\n⚫ If the D/A output is lower than the input \n\nsignal, the bit remains set and the next bit is \ntried.\n\n⚫ N times are required to set and test each bit \n\nin the successive approximation register.\n\n34", "Slide32": "\fSlide:\nSuccessive Approximation \nConverter\n\nAnalog \nInput\n\nD/A Converter\n\nRef\n\nComparator\n\nMSB\n\n•\n•\n•\n\nLSB\n\nDigital \nOutputs\n\nSuccessive \nApproximation \nRegister\n\nClock\n\n33", "Slide39": "\fSlide:\nA/D Converter Specifications \n(Cont.)\n\n⚫ Accuracy\n\n⚫ Relates to the smallest signal (or noise) to the measured signal.\n\n⚫ Given as a percent and describes how close the measurement is \n\nto the actual value.  \nThe signal is accurate to within 100% * VRESOLUTION/VSIGNAL\n\n(3)\n\n⚫ Linearity \n\n⚫ The derivation in output codes from the real value (a straight line \n\ndrawn through zero and full-scale). \n\n⚫ The best that can be achieved is  ½ of the least significant bit \n\n( ½ LSB).\n\n40", "Slide38": "\fSlide:\nA/D Converter Specifications\n\n⚫ Conversion time \n\n⚫ The time required to complete a conversion of the input signal.\n⚫ Establishes the upper signal frequency limit that can be sampled \n\nwithout aliasing.  \n\nfMAX=1/(2*conversion time)                 (1)\n\n⚫ Resolution\n\n⚫ The number of bits in the converter gives the resolution and thus \n\nthe smallest analog input signal for which the converter will \nproduce a digital code.\n\n⚫ It may be given in terms of the full-scale input signal:\n\nResolution=full-scale signal/2n\n\n(2)\n\n⚫ It is often given as the number of bits, n; or stated as one part in \n\n2n.\n\n⚫ Sometimes it is given as a percent of maximum.\n\n39", "Slide19": "\fSlide:\nD/A Converter Specifications\n\n⚫ Resolution and linearity.\n\n⚫ The resolution is determined by the number of bits \n\nand is given as the output voltage corresponding \nto the smallest digital step, i.e. 1 LSB.\n\n⚫ The linearity shows how closely the output voltage \n\nto the idea values (a straight line drawn through \nzero and full-scale). \n\n⚫ Settling Time. \n\n⚫ The time taken for the output voltage to settle to \n\nwithin a specified error band, usually  ½ LSB.\n\n20", "Slide18": "\fSlide:\nR-2R Ladder D/A Converter\n\n⚫ As the switches for the grounded to the reference \nposition, a binary-weighted current is supplied to \nthe summing junction. \n\n⚫ For high-resolution D/A converters, a wide range \n\nof resistors are not required. \n\nVREF\n\nB0\n\nB1\n\nB2\n\nB3\n\n2R\n\n2R\n\n2R\n\n2R\n\n2R\n\n2R\n\nR\n\nR\n\nR\n\nAnalog \nOutput\n\n19", "Slide13": "\fSlide:\nExample Code\n\n.include \"m2560def.inc\"\n.def temp = r16\n\nldi temp, 0b00001000\nsts DDRL, temp\n\n; Bit 3 will function as OC5A.\n\nldi temp, 0x4A\nsts OCR5AL, temp\nclr temp\nsts OCR5AH, temp\n\n; the value controls the PWM duty cycle\n\n; Set the Timer5 to Phase Correct PWM mode. \n\nldi temp, (1 << CS50)\nsts TCCR5B, temp\nldi temp, (1<< WGM50)|(1<<COM5A1)\nsts TCCR5A, temp\n\nhalt:\n\nrjmp halt\n\n14", "Slide12": "\fSlide:\nExample (solution)\n\n⚫ Use Timer5\n\n⚫ Set OC5A as output\n\n⚫ Set the Timer5 operation mode as Phase Correct \n\nPWM mode\n\n⚫ Set the timer clock\n\n13", "Slide11": "\fSlide:\nExample\n\n⚫ Generate a PWM waveform.\n\n12", "Slide10": "\fSlide:\nPhase Correct PWM\n\n11", "Slide17": "\fSlide:\nBinary-weighted D/A Converter\n\n⚫ As the switches for the bits are closed, a weighted \ncurrent is supplied to the summing junction of the \namplifier.\n\n⚫ For high-resolution D/A converters, the binary-\n\nweighted type must have a wide range of \nresistors. This may lead to temperature stability \nand switching problems.\n\nV\n\nB0\n\nB1\n\nB2\n\nB3\n\n100K\n\n50K\n\n25K\n\n12.5K\n\n6.25K\n\n-\n+\n\nAnalog \nOutput\n\n18", "Slide16": "\fSlide:\nQuantized D/A Output\n\nDesired \nsinusoid\n\n1.0\n\n0.8\n\n0.6\n\n0.4\n\n0.2\n0\n\n-0.2\n-0.4\n\n-0.6\n\n-0.8\n\n-1.0\n\nD/A \noutput\n\n17", "Slide15": "\fSlide:\nDigital-to-Analog Conversion \n(cont.)\n\n⚫ A parallel output interface connects the D/A to the CPU.\n\n⚫ The latches may be part of the D/A converter or the \n\noutput interface.\n\n⚫ Digital value is converted into continuous value.\n\n⚫ A signal conditioning block may be used as a filter to \n\nsmooth the quantized nature of the output.\n⚫ The signal conditioning block also provide isolation, buffering and \n\nvoltage amplification if needed.\n\n16", "Slide14": "\fSlide:\nDigital-to-Analog Conversion\n\nLATCH \nENABLE\n\nAnalog \nOutput\n\nSignal \nCond.\n\nDigital-to-\nAnalog \nConverter\n\nN\n\nDigital\n\nN\n\nFrom CPU\n\nLatch\n\nData\n\n15", "Slide3": "\fSlide:\nPWM Analog Output (cont.)\n\n⚫ A low-pass filtered is required to smooth the \ninput signal and eliminate the inherent noise \ncomponents in PWM signal.\n\n⚫ The output voltage is directly proportional to \n\nthe pulse width.\n⚫ By changing the pulse width of the PWM \n\nwaveform, we can control the output value.\n\n4", "Slide2": "\fSlide:\nPWM Analog Output\n\n⚫ PWM (Pulse Width Modulation) is a way of digitally \n\nencoding analog signal levels. \n⚫ Through the use of high-resolution counters,  the duty cycle \n\n(pulse width/period) of a pulse wave is modulated to encode a \nspecific analog signal level. \n\n⚫ The PWM signal is still digital\n\n⚫ Its value is either full high or full low.\n⚫ Given a sufficient bandwidth, any analog value can be encoded \n\nwith PWM. \n\n⚫ PWM is a powerful technique for controlling analog \n\ncircuits with a processor's digital outputs. \n\n⚫ It is employed in a wide variety of applications\n\n⚫ E.g. motor speed control\n\n3", "Slide1": "\fSlide:\nLecture overview\n\n⚫ Analog output\n\n⚫ PWM\n\n⚫ Digital-to-Analog (D/A) Conversion\n\n⚫ Analog input\n\n⚫ Analog-to-Digital (A/D) Conversion\n\n2", "Slide0": "Slide:\nAnalog Input and Output\n\nLecturer: Sri Parameswaran\n\nNotes by: Annie Guo\n\n1", "Slide7": "\fSlide:\nConfiguration for PWM\n⚫ TCCR0A\n\n8", "Slide6": "\fSlide:\nRecall: Timer0\n\n7", "Slide5": "\fSlide:\nPWM Generation In AVR\n\n⚫ PWM can be obtained through the provided \n\ntimers.\n\n6", "Slide4": "\fSlide:\nExamples of PWM Signals\n\nDuty cycle=10%\n\nDuty cycle=50%\n\nDuty cycle=90%\n\n5", "Slide9": "\fSlide:\nFast PWM\n\n10", "Slide8": "\fSlide:\nCTC \n\n⚫ Clear Timer on Compare Match\n\n9"}