,Keyword 1,,Keyword 2,Answer
"""I/O"", ""I/O""",I/O,"""array"",""array""",addressing,"To declare an array in C, a programmer specifies the type of the elements and the number of elements required by an array as follows ?

type arrayName [ arraySize ];
This is called a single-dimensional array. The arraySize must be an integer constant greater than zero and type can be any valid C data type. For example, to declare a 10-element array called balance of type double, use this statement ?

double balance[10];
Here balance is a variable array which is sufficient to hold up to 10 double numbers."
"""Separate"", ""Separate""",Separate,"""I/O"",""I/O""",I/O,"The first 64 I/O registers can also be addressed with separate addresses 0x00 ~ 0x3F, 1 byte each"
"""Digital-to-Analog"",""Digital-to-Analog""",Digital-to-Analog,"""Conversion"",""Conversion""",Conversion,"During the process, the digital value is converted into continuous value"
