,Keyword,Answer
"""pointer"",""pointer""",pointer,"A pointer is a variable whose value is the address of another variable, i.e., direct address of the memory location"
"""array"",""array""",array,"Arrays a kind of data structure that can store a fixed-size sequential collection of elements of the same type. An array is used to store a collection of data, but it is often more useful to think of an array as a collection of variables of the same type."
"""token"",""token""",token,"A C program consists of various tokens and a token is either a keyword, an identifier, a constant, a string literal, or a symbol. For example, the following C statement consists of five tokens ?

printf(""Hello, World! \n"");

The individual tokens are:
printf
(
""Hello, World! \n""
)
;"
"""semicolon"",""semicolon""",Semicolon,"In a C program, the semicolon is a statement terminator. That is, each individual statement must be ended with a semicolon. It indicates the end of one logical entity.

Given below are two different statements ?

printf(""Hello, World! \n"");
return 0;"
"""comment"",""comment""",Comment,"Comments are like helping text in your C program and they are ignored by the compiler. They start with /* and terminate with the characters */ as shown below ?

/* my first program in C */

You cannot have comments within comments and they do not occur within a string or character literals."
"""identifier"",""identifier""",Identifier,"A C identifier is a name used to identify a variable, function, or any other user-defined item. An identifier starts with a letter A to Z, a to z, or an underscore '_' followed by zero or more letters, underscores, and digits (0 to 9).

C does not allow punctuation characters such as @, $, and % within identifiers. C is a case-sensitive programming language. Thus, Manpower and manpower are two different identifiers in C."
"""whitespace"",""whitespace""",Whitespace,"A line containing only whitespace, possibly with a comment, is known as a blank line, and a C compiler totally ignores it.

Whitespace is the term used in C to describe blanks, tabs, newline characters and comments. Whitespace separates one part of a statement from another and enables the compiler to identify where one element in a statement, such as int, ends and the next element begins."
"""variable"",""variable""",Variable,"A variable is nothing but a name given to a storage area that our programs can manipulate. Each variable in C has a specific type, which determines the size and layout of the variable's memory; the range of values that can be stored within that memory; and the set of operations that can be applied to the variable."
"""constant"",""constant""",Constant,"Constants refer to fixed values that the program may not alter during its execution. These fixed values are also called literals.

Constants can be of any of the basic data types like an integer constant, a floating constant, a character constant, or a string literal. There are enumeration constants as well.

Constants are treated just like regular variables except that their values cannot be modified after their definition."
"""printf"",""printf""",printf,"The C library function int printf(const char *format, ...) sends formatted output to stdout.

Following is the declaration for printf() function.

int printf(const char *format, ...)"
"""scanf"",""scanf""",scanf,"The C library function int fscanf(FILE *stream, const char *format, ...) reads formatted input from a stream.

Following is the declaration for fscanf() function.

int fscanf(FILE *stream, const char *format, ...)"
"""char"",""char""",char,"storage size is one byte, value range is -128 to 127 or 0 to 255"
"""int"",""int""",int,"storage size is 2 or 4 bytes, value range is -32,768 to 32,767 or -2,147,483,648 to 2,147,483,647"
"""short"",""short""",short,"storage size is 2 bytes, value range is -32,768 to 32,767"
"""long"",""long""",long,"storage size is 4 bytes, value range is -2,147,483,648 to 2,147,483,647"
"""sizeof"",""sizeof""",sizeof,use sizeof operator in your program to get the exact size of a type or a variable on a particular platform
"""bit"",""bit""",bit,A bit is a binary value (0 or 1). The word bit is derived from binary digit.
"""byte"",""byte""",byte,"In modern computing a byte is simply 8 bits. 
If you are interested, read the more complex historical details"
"""file"",""file""",file,A file is basically an array (sequence) of bytes stored in a semi-permanent way.
"""directory"",""directory""",directory,A directory is basically a set of files or directories.
"""automarking"",""automarking""",Automarking,"Automarking will be run several days after the submission deadline for the lab. When it is complete you should be able to view it here or by running this command on a CSE machine: 


1511 classrun -collect exercise_name"
"""assignments"",""assignments""",Assignments,"There are three assessable programming assignments. Assignments give you the chance to practice what you have learned on relatively large problems (compared to the small exercises in the labs). Assignments are a very important part of this course, therefore it is essential that you attempt them yourself. 

Assignment 1 (Submission, Week 5) 6% 
Assignment 2 (Submission, Week 9) 12% 
Assignment 3 (Submission, Week 13) 12% 
The assignment weighting and deadlines may change a little when the assignment designs are complete. 

Late assignments submissions will be penalized. The exact penalty will be specified in the assignment specification - often it is 2% reduction in maximum mark for every hour late.]"
"""assessment"",""assessment""",Assessment,"Component Weight
Lab Work 12%
Weekly Tests 8%
Assignments 30%
Final Exam (everything - exam period) 50%
"
"""handbook"",""handbook""",Handbook,https://www.handbook.unsw.edu.au/undergraduate/courses/2019/COMP1511
"""function"",""function""",function,"A function is a group of statements that together perform a task. Every C program has at least one function, which is main(), and all the most trivial programs can define additional functions."
"""struct"",""struct""",Struct,Arrays allow to define type of variables that can hold several data items of the same kind. Similarly structure is another user defined data type available in C that allows to combine data items of different kinds.
"""malloc"",""malloc""",Malloc,"The C library function void *malloc(size_t size) allocates the requested memory and returns a pointer to it.

Following is the declaration for malloc() function.

void *malloc(size_t size)

Parameters
size ? This is the size of the memory block, in bytes.

Return Value
This function returns a pointer to the allocated memory, or NULL if the request fails."
"""list"",""list""",List,"A linked list is a sequence of data structures, which are connected together via links.

Linked List is a sequence of links which contains items. Each link contains a connection to another link. Linked list is the second most-used data structure after array. Following are the important terms to understand the concept of Linked List.

- Link: Each link of a linked list can store a data called an element.

- Next: Each link of a linked list contains a link to the next link called Next.

- LinkedList: A Linked List contains the connection link to the first link called First.

"
"""bubblesort"",""bubblesort""",Bubblesort,Bubble sort is a simple sorting algorithm. This sorting algorithm is comparison-based algorithm in which each pair of adjacent elements is compared and the elements are swapped if they are not in order. This algorithm is not suitable for large data sets as its average and worst case complexity are of ??(n2) where n is the number of items.
"""stacks"",""stacks""",Stacks,"A stack is an Abstract Data Type (ADT), commonly used in most programming languages. It is named stack as it behaves like a real-world stack, for example ?C a deck of cards or a pile of plates, etc."
"""queues"",""queues""",Queues,"Queue is an abstract data structure, somewhat similar to Stacks. Unlike stacks, a queue is open at both its ends. One end is always used to insert data (enqueue) and the other is used to remove data (dequeue). Queue follows First-In-First-Out methodology, i.e., the data item stored first will be accessed first."
"""abstraction"",""abstraction""",Abstraction,The process of providing only the essentials and hiding the details
"""adt"",""adt""",ADT,"Abstract Data type (ADT) is a type (or class) for objects whose behavior is defined by a set of value and a set of operations.
The definition of ADT only mentions what operations are to be performed but not how these operations will be implemented. It does not specify how data will be organized in memory and what algorithms will be used for implementing the operations. It is called ??abstract?? because it gives an implementation independent view."
"""continue"",""continue""",Continue,"The continue statement in C programming works somewhat like the break statement. Instead of forcing termination, it forces the next iteration of the loop to take place, skipping any code in between.

For the for loop, continue statement causes the conditional test and increment portions of the loop to execute. For the while and do...while loops, continue statement causes the program control to pass to the conditional tests."
"""typedef"",""typedef""",typedef,This can be used to give a type a new name.
"""free"",""free""",free,free() indicates you??ve finished using the block of memory
"""float"",""float""",float,"float 4 bytes, double 8 bytes, long double 10 bytes"
"""stdio.h"",""stdio.h""",stdio.h,"The stdio.h header defines three variable types, several macros, and various functions for performing input and output."
"""#include"",""#include""",#include,"The #include directive works by directing the C preprocessor to scan the specified file as input before continuing with the rest of the current source file. The output from the preprocessor contains the output already generated, followed by the output resulting from the included file, followed by the output that comes from the text after the #include directive."
"""getchar"",""getchar""",getchar,The C library function int getchar(void) gets a character (an unsigned char) from stdin. This is equivalent to getc with stdin as its argument.
"""putchar"",""putchar""",putchar,The C library function int putchar(int char) writes a character (an unsigned char) specified by the argument char to stdout.
"""return"",""return""",Return,"when a return statement is executed, the function terminates.

? the returned expression will be evaluated and, if necessary, converted to the type expected by the calling function.
? all local variables and parameters will be thrown away when the function terminates.
? the calling function is free to use the returned value, or to ignore it.
? functions can be declared as returning void, which means that nothing is returned. A return without a value statement can still be used to terminate such a function."
"""ascii"",""ascii""",ASCII,"ASCII is a way of mapping numbers to characters. it contains:

upper and lower case English letters: A-Z and a-z
digits: 0-9
common punctuation symbols
special non-printing characters: e.g newline and space"
"""lecturers"",""lecturers""",Lecturers,"Andrew Taylor andrewt@unsw.edu.au 
Andrew Bennett andrew.bennett@unsw.edu.au 
John Shepherd jas@unsw.edu.au"
"""admin"",""admin""",Admin,Mei Cheng Whale meicheng@unsw.edu.au
"""timetable"",""timetable""",Timetable,"Tuesday 13:00-13:00: 
Stream A: Central Lecture Block 7 
Stream B: Mathews Theatre A 
Stream C: Mathews Theatre B
Wednesday 14:00-16:00: 
Stream A: Central Lecture Block 7 
Stream B: Mathews Theatre A 
Stream C: Mathews Theatre B"
"""textbook"",""textbook""",textbook,There is no required textbook and no required materials.
"""material"",""material""",material,There is no required textbook and no required materials.
"""tutorials"",""tutorials""",Tutorials,"From week 1 you will also be expected to attend a one-hour tutorial session to clarify ideas from lectures and work through exercises based on the lecture material. You should make sure that you use them effectively by examining in advance the material to be covered in each week's tutorial, by asking questions, by offering suggestions and by generally participating. The tutorial questions will be posted on the Web in the week before each tutorial. There are no marks for tutorial attendance."
"""compile"",""compile""",compile,Type?gcc hello.c?and press enter to compile your code
"""execute"",""execute""",execute,"After compile, type?a.out?to execute your program"
"""strcpy"",""strcpy""",strcpy,"strcpy(s1, s2) copies s2 to string s1"
"""strcat"",""strcat""",strcat,"strcat(s1, s2) concatenates string s2 onto the end of string s1"
"""strlen"",""strlen""",strlen,strlen(s1) returns the length of string s1
"""strcmp"",""strcmp""",strcmp,"strcmp(s1, s2) returns 0 if s1 and s2 are the same, less than 0 if s1 < s2; greater than 0 if s1 > s2"
"""strchr"",""strchr""",strchr,"strchr(s1, ch) returns a pointer to the first occurrence of character ch in string s1"
"""strstr"",""strstr""",strstr,"strstr(s1, s2) returns a pointer to the first occurrence of string s2 in string s1"
"""fopen"",""fopen""",fopen,fopen() function is used to create a new file or to open an existing file
"""fclose"",""fclose""",fclose,fclose() function is used to close a file
"""fputc"",""fputc""",fputc,fputc() function writes the character value of an argument c to the output stream referenced by fp
"""recurrsion"",""recurrsion""",Recurrsion,"Recursion is the process of repeating items in a self-similar way, below is an example about Fibonacci Series #include <stdio.h>

int fibonacci(int i) {

if(i == 0) {
return 0;
}

if(i == 1) {
return 1;
}
return fibonacci(i-1) + fibonacci(i-2);
}

int main() {

int i;

for (i = 0; i < 10; i++) {
printf(""%d\t\n"", fibonacci(i));
}

return 0;
}"
"""ls"",""ls""",ls,"list contents of current directory, ls options: -a All options including hidden, -l Long version, -s Sort by size, -t Sort by time, -r Reverse order"
"""cd"",""cd""",cd,cd dir is used to move to directory dir
"""mkdir"",""mkdir""",mkdir,mkdir dir is ued to make a directory called dir
"""stdin"",""stdin""",stdin,stdin?in a pointer variable which is by default opened for standard input device
"""union"",""union""",union,A union is a special data type available in C that allows to store different data types in the same memory location
"""argc"",""argc""",argc,argc denotes the number of arguments to passed
"""argv"",""argv""",argv,argv[] denotes to a pointer array that is pointing to every argument that has been passed to your program
