,Keyword 1,,Keyword 2,Answer
"""declare"",""declare""",Declare,"""array"",""array""",Array,"To declare an array in C, a programmer specifies the type of the elements and the number of elements required by an array as follows ?

type arrayName [ arraySize ];

This is called a single-dimensional array. The arraySize must be an integer constant greater than zero and type can be any valid C data type. For example, to declare a 10-element array called balance of type double, use this statement ?

double balance[10];

Here balance is a variable array which is sufficient to hold up to 10 double numbers."
"""use"",""use""",Use,"""pointer"",""pointer""",Pointer,"There are a few important operations, which we will do with the help of pointers very frequently. (a) We define a pointer variable, (b) assign the address of a variable to a pointer and (c) finally access the value at the address available in the pointer variable. This is done by using unary operator * that returns the value of the variable located at the address specified by its operand."
"""null"",""null""",NULL,"""pointer"",""pointer""",Pointer,The NULL pointer is a constant with a value of zero defined in several standard libraries.
"""declare"",""declare""",Declare,"""variable"",""variable""",Variable,"A variable declaration provides assurance to the compiler that there exists a variable with the given type and name so that the compiler can proceed for further compilation without requiring the complete detail about the variable. A variable definition has its meaning at the time of compilation only, the compiler needs actual variable definition at the time of linking the program.

A variable declaration is useful when you are using multiple files and you define your variable in one of the files which will be available at the time of linking of the program. You will use the keyword extern to declare a variable at any place. Though you can declare a variable multiple times in your C program, it can be defined only once in a file, a function, or a block of code."
"""define"",""define""",Define,"""constant"",""constant""",Constant,"There are two simple ways in C to define constants ?

Using #define preprocessor.

Using const keyword."
"""prior"",""prior""",prior,"""knowledge"",""knowledge""",knowledge,COMP1511 assumes no prior knowledge of coding.Approximately half the class has done no coding before COMP1511.
"""indenting"",""indenting""",Indenting,"""whitespace"",""whitespace""",whitespace,"The code inside the main function block- in between the braces { and } is indented. This is to help humans read the code!
White space is required between C language keywords. For instance you can't have intmain without any intermediate space. Statements are placed on separate lines. Additional blanks lines can be inserted to enhance readability (ie. between printf and return). The closing brace } in this example is aligned beneath the type declaration (int) for the main function, to clearly denote the end of the function block."
"""course"",""course""",course,"""schedule"",""schedule""",schedule,"Week 1 Course Introduction, Introduction to Linux & Shell, Compiling and Running C Programs, 
Data Types, Variables, Simple I/O with print and scanf, Arithmetic expressions, 
If statements 
Week 2 Nested-If statements, Boolean Expressions, Functions 
Week 3 Loops, Nested Loops 
Week 4 Arrays, Characters and Strings, Command Line Arguments 
Week 5 Multi-file Programs 
Mid Semester Break 
Week 6 
Assignment 1 due Reading and Writing Files 
Week 7 Pointers, Dynamic memory allocation (malloc), Variable Scope and lifetime 
Week 8 Searching Sorting Introduction to Complexity 
Week 9 Introduction to version control, Structs, Abstract data types & Interfaces, Linked Lists 
Assignment 2 due 
Week 10 Stacks and Queues 
Week 11 C implementation memory models, Invalid C and Security (buffer overflow and other issues), Professionalism, Codes of Conduct, Ethics for Programmers 
Week 12 Revision, Exam preparation 
Week 13 Assignment 3 due 
Exam Period Final Exam"
"""laboratory"",""laboratory""",Laboratory,"""classes"",""classes""",Classes,"Following the tutorial class each week, there will be a two-hour laboratory class, during which you will work on a variety of small practical problems involving the tools introduced in lectures. Because this course is practical in nature, laboratory classes are a very important component. If you do not put a great deal of effort into the lab classes you risk failing the final exam. 

Each week, there will be several exercises to work on. These exercises will be released in the week preceding the lab class. 

Most lab exercises will be done in pairs, and you and you partner should discuss the exercises before the lab to maximise the usefulness of the class. p> Tutors will facilitate you forming pairs in your week 1 lab (which is not assessed). The pairs will change several times during session. 

Starting week 3, pairs will also be asked to do code reviews in the tutorials, to explain how they tackled a particular problem and describe interesting features of their solution."
"""challenge"",""challenge""",Challenge,"""exercises"",""exercises""",Exercises,"Challenge exercises may be specified for some labs. 

Some challenge lab exercises may specify that they are individual exercises (not to be done with your partner)."
"""function"",""function""",Function,"""example"",""example""",example,"Given below is the source code for a function called max(). This function takes two parameters num1 and num2 and returns the maximum value between the two ?

/* function returning the max between two numbers */
int max(int num1, int num2) {

/* local variable declaration */
int result;

if (num1 > num2)
result = num1;
else
result = num2;

return result; 
}"
"""struct"",""struct""",Struct,"""example"",""example""",example,"Structures are used to represent a record. Suppose you want to keep track of your books in a library. You might want to track the following attributes about each book ?

Title
Author
Subject
Book ID"
"""struct"",""struct""",Struct,"""declare"",""declare""",Declare,"To define a structure, you must use the struct statement. The struct statement defines a new data type, with more than one member. The format of the struct statement is as follows ?

struct [structure tag] {

member definition;
member definition;
...
member definition;
} [one or more structure variables];"
"""malloc"",""malloc""",Malloc,"""declare"",""declare""",Declare,"Following is the declaration for malloc() function.

void *malloc(size_t size)"
"""continue"",""continue""",Continue,"""example"",""example""",Example,"#include <stdio.h>

int main () {

/* local variable definition */
int a = 10;

/* do loop execution */
do {

if( a == 15) {
/* skip the iteration */
a = a + 1;
continue;
}

printf(""value of a: %d\n"", a);
a++;

} while( a < 20 );

return 0;
}"
"""linked"",""linked""",Linked,"""list"",""list""",List,"A linked list is a sequence of data structures, which are connected together via links.

Linked List is a sequence of links which contains items. Each link contains a connection to another link. Linked list is the second most-used data structure after array. Following are the important terms to understand the concept of Linked List.

- Link: Each link of a linked list can store a data called an element.

- Next: Each link of a linked list contains a link to the next link called Next.

- LinkedList: A Linked List contains the connection link to the first link called First.

"
"""break"",""break""",Break,"""example"",""example""",Example,"#include <stdio.h>

int main () {

/* local variable definition */
int a = 10;

/* while loop execution */
while( a < 20 ) {

printf(""value of a: %d\n"", a);
a++;

if( a > 15) {
/* terminate the loop using break statement */
break;
}
}

return 0;
}"
"""typedef"",""typedef""",typedef,"""declare"",""declare""",Declare,typedef unsigned char BYTE;
"""lab"",""lab""",Lab,"""marking"",""marking""",Marking,"Lab exercises will be automarked, using test cases that you haven't seen: different to the test cases autotest runs for you. (Hint: do your own testing as well as running autotest) 

There will be partial marks for attempts which fail some of these automated tests."
"""lab"",""lab""",Lab,"""marks"",""marks""",marks,"When all components of a lab are automarked you should be able to view the the marks via give's web interface or by running this command on a CSE machine: 


1511 classrun -sturec 
There will be more lab marks available than necessary to obtain full marks for the 12% lab component. In other words: total lab marks will be capped. 

The lab exercises for each week are worth in total 1.3 marks. 

Usually each lab exercise will be worth the same - for example if there are 5 lab exercise each will be worth 0.26 marks. 

Except challenge exercises (see below) will never total more than 25% of each week's lab mark. 

The best 10 of your lab marks will be summed to give you a mark out of 12. If their sum exceeds 12 - your mark will be capped at 12. 

Hence: 

You can miss 1 lab without affecting your mark. 
You can obtain a high lab mark without doing any challenge exercises. 
You need to do some challenge exercises to obtain full marks for the labs. 
You do not need to do all challenge exercises to obtain full marks."
"""final"",""final""",Final,"""exam"",""exam""",Exam,"There will be a three-hour primarily practical exam, to be held in the CSE labs during the exam period. This will be centrally timetabled and appear in your UNSW exam timetable. 

It will contain implementation tasks which will require you to write C programs. It will also contain sections which require you to read code or answer questions. 

During this exam you will be able to execute, debug and test your answers. The implementation tasks will be similar to those encountered in lab exercises"
"""supplementary"",""supplementary""",Supplementary,"""assessment"",""assessment""",Assessment,"Students will be offered a supplementary exam if they miss the original exam due to (documented) illness or misadventure. 

Students who will be automatically offered supplementary assessment if they achieve a final mark of 50+ but fail to meet the hurdle requirement, if they have attended 9+ tut-labs, 8+ programming tests and have made reasonable attempts on all assignments (achieving > 45%) 

Students with final marks in the range 40-49 (whether they have met the hurdle requirement or not) will also be offered supplementary assessment if they have attended 9+ labs, 8+ programming tests and have made reasonable attempts on all assignments (achieving > 45%) 

The supplementary exam is tentatively scheduled for 09:45 Friday 20 July - it is your responsibility to be in Sydney and available for the supplementary exam around that date. No alternative will be offered."
"""student"",""student""",Student,"""conduct"",""conduct""",Conduct,"The Student Code of Conduct (Information, Policy) sets out what the University expects from students as members of the UNSW community. As well as the learning, teaching and research environment, the University aims to provide an environment that enables students to achieve their full potential and to provide an experience consistent with the University's values and guiding principles. A condition of enrolment is that students inform themselves of the University's rules and policies affecting them, and conduct themselves accordingly.

In particular, students have the responsibility to observe standards of equity and respect in dealing with every member of the University community. This applies to all activities on UNSW premises and all external activities related to study and research. This includes behaviour in person as well as behaviour on social media, for example Facebook groups set up for the purpose of discussing UNSW courses or course work. Behaviour that is considered in breach of the Student Code Policy as discriminatory, sexually inappropriate, bullying, harassing, invading another's privacy or causing any person to fear for their personal safety is serious misconduct and can lead to severe penalties, including suspension or exclusion from UNSW.

If you have any concerns, you may raise them with your lecturer, or approach the School Ethics Officer, Grievance Officer, or one of the student representatives."
"""course"",""course""",Course,"""title"",""title""",Title,Programming Fundamentals
"""units"",""units""",Units,"""credit"",""credit""",Credit,6
"""course"",""course""",Course,"""website"",""website""",Website,http://cse.unsw.edu.au/~cs1511
"""lecture"",""lecture""",Lecture,"""recordings"",""recordings""",Recordings,All lectures will be recorded. Unfortunately UNSW's lecture recording system can only be accessed via Moodle Moodle will not be used for any other course activities.
"""course"",""course""",Course,"""summary"",""summary""",Summary,"This course introduces students to the basics of programming. Topics covered include: 

fundamental programming concepts 
the C programming language and use of a C compiler 
programming style 
program design and organisation concepts 
program testing and debugging"
"""course"",""course""",Course,"""aims"",""aims""",Aims,"The course aims for students to become proficient in programming using a high level language, C. By the end of the course, students should be able to construct C programs to solve problems."
"""global"",""global""",Global,"""variable"",""variable""",Variable,"Global variables are defined outside of all the functions, usually on top of the program. The global variables will hold their value throughout the lifetime of your program.

A global variable can be accessed by any function. That is, a global variable is available for use throughout your entire program after its declaration."
"""static"",""static""",Static,"""variable"",""variable""",Variable,Static variables are initialized only once. The compiler persists with the variable till the end of the program. Static variables can be defined inside or outside the function.
"""pointer"",""pointer""",pointer,"""example"",""example""",example,"As you know, every variable is a memory location and every memory location has its address defined which can be accessed using ampersand (&) operator, which denotes an address in memory. Consider the following example, which prints the address of the variables defined ?

#include <stdio.h>

int main () {
int var1;
char var2[10];

printf(""Address of var1 variable: %x\n"", &var1 );
printf(""Address of var2 variable: %x\n"", &var2 );

return 0;
}

When the above code is compiled and executed, it produces the following result ?

Address of var1 variable: bff5a400
Address of var2 variable: bff5a3f6"
"""variable"",""variable""",variable,"""name"",""name""",name,"The name of a variable can be composed of letters, digits, and the underscore character. It must begin with either a letter or an underscore. Upper and lowercase letters are distinct because C is case-sensitive."
"""array"",""array""",array,"""example"",""example""",example,"Instead of declaring individual variables, such as number0, number1, ..., and number99, you declare one array variable such as numbers and use numbers[0], numbers[1], and ..., numbers[99] to represent individual variables. A specific element in an array is accessed by an index."
"""declare"",""declare""",Declare,"""pointer"",""pointer""",pointer,"Like any variable or constant, you must declare a pointer before using it to store any variable address. The general form of a pointer variable declaration is ?

type *var-name;

Here, type is the pointer's base type; it must be a valid C data type and var-name is the name of the pointer variable."
"""variable"",""variable""",variable,"""address"",""address""",address,"A pointer is a variable whose value is the address of another variable, i.e., direct address of the memory location"
"""pointer"",""pointer""",pointer,"""operation"",""operation""",operation,"A pointer in c is an address, which is a numeric value. Therefore, you can perform arithmetic operations on a pointer just as you can on a numeric value. There are four arithmetic operators that can be used on pointers: ++, --, +, and -"
"""increment"",""increment""",Increment,"""pointer"",""pointer""",Pointer,"We prefer using a pointer in our program instead of an array because the variable pointer can be incremented, unlike the array name which cannot be incremented because it is a constant pointer. The following program increments the variable pointer to access each succeeding element of the array ?

#include <stdio.h>

const int MAX = 3;

int main () {
int var[] = {10, 100, 200};
int i, *ptr;

/* let us have array address in pointer */
ptr = var;

for ( i = 0; i < MAX; i++) {

printf(""Address of var[%d] = %x\n"", i, ptr );
printf(""Value of var[%d] = %d\n"", i, *ptr );

/* move to the next location */
ptr++;
}

return 0;
}

When the above code is compiled and executed, it produces the following result ?

Address of var[0] = bf882b30
Value of var[0] = 10
Address of var[1] = bf882b34
Value of var[1] = 100
Address of var[2] = bf882b38
Value of var[2] = 200"
"""decrement"",""decrement""",Decrement,"""pointer"",""pointer""",Pointer,"#include <stdio.h>

const int MAX = 3;

int main () {

int var[] = {10, 100, 200};
int i, *ptr;

/* let us have array address in pointer */
ptr = &var[MAX-1];

for ( i = MAX; i > 0; i--) {

printf(""Address of var[%d] = %x\n"", i-1, ptr );
printf(""Value of var[%d] = %d\n"", i-1, *ptr );

/* move to the previous location */
ptr--;
}

return 0;
}

When the above code is compiled and executed, it produces the following result ?

Address of var[2] = bfedbcd8
Value of var[2] = 200
Address of var[1] = bfedbcd4
Value of var[1] = 100
Address of var[0] = bfedbcd0
Value of var[0] = 10"
"""pointer"",""pointer""",Pointer,"""comparison"",""comparison""",Comparison,"Pointers may be compared by using relational operators, such as ==, <, and >. If p1 and p2 point to variables that are related to each other, such as elements of the same array, then p1 and p2 can be meaningfully compared"
"""initialize"",""initialize""",initialize,"""array"",""array""",array,"You can initialize an array in C either one by one or using a single statement as follows ?

double balance[5] = {1000.0, 2.0, 3.4, 7.0, 50.0};

The number of values between braces { } cannot be larger than the number of elements that we declare for the array between square brackets [ ].

If you omit the size of the array, an array just big enough to hold the initialization is created. Therefore, if you write ?

double balance[] = {1000.0, 2.0, 3.4, 7.0, 50.0};

You will create exactly the same array as you did in the previous example."
"""assign"",""assign""",assign,"""array"",""array""",array,"Following is an example to assign a single element of the array ?

balance[4] = 50.0;

The above statement assigns the 5th element in the array with a value of 50.0. All arrays have 0 as the index of their first element which is also called the base index and the last index of an array will be total size of the array minus 1."
"""access"",""access""",access,"""array"",""array""",array,"An element is accessed by indexing the array name. This is done by placing the index of the element within square brackets after the name of the array. For example ?

double salary = balance[9];

The above statement will take the 10th element from the array and assign the value to salary variable."
"""array"",""array""",array,"""element"",""element""",element,"An element is accessed by indexing the array name. This is done by placing the index of the element within square brackets after the name of the array. For example ?

double salary = balance[9];

The above statement will take the 10th element from the array and assign the value to salary variable."
"""array"",""array""",array,"""pointer"",""pointer""",pointer,"There may be a situation when we want to maintain an array, which can store pointers to an int or char or any other data type available. Following is the declaration of an array of pointers to an integer ?

int *ptr[MAX];

It declares ptr as an array of MAX integer pointers. Thus, each element in ptr, holds a pointer to an int value."
"""pass"",""pass""",pass,"""pointer"",""pointer""",pointer,"C programming allows passing a pointer to a function. To do so, simply declare the function parameter as a pointer type"
"""return"",""return""",return,"""pointer"",""pointer""",pointer,"C allows to return a pointer from a function. To do so, you would have to declare a function returning a pointer as in the following example ?

int * myFunction() {
.
.
.
}
"
"""multi-dimensional"",""multi-dimensional""",Multi-dimensional,"""array"",""array""",array,"C programming language allows multidimensional arrays. Here is the general form of a multidimensional array declaration ?

type name[size1][size2]...[sizeN];

For example, the following declaration creates a three dimensional integer array ?

int threedim[5][10][4];"
"""two-dimensional"",""two-dimensional""",Two-dimensional,"""array"",""array""",array,"The simplest form of multidimensional array is the two-dimensional array. A two-dimensional array is, in essence, a list of one-dimensional arrays. To declare a two-dimensional integer array of size [x][y], you would write something as follows ?

type arrayName [ x ][ y ];

Where type can be any valid C data type and arrayName will be a valid C identifier. A two-dimensional array can be considered as a table which will have x number of rows and y number of columns."
"""if"",""if""",if,"""statement"",""statement""",statement,"An if statement consists of a Boolean expression followed by one or more statements.

The syntax of an 'if' statement in C programming language is ?

if(boolean_expression) {
/* statement(s) will execute if the boolean expression is true */
}

If the Boolean expression evaluates to true, then the block of code inside the 'if' statement will be executed. If the Boolean expression evaluates to false, then the first set of code after the end of the 'if' statement (after the closing curly brace) will be executed."
"""loop"",""loop""",loop,"""statement"",""statement""",statement,A loop statement allows us to execute a statement or group of statements multiple times.
"""for"",""for""",for,"""loop"",""loop""",loop,"A for loop is a repetition control structure that allows you to efficiently write a loop that needs to execute a specific number of times.

The syntax of a for loop in C programming language is ?

for ( init; condition; increment ) {
statement(s);
}"
"""for"",""for""",for,"""statement"",""statement""",statement,"A for loop is a repetition control structure that allows you to efficiently write a loop that needs to execute a specific number of times.

The syntax of a for loop in C programming language is ?

for ( init; condition; increment ) {
statement(s);
}"
"""course"",""course""",course,"""textbook"",""textbook""",textbook,There is no required textbook and no required materials.
"""course"",""course""",course,"""material"",""material""",material,There is no required textbook and no required materials.
"""course"",""course""",course,"""tutorials"",""tutorials""",Tutorials,"From week 1 you will also be expected to attend a one-hour tutorial session to clarify ideas from lectures and work through exercises based on the lecture material. You should make sure that you use them effectively by examining in advance the material to be covered in each week's tutorial, by asking questions, by offering suggestions and by generally participating. The tutorial questions will be posted on the Web in the week before each tutorial. There are no marks for tutorial attendance."
"""statement"",""statement""",statement,"""break"",""break""",Break,"The break statement in C programming has the following two usages:

- When a break statement is encountered inside a loop, the loop is immediately terminated and the program control resumes at the next statement following the loop.

- It can be used to terminate a case in the switch statement (covered in the next chapter).

If you are using nested loops, the break statement will stop the execution of the innermost loop and start executing the next line of code after the block."
"""statement"",""statement""",statement,"""continue"",""continue""",Continue,"The continue statement in C programming works somewhat like the break statement. Instead of forcing termination, it forces the next iteration of the loop to take place, skipping any code in between.

For the for loop, continue statement causes the conditional test and increment portions of the loop to execute. For the while and do...while loops, continue statement causes the program control to pass to the conditional tests."
"""nested"",""nested""",nested,"""loop"",""loop""",loop,"C programming allows to use one loop inside another loop. 

The syntax for a nested for loop statement in C is as follows ?

for ( init; condition; increment ) {
for ( init; condition; increment ) {
statement(s);
}
statement(s);
}"
"""nested"",""nested""",nested,"""while"",""while""",while,"The syntax for a nested while loop statement in C programming language is as follows ?

while(condition) {
while(condition) {
statement(s);
}
statement(s);
}"
"""nested"",""nested""",nested,"""do"",""do""",do,"The syntax for a nested do...while loop statement in C programming language is as follows ?

do {
statement(s);

do {
statement(s);
}while( condition );

}while( condition );"
"""2d"",""2d""",2D,"""array"",""array""",array,"The simplest form of multidimensional array is the two-dimensional array. A two-dimensional array is, in essence, a list of one-dimensional arrays. To declare a two-dimensional integer array of size [x][y], you would write something as follows ?

type arrayName [ x ][ y ];

Where type can be any valid C data type and arrayName will be a valid C identifier. A two-dimensional array can be considered as a table which will have x number of rows and y number of columns."
"""pointer"",""pointer""",Pointer,"""compare"",""compare""",compare,"Pointers may be compared by using relational operators, such as ==, <, and >. If p1 and p2 point to variables that are related to each other, such as elements of the same array, then p1 and p2 can be meaningfully compared"
"""unsigned"",""unsigned""",unsigned,"""char"",""char""",char,"storage size is one byte, value range is 0 to 255"
"""signed"",""signed""",signed,"""char"",""char""",char,"storage size is one byte, value range is -128 to127"
"""unsigned"",""unsigned""",unsigned,"""int"",""int""",int,"storage size is 2 or 4 bytes, value range is 0 to 65,535 or 0 to 4,294,967,295"
"""unsigned"",""unsigned""",unsigned,"""short"",""short""",short,"storage size is 2 bytes, value range is 0 to 65,535"
"""unsigned"",""unsigned""",unsigned,"""long"",""long""",long,"storage size is 4 bytes, value range is 0 to 4,294,967,295"
"""floating"",""floating""",floating,"""point"",""point""",point,"float 4 bytes, double 8 bytes, long double 10 bytes"
"""void"",""void""",void,"""type"",""type""",type,"The void type specifies that no value is available. It is used in three kinds of situations, function returns as void, function arguments as void, Pointers to void"
"""declare"",""declare""",Declare,"""function"",""function""",Function,"A function declaration has the following parts: return type, function name(parameter list)"
"""local"",""local""",Local,"""variable"",""variable""",Variable,Variables that are declared inside a function or block are called local variables
"""typedef"",""typedef""",Typedef,"""example"",""example""",Example,"Typedef Example: typedef unsigned char BYTE; after this definition, the identifier BYTE can be used as an abbreiviation for the type unsigned char"
"""read"",""read""",read,"""file"",""file""",file,"fgetc, fgets"
"""write"",""write""",write,"""file"",""file""",file,"fputc, fputs"
"""file"",""file""",file,"""mode"",""mode""",mode,"r(read), w(write) , a(open a text for writing in appending mode), r+(open a file for both reading and writing), w+(first truncate the file to zero length if exists), a+"
"""type"",""type""",Type,"""casting"",""casting""",Casting,"Type casting is a way to convert a variable from one data type to another data type. For example, if you want to store a 'long' value into a simple integer then you can type cast 'long' to 'int'. You can convert the values from one type to another explicitly using the?cast operator"
"""rename"",""rename""",Rename,"""source"",""source""",Source,"mv source1, source2"
"""remove"",""remove""",Remove,"""source"",""source""",Source,rm source
"""infinite"",""infinite""",infinite,"""loop"",""loop""",loop,A loop executing repeatedly as the loop-expression always evaluates to true such as
"""string"",""string""",String,"""length"",""length""",length,It is the count of character excluding the ??\0?? character
"""typed"",""typed""",typed,"""language"",""language""",language,"C is a weakly typed language. Because in C, each variable's type is determined at compile time and not run-time like Python or JavaScript"
"""function"",""function""",function,"""parameters"",""parameters""",parameters,1.functions take 0 or more parameters 2. parameters initialized with the value suppiled by the caller
"""function"",""function""",function,"""prototypes"",""prototypes""",prototypes,1.Function prototypes allow function to be called before it is defined 2.Allow us to have function definition in separate file 3.Allows top-down order of function in file. More readable!
"""function"",""function""",function,"""propertities"",""propertities""",propertities,1.Function have a type - the type of the value they return 2.Type void for functions that return no value 3.Function cannot return arrays 4.run-time error if end of non-void function readched without return
