,Keyword 1,,Keyword 2,,Keyword 3,Answer
"""devide"",""devide""",Devide,"""zero"",""zero""",Zero,"""error"",""error""",Error,"It is a common problem that at the time of dividing any number, programmers do not check if a divisor is zero and finally it creates a runtime error."
"""declare"",""declare""",Declare,"""variable"",""variable""",Variable,"""example"",""example""",Example,"Some valid declarations are shown here:

int i, j, k;
char c, ch;
float f, salary;
double d;
The line int i, j, k; declares and defines the variables i, j, and k; which instruct the compiler to create variables named i, j and k of type int.

Variables can be initialized (assigned an initial value) in their declaration. The initializer consists of an equal sign followed by a constant expression as follows ?

type variable_name = value;
Some examples are ?

extern int d = 3, f = 5; // declaration of d and f. 
int d = 3, f = 5; // definition and initializing d and f. 
byte z = 22; // definition and initializes z. 
char x = 'x'; // the variable x has the value 'x'.

For definition without an initializer: variables with static storage duration are implicitly initialized with NULL (all bytes have the value 0); the initial value of all other variables are undefined."
"""define"",""define""",Define,"""constant"",""constant""",Constant,"""example"",""example""",Example,"Given below is the form to use #define preprocessor to define a constant ?

#define identifier value
The following example explains it in detail ?

Live Demo
#include <stdio.h>

#define LENGTH 10 
#define WIDTH 5
#define NEWLINE '\n'

int main() {
int area; 

area = LENGTH * WIDTH;
printf(""value of area : %d"", area);
printf(""%c"", NEWLINE);

return 0;
}"
"""sort"",""sort""",sort,"""computer"",""computer""",computer,"""need"",""need""",need,"Almost any computer will be fine for COMP1511.Do not rush out and buy an expensive new laptop or desktop.You will need to a lot of coding so its is very useful to have access to a internet-connected computer where you live - but almost any computer will be sufficient.If you don't have computer access where you live, you will need to spend quite a bit of time in CSE's computing labs"
"""stuck"",""stuck""",stuck,"""write"",""write""",write,"""code"",""code""",code,"If you have tried searching the internet for solutions with no luck, there are many resources within the course which can save hours of effort. One such resource is the Course Forum. Posting a question on this forum can help other students with the same question. You can also attend one of our Help Sessions where course tutors can spend time helping you. One last resource is your tutor or lab demonstrator. It can be very helpful to have their email addresses, especially during assignments."
"""what"",""what""",what,"""good"",""good""",good,"""comment"",""comment""",comment,"The comment in the example, is a header comment. You should make sure you have a header comment with your name, date and the purpose of your program at the top of every program you write. Comments can also be added throughout your code to make it easier for a human to understand your program."
"""distinct"",""distinct""",distinct,"""value"",""value""",value,"""byte"",""byte""",byte,2^8 = 256 possible bit patterns
"""syntax"",""syntax""",syntax,"""if"",""if""",if,"""statements"",""statements""",statements,"If statements allow branching in programs, i.e., selecting and executing different blocks of code according to certain conditions."
"""c"",""c""",C,"""typed"",""typed""",typed,"""language"",""language""",language,"In a typed language, program entities (variables, functions, etc.) are declared to be of particular types. This allows additional checks (type-checking) to be performed that ensure the validity of programs. If a type mismatch is detected, then the programmer is warned by the compiler. Typed code is easier to understand and debug since there are guarantees about the kinds of values that are being manipulated. Giving a variable a type also lets the compiler determine the amount of storage space (memory) to set aside for storing values in the variable."
"""lab"",""lab""",lab,"""exercises"",""exercises""",exercises,"""submission"",""submission""",submission,"For each of the lab exercises, both members of each lab pair need to submit the exercise separately using give. 

You cannot obtain marks by e-mailing lab work to tutors or lecturers. 

If you cannot complete the exercise by the end of the lab you may complete it in your own time and submit it using the give command before midnight Sunday (Sunday 11:59:59pm)."
"""weekly"",""weekly""",Weekly,"""coding"",""coding""",coding,"""tests"",""tests""",tests,"There will be weekly coding tests from weeks 3-12 designed to give you timely & realistic feedback of your understanding of the course material. 

These will be conducted in your own time under self-enforced exam-like conditions. 

Each tests will specify the conditions but typically these will include 

No assistance from any person. 
A time limit (probably 1 hour). 
No access to materials (written or online) except specified language documentation or man pages. 
Each coding test will be automatically marked. There will be partial marks for attempts which do not pass automatic tests. Here is an indicative guide: 

Passes all automatic tests. 1/1 
Fails several automatic tests. 0.75/1 
otherwise 0.5/1 
Your mark for the coding test component will be the sum of your best 8 of 10 test marks. 

Any deliberate violation of the test conditions will result in a mark of zero for the entire programming test component. 

The weekly programming test must be completed by Sunday Midnight."
"""exam"",""exam""",Exam,"""hurdle"",""hurdle""",Hurdle,"""requirements"",""requirements""",Requirements,"Hurdle Requirement #1: on the final exam you must solve a task by writing a program that uses an array. The final exam will contain multiple questions (clearly marked) which if answered successfully will meet this hurdle requirement. Answering any one of these questions will meet this hurdle requirements. 

Hurdle Requirement #2: on the final exam you must solve a task by writing a program that uses a linked list. The final exam will contain multiple questions (clearly marked) which if answered successfully meet this hurdle requirement. Answering any one of these questions will meet this hurdle requirements. 

You can not pass COMP1511 unless you achieve both the above hurdles. However you will be offered an additional chance to pass the hurdles in the supplementary exam, if you achieve a mark of 50+ but do not pass both hurdles."
"""resources"",""resources""",Resources,"""for"",""for""",for,"""students"",""students""",Students,"The optional textbook for the course is: Programming, Problem Solving, and Abstraction with C by Alistair Moffat, 
COMP1511 18s1: Programming Fundamentals is brought to you by 
the School of Computer Science and Engineering at the University of New South Wales, Sydney. 
For all enquiries, please email the class account at cs1511@cse.unsw.edu.au"
"""communication"",""communication""",Communication,"""course"",""course""",Course,"""staff"",""staff""",Staff,"Sometimes urgent information may be sent to you by email. Make sure you pay careful attention to any email you receive. 

All official email will be sent to your UNSW email address. It's essential you read this email address regularly. If you forward your email, please be careful to do so correctly and test the forwarding. 

Additional information will be provided in the Course Forum. You should check the course forum regularly. It is the best place to ask questions about the course. 

Consultations times vary through session and are listed on the course home page."
"""program"",""program""",program,"""use"",""use""",use,"""scanf"",""scanf""",scanf,"#include <stdio.h> 

int main(void) { 
int x, y, sum; 
printf(""Enter x: ""); 
scanf(""%d"", &x); 
printf(""Enter y: ""); 
scanf(""%d"", &y); 
sum = x + y; 
printf(""%d + %d = %d\n"", x, y, sum); 
return 0; 
}"
"""bubble"",""bubble""",Bubble,"""sort"",""sort""",Sort,"""example"",""example""",Example,"We assume list is an array of n elements. We further assume that swap function swaps the values of the given array elements.

begin BubbleSort(list)

for all elements of list
if list[i] > list[i+1]
swap(list[i], list[i+1])
end if
end for

return list

end BubbleSort"
"""abstract"",""abstract""",Abstract,"""data"",""data""",Data,"""type"",""type""",Type,"Abstract Data type (ADT) is a type (or class) for objects whose behavior is defined by a set of value and a set of operations.
The definition of ADT only mentions what operations are to be performed but not how these operations will be implemented. It does not specify how data will be organized in memory and what algorithms will be used for implementing the operations. It is called ??abstract?? because it gives an implementation independent view."
"""global"",""global""",Global,"""variable"",""variable""",Variable,"""example"",""example""",Example,"#include <stdio.h>
// Global variable declaration:
int g;
int main () {
// Local variable declaration:
int a, b;
a = 10;
b = 20;
g = a + b;
return 0;
}"
"""basic"",""basic""",basic,"""variable"",""variable""",variable,"""type"",""type""",type,"char: Typically a single octet(one byte). This is an integer type.

int: The most natural size of integer for the machine.

float: A single-precision floating point value.

double: A double-precision floating point value.

void: Represents the absence of type."
"""delcare"",""delcare""",delcare,"""pointer"",""pointer""",pointer,"""example"",""example""",example,"Take a look at some of the valid pointer declarations ?

int *ip; /* pointer to an integer */
double *dp; /* pointer to a double */
float *fp; /* pointer to a float */
char *ch /* pointer to a character */

The actual data type of the value of all pointers, whether integer, float, character, or otherwise, is the same, a long hexadecimal number that represents a memory address. The only difference between pointers of different data types is the data type of the variable or constant that the pointer points to."
"""null"",""null""",NULL,"""pointer"",""pointer""",pointer,"""example"",""example""",example,"Consider the following program ?

#include <stdio.h>

int main () {
int *ptr = NULL;

printf(""The value of ptr is : %x\n"", ptr );

return 0;
}

When the above code is compiled and executed, it produces the following result ?

The value of ptr is 0

In most of the operating systems, programs are not permitted to access memory at address 0 because that memory is reserved by the operating system. However, the memory address 0 has special significance; it signals that the pointer is not intended to point to an accessible memory location. But by convention, if a pointer contains the null (zero) value, it is assumed to point to nothing."
"""check"",""check""",check,"""null"",""null""",NULL,"""pointer"",""pointer""",pointer,"To check for a null pointer, you can use an 'if' statement as follows ?

if(ptr) /* succeeds if p is not null */
if(!ptr) /* succeeds if p is null */"
"""pointer"",""pointer""",pointer,"""operation"",""operation""",operation,"""example"",""example""",example,"To understand pointer arithmetic, let us consider that ptr is an integer pointer which points to the address 1000. Assuming 32-bit integers, let us perform the following arithmetic operation on the pointer:

ptr++

After the above operation, the ptr will point to the location 1004 because each time ptr is incremented, it will point to the next integer location which is 4 bytes next to the current location. This operation will move the pointer to the next memory location without impacting the actual value at the memory location. If ptr points to a character whose address is 1000, then the above operation will point to the location 1001 because the next character will be available at 1001."
"""pointer"",""pointer""",pointer,"""comparison"",""comparison""",comparison,"""example"",""example""",example,"#include <stdio.h>

const int MAX = 3;

int main () {
int var[] = {10, 100, 200};
int i, *ptr;

/* let us have address of the first element in pointer */
ptr = var;
i = 0;

while ( ptr <= &var[MAX - 1] ) {

printf(""Address of var[%d] = %x\n"", i, ptr );
printf(""Value of var[%d] = %d\n"", i, *ptr );

/* point to the previous location */
ptr++;
i++;
}

return 0;
}

When the above code is compiled and executed, it produces the following result ?

Address of var[0] = bfdbcb20
Value of var[0] = 10
Address of var[1] = bfdbcb24
Value of var[1] = 100
Address of var[2] = bfdbcb28
Value of var[2] = 200"
"""access"",""access""",access,"""array"",""array""",array,"""example"",""example""",example,"The following example Shows how to use all the three concepts: declaration, assignment, and accessing arrays ?

#include <stdio.h>

int main () {
int n[ 10 ]; /* n is an array of 10 integers */
int i,j;

/* initialize elements of array n to 0 */ 
for ( i = 0; i < 10; i++ ) {
n[ i ] = i + 100; /* set element at location i to i + 100 */
}

/* output each array element's value */
for (j = 0; j < 10; j++ ) {
printf(""Element[%d] = %d\n"", j, n[j] );
}

return 0;
}

When the above code is compiled and executed, it produces the following result ?

Element[0] = 100
Element[1] = 101
Element[2] = 102
Element[3] = 103
Element[4] = 104
Element[5] = 105
Element[6] = 106
Element[7] = 107
Element[8] = 108
Element[9] = 109"
"""declare"",""declare""",declare,"""array"",""array""",array,"""example"",""example""",example,"The following example Shows how to use all the three concepts: declaration, assignment, and accessing arrays ?

#include <stdio.h>

int main () {
int n[ 10 ]; /* n is an array of 10 integers */
int i,j;

/* initialize elements of array n to 0 */ 
for ( i = 0; i < 10; i++ ) {
n[ i ] = i + 100; /* set element at location i to i + 100 */
}

/* output each array element's value */
for (j = 0; j < 10; j++ ) {
printf(""Element[%d] = %d\n"", j, n[j] );
}

return 0;
}

When the above code is compiled and executed, it produces the following result ?

Element[0] = 100
Element[1] = 101
Element[2] = 102
Element[3] = 103
Element[4] = 104
Element[5] = 105
Element[6] = 106
Element[7] = 107
Element[8] = 108
Element[9] = 109"
"""assign"",""assign""",assign,"""array"",""array""",array,"""example"",""example""",example,"The following example Shows how to use all the three concepts: declaration, assignment, and accessing arrays ?

#include <stdio.h>

int main () {
int n[ 10 ]; /* n is an array of 10 integers */
int i,j;

/* initialize elements of array n to 0 */ 
for ( i = 0; i < 10; i++ ) {
n[ i ] = i + 100; /* set element at location i to i + 100 */
}

/* output each array element's value */
for (j = 0; j < 10; j++ ) {
printf(""Element[%d] = %d\n"", j, n[j] );
}

return 0;
}

When the above code is compiled and executed, it produces the following result ?

Element[0] = 100
Element[1] = 101
Element[2] = 102
Element[3] = 103
Element[4] = 104
Element[5] = 105
Element[6] = 106
Element[7] = 107
Element[8] = 108
Element[9] = 109"
"""array"",""array""",array,"""pointer"",""pointer""",pointer,"""example"",""example""",example,"The following example uses three integers, which are stored in an array of pointers, as follows ?

#include <stdio.h>

const int MAX = 3;

int main () {
int var[] = {10, 100, 200};
int i, *ptr[MAX];

for ( i = 0; i < MAX; i++) {
ptr[i] = &var[i]; /* assign the address of integer. */
}

for ( i = 0; i < MAX; i++) {
printf(""Value of var[%d] = %d\n"", i, *ptr[i] );
}

return 0;
}

When the above code is compiled and executed, it produces the following result ?

Value of var[0] = 10
Value of var[1] = 100
Value of var[2] = 200

You can also use an array of pointers to character to store a list of strings as follows ?

#include <stdio.h>

const int MAX = 4;

int main () {
char *names[] = {
""Zara Ali"",
""Hina Ali"",
""Nuha Ali"",
""Sara Ali""
};

int i = 0;

for ( i = 0; i < MAX; i++) {
printf(""Value of names[%d] = %s\n"", i, names[i] );
}

return 0;
}

When the above code is compiled and executed, it produces the following result ?

Value of names[0] = Zara Ali
Value of names[1] = Hina Ali
Value of names[2] = Nuha Ali
Value of names[3] = Sara Ali
"
"""function"",""function""",function,"""pass"",""pass""",pass,"""pointer"",""pointer""",pointer,"C programming allows passing a pointer to a function. To do so, simply declare the function parameter as a pointer type"
"""pass"",""pass""",pass,"""pointer"",""pointer""",pointer,"""example"",""example""",example,"Following is a simple example where we pass an unsigned long pointer to a function and change the value inside the function which reflects back in the calling function ?

#include <stdio.h>
#include <time.h>

void getSeconds(unsigned long *par);

int main () {
unsigned long sec;
getSeconds( &sec );

/* print the actual value */
printf(""Number of seconds: %ld\n"", sec );

return 0;
}

void getSeconds(unsigned long *par) {
/* get the current number of seconds */
*par = time( NULL );
return;
}

When the above code is compiled and executed, it produces the following result ?

Number of seconds :1294450468"
"""return"",""return""",return,"""pointer"",""pointer""",pointer,"""example"",""example""",example,"Now, consider the following function which will generate 10 random numbers and return them using an array name which represents a pointer, i.e., address of first array element.

#include <stdio.h>
#include <time.h>

/* function to generate and return random numbers. */
int * getRandom( ) {
static int r[10];
int i;

/* set the seed */
srand( (unsigned)time( NULL ) );

for ( i = 0; i < 10; ++i) {
r[i] = rand();
printf(""%d\n"", r[i] );
}

return r;
}

/* main function to call above defined function */
int main () {
/* a pointer to an int */
int *p;
int i;

p = getRandom();

for ( i = 0; i < 10; i++ ) {
printf(""*(p + [%d]) : %d\n"", i, *(p + i) );
}

return 0;
}

When the above code is compiled together and executed, it produces the following result ?

1523198053
1187214107
1108300978
430494959
1421301276
930971084
123250484
106932140
1604461820
149169022
*(p + [0]) : 1523198053
*(p + [1]) : 1187214107
*(p + [2]) : 1108300978
*(p + [3]) : 430494959
*(p + [4]) : 1421301276
*(p + [5]) : 930971084
*(p + [6]) : 123250484
*(p + [7]) : 106932140
*(p + [8]) : 1604461820
*(p + [9]) : 149169022"
"""function"",""function""",function,"""return"",""return""",return,"""pointer"",""pointer""",pointer,"C allows to return a pointer from a function. To do so, you would have to declare a function returning a pointer as in the following example ?

int * myFunction() {
.
.
.
}
"
"""initialize"",""initialize""",Initialize,"""two-dimensional"",""two-dimensional""",Two-dimensional,"""array"",""array""",array,"Multidimensional arrays may be initialized by specifying bracketed values for each row. Following is an array with 3 rows and each row has 4 columns.

int a[3][4] = { 
{0, 1, 2, 3} , /* initializers for row indexed by 0 */
{4, 5, 6, 7} , /* initializers for row indexed by 1 */
{8, 9, 10, 11} /* initializers for row indexed by 2 */
};

The nested braces, which indicate the intended row, are optional. The following initialization is equivalent to the previous example ?

int a[3][4] = {0,1,2,3,4,5,6,7,8,9,10,11};"
"""initialize"",""initialize""",Initialize,"""multi-dimensional"",""multi-dimensional""",Multi-dimensional,"""array"",""array""",array,"Multidimensional arrays may be initialized by specifying bracketed values for each row. Following is an array with 3 rows and each row has 4 columns.

int a[3][4] = { 
{0, 1, 2, 3} , /* initializers for row indexed by 0 */
{4, 5, 6, 7} , /* initializers for row indexed by 1 */
{8, 9, 10, 11} /* initializers for row indexed by 2 */
};

The nested braces, which indicate the intended row, are optional. The following initialization is equivalent to the previous example ?

int a[3][4] = {0,1,2,3,4,5,6,7,8,9,10,11};"
"""access"",""access""",access,"""two-dimensional"",""two-dimensional""",Two-dimensional,"""array"",""array""",array,"An element in a two-dimensional array is accessed by using the subscripts, i.e., row index and column index of the array. For example ?

int val = a[2][3];

The above statement will take the 4th element from the 3rd row of the array"
"""access"",""access""",access,"""two-dimensional"",""two-dimensional""",Two-dimensional,"""example"",""example""",example,"Let us check the following program where we have used a nested loop to handle a two-dimensional array ?

#include <stdio.h>

int main () {
/* an array with 5 rows and 2 columns*/
int a[5][2] = { {0,0}, {1,2}, {2,4}, {3,6},{4,8}};
int i, j;

/* output each array element's value */
for ( i = 0; i < 5; i++ ) {

for ( j = 0; j < 2; j++ ) {
printf(""a[%d][%d] = %d\n"", i,j, a[i][j] );
}
}

return 0;
}

When the above code is compiled and executed, it produces the following result ?

a[0][0]: 0
a[0][1]: 0
a[1][0]: 1
a[1][1]: 2
a[2][0]: 2
a[2][1]: 4
a[3][0]: 3
a[3][1]: 6
a[4][0]: 4
a[4][1]: 8"
"""two-dimensional"",""two-dimensional""",Two-dimensional,"""array"",""array""",array,"""example"",""example""",example,"Let us check the following program where we have used a nested loop to handle a two-dimensional array ?

#include <stdio.h>

int main () {
/* an array with 5 rows and 2 columns*/
int a[5][2] = { {0,0}, {1,2}, {2,4}, {3,6},{4,8}};
int i, j;

/* output each array element's value */
for ( i = 0; i < 5; i++ ) {

for ( j = 0; j < 2; j++ ) {
printf(""a[%d][%d] = %d\n"", i,j, a[i][j] );
}
}

return 0;
}

When the above code is compiled and executed, it produces the following result ?

a[0][0]: 0
a[0][1]: 0
a[1][0]: 1
a[1][1]: 2
a[2][0]: 2
a[2][1]: 4
a[3][0]: 3
a[3][1]: 6
a[4][0]: 4
a[4][1]: 8"
"""multi-dimensional"",""multi-dimensional""",Multi-dimensional,"""array"",""array""",array,"""example"",""example""",example,"Let us check the following program where we have used a nested loop to handle a two-dimensional array ?

#include <stdio.h>

int main () {
/* an array with 5 rows and 2 columns*/
int a[5][2] = { {0,0}, {1,2}, {2,4}, {3,6},{4,8}};
int i, j;

/* output each array element's value */
for ( i = 0; i < 5; i++ ) {

for ( j = 0; j < 2; j++ ) {
printf(""a[%d][%d] = %d\n"", i,j, a[i][j] );
}
}

return 0;
}

When the above code is compiled and executed, it produces the following result ?

a[0][0]: 0
a[0][1]: 0
a[1][0]: 1
a[1][1]: 2
a[2][0]: 2
a[2][1]: 4
a[3][0]: 3
a[3][1]: 6
a[4][0]: 4
a[4][1]: 8"
"""nested"",""nested""",nested,"""if"",""if""",if,"""statements"",""statements""",statements,"It is always legal in C programming to nest if-else statements, which means you can use one if or else if statement inside another if or else if statement(s).

The syntax for a nested if statement is as follows ?

if( boolean_expression 1) {
/* Executes when the boolean expression 1 is true */
if(boolean_expression 2) {
/* Executes when the boolean expression 2 is true */
}
}

You can nest else if...else in the similar way as you have nested if statements."
"""nested"",""nested""",nested,"""if"",""if""",if,"""example"",""example""",example,"#include <stdio.h>

int main () {
/* local variable definition */
int a = 100;
int b = 200;

/* check the boolean condition */
if( a == 100 ) {

/* if condition is true then check the following */
if( b == 200 ) {
/* if condition is true then print the following */
printf(""Value of a is 100 and b is 200\n"" );
}
}

printf(""Exact value of a is : %d\n"", a );
printf(""Exact value of b is : %d\n"", b );

return 0;
}

When the above code is compiled and executed, it produces the following result ?

Value of a is 100 and b is 200
Exact value of a is : 100
Exact value of b is : 200"
"""if"",""if""",if,"""statement"",""statement""",statement,"""example"",""example""",example,"#include <stdio.h>

int main () {
/* local variable definition */
int a = 10;

/* check the boolean condition using if statement */

if( a < 20 ) {
/* if condition is true then print the following */
printf(""a is less than 20\n"" );
}

printf(""value of a is : %d\n"", a);

return 0;
}

When the above code is compiled and executed, it produces the following result ?

a is less than 20;
value of a is : 10"
"""for"",""for""",for,"""loop"",""loop""",loop,"""flow"",""flow""",flow,"Here is the flow of control in a 'for' loop ?

The init step is executed first, and only once. This step allows you to declare and initialize any loop control variables. You are not required to put a statement here, as long as a semicolon appears.

Next, the condition is evaluated. If it is true, the body of the loop is executed. If it is false, the body of the loop does not execute and the flow of control jumps to the next statement just after the 'for' loop.

After the body of the 'for' loop executes, the flow of control jumps back up to the increment statement. This statement allows you to update any loop control variables. This statement can be left blank, as long as a semicolon appears after the condition.

The condition is now evaluated again. If it is true, the loop executes and the process repeats itself (body of loop, then increment step, and then again condition). After the condition becomes false, the 'for' loop terminates."
"""for"",""for""",for,"""statement"",""statement""",statement,"""flow"",""flow""",flow,"Here is the flow of control in a 'for' loop ?

The init step is executed first, and only once. This step allows you to declare and initialize any loop control variables. You are not required to put a statement here, as long as a semicolon appears.

Next, the condition is evaluated. If it is true, the body of the loop is executed. If it is false, the body of the loop does not execute and the flow of control jumps to the next statement just after the 'for' loop.

After the body of the 'for' loop executes, the flow of control jumps back up to the increment statement. This statement allows you to update any loop control variables. This statement can be left blank, as long as a semicolon appears after the condition.

The condition is now evaluated again. If it is true, the loop executes and the process repeats itself (body of loop, then increment step, and then again condition). After the condition becomes false, the 'for' loop terminates."
"""for"",""for""",for,"""loop"",""loop""",loop,"""example"",""example""",example,"#include <stdio.h>

int main () {
int a;

/* for loop execution */
for( a = 10; a < 20; a = a + 1 ){
printf(""value of a: %d\n"", a);
}

return 0;
}

When the above code is compiled and executed, it produces the following result ?

value of a: 10
value of a: 11
value of a: 12
value of a: 13
value of a: 14
value of a: 15
value of a: 16
value of a: 17
value of a: 18
value of a: 19"
"""for"",""for""",for,"""statement"",""statement""",statement,"""example"",""example""",example,"#include <stdio.h>

int main () {
int a;

/* for loop execution */
for( a = 10; a < 20; a = a + 1 ){
printf(""value of a: %d\n"", a);
}

return 0;
}

When the above code is compiled and executed, it produces the following result ?

value of a: 10
value of a: 11
value of a: 12
value of a: 13
value of a: 14
value of a: 15
value of a: 16
value of a: 17
value of a: 18
value of a: 19"
"""nested"",""nested""",nested,"""loop"",""loop""",loop,"""example"",""example""",example,"The following program uses a nested for loop to find the prime numbers from 2 to 100 ?

#include <stdio.h>

int main () {
/* local variable definition */
int i, j;

for(i = 2; i<100; i++) {

for(j = 2; j <= (i/j); j++) 
if(!(i%j)) break; // if factor found, not prime
if(j > (i/j)) printf(""%d is prime\n"", i);
}

return 0;
}

When the above code is compiled and executed, it produces the following result ?

2 is prime
3 is prime
5 is prime
7 is prime
11 is prime
13 is prime
17 is prime
19 is prime
23 is prime
29 is prime
31 is prime
37 is prime
41 is prime
43 is prime
47 is prime
53 is prime
59 is prime
61 is prime
67 is prime
71 is prime
73 is prime
79 is prime
83 is prime
89 is prime
97 is prime"
"""access"",""access""",access,"""2d"",""2d""",2D,"""array"",""array""",array,"An element in a two-dimensional array is accessed by using the subscripts, i.e., row index and column index of the array. For example ?

int val = a[2][3];

The above statement will take the 4th element from the 3rd row of the array"
"""initialize"",""initialize""",Initialize,"""2d"",""2d""",2D,"""array"",""array""",array,"Multidimensional arrays may be initialized by specifying bracketed values for each row. Following is an array with 3 rows and each row has 4 columns.

int a[3][4] = { 
{0, 1, 2, 3} , /* initializers for row indexed by 0 */
{4, 5, 6, 7} , /* initializers for row indexed by 1 */
{8, 9, 10, 11} /* initializers for row indexed by 2 */
};

The nested braces, which indicate the intended row, are optional. The following initialization is equivalent to the previous example ?

int a[3][4] = {0,1,2,3,4,5,6,7,8,9,10,11};"
"""pointer"",""pointer""",pointer,"""compare"",""compare""",compare,"""example"",""example""",example,"#include <stdio.h>

const int MAX = 3;

int main () {
int var[] = {10, 100, 200};
int i, *ptr;

/* let us have address of the first element in pointer */
ptr = var;
i = 0;

while ( ptr <= &var[MAX - 1] ) {

printf(""Address of var[%d] = %x\n"", i, ptr );
printf(""Value of var[%d] = %d\n"", i, *ptr );

/* point to the previous location */
ptr++;
i++;
}

return 0;
}

When the above code is compiled and executed, it produces the following result ?

Address of var[0] = bfdbcb20
Value of var[0] = 10
Address of var[1] = bfdbcb24
Value of var[1] = 100
Address of var[2] = bfdbcb28
Value of var[2] = 200"
"""what"",""what""",what,"""good"",""good""",good,"""comment"",""comment""",comment,"The comment in the example, is a header comment. You should make sure you have a header comment with your name, date and the purpose of your program at the top of every program you write. Comments can also be added throughout your code to make it easier for a human to understand your program."
"""c"",""c""",C,"""typed"",""typed""",typed,"""language"",""language""",language,"In a typed language, program entities (variables, functions, etc.) are declared to be of particular types. This allows additional checks (type-checking) to be performed that ensure the validity of programs. If a type mismatch is detected, then the programmer is warned by the compiler. Typed code is easier to understand and debug since there are guarantees about the kinds of values that are being manipulated. Giving a variable a type also lets the compiler determine the amount of storage space (memory) to set aside for storing values in the variable."
"""arithmetic"",""arithmetic""",Arithmetic,"""operator"",""operator""",Operator,"""example"",""example""",Example,"Besides some familiar operators like +, -, *, / other operators like ++ (increment integer by one and --, decrement integer by one)"
"""relational"",""relational""",Relational,"""operator"",""operator""",Operator,"""example"",""example""",Example,"Include ==, !=, >, <, >=, <=,"
"""logical"",""logical""",Logical,"""operator"",""operator""",Operator,"""example"",""example""",Example,"&&, ||, !"
"""bitwise"",""bitwise""",Bitwise,"""operator"",""operator""",Operator,"""example"",""example""",Example,"& (binary AND), | (binary OR), ^ (binary XOR), ~ (binary One's Complement), << (Left shift), >> (Right shift)"
"""define"",""define""",Define,"""a"",""a""",a,"""structure"",""structure""",structure,"To define a structure, you must use the struct statement. The struct statement defines a new data type, with more than one member. The format of the struct statement is as follows ?

struct [structure tag] {

member definition;
member definition;
...
member definition;
} [one or more structure variables];"
"""access"",""access""",Access,"""structure"",""structure""",Structure,"""member"",""member""",member,"To access any member of a structure, we use the?member access operator (.), for example if we have a structure Books, and we want to access one attribute named 'title', then we need to do 'Books.title'"
"""make"",""make""",make,"""a"",""a""",a,"""directory"",""directory""",directory,mkdir dir
"""move"",""move""",move,"""to"",""to""",to,"""directory"",""directory""",directory,"mv source1, [source2...] dir"
"""show"",""show""",show,"""help"",""help""",help,"""manual"",""manual""",manual,man cmd
"""difference"",""difference""",difference,"""malloc"",""malloc""",malloc,"""calloc"",""calloc""",calloc,Both allocates memory from heap area/dynamic memory. By default calloc fills the allocated memory with 0??s
"""command"",""command""",command,"""line"",""line""",line,"""arguments"",""arguments""",arguments,The arguments which we pass to the main() function while executing the program are called as command line arguments
"""list"",""list""",List,"""recent"",""recent""",recent,"""commands"",""commands""",commands,history
"""show"",""show""",show,"""last"",""last""",last,"""lines"",""lines""",lines,tail file
"""show"",""show""",show,"""fist"",""fist""",fist,"""lines"",""lines""",lines,head file
"""drawback"",""drawback""",drawback,"""linked"",""linked""",linked,"""list"",""list""",list,1. Random access is not allowed 2.Extra memory space for pointer is required 3. Not cache friendly
"""advantage"",""advantage""",Advantage,"""linked"",""linked""",linked,"""list"",""list""",list,1. Dynamic size 2. Easy of insertion/deletion
"""declare"",""declare""",declare,"""a"",""a""",a,"""pointer"",""pointer""",pointer,data_type * pointer_variable_name; data_type indicates the type of the variable that the pointer points to.
"""advantages"",""advantages""",advantages,"""of"",""of""",of,"""pointer"",""pointer""",pointer,1.pointers are useful for accessing memory locations 2. Pointers provide an efficient way for accessing the elements of an array 3.Pointers are used for dynamic memory allocation as well as deallocation
"""disadvantages"",""disadvantages""",disadvantages,"""of"",""of""",of,"""pointer"",""pointer""",pointer,"1.If an incorrect value is provided to a pointer, it may cause memory corruption 2.Pointers can lead to various errors such as segmentation fault"
"""structure"",""structure""",Structure,"""of"",""of""",of,"""function"",""function""",Function,1.Return type 2.Function name 3.Parameters 4.Variables 5.Return Statement
