[
    {
        "Week": 1,
        "Slide": 0,
        "KeyPhrases": [
            {
                "Score": 0.9605078101158142,
                "Text": "avr"
            },
            {
                "Score": 0.9605078101158142,
                "Text": "isa"
            },
            {
                "Score": 0.9605078101158142,
                "Text": "avr"
            },
            {
                "Score": 0.6759862303733826,
                "Text": "lecturer"
            },
            {
                "Score": 0.7455317378044128,
                "Text": "sri"
            },
            {
                "Score": 0.7455317378044128,
                "Text": "parameswaran"
            }
        ]
    },
    {
        "Week": 1,
        "Slide": 1,
        "KeyPhrases": [
            {
                "Score": 0.9528340697288513,
                "Text": "lecture"
            },
            {
                "Score": 0.9528340697288513,
                "Text": "overview"
            },
            {
                "Score": 0.9528340697288513,
                "Text": "avr"
            },
            {
                "Score": 0.9528340697288513,
                "Text": "isa"
            },
            {
                "Score": 0.9528340697288513,
                "Text": "avr"
            },
            {
                "Score": 0.9528340697288513,
                "Text": "instruction"
            }
        ]
    },
    {
        "Week": 1,
        "Slide": 2,
        "KeyPhrases": [
            {
                "Score": 0.903152585029602,
                "Text": "atmel"
            },
            {
                "Score": 0.903152585029602,
                "Text": "avr"
            },
            {
                "Score": 0.903152585029602,
                "Text": "risc"
            },
            {
                "Score": 0.903152585029602,
                "Text": "architecture"
            },
            {
                "Score": 0.903152585029602,
                "Text": "instruction"
            },
            {
                "Score": 0.903152585029602,
                "Text": "bit"
            },
            {
                "Score": 0.8906764984130859,
                "Text": "fixed"
            },
            {
                "Score": 0.8906764984130859,
                "Text": "length"
            },
            {
                "Score": 0.8906764984130859,
                "Text": "instruction"
            },
            {
                "Score": 0.8906764984130859,
                "Text": "bit"
            },
            {
                "Score": 0.9946183562278748,
                "Text": "clock"
            },
            {
                "Score": 0.9946183562278748,
                "Text": "cycle"
            },
            {
                "Score": 0.8180052638053894,
                "Text": "memory"
            },
            {
                "Score": 0.8180052638053894,
                "Text": "access"
            },
            {
                "Score": 0.8180052638053894,
                "Text": "architecture"
            },
            {
                "Score": 0.8180052638053894,
                "Text": "load"
            },
            {
                "Score": 0.8180052638053894,
                "Text": "store"
            },
            {
                "Score": 0.9980954527854919,
                "Text": "calculation"
            },
            {
                "Score": 0.815168559551239,
                "Text": "register"
            },
            {
                "Score": 0.815168559551239,
                "Text": "instruction"
            },
            {
                "Score": 0.815168559551239,
                "Text": "program"
            },
            {
                "Score": 0.815168559551239,
                "Text": "memory"
            },
            {
                "Score": 0.815168559551239,
                "Text": "stage"
            },
            {
                "Score": 0.9126766324043274,
                "Text": "data"
            },
            {
                "Score": 0.9126766324043274,
                "Text": "memory"
            },
            {
                "Score": 0.9126766324043274,
                "Text": "variety"
            },
            {
                "Score": 0.9957038164138794,
                "Text": "chip"
            },
            {
                "Score": 0.8918857574462891,
                "Text": "digital"
            },
            {
                "Score": 0.5217574238777161,
                "Text": "adc"
            },
            {
                "Score": 0.8381280899047852,
                "Text": "eeprom"
            },
            {
                "Score": 0.9344950914382935,
                "Text": "uart"
            },
            {
                "Score": 0.9345433712005615,
                "Text": "pulse"
            },
            {
                "Score": 0.9345433712005615,
                "Text": "width"
            },
            {
                "Score": 0.9345433712005615,
                "Text": "modulator"
            },
            {
                "Score": 0.9624754786491394,
                "Text": "pwm"
            }
        ]
    },
    {
        "Week": 1,
        "Slide": 3,
        "KeyPhrases": [
            {
                "Score": 0.9247509837150574,
                "Text": "avr"
            },
            {
                "Score": 0.9247509837150574,
                "Text": "register"
            },
            {
                "Score": 0.9247509837150574,
                "Text": "purpose"
            },
            {
                "Score": 0.820325493812561,
                "Text": "register"
            },
            {
                "Score": 0.820325493812561,
                "Text": "bit"
            },
            {
                "Score": 0.7902352213859558,
                "Text": "group"
            },
            {
                "Score": 0.916364848613739,
                "Text": "half"
            },
            {
                "Score": 0.916364848613739,
                "Text": "group"
            },
            {
                "Score": 0.946537971496582,
                "Text": "half"
            },
            {
                "Score": 0.946537971496582,
                "Text": "group"
            },
            {
                "Score": 0.9562186598777771,
                "Text": "instruction"
            },
            {
                "Score": 0.8518751859664917,
                "Text": "half"
            },
            {
                "Score": 0.8518751859664917,
                "Text": "group"
            },
            {
                "Score": 0.999800980091095,
                "Text": "limitation"
            },
            {
                "Score": 0.7357771992683411,
                "Text": "instruction"
            },
            {
                "Score": 0.7357771992683411,
                "Text": "bit"
            },
            {
                "Score": 0.8747601509094238,
                "Text": "ldi"
            }
        ]
    },
    {
        "Week": 1,
        "Slide": 4,
        "KeyPhrases": [
            {
                "Score": 0.8878682851791382,
                "Text": "avr"
            },
            {
                "Score": 0.8878682851791382,
                "Text": "refer"
            },
            {
                "Score": 0.962751030921936,
                "Text": "online"
            },
            {
                "Score": 0.962751030921936,
                "Text": "avr"
            },
            {
                "Score": 0.962751030921936,
                "Text": "instruction"
            },
            {
                "Score": 0.962751030921936,
                "Text": "set"
            },
            {
                "Score": 0.962751030921936,
                "Text": "documentation"
            },
            {
                "Score": 0.9986356496810913,
                "Text": "list"
            },
            {
                "Score": 0.6954594850540161,
                "Text": "avr"
            },
            {
                "Score": 0.6954594850540161,
                "Text": "instruction"
            },
            {
                "Score": 0.8067618608474731,
                "Text": "instruction"
            },
            {
                "Score": 0.8067618608474731,
                "Text": "http"
            },
            {
                "Score": 0.9077333211898804,
                "Text": "rest"
            },
            {
                "Score": 0.9156091809272766,
                "Text": "lecture"
            },
            {
                "Score": 0.9921461939811707,
                "Text": "construct"
            }
        ]
    },
    {
        "Week": 1,
        "Slide": 5,
        "KeyPhrases": [
            {
                "Score": 0.9243313670158386,
                "Text": "calculation"
            },
            {
                "Score": 0.8051387071609497,
                "Text": "example"
            },
            {
                "Score": 0.8051387071609497,
                "Text": "expression"
            },
            {
                "Score": 0.9933080673217773,
                "Text": "data"
            },
            {
                "Score": 0.9980770349502563,
                "Text": "product"
            },
            {
                "Score": 0.9802637696266174,
                "Text": "multiplication"
            },
            {
                "Score": 0.9366726875305176,
                "Text": "number"
            },
            {
                "Score": 0.9366726875305176,
                "Text": "bit"
            },
            {
                "Score": 0.8122329711914062,
                "Text": "register"
            }
        ]
    },
    {
        "Week": 1,
        "Slide": 6,
        "KeyPhrases": [
            {
                "Score": 0.9005885124206543,
                "Text": "instruction"
            },
            {
                "Score": 0.8860058188438416,
                "Text": "sub"
            },
            {
                "Score": 0.8860058188438416,
                "Text": "mul"
            },
            {
                "Score": 0.8860058188438416,
                "Text": "ldi"
            }
        ]
    },
    {
        "Week": 1,
        "Slide": 7,
        "KeyPhrases": [
            {
                "Score": 0.9761387705802917,
                "Text": "carry"
            },
            {
                "Score": 0.9761387705802917,
                "Text": "syntax"
            },
            {
                "Score": 0.8964408040046692,
                "Text": "sub"
            },
            {
                "Score": 0.969690203666687,
                "Text": "operand"
            },
            {
                "Score": 0.924342691898346,
                "Text": "operation"
            },
            {
                "Score": 0.9475418329238892,
                "Text": "flag"
            },
            {
                "Score": 0.9697575569152832,
                "Text": "word"
            },
            {
                "Score": 0.909153401851654,
                "Text": "cycle"
            }
        ]
    },
    {
        "Week": 1,
        "Slide": 8,
        "KeyPhrases": [
            {
                "Score": 0.8645569086074829,
                "Text": "multiply"
            },
            {
                "Score": 0.8645569086074829,
                "Text": "syntax"
            },
            {
                "Score": 0.8579838275909424,
                "Text": "mul"
            },
            {
                "Score": 0.9695558547973633,
                "Text": "operand"
            },
            {
                "Score": 0.9157031774520874,
                "Text": "operation"
            },
            {
                "Score": 0.49959596991539,
                "Text": "flag"
            },
            {
                "Score": 0.8477141857147217,
                "Text": "bit"
            },
            {
                "Score": 0.999670147895813,
                "Text": "result"
            },
            {
                "Score": 0.8796820044517517,
                "Text": "word"
            },
            {
                "Score": 0.9193695783615112,
                "Text": "cycle"
            }
        ]
    },
    {
        "Week": 1,
        "Slide": 9,
        "KeyPhrases": [
            {
                "Score": 0.9218938946723938,
                "Text": "load"
            },
            {
                "Score": 0.9218938946723938,
                "Text": "immediate"
            },
            {
                "Score": 0.9218938946723938,
                "Text": "syntax"
            },
            {
                "Score": 0.8598950505256653,
                "Text": "ldi"
            },
            {
                "Score": 0.9320982098579407,
                "Text": "operand"
            },
            {
                "Score": 0.8605107665061951,
                "Text": "operation"
            },
            {
                "Score": 0.9279148578643799,
                "Text": "flag"
            },
            {
                "Score": 0.9128909707069397,
                "Text": "none"
            },
            {
                "Score": 0.9128909707069397,
                "Text": "word"
            },
            {
                "Score": 0.9231242537498474,
                "Text": "cycle"
            },
            {
                "Score": 0.8404130935668945,
                "Text": "kkkk"
            },
            {
                "Score": 0.8404130935668945,
                "Text": "dddd"
            },
            {
                "Score": 0.8404130935668945,
                "Text": "kkkk"
            },
            {
                "Score": 0.8404130935668945,
                "Text": "example"
            },
            {
                "Score": 0.6629548072814941,
                "Text": "ldi"
            },
            {
                "Score": 0.7863414287567139,
                "Text": "load"
            }
        ]
    },
    {
        "Week": 1,
        "Slide": 10,
        "KeyPhrases": [
            {
                "Score": 0.8402968049049377,
                "Text": "copy"
            },
            {
                "Score": 0.8402968049049377,
                "Text": "register"
            },
            {
                "Score": 0.8402968049049377,
                "Text": "syntax"
            },
            {
                "Score": 0.8689936399459839,
                "Text": "mov"
            },
            {
                "Score": 0.9722596406936646,
                "Text": "operand"
            },
            {
                "Score": 0.9242904186248779,
                "Text": "operation"
            },
            {
                "Score": 0.9639927744865417,
                "Text": "flag"
            },
            {
                "Score": 0.9130663275718689,
                "Text": "none"
            },
            {
                "Score": 0.9130663275718689,
                "Text": "word"
            },
            {
                "Score": 0.9242612719535828,
                "Text": "cycle"
            }
        ]
    },
    {
        "Week": 1,
        "Slide": 11,
        "KeyPhrases": [
            {
                "Score": 0.8638134598731995,
                "Text": "calculation"
            },
            {
                "Score": 0.816286027431488,
                "Text": "avr"
            },
            {
                "Score": 0.816286027431488,
                "Text": "code"
            },
            {
                "Score": 0.9921666979789734,
                "Text": "data"
            },
            {
                "Score": 0.9980493783950806,
                "Text": "product"
            },
            {
                "Score": 0.9803161025047302,
                "Text": "multiplication"
            },
            {
                "Score": 0.9366817474365234,
                "Text": "number"
            },
            {
                "Score": 0.9366817474365234,
                "Text": "bit"
            },
            {
                "Score": 0.8122329711914062,
                "Text": "register"
            },
            {
                "Score": 0.6275452375411987,
                "Text": "ldi"
            },
            {
                "Score": 0.8454489707946777,
                "Text": "mul"
            },
            {
                "Score": 0.8073239922523499,
                "Text": "mov"
            },
            {
                "Score": 0.8437420129776001,
                "Text": "mul"
            },
            {
                "Score": 0.8468405604362488,
                "Text": "sub"
            },
            {
                "Score": 0.8443295359611511,
                "Text": "mul"
            },
            {
                "Score": 0.8420925140380859,
                "Text": "sub"
            },
            {
                "Score": 0.8206696510314941,
                "Text": "mov"
            },
            {
                "Score": 0.87630295753479,
                "Text": "instruction"
            },
            {
                "Score": 0.8938866257667542,
                "Text": "cycle"
            }
        ]
    },
    {
        "Week": 1,
        "Slide": 12,
        "KeyPhrases": [
            {
                "Score": 0.9625089168548584,
                "Text": "avr"
            },
            {
                "Score": 0.9625089168548584,
                "Text": "register"
            },
            {
                "Score": 0.4572349488735199,
                "Text": "cont"
            },
            {
                "Score": 0.8785790205001831,
                "Text": "purpose"
            },
            {
                "Score": 0.8773747682571411,
                "Text": "register"
            },
            {
                "Score": 0.8773747682571411,
                "Text": "pair"
            },
            {
                "Score": 0.7029198408126831,
                "Text": "address"
            },
            {
                "Score": 0.7029198408126831,
                "Text": "index"
            },
            {
                "Score": 0.9269977807998657,
                "Text": "register"
            },
            {
                "Score": 0.8826978802680969,
                "Text": "use"
            },
            {
                "Score": 0.9992296099662781,
                "Text": "result"
            },
            {
                "Score": 0.813072144985199,
                "Text": "multiplication"
            },
            {
                "Score": 0.813072144985199,
                "Text": "instruction"
            },
            {
                "Score": 0.813072144985199,
                "Text": "store"
            },
            {
                "Score": 0.9967767000198364,
                "Text": "data"
            }
        ]
    },
    {
        "Week": 1,
        "Slide": 13,
        "KeyPhrases": [
            {
                "Score": 0.9625089168548584,
                "Text": "avr"
            },
            {
                "Score": 0.9625089168548584,
                "Text": "register"
            },
            {
                "Score": 0.4650658667087555,
                "Text": "cont"
            },
            {
                "Score": 0.8121873736381531,
                "Text": "register"
            },
            {
                "Score": 0.8121873736381531,
                "Text": "bit"
            },
            {
                "Score": 0.9879854917526245,
                "Text": "name"
            },
            {
                "Score": 0.812084972858429,
                "Text": "inc"
            },
            {
                "Score": 0.812084972858429,
                "Text": "file"
            },
            {
                "Score": 0.812084972858429,
                "Text": "used"
            },
            {
                "Score": 0.9087019562721252,
                "Text": "instruction"
            },
            {
                "Score": 0.7457120418548584,
                "Text": "control"
            },
            {
                "Score": 0.7457120418548584,
                "Text": "signal"
            },
            {
                "Score": 0.7457120418548584,
                "Text": "bit"
            },
            {
                "Score": 0.94968581199646,
                "Text": "instruction"
            },
            {
                "Score": 0.800790548324585,
                "Text": "register"
            },
            {
                "Score": 0.9249648451805115,
                "Text": "purpose"
            },
            {
                "Score": 0.9108740091323853,
                "Text": "port"
            },
            {
                "Score": 0.9966850876808167,
                "Text": "port"
            },
            {
                "Score": 0.9934515357017517,
                "Text": "register"
            },
            {
                "Score": 0.7959571480751038,
                "Text": "lds"
            },
            {
                "Score": 0.9888827204704285,
                "Text": "port"
            },
            {
                "Score": 0.8349533677101135,
                "Text": "register"
            },
            {
                "Score": 0.841562032699585,
                "Text": "detail"
            },
            {
                "Score": 0.8179543614387512,
                "Text": "status"
            },
            {
                "Score": 0.8179543614387512,
                "Text": "register"
            },
            {
                "Score": 0.9494673013687134,
                "Text": "sreg"
            }
        ]
    },
    {
        "Week": 1,
        "Slide": 14,
        "KeyPhrases": [
            {
                "Score": 0.9886830449104309,
                "Text": "status"
            },
            {
                "Score": 0.9886830449104309,
                "Text": "register"
            },
            {
                "Score": 0.803984522819519,
                "Text": "avr"
            },
            {
                "Score": 0.9798341989517212,
                "Text": "status"
            },
            {
                "Score": 0.9798341989517212,
                "Text": "register"
            },
            {
                "Score": 0.958876371383667,
                "Text": "sreg"
            },
            {
                "Score": 0.9964272379875183,
                "Text": "information"
            },
            {
                "Score": 0.9997672438621521,
                "Text": "result"
            },
            {
                "Score": 0.9950764775276184,
                "Text": "instruction"
            },
            {
                "Score": 0.9994827508926392,
                "Text": "information"
            },
            {
                "Score": 0.9930012226104736,
                "Text": "program"
            },
            {
                "Score": 0.9930012226104736,
                "Text": "flow"
            },
            {
                "Score": 0.9951104521751404,
                "Text": "operation"
            },
            {
                "Score": 0.9560070633888245,
                "Text": "sreg"
            },
            {
                "Score": 0.9800636768341064,
                "Text": "alu"
            },
            {
                "Score": 0.9800636768341064,
                "Text": "operation"
            },
            {
                "Score": 0.9939320087432861,
                "Text": "hardware"
            },
            {
                "Score": 0.9808546900749207,
                "Text": "sreg"
            },
            {
                "Score": 0.9715269804000854,
                "Text": "routine"
            },
            {
                "Score": 0.9715269804000854,
                "Text": "interrupt"
            },
            {
                "Score": 0.9966025352478027,
                "Text": "interrupt"
            },
            {
                "Score": 0.996044933795929,
                "Text": "software"
            },
            {
                "Score": 0.5643296241760254,
                "Text": "use"
            },
            {
                "Score": 0.996828019618988,
                "Text": "instruction"
            }
        ]
    },
    {
        "Week": 1,
        "Slide": 15,
        "KeyPhrases": [
            {
                "Score": 0.9882084131240845,
                "Text": "status"
            },
            {
                "Score": 0.9882084131240845,
                "Text": "register"
            },
            {
                "Score": 0.9136399626731873,
                "Text": "avr"
            },
            {
                "Score": 0.5818642973899841,
                "Text": "cont"
            },
            {
                "Score": 0.9289512634277344,
                "Text": "bit"
            },
            {
                "Score": 0.8394901752471924,
                "Text": "bit"
            },
            {
                "Score": 0.8606402277946472,
                "Text": "interrupt"
            },
            {
                "Score": 0.8606402277946472,
                "Text": "used"
            },
            {
                "Score": 0.7568952441215515,
                "Text": "interrupt"
            },
            {
                "Score": 0.9928795695304871,
                "Text": "bit"
            },
            {
                "Score": 0.9995951056480408,
                "Text": "hardware"
            },
            {
                "Score": 0.999182939529419,
                "Text": "interrupt"
            },
            {
                "Score": 0.9989231824874878,
                "Text": "reti"
            },
            {
                "Score": 0.9989231824874878,
                "Text": "instruction"
            },
            {
                "Score": 0.9924675226211548,
                "Text": "subsequent"
            },
            {
                "Score": 0.9924675226211548,
                "Text": "interrupt"
            }
        ]
    },
    {
        "Week": 1,
        "Slide": 16,
        "KeyPhrases": [
            {
                "Score": 0.9882084131240845,
                "Text": "status"
            },
            {
                "Score": 0.9882084131240845,
                "Text": "register"
            },
            {
                "Score": 0.9136399626731873,
                "Text": "avr"
            },
            {
                "Score": 0.5818642973899841,
                "Text": "cont"
            },
            {
                "Score": 0.9289512634277344,
                "Text": "bit"
            },
            {
                "Score": 0.8604139089584351,
                "Text": "bit"
            },
            {
                "Score": 0.7609034776687622,
                "Text": "bit"
            },
            {
                "Score": 0.7609034776687622,
                "Text": "copy"
            },
            {
                "Score": 0.7609034776687622,
                "Text": "storage"
            },
            {
                "Score": 0.736884355545044,
                "Text": "bit"
            },
            {
                "Score": 0.9158390164375305,
                "Text": "instruction"
            },
            {
                "Score": 0.9158390164375305,
                "Text": "bld"
            },
            {
                "Score": 0.9776153564453125,
                "Text": "bit"
            },
            {
                "Score": 0.9776153564453125,
                "Text": "load"
            },
            {
                "Score": 0.5998169779777527,
                "Text": "bst"
            },
            {
                "Score": 0.9782379865646362,
                "Text": "bit"
            },
            {
                "Score": 0.9782379865646362,
                "Text": "store"
            },
            {
                "Score": 0.9828789830207825,
                "Text": "bit"
            },
            {
                "Score": 0.983223021030426,
                "Text": "source"
            },
            {
                "Score": 0.983223021030426,
                "Text": "destination"
            },
            {
                "Score": 0.995191216468811,
                "Text": "operated"
            },
            {
                "Score": 0.995191216468811,
                "Text": "bit"
            },
            {
                "Score": 0.9945746064186096,
                "Text": "bit"
            },
            {
                "Score": 0.9964809417724609,
                "Text": "register"
            },
            {
                "Score": 0.9923307299613953,
                "Text": "register"
            },
            {
                "Score": 0.9923307299613953,
                "Text": "file"
            },
            {
                "Score": 0.9985458254814148,
                "Text": "bst"
            },
            {
                "Score": 0.9985458254814148,
                "Text": "instruction"
            },
            {
                "Score": 0.9962428212165833,
                "Text": "bit"
            },
            {
                "Score": 0.99898761510849,
                "Text": "bit"
            },
            {
                "Score": 0.9988784790039062,
                "Text": "register"
            },
            {
                "Score": 0.9922498464584351,
                "Text": "register"
            },
            {
                "Score": 0.9922498464584351,
                "Text": "file"
            },
            {
                "Score": 0.9985741376876831,
                "Text": "bld"
            },
            {
                "Score": 0.9985741376876831,
                "Text": "instruction"
            }
        ]
    },
    {
        "Week": 1,
        "Slide": 17,
        "KeyPhrases": [
            {
                "Score": 0.9882084131240845,
                "Text": "status"
            },
            {
                "Score": 0.9882084131240845,
                "Text": "register"
            },
            {
                "Score": 0.9136399626731873,
                "Text": "avr"
            },
            {
                "Score": 0.5818642973899841,
                "Text": "cont"
            },
            {
                "Score": 0.9289512634277344,
                "Text": "bit"
            },
            {
                "Score": 0.8357913494110107,
                "Text": "bit"
            },
            {
                "Score": 0.9042559862136841,
                "Text": "half"
            },
            {
                "Score": 0.9042559862136841,
                "Text": "carry"
            },
            {
                "Score": 0.9042559862136841,
                "Text": "flag"
            },
            {
                "Score": 0.9042559862136841,
                "Text": "half"
            },
            {
                "Score": 0.9042559862136841,
                "Text": "carry"
            },
            {
                "Score": 0.9042559862136841,
                "Text": "flag"
            },
            {
                "Score": 0.9844983816146851,
                "Text": "half"
            },
            {
                "Score": 0.9844983816146851,
                "Text": "carry"
            },
            {
                "Score": 0.8930684924125671,
                "Text": "bit"
            },
            {
                "Score": 0.9890261292457581,
                "Text": "operation"
            },
            {
                "Score": 0.9054535031318665,
                "Text": "half"
            },
            {
                "Score": 0.9054535031318665,
                "Text": "carry"
            },
            {
                "Score": 0.9927729964256287,
                "Text": "bcd"
            }
        ]
    },
    {
        "Week": 1,
        "Slide": 18,
        "KeyPhrases": [
            {
                "Score": 0.9882084131240845,
                "Text": "status"
            },
            {
                "Score": 0.9882084131240845,
                "Text": "register"
            },
            {
                "Score": 0.9136399626731873,
                "Text": "avr"
            },
            {
                "Score": 0.5818642973899841,
                "Text": "cont"
            },
            {
                "Score": 0.9289512634277344,
                "Text": "bit"
            },
            {
                "Score": 0.8696405291557312,
                "Text": "bit"
            },
            {
                "Score": 0.844791829586029,
                "Text": "sign"
            },
            {
                "Score": 0.844791829586029,
                "Text": "bit"
            },
            {
                "Score": 0.9862012267112732,
                "Text": "flag"
            },
            {
                "Score": 0.9624853730201721,
                "Text": "complement"
            },
            {
                "Score": 0.9624853730201721,
                "Text": "overflow"
            },
            {
                "Score": 0.9624853730201721,
                "Text": "flag"
            },
            {
                "Score": 0.7699989676475525,
                "Text": "bit"
            },
            {
                "Score": 0.8827046155929565,
                "Text": "complement"
            },
            {
                "Score": 0.8827046155929565,
                "Text": "overflow"
            },
            {
                "Score": 0.8827046155929565,
                "Text": "flag"
            },
            {
                "Score": 0.9583189487457275,
                "Text": "complement"
            },
            {
                "Score": 0.9583189487457275,
                "Text": "overflow"
            },
            {
                "Score": 0.9583189487457275,
                "Text": "flag"
            },
            {
                "Score": 0.9457317590713501,
                "Text": "complement"
            }
        ]
    },
    {
        "Week": 1,
        "Slide": 19,
        "KeyPhrases": [
            {
                "Score": 0.9882084131240845,
                "Text": "status"
            },
            {
                "Score": 0.9882084131240845,
                "Text": "register"
            },
            {
                "Score": 0.9136399626731873,
                "Text": "avr"
            },
            {
                "Score": 0.5818642973899841,
                "Text": "cont"
            },
            {
                "Score": 0.9289512634277344,
                "Text": "bit"
            },
            {
                "Score": 0.8587877154350281,
                "Text": "bit"
            },
            {
                "Score": 0.9653972387313843,
                "Text": "flag"
            },
            {
                "Score": 0.9833431243896484,
                "Text": "bit"
            },
            {
                "Score": 0.9978026151657104,
                "Text": "result"
            },
            {
                "Score": 0.7784799933433533,
                "Text": "bit"
            },
            {
                "Score": 0.9677457213401794,
                "Text": "zero"
            },
            {
                "Score": 0.9677457213401794,
                "Text": "flag"
            },
            {
                "Score": 0.9978342056274414,
                "Text": "zero"
            },
            {
                "Score": 0.9978342056274414,
                "Text": "result"
            },
            {
                "Score": 0.9589288234710693,
                "Text": "operation"
            },
            {
                "Score": 0.9589288234710693,
                "Text": "logic"
            },
            {
                "Score": 0.955605685710907,
                "Text": "non"
            },
            {
                "Score": 0.955605685710907,
                "Text": "zero"
            }
        ]
    },
    {
        "Week": 1,
        "Slide": 20,
        "KeyPhrases": [
            {
                "Score": 0.9882084131240845,
                "Text": "status"
            },
            {
                "Score": 0.9882084131240845,
                "Text": "register"
            },
            {
                "Score": 0.9136399626731873,
                "Text": "avr"
            },
            {
                "Score": 0.5818642973899841,
                "Text": "cont"
            },
            {
                "Score": 0.9289512634277344,
                "Text": "bit"
            },
            {
                "Score": 0.8708630800247192,
                "Text": "bit"
            },
            {
                "Score": 0.817877471446991,
                "Text": "carry"
            },
            {
                "Score": 0.817877471446991,
                "Text": "flag"
            },
            {
                "Score": 0.9893321394920349,
                "Text": "meaning"
            },
            {
                "Score": 0.9942144155502319,
                "Text": "operation"
            },
            {
                "Score": 0.5859897136688232,
                "Text": "addition"
            },
            {
                "Score": 0.9836609959602356,
                "Text": "carry"
            },
            {
                "Score": 0.8494865894317627,
                "Text": "bit"
            },
            {
                "Score": 0.9067850708961487,
                "Text": "subtraction"
            },
            {
                "Score": 0.9868913888931274,
                "Text": "integer"
            }
        ]
    },
    {
        "Week": 1,
        "Slide": 21,
        "KeyPhrases": [
            {
                "Score": 0.7744681239128113,
                "Text": "avr"
            },
            {
                "Score": 0.7744681239128113,
                "Text": "address"
            },
            {
                "Score": 0.7744681239128113,
                "Text": "space"
            },
            {
                "Score": 0.7744681239128113,
                "Text": "address"
            },
            {
                "Score": 0.7744681239128113,
                "Text": "space"
            },
            {
                "Score": 0.6670243740081787,
                "Text": "data"
            },
            {
                "Score": 0.6670243740081787,
                "Text": "memory"
            },
            {
                "Score": 0.6670243740081787,
                "Text": "data"
            },
            {
                "Score": 0.8848782181739807,
                "Text": "program"
            },
            {
                "Score": 0.8848782181739807,
                "Text": "memory"
            },
            {
                "Score": 0.8848782181739807,
                "Text": "program"
            },
            {
                "Score": 0.8155965209007263,
                "Text": "eeprom"
            },
            {
                "Score": 0.8155965209007263,
                "Text": "memory"
            },
            {
                "Score": 0.8155965209007263,
                "Text": "permanent"
            },
            {
                "Score": 0.8155965209007263,
                "Text": "data"
            }
        ]
    },
    {
        "Week": 1,
        "Slide": 22,
        "KeyPhrases": [
            {
                "Score": 0.9371799826622009,
                "Text": "data"
            },
            {
                "Score": 0.9371799826622009,
                "Text": "memory"
            },
            {
                "Score": 0.9371799826622009,
                "Text": "space"
            },
            {
                "Score": 0.9371799826622009,
                "Text": "cover"
            },
            {
                "Score": 0.9371799826622009,
                "Text": "memory"
            },
            {
                "Score": 0.9371799826622009,
                "Text": "register"
            },
            {
                "Score": 0.9371799826622009,
                "Text": "data"
            },
            {
                "Score": 0.9469712376594543,
                "Text": "file"
            },
            {
                "Score": 0.9469712376594543,
                "Text": "register"
            },
            {
                "Score": 0.7677518129348755,
                "Text": "memory"
            },
            {
                "Score": 0.7677518129348755,
                "Text": "address"
            },
            {
                "Score": 0.8371232748031616,
                "Text": "register"
            },
            {
                "Score": 0.7891303896903992,
                "Text": "address"
            },
            {
                "Score": 0.6814982295036316,
                "Text": "memory"
            },
            {
                "Score": 0.6814982295036316,
                "Text": "address"
            },
            {
                "Score": 0.7810991406440735,
                "Text": "sram"
            },
            {
                "Score": 0.7810991406440735,
                "Text": "data"
            },
            {
                "Score": 0.7810991406440735,
                "Text": "memory"
            },
            {
                "Score": 0.9890524744987488,
                "Text": "memory"
            },
            {
                "Score": 0.9890524744987488,
                "Text": "location"
            },
            {
                "Score": 0.8717830181121826,
                "Text": "ramend"
            },
            {
                "Score": 0.8717830181121826,
                "Text": "purpose"
            },
            {
                "Score": 0.8717830181121826,
                "Text": "register"
            },
            {
                "Score": 0.9224151372909546,
                "Text": "sram"
            },
            {
                "Score": 0.9224151372909546,
                "Text": "register"
            },
            {
                "Score": 0.9056093096733093,
                "Text": "byte"
            },
            {
                "Score": 0.8560613989830017,
                "Text": "sram"
            },
            {
                "Score": 0.8560613989830017,
                "Text": "bit"
            }
        ]
    },
    {
        "Week": 1,
        "Slide": 23,
        "KeyPhrases": [
            {
                "Score": 0.8522742986679077,
                "Text": "program"
            },
            {
                "Score": 0.8522742986679077,
                "Text": "memory"
            },
            {
                "Score": 0.8522742986679077,
                "Text": "space"
            },
            {
                "Score": 0.8522742986679077,
                "Text": "cover"
            },
            {
                "Score": 0.8522742986679077,
                "Text": "memory"
            },
            {
                "Score": 0.8522742986679077,
                "Text": "bit"
            },
            {
                "Score": 0.8522742986679077,
                "Text": "flash"
            },
            {
                "Score": 0.8522742986679077,
                "Text": "memory"
            },
            {
                "Score": 0.8522742986679077,
                "Text": "read"
            },
            {
                "Score": 0.8522742986679077,
                "Text": "program"
            },
            {
                "Score": 0.7618750929832458,
                "Text": "instruction"
            },
            {
                "Score": 0.9826332330703735,
                "Text": "power"
            },
            {
                "Score": 0.9454749822616577,
                "Text": "flash"
            },
            {
                "Score": 0.9454749822616577,
                "Text": "memory"
            },
            {
                "Score": 0.9454749822616577,
                "Text": "program"
            },
            {
                "Score": 0.8147189021110535,
                "Text": "byte"
            },
            {
                "Score": 0.9345628619194031,
                "Text": "byte"
            },
            {
                "Score": 0.9019199013710022,
                "Text": "bit"
            },
            {
                "Score": 0.7954422831535339,
                "Text": "instruction"
            },
            {
                "Score": 0.7188435792922974,
                "Text": "lpm"
            },
            {
                "Score": 0.7188435792922974,
                "Text": "spm"
            }
        ]
    },
    {
        "Week": 1,
        "Slide": 24,
        "KeyPhrases": [
            {
                "Score": 0.8820210099220276,
                "Text": "eeprom"
            },
            {
                "Score": 0.8820210099220276,
                "Text": "memory"
            },
            {
                "Score": 0.8820210099220276,
                "Text": "space"
            },
            {
                "Score": 0.8820210099220276,
                "Text": "cover"
            },
            {
                "Score": 0.7739088535308838,
                "Text": "memory"
            },
            {
                "Score": 0.7739088535308838,
                "Text": "memory"
            },
            {
                "Score": 0.9822995662689209,
                "Text": "set"
            },
            {
                "Score": 0.7710478901863098,
                "Text": "data"
            },
            {
                "Score": 0.9723722338676453,
                "Text": "load"
            },
            {
                "Score": 0.9723722338676453,
                "Text": "store"
            },
            {
                "Score": 0.9723722338676453,
                "Text": "instruction"
            },
            {
                "Score": 0.8936414122581482,
                "Text": "control"
            },
            {
                "Score": 0.8936414122581482,
                "Text": "bit"
            },
            {
                "Score": 0.7009621858596802,
                "Text": "course"
            },
            {
                "Score": 0.8629161715507507,
                "Text": "eeprom"
            },
            {
                "Score": 0.8629161715507507,
                "Text": "memory"
            },
            {
                "Score": 0.8841648697853088,
                "Text": "byte"
            }
        ]
    },
    {
        "Week": 1,
        "Slide": 25,
        "KeyPhrases": [
            {
                "Score": 0.8656579852104187,
                "Text": "avr"
            },
            {
                "Score": 0.8656579852104187,
                "Text": "instruction"
            },
            {
                "Score": 0.8656579852104187,
                "Text": "format"
            },
            {
                "Score": 0.9852155447006226,
                "Text": "avr"
            },
            {
                "Score": 0.9391815662384033,
                "Text": "instruction"
            },
            {
                "Score": 0.9660177230834961,
                "Text": "bit"
            },
            {
                "Score": 0.9464828372001648,
                "Text": "sub"
            },
            {
                "Score": 0.9555326700210571,
                "Text": "mul"
            },
            {
                "Score": 0.910639226436615,
                "Text": "brge"
            },
            {
                "Score": 0.910639226436615,
                "Text": "instruction"
            },
            {
                "Score": 0.9634588360786438,
                "Text": "bit"
            },
            {
                "Score": 0.7409179210662842,
                "Text": "lds"
            },
            {
                "Score": 0.6404984593391418,
                "Text": "load"
            },
            {
                "Score": 0.8623448014259338,
                "Text": "byte"
            },
            {
                "Score": 0.9932164549827576,
                "Text": "sram"
            },
            {
                "Score": 0.9991598129272461,
                "Text": "register"
            }
        ]
    },
    {
        "Week": 1,
        "Slide": 26,
        "KeyPhrases": [
            {
                "Score": 0.9811916947364807,
                "Text": "example"
            },
            {
                "Score": 0.9526557922363281,
                "Text": "bit"
            },
            {
                "Score": 0.976043164730072,
                "Text": "instruction"
            },
            {
                "Score": 0.976043164730072,
                "Text": "syntax"
            },
            {
                "Score": 0.9384875893592834,
                "Text": "operand"
            },
            {
                "Score": 0.8459532856941223,
                "Text": "operation"
            },
            {
                "Score": 0.9409016966819763,
                "Text": "instruction"
            },
            {
                "Score": 0.9409016966819763,
                "Text": "format"
            },
            {
                "Score": 0.9409016966819763,
                "Text": "opcode"
            },
            {
                "Score": 0.8985096216201782,
                "Text": "bit"
            },
            {
                "Score": 0.6507254242897034,
                "Text": "bit"
            },
            {
                "Score": 0.9209376573562622,
                "Text": "bit"
            },
            {
                "Score": 0.9160402417182922,
                "Text": "operand"
            },
            {
                "Score": 0.9691110849380493,
                "Text": "bit"
            },
            {
                "Score": 0.9359731078147888,
                "Text": "bit"
            },
            {
                "Score": 0.7171745896339417,
                "Text": "bit"
            },
            {
                "Score": 0.921004593372345,
                "Text": "bit"
            },
            {
                "Score": 0.7016326785087585,
                "Text": "execution"
            },
            {
                "Score": 0.7016326785087585,
                "Text": "time"
            }
        ]
    },
    {
        "Week": 1,
        "Slide": 27,
        "KeyPhrases": [
            {
                "Score": 0.9782344698905945,
                "Text": "example"
            },
            {
                "Score": 0.9280567169189453,
                "Text": "bit"
            },
            {
                "Score": 0.7710169553756714,
                "Text": "branch"
            },
            {
                "Score": 0.7710169553756714,
                "Text": "syntax"
            },
            {
                "Score": 0.8977519869804382,
                "Text": "jmp"
            },
            {
                "Score": 0.8977519869804382,
                "Text": "operand"
            },
            {
                "Score": 0.890322744846344,
                "Text": "operation"
            },
            {
                "Score": 0.8412397503852844,
                "Text": "instruction"
            },
            {
                "Score": 0.8412397503852844,
                "Text": "format"
            },
            {
                "Score": 0.9009923338890076,
                "Text": "execution"
            },
            {
                "Score": 0.9009923338890076,
                "Text": "time"
            }
        ]
    },
    {
        "Week": 1,
        "Slide": 28,
        "KeyPhrases": [
            {
                "Score": 0.9785698652267456,
                "Text": "example"
            },
            {
                "Score": 0.9088187217712402,
                "Text": "cycle"
            },
            {
                "Score": 0.8674160838127136,
                "Text": "branch"
            },
            {
                "Score": 0.8674160838127136,
                "Text": "syntax"
            },
            {
                "Score": 0.9052886366844177,
                "Text": "breq"
            },
            {
                "Score": 0.9052886366844177,
                "Text": "operand"
            },
            {
                "Score": 0.791232168674469,
                "Text": "operation"
            },
            {
                "Score": 0.874826967716217,
                "Text": "instruction"
            },
            {
                "Score": 0.874826967716217,
                "Text": "format"
            },
            {
                "Score": 0.874826967716217,
                "Text": "execution"
            },
            {
                "Score": 0.874826967716217,
                "Text": "time"
            },
            {
                "Score": 0.874826967716217,
                "Text": "clock"
            },
            {
                "Score": 0.874826967716217,
                "Text": "cycle"
            },
            {
                "Score": 0.9933411478996277,
                "Text": "condition"
            },
            {
                "Score": 0.9285149574279785,
                "Text": "clock"
            },
            {
                "Score": 0.9285149574279785,
                "Text": "cycle"
            },
            {
                "Score": 0.9987873435020447,
                "Text": "condition"
            }
        ]
    },
    {
        "Week": 1,
        "Slide": 29,
        "KeyPhrases": [
            {
                "Score": 0.8637251257896423,
                "Text": "avr"
            },
            {
                "Score": 0.8637251257896423,
                "Text": "instruction"
            },
            {
                "Score": 0.8637251257896423,
                "Text": "avr"
            },
            {
                "Score": 0.9987662434577942,
                "Text": "class"
            },
            {
                "Score": 0.9990296363830566,
                "Text": "instruction"
            },
            {
                "Score": 0.8654928207397461,
                "Text": "logic"
            },
            {
                "Score": 0.8654928207397461,
                "Text": "data"
            },
            {
                "Score": 0.8654928207397461,
                "Text": "transfer"
            },
            {
                "Score": 0.8654928207397461,
                "Text": "program"
            },
            {
                "Score": 0.8654928207397461,
                "Text": "control"
            },
            {
                "Score": 0.8654928207397461,
                "Text": "bit"
            },
            {
                "Score": 0.7608593702316284,
                "Text": "others"
            },
            {
                "Score": 0.7608593702316284,
                "Text": "bit"
            },
            {
                "Score": 0.6677915453910828,
                "Text": "bit"
            },
            {
                "Score": 0.6677915453910828,
                "Text": "test"
            },
            {
                "Score": 0.6677915453910828,
                "Text": "mcu"
            },
            {
                "Score": 0.6677915453910828,
                "Text": "control"
            },
            {
                "Score": 0.9993569850921631,
                "Text": "overview"
            },
            {
                "Score": 0.9996501803398132,
                "Text": "instruction"
            },
            {
                "Score": 0.9963933825492859,
                "Text": "slide"
            }
        ]
    },
    {
        "Week": 1,
        "Slide": 30,
        "KeyPhrases": [
            {
                "Score": 0.7229631543159485,
                "Text": "logic"
            },
            {
                "Score": 0.7229631543159485,
                "Text": "instruction"
            }
        ]
    },
    {
        "Week": 1,
        "Slide": 31,
        "KeyPhrases": [
            {
                "Score": 0.6539828777313232,
                "Text": "transfer"
            },
            {
                "Score": 0.6539828777313232,
                "Text": "instruction"
            },
            {
                "Score": 0.8015629649162292,
                "Text": "register"
            },
            {
                "Score": 0.8015629649162292,
                "Text": "memory"
            },
            {
                "Score": 0.8015629649162292,
                "Text": "mov"
            },
            {
                "Score": 0.8171074390411377,
                "Text": "porta"
            },
            {
                "Score": 0.813896894454956,
                "Text": "portb"
            },
            {
                "Score": 0.8656133413314819,
                "Text": "stack"
            },
            {
                "Score": 0.8656133413314819,
                "Text": "push"
            },
            {
                "Score": 0.8656133413314819,
                "Text": "pop"
            },
            {
                "Score": 0.8656133413314819,
                "Text": "immediate"
            },
            {
                "Score": 0.8656133413314819,
                "Text": "value"
            },
            {
                "Score": 0.802936851978302,
                "Text": "ldi"
            },
            {
                "Score": 0.8441290855407715,
                "Text": "data"
            },
            {
                "Score": 0.8441290855407715,
                "Text": "memory"
            },
            {
                "Score": 0.8662220239639282,
                "Text": "program"
            },
            {
                "Score": 0.8662220239639282,
                "Text": "memory"
            },
            {
                "Score": 0.8662220239639282,
                "Text": "lpm"
            },
            {
                "Score": 0.8662220239639282,
                "Text": "eeprom"
            },
            {
                "Score": 0.8662220239639282,
                "Text": "memory"
            }
        ]
    },
    {
        "Week": 1,
        "Slide": 32,
        "KeyPhrases": [
            {
                "Score": 0.9127696752548218,
                "Text": "program"
            },
            {
                "Score": 0.9127696752548218,
                "Text": "control"
            },
            {
                "Score": 0.9127696752548218,
                "Text": "instruction"
            },
            {
                "Score": 0.9127696752548218,
                "Text": "branch"
            },
            {
                "Score": 0.9127696752548218,
                "Text": "call"
            },
            {
                "Score": 0.9127696752548218,
                "Text": "subroutine"
            },
            {
                "Score": 0.9127696752548218,
                "Text": "rcall"
            },
            {
                "Score": 0.9127696752548218,
                "Text": "jump"
            },
            {
                "Score": 0.9377411603927612,
                "Text": "breq"
            },
            {
                "Score": 0.9377411603927612,
                "Text": "dest"
            },
            {
                "Score": 0.9377411603927612,
                "Text": "alu"
            },
            {
                "Score": 0.9377411603927612,
                "Text": "flag"
            },
            {
                "Score": 0.9377411603927612,
                "Text": "test"
            },
            {
                "Score": 0.9086388945579529,
                "Text": "address"
            },
            {
                "Score": 0.9996969103813171,
                "Text": "test"
            }
        ]
    },
    {
        "Week": 1,
        "Slide": 33,
        "KeyPhrases": [
            {
                "Score": 0.695003867149353,
                "Text": "bit"
            },
            {
                "Score": 0.695003867149353,
                "Text": "instruction"
            }
        ]
    },
    {
        "Week": 1,
        "Slide": 34,
        "KeyPhrases": [
            {
                "Score": 0.9640910625457764,
                "Text": "avr"
            },
            {
                "Score": 0.9640910625457764,
                "Text": "instruction"
            },
            {
                "Score": 0.469532310962677,
                "Text": "cont"
            },
            {
                "Score": 0.7551558017730713,
                "Text": "instruction"
            },
            {
                "Score": 0.9942963719367981,
                "Text": "controller"
            },
            {
                "Score": 0.9942963719367981,
                "Text": "avr"
            },
            {
                "Score": 0.6754825115203857,
                "Text": "refer"
            },
            {
                "Score": 0.9866377115249634,
                "Text": "data"
            },
            {
                "Score": 0.9866377115249634,
                "Text": "sheet"
            },
            {
                "Score": 0.8886229395866394,
                "Text": "refer"
            },
            {
                "Score": 0.8886229395866394,
                "Text": "microcontroller"
            },
            {
                "Score": 0.9850950241088867,
                "Text": "online"
            },
            {
                "Score": 0.9850950241088867,
                "Text": "avr"
            },
            {
                "Score": 0.9850950241088867,
                "Text": "instruction"
            },
            {
                "Score": 0.9850950241088867,
                "Text": "document"
            },
            {
                "Score": 0.9982841610908508,
                "Text": "detail"
            },
            {
                "Score": 0.9982841610908508,
                "Text": "description"
            }
        ]
    },
    {
        "Week": 1,
        "Slide": 35,
        "KeyPhrases": [
            {
                "Score": 0.8651174902915955,
                "Text": "avr"
            },
            {
                "Score": 0.8651174902915955,
                "Text": "mode"
            },
            {
                "Score": 0.8651174902915955,
                "Text": "immediate"
            },
            {
                "Score": 0.8651174902915955,
                "Text": "register"
            },
            {
                "Score": 0.8651174902915955,
                "Text": "memory"
            },
            {
                "Score": 0.9106128811836243,
                "Text": "mode"
            },
            {
                "Score": 0.9106128811836243,
                "Text": "data"
            },
            {
                "Score": 0.9106128811836243,
                "Text": "memory"
            },
            {
                "Score": 0.9106128811836243,
                "Text": "indirect"
            },
            {
                "Score": 0.9106128811836243,
                "Text": "indirect"
            },
            {
                "Score": 0.9672931432723999,
                "Text": "displacement"
            },
            {
                "Score": 0.9672931432723999,
                "Text": "indirect"
            },
            {
                "Score": 0.9715063571929932,
                "Text": "indirect"
            },
            {
                "Score": 0.9715063571929932,
                "Text": "pre"
            },
            {
                "Score": 0.9715063571929932,
                "Text": "decrement"
            },
            {
                "Score": 0.9231110215187073,
                "Text": "program"
            },
            {
                "Score": 0.9231110215187073,
                "Text": "memory"
            },
            {
                "Score": 0.9231110215187073,
                "Text": "eeprom"
            },
            {
                "Score": 0.9231110215187073,
                "Text": "memory"
            },
            {
                "Score": 0.9231110215187073,
                "Text": "post"
            },
            {
                "Score": 0.9231110215187073,
                "Text": "increment"
            }
        ]
    },
    {
        "Week": 1,
        "Slide": 36,
        "KeyPhrases": [
            {
                "Score": 0.6423000693321228,
                "Text": "immediate"
            },
            {
                "Score": 0.9977070689201355,
                "Text": "operand"
            },
            {
                "Score": 0.8196156024932861,
                "Text": "instruction"
            },
            {
                "Score": 0.8594091534614563,
                "Text": "example"
            },
            {
                "Score": 0.8594091534614563,
                "Text": "bitwise"
            },
            {
                "Score": 0.8594091534614563,
                "Text": "logic"
            },
            {
                "Score": 0.8594091534614563,
                "Text": "operation"
            },
            {
                "Score": 0.8594091534614563,
                "Text": "andi"
            },
            {
                "Score": 0.6629794836044312,
                "Text": "register"
            }
        ]
    },
    {
        "Week": 1,
        "Slide": 37,
        "KeyPhrases": [
            {
                "Score": 0.7285150289535522,
                "Text": "register"
            },
            {
                "Score": 0.9949812293052673,
                "Text": "operand"
            },
            {
                "Score": 0.9506945610046387,
                "Text": "purpose"
            },
            {
                "Score": 0.8782134056091309,
                "Text": "register"
            }
        ]
    },
    {
        "Week": 1,
        "Slide": 38,
        "KeyPhrases": [
            {
                "Score": 0.7285150289535522,
                "Text": "register"
            },
            {
                "Score": 0.9951030611991882,
                "Text": "operand"
            },
            {
                "Score": 0.9900965690612793,
                "Text": "pina"
            },
            {
                "Score": 0.8116973638534546,
                "Text": "pin"
            }
        ]
    },
    {
        "Week": 1,
        "Slide": 39,
        "KeyPhrases": []
    },
    {
        "Week": 1,
        "Slide": 40,
        "KeyPhrases": [
            {
                "Score": 0.7888177037239075,
                "Text": "data"
            },
            {
                "Score": 0.9805633425712585,
                "Text": "data"
            },
            {
                "Score": 0.9805633425712585,
                "Text": "memory"
            },
            {
                "Score": 0.9805633425712585,
                "Text": "address"
            },
            {
                "Score": 0.9548461437225342,
                "Text": "instruction"
            },
            {
                "Score": 0.8095830082893372,
                "Text": "example"
            },
            {
                "Score": 0.8095830082893372,
                "Text": "lds"
            },
            {
                "Score": 0.8811217546463013,
                "Text": "mem"
            }
        ]
    },
    {
        "Week": 1,
        "Slide": 41,
        "KeyPhrases": [
            {
                "Score": 0.7252084612846375,
                "Text": "indirect"
            },
            {
                "Score": 0.9759399890899658,
                "Text": "data"
            },
            {
                "Score": 0.9759399890899658,
                "Text": "memory"
            },
            {
                "Score": 0.9759399890899658,
                "Text": "address"
            },
            {
                "Score": 0.993074893951416,
                "Text": "address"
            },
            {
                "Score": 0.993074893951416,
                "Text": "pointer"
            },
            {
                "Score": 0.7985009551048279,
                "Text": "example"
            },
            {
                "Score": 0.8721427321434021,
                "Text": "mem"
            }
        ]
    },
    {
        "Week": 1,
        "Slide": 42,
        "KeyPhrases": [
            {
                "Score": 0.5693053007125854,
                "Text": "indirect"
            },
            {
                "Score": 0.8655765652656555,
                "Text": "displacement"
            },
            {
                "Score": 0.9309920072555542,
                "Text": "data"
            },
            {
                "Score": 0.9309920072555542,
                "Text": "memory"
            },
            {
                "Score": 0.9309920072555542,
                "Text": "address"
            },
            {
                "Score": 0.7298181653022766,
                "Text": "example"
            },
            {
                "Score": 0.7298181653022766,
                "Text": "std"
            }
        ]
    },
    {
        "Week": 1,
        "Slide": 43,
        "KeyPhrases": [
            {
                "Score": 0.5540884137153625,
                "Text": "indirect"
            },
            {
                "Score": 0.9529581069946289,
                "Text": "decrement"
            },
            {
                "Score": 0.9529581069946289,
                "Text": "pre"
            },
            {
                "Score": 0.9503150582313538,
                "Text": "data"
            },
            {
                "Score": 0.9503150582313538,
                "Text": "memory"
            },
            {
                "Score": 0.9503150582313538,
                "Text": "address"
            },
            {
                "Score": 0.9931819438934326,
                "Text": "address"
            },
            {
                "Score": 0.9931819438934326,
                "Text": "pointer"
            },
            {
                "Score": 0.9986870288848877,
                "Text": "value"
            },
            {
                "Score": 0.9994233250617981,
                "Text": "pointer"
            },
            {
                "Score": 0.9798645973205566,
                "Text": "memory"
            },
            {
                "Score": 0.9798645973205566,
                "Text": "access"
            },
            {
                "Score": 0.7821455597877502,
                "Text": "example"
            },
            {
                "Score": 0.7821455597877502,
                "Text": "std"
            }
        ]
    },
    {
        "Week": 1,
        "Slide": 44,
        "KeyPhrases": [
            {
                "Score": 0.5765215754508972,
                "Text": "indirect"
            },
            {
                "Score": 0.9583027958869934,
                "Text": "increment"
            },
            {
                "Score": 0.9583027958869934,
                "Text": "post"
            },
            {
                "Score": 0.9989492893218994,
                "Text": "address"
            },
            {
                "Score": 0.9964195489883423,
                "Text": "memory"
            },
            {
                "Score": 0.9964195489883423,
                "Text": "data"
            },
            {
                "Score": 0.9939448237419128,
                "Text": "address"
            },
            {
                "Score": 0.9939448237419128,
                "Text": "pointer"
            },
            {
                "Score": 0.9986909031867981,
                "Text": "value"
            },
            {
                "Score": 0.9994146823883057,
                "Text": "pointer"
            },
            {
                "Score": 0.9287358522415161,
                "Text": "memory"
            },
            {
                "Score": 0.9287358522415161,
                "Text": "access"
            },
            {
                "Score": 0.8899589776992798,
                "Text": "std"
            }
        ]
    },
    {
        "Week": 1,
        "Slide": 45,
        "KeyPhrases": [
            {
                "Score": 0.8109459280967712,
                "Text": "program"
            },
            {
                "Score": 0.8109459280967712,
                "Text": "memory"
            }
        ]
    },
    {
        "Week": 1,
        "Slide": 46,
        "KeyPhrases": [
            {
                "Score": 0.8358219265937805,
                "Text": "program"
            },
            {
                "Score": 0.9831295609474182,
                "Text": "instruction"
            },
            {
                "Score": 0.9831295609474182,
                "Text": "address"
            },
            {
                "Score": 0.916817843914032,
                "Text": "instruction"
            },
            {
                "Score": 0.7619213461875916,
                "Text": "example"
            },
            {
                "Score": 0.7619213461875916,
                "Text": "jmp"
            }
        ]
    },
    {
        "Week": 1,
        "Slide": 47,
        "KeyPhrases": [
            {
                "Score": 0.7203709483146667,
                "Text": "relative"
            },
            {
                "Score": 0.7203709483146667,
                "Text": "program"
            },
            {
                "Score": 0.9546396732330322,
                "Text": "instruction"
            },
            {
                "Score": 0.9546396732330322,
                "Text": "address"
            },
            {
                "Score": 0.8187467455863953,
                "Text": "example"
            },
            {
                "Score": 0.8187467455863953,
                "Text": "rjmp"
            }
        ]
    },
    {
        "Week": 1,
        "Slide": 48,
        "KeyPhrases": [
            {
                "Score": 0.7887380123138428,
                "Text": "indirect"
            },
            {
                "Score": 0.7887380123138428,
                "Text": "memory"
            },
            {
                "Score": 0.9874656200408936,
                "Text": "instruction"
            },
            {
                "Score": 0.9874656200408936,
                "Text": "address"
            },
            {
                "Score": 0.9494829773902893,
                "Text": "register"
            },
            {
                "Score": 0.9494829773902893,
                "Text": "icall"
            }
        ]
    },
    {
        "Week": 1,
        "Slide": 49,
        "KeyPhrases": [
            {
                "Score": 0.7617403268814087,
                "Text": "program"
            },
            {
                "Score": 0.7617403268814087,
                "Text": "memory"
            },
            {
                "Score": 0.9922271966934204,
                "Text": "address"
            },
            {
                "Score": 0.8194640874862671,
                "Text": "register"
            },
            {
                "Score": 0.9997289180755615,
                "Text": "address"
            },
            {
                "Score": 0.9753377437591553,
                "Text": "byte"
            },
            {
                "Score": 0.9753377437591553,
                "Text": "address"
            },
            {
                "Score": 0.9235431551933289,
                "Text": "lpm"
            }
        ]
    },
    {
        "Week": 1,
        "Slide": 50,
        "KeyPhrases": [
            {
                "Score": 0.8887117505073547,
                "Text": "program"
            },
            {
                "Score": 0.8887117505073547,
                "Text": "memory"
            },
            {
                "Score": 0.9915357828140259,
                "Text": "post"
            },
            {
                "Score": 0.9915357828140259,
                "Text": "increment"
            },
            {
                "Score": 0.7150459289550781,
                "Text": "example"
            },
            {
                "Score": 0.7150459289550781,
                "Text": "lpm"
            }
        ]
    },
    {
        "Week": 1,
        "Slide": 51,
        "KeyPhrases": [
            {
                "Score": 0.860319972038269,
                "Text": "calculation"
            },
            {
                "Score": 0.6088186502456665,
                "Text": "expression"
            },
            {
                "Score": 0.9944674968719482,
                "Text": "data"
            },
            {
                "Score": 0.998138427734375,
                "Text": "product"
            },
            {
                "Score": 0.9801886081695557,
                "Text": "multiplication"
            },
            {
                "Score": 0.9367530941963196,
                "Text": "number"
            },
            {
                "Score": 0.9367530941963196,
                "Text": "bit"
            },
            {
                "Score": 0.812233030796051,
                "Text": "register"
            }
        ]
    },
    {
        "Week": 1,
        "Slide": 52,
        "KeyPhrases": [
            {
                "Score": 0.9005885124206543,
                "Text": "instruction"
            },
            {
                "Score": 0.9061810374259949,
                "Text": "sub"
            },
            {
                "Score": 0.9061810374259949,
                "Text": "mul"
            },
            {
                "Score": 0.9061810374259949,
                "Text": "ldi"
            },
            {
                "Score": 0.9061810374259949,
                "Text": "mov"
            }
        ]
    },
    {
        "Week": 1,
        "Slide": 53,
        "KeyPhrases": [
            {
                "Score": 0.9789223074913025,
                "Text": "carry"
            },
            {
                "Score": 0.9789223074913025,
                "Text": "syntax"
            },
            {
                "Score": 0.9605916142463684,
                "Text": "operand"
            },
            {
                "Score": 0.9249184727668762,
                "Text": "operation"
            },
            {
                "Score": 0.9573389887809753,
                "Text": "flag"
            },
            {
                "Score": 0.969778835773468,
                "Text": "word"
            },
            {
                "Score": 0.9091103672981262,
                "Text": "cycle"
            }
        ]
    },
    {
        "Week": 1,
        "Slide": 54,
        "KeyPhrases": [
            {
                "Score": 0.8619484305381775,
                "Text": "calculation"
            },
            {
                "Score": 0.8082963824272156,
                "Text": "avr"
            },
            {
                "Score": 0.8082963824272156,
                "Text": "code"
            },
            {
                "Score": 0.9925105571746826,
                "Text": "data"
            },
            {
                "Score": 0.9980224370956421,
                "Text": "product"
            },
            {
                "Score": 0.9805048108100891,
                "Text": "multiplication"
            },
            {
                "Score": 0.9366649389266968,
                "Text": "number"
            },
            {
                "Score": 0.9366649389266968,
                "Text": "bit"
            },
            {
                "Score": 0.8122326135635376,
                "Text": "register"
            },
            {
                "Score": 0.6225640773773193,
                "Text": "mov"
            },
            {
                "Score": 0.7152955532073975,
                "Text": "ldi"
            },
            {
                "Score": 0.8166085481643677,
                "Text": "sub"
            },
            {
                "Score": 0.85142582654953,
                "Text": "mul"
            },
            {
                "Score": 0.830714225769043,
                "Text": "mov"
            },
            {
                "Score": 0.8800960779190063,
                "Text": "instruction"
            },
            {
                "Score": 0.9546403288841248,
                "Text": "cycle"
            }
        ]
    },
    {
        "Week": 1,
        "Slide": 55,
        "KeyPhrases": [
            {
                "Score": 0.9763160347938538,
                "Text": "control"
            },
            {
                "Score": 0.9763160347938538,
                "Text": "structure"
            },
            {
                "Score": 0.7985380291938782,
                "Text": "example"
            },
            {
                "Score": 0.7985380291938782,
                "Text": "control"
            },
            {
                "Score": 0.7985380291938782,
                "Text": "structure"
            },
            {
                "Score": 0.7114695906639099,
                "Text": "number"
            },
            {
                "Score": 0.859501838684082,
                "Text": "signed"
            },
            {
                "Score": 0.859501838684082,
                "Text": "integer"
            },
            {
                "Score": 0.859501838684082,
                "Text": "bit"
            },
            {
                "Score": 0.9781266450881958,
                "Text": "register"
            },
            {
                "Score": 0.7095363140106201,
                "Text": "instruction"
            },
            {
                "Score": 0.7652114033699036,
                "Text": "compare"
            },
            {
                "Score": 0.7652114033699036,
                "Text": "branch"
            }
        ]
    },
    {
        "Week": 1,
        "Slide": 56,
        "KeyPhrases": [
            {
                "Score": 0.8015000224113464,
                "Text": "compare"
            },
            {
                "Score": 0.8015000224113464,
                "Text": "syntax"
            },
            {
                "Score": 0.9702103137969971,
                "Text": "operand"
            },
            {
                "Score": 0.9301440119743347,
                "Text": "operation"
            },
            {
                "Score": 0.9101569056510925,
                "Text": "flag"
            },
            {
                "Score": 0.9681473970413208,
                "Text": "word"
            },
            {
                "Score": 0.9111195802688599,
                "Text": "cycle"
            },
            {
                "Score": 0.8752920031547546,
                "Text": "example"
            },
            {
                "Score": 0.8246572613716125,
                "Text": "brne"
            },
            {
                "Score": 0.8246572613716125,
                "Text": "noteq"
            },
            {
                "Score": 0.7146033644676208,
                "Text": "noteq"
            },
            {
                "Score": 0.9738582968711853,
                "Text": "nop"
            },
            {
                "Score": 0.8707404136657715,
                "Text": "compare"
            },
            {
                "Score": 0.9324466586112976,
                "Text": "branch"
            },
            {
                "Score": 0.9789894223213196,
                "Text": "branch"
            },
            {
                "Score": 0.9789894223213196,
                "Text": "destination"
            }
        ]
    },
    {
        "Week": 1,
        "Slide": 57,
        "KeyPhrases": [
            {
                "Score": 0.9795091152191162,
                "Text": "immediate"
            },
            {
                "Score": 0.9795091152191162,
                "Text": "syntax"
            },
            {
                "Score": 0.8819994926452637,
                "Text": "cpi"
            },
            {
                "Score": 0.9152145981788635,
                "Text": "operand"
            },
            {
                "Score": 0.8721968531608582,
                "Text": "operation"
            },
            {
                "Score": 0.9065930247306824,
                "Text": "flag"
            },
            {
                "Score": 0.9681989550590515,
                "Text": "word"
            },
            {
                "Score": 0.9112766981124878,
                "Text": "cycle"
            }
        ]
    },
    {
        "Week": 1,
        "Slide": 58,
        "KeyPhrases": [
            {
                "Score": 0.9742881059646606,
                "Text": "branch"
            },
            {
                "Score": 0.9742881059646606,
                "Text": "syntax"
            },
            {
                "Score": 0.8687520623207092,
                "Text": "brge"
            },
            {
                "Score": 0.8687520623207092,
                "Text": "operand"
            },
            {
                "Score": 0.7788679003715515,
                "Text": "operation"
            },
            {
                "Score": 0.9984118938446045,
                "Text": "condition"
            },
            {
                "Score": 0.842806875705719,
                "Text": "flag"
            },
            {
                "Score": 0.9131952524185181,
                "Text": "none"
            },
            {
                "Score": 0.9131952524185181,
                "Text": "word"
            },
            {
                "Score": 0.9222041368484497,
                "Text": "cycle"
            },
            {
                "Score": 0.9986912608146667,
                "Text": "condition"
            },
            {
                "Score": 0.9973857998847961,
                "Text": "condition"
            }
        ]
    },
    {
        "Week": 1,
        "Slide": 59,
        "KeyPhrases": [
            {
                "Score": 0.9057811498641968,
                "Text": "relative"
            },
            {
                "Score": 0.9057811498641968,
                "Text": "jump"
            },
            {
                "Score": 0.9057811498641968,
                "Text": "syntax"
            },
            {
                "Score": 0.8903152346611023,
                "Text": "rjmp"
            },
            {
                "Score": 0.8903152346611023,
                "Text": "operand"
            },
            {
                "Score": 0.886998176574707,
                "Text": "operation"
            },
            {
                "Score": 0.8688300848007202,
                "Text": "flag"
            },
            {
                "Score": 0.9137639999389648,
                "Text": "none"
            },
            {
                "Score": 0.9137639999389648,
                "Text": "word"
            },
            {
                "Score": 0.9248443841934204,
                "Text": "cycle"
            }
        ]
    },
    {
        "Week": 1,
        "Slide": 60,
        "KeyPhrases": [
            {
                "Score": 0.9793805480003357,
                "Text": "control"
            },
            {
                "Score": 0.752693772315979,
                "Text": "control"
            },
            {
                "Score": 0.752693772315979,
                "Text": "structure"
            },
            {
                "Score": 0.7161509990692139,
                "Text": "number"
            },
            {
                "Score": 0.8595232963562012,
                "Text": "signed"
            },
            {
                "Score": 0.8595232963562012,
                "Text": "integer"
            },
            {
                "Score": 0.8595232963562012,
                "Text": "bit"
            },
            {
                "Score": 0.9781240224838257,
                "Text": "register"
            },
            {
                "Score": 0.759825587272644,
                "Text": "cpi"
            },
            {
                "Score": 0.8383365273475647,
                "Text": "brge"
            },
            {
                "Score": 0.8217583894729614,
                "Text": "end"
            },
            {
                "Score": 0.8217583894729614,
                "Text": "ldi"
            },
            {
                "Score": 0.8217583894729614,
                "Text": "rjmp"
            },
            {
                "Score": 0.9049626588821411,
                "Text": "ldi"
            },
            {
                "Score": 0.6828315854072571,
                "Text": "end"
            },
            {
                "Score": 0.7824761271476746,
                "Text": "end"
            },
            {
                "Score": 0.9828733801841736,
                "Text": "statement"
            }
        ]
    },
    {
        "Week": 1,
        "Slide": 61,
        "KeyPhrases": [
            {
                "Score": 0.7978663444519043,
                "Text": "loop"
            },
            {
                "Score": 0.42091965675354004,
                "Text": "while"
            },
            {
                "Score": 0.8151435256004333,
                "Text": "sum"
            },
            {
                "Score": 0.8493033647537231,
                "Text": "number"
            },
            {
                "Score": 0.9732534885406494,
                "Text": "sum"
            },
            {
                "Score": 0.9243472814559937,
                "Text": "integer"
            },
            {
                "Score": 0.9243472814559937,
                "Text": "bit"
            },
            {
                "Score": 0.9780093431472778,
                "Text": "register"
            }
        ]
    },
    {
        "Week": 1,
        "Slide": 62,
        "KeyPhrases": [
            {
                "Score": 0.7769255638122559,
                "Text": "loop"
            }
        ]
    },
    {
        "Week": 1,
        "Slide": 63,
        "KeyPhrases": [
            {
                "Score": 0.8943912982940674,
                "Text": "homework"
            },
            {
                "Score": 0.9738745093345642,
                "Text": "avr"
            },
            {
                "Score": 0.9738745093345642,
                "Text": "instruction"
            },
            {
                "Score": 0.9738745093345642,
                "Text": "set"
            },
            {
                "Score": 0.9738745093345642,
                "Text": "documentation"
            },
            {
                "Score": 0.8735050559043884,
                "Text": "http"
            },
            {
                "Score": 0.8735050559043884,
                "Text": "avr"
            },
            {
                "Score": 0.8735050559043884,
                "Text": "instruction"
            },
            {
                "Score": 0.9950289130210876,
                "Text": "instruction"
            },
            {
                "Score": 0.8520658612251282,
                "Text": "logic"
            },
            {
                "Score": 0.8520658612251282,
                "Text": "instruction"
            },
            {
                "Score": 0.5847166180610657,
                "Text": "adc"
            },
            {
                "Score": 0.8286532163619995,
                "Text": "adiw"
            },
            {
                "Score": 0.8442323207855225,
                "Text": "subi"
            },
            {
                "Score": 0.6633345484733582,
                "Text": "sbc"
            },
            {
                "Score": 0.8725031018257141,
                "Text": "sbci"
            },
            {
                "Score": 0.8904693126678467,
                "Text": "subiw"
            },
            {
                "Score": 0.9516425132751465,
                "Text": "mul"
            },
            {
                "Score": 0.9695325493812561,
                "Text": "muls"
            },
            {
                "Score": 0.923506498336792,
                "Text": "mulsu"
            },
            {
                "Score": 0.9124153256416321,
                "Text": "andi"
            },
            {
                "Score": 0.737815260887146,
                "Text": "ori"
            },
            {
                "Score": 0.9379504323005676,
                "Text": "eor"
            },
            {
                "Score": 0.9379504323005676,
                "Text": "com"
            }
        ]
    },
    {
        "Week": 1,
        "Slide": 64,
        "KeyPhrases": [
            {
                "Score": 0.8882139921188354,
                "Text": "homework"
            },
            {
                "Score": 0.9920323491096497,
                "Text": "instruction"
            },
            {
                "Score": 0.5380498170852661,
                "Text": "cont"
            },
            {
                "Score": 0.5736293196678162,
                "Text": "branch"
            },
            {
                "Score": 0.5736293196678162,
                "Text": "instruction"
            },
            {
                "Score": 0.780214250087738,
                "Text": "cpc"
            },
            {
                "Score": 0.9136167764663696,
                "Text": "cpi"
            },
            {
                "Score": 0.9136167764663696,
                "Text": "rjmp"
            },
            {
                "Score": 0.9136167764663696,
                "Text": "breq"
            },
            {
                "Score": 0.8821817636489868,
                "Text": "brne"
            },
            {
                "Score": 0.8821817636489868,
                "Text": "brge"
            },
            {
                "Score": 0.878044068813324,
                "Text": "brlt"
            },
            {
                "Score": 0.878044068813324,
                "Text": "brsh"
            },
            {
                "Score": 0.7742863893508911,
                "Text": "brlo"
            },
            {
                "Score": 0.7742863893508911,
                "Text": "data"
            },
            {
                "Score": 0.7742863893508911,
                "Text": "transfer"
            },
            {
                "Score": 0.7742863893508911,
                "Text": "instruction"
            },
            {
                "Score": 0.7996840476989746,
                "Text": "mov"
            },
            {
                "Score": 0.7996840476989746,
                "Text": "ldi"
            }
        ]
    },
    {
        "Week": 1,
        "Slide": 65,
        "KeyPhrases": [
            {
                "Score": 0.8862500190734863,
                "Text": "homework"
            },
            {
                "Score": 0.9969687461853027,
                "Text": "function"
            },
            {
                "Score": 0.7846024632453918,
                "Text": "avr"
            },
            {
                "Score": 0.7846024632453918,
                "Text": "language"
            },
            {
                "Score": 0.8492314219474792,
                "Text": "addition"
            },
            {
                "Score": 0.8492314219474792,
                "Text": "byte"
            },
            {
                "Score": 0.8162400126457214,
                "Text": "multiplication"
            },
            {
                "Score": 0.8162400126457214,
                "Text": "byte"
            },
            {
                "Score": 0.9989185333251953,
                "Text": "string"
            },
            {
                "Score": 0.9984245896339417,
                "Text": "ten"
            },
            {
                "Score": 0.9984245896339417,
                "Text": "character"
            },
            {
                "Score": 0.8350149393081665,
                "Text": "register"
            },
            {
                "Score": 0.9836950302124023,
                "Text": "string"
            },
            {
                "Score": 0.9836950302124023,
                "Text": "reversed"
            },
            {
                "Score": 0.720655620098114,
                "Text": "register"
            }
        ]
    },
    {
        "Week": 1,
        "Slide": 66,
        "KeyPhrases": [
            {
                "Score": 0.8596096634864807,
                "Text": "homework"
            },
            {
                "Score": 0.936547577381134,
                "Text": "statement"
            },
            {
                "Score": 0.9870780110359192,
                "Text": "integer"
            },
            {
                "Score": 0.9870780110359192,
                "Text": "bit"
            }
        ]
    }
]