{"Slide-1": "", "Slide22": "\fSlide:\nRelative call to subroutine \n\n Syntax:           rcall k \n\n Operands:      -2K  k < 2K \n Operation:      stack  PC+1, SP  SP-2 \n                        PC  PC+k+1 \n\n Words:            1  \n\n Cycles:            3 \n\n \n\n For devices with 16-bit PC \n\n \n\n23 ", "Slide23": "\fSlide:\nA Template for Callee \n\nCallee: \n\n Prologue \n\n Function body \n\n Epilogue     \n\n \n\n24 ", "Slide20": "\fSlide:\nA Sample Stack Frame \nStructure for AVR \n\nRAMEND \n\nint main(void) \n\n{ … \n\n  foo(arg1, arg2, …, argm); \n\n} \n\nvoid foo(arg1, arg2, …, argm) \n\n{ \n\n  int var1, var2, …, varn; \n\nStack \n\nframe for \n\nfoo()  \n\n  …   \n\n} \n\nY \n\nStack Frame  \n\nfor main() \n\n Return Address \n\n Conflict Registers \n\n Local Variable n \n\n   … \n\n Local variable 1 \n\nParameter m  \n\n… \n\nParameter 1 \n\nEmpty  \n\n21 ", "Slide21": "\fSlide:\nA Template for Caller \n\nCaller: \n\n Before calling the callee, store actual \n\nparameters in designated registers. \n\n Call the callee. \n\n Using instructions for subroutine call \n\n rcall, icall, call. \n\n \n\n22 ", "Slide26": "\fSlide:\nReturn from subroutine \n\n Syntax:           ret \n\n Operands:      none \n Operation:      SP  SP+1, PC  (SP), \n\n \n\n \n\n \n\n        SP  SP+1 \n\n Words:            1  \n\n Cycles:            4 \n\n \n\n For devices with 16-bit PC \n\n \n\n27 ", "Slide27": "\fSlide:\nAn Example \n C program \n\n// local variables \n\np = p*b; \n \n\nunsigned int i, p; \np = 1; \nfor (i = 0; i < e; i++) // p = be \n \nreturn p; \n\n// int parameters b & e, \n// returns an integer \nunsigned int pow(unsigned int b, unsigned int e) { \n \n \n \n \n \n} \n \nint main(void) { \n \n \n \n \n \n} \n\nunsigned int m, n; \nm = 2; \nn = 3; \nm = pow(m, n); \nreturn 0; \n\n// return value of the function \n\n \n\n \n\n \n\n28 ", "Slide24": "\fSlide:\nA Template for Callee (Cont.)  \n\nPrologue:  \n Store conflict registers, including the stack frame register \n\nY, on the stack by using push instruction \n\n Reserve space for local variables and passed \n\nparameters \n\n Update the stack pointer and stack frame pointer Y to \n\npoint to the top of its stack frame \n\n Pass the actual parameters to the formal parameters on \n\nthe stack \n \n\nFunction body: \n Do the normal task of the function on the stack frame \n\nand general purpose registers. \n\n25 ", "Slide25": "\fSlide:\nA Template for Callee (Cont.)  \n\nEpilogue:  \n\n Store the return value in designated registers r25:r24. \n\n De-allocate the stack frame \n\n De-allocate the space for local variables and parameters by \n\nupdating the stack pointer SP. \n SP = SP + the size of all parameters and local variables. \n Using out instruction \n\n Restore conflict registers from the stack by using pop instruction \n The conflict registers must be popped in the reverse order that they \n\nare pushed on the stack.  \n The stack frame register of the caller is also restored.   \n Return to the caller by using ret instruction \n\n \n\n26 ", "Slide60": "\fSlide:\nHomework \n\n4. When would you use macros and when \n\nwould you use functions? \n\n \n\n \n\n61 ", "Slide28": "\fSlide:\nStack frames for main() and \npow() \n\nRAMEND \n\nn \n\nm \n\nReturn address \n\nConflict registers \nY (r29:r28) etc. \n\nStack frame \npointer Y for \nfoo() \n\nr28 \n\nr29 \n\n. . . \n\np \n\ni \n\ne \n\nb \n\nStack frame \npointer Y for \nmain() \n\nLocal \nvariables \n\nParameters \n\nHigh address for high byte \n\n29 ", "Slide29": "\fSlide:\nParameter passing \n\nmain \n\npow \n\nn \n\nm \n\nr21:r20 \n\nr23:r22 \n\nr25:r24 \n\ne \n\nb \n\np \n\n30 ", "Slide44": "\fSlide:\nComputing the Maximum \nStack Size for Function Calls \n\n Step 1:  Draw the call tree. \n\n Step 2:  Find the longest weighted path in \n\nthe call tree. \n\n The total weight of the longest weighted \n\npath is the maximum stack size needed for \nthe function calls. \n\n \n\n45 ", "Slide45": "\fSlide:\nAn Example \n\nmain() \n\n10 \n\nfunc1() \n\n20 \n\nfunc2() \n\n60 \n\nfunc3() \n\n80 \n\nfunc4() \n\n10 \n\n30 \n\nfunc5() \n\nThe longest path is main()  func1()  func3() \nwith the total weight of 110. So the maximum \nstack space needed for this program is 110 bytes. \n\n46 ", "Slide46": "\fSlide:\nFibonacci Rabbits \n\n Suppose a newly-born pair of rabbits, one male, one \n\nfemale, are put in a field. Rabbits are able to mate at the \nage of one month so that at the end of its second month \na female can produce another pair of rabbits. Suppose \nthat our rabbits never die and that the female always \nproduces one new pair (one male, one female) every \nmonth from the second month on.  \n\n   How many pairs will there be in one year? \n\n Fibonacci’s Puzzle  \n\n Italian, mathematician Leonardo of Pisa (also known as \n\nFibonacci) 1202. \n\n \n\n47 ", "Slide47": "\fSlide:\nFibonacci Rabbits (Cont.) \n\n The number of pairs of rabbits in the field at the start of \n\neach month is 1, 1, 2, 3, 5, 8, 13, 21, 34, ... . \n\n In general, the number of pairs of rabbits in the field at \n\nthe start of month n, denoted by F(n),   is recursively \ndefined as follows. \n\n \n\n \n\n \n\n \n\nF(n) = F(n - 1) + F(n - 2) \n\n  Where F(0) = F(1) = 1. \n\n \n\n  F(n) (n = 1, 2, …, ) are called Fibonacci numbers. \n\n \n\n48 ", "Slide40": "\fSlide:\nStack space \n\n Stack space of functions calls in a program \n\ncan be determined by call tree \n\n41 ", "Slide41": "\fSlide:\nCall Trees \n\n A call tree is a weighted directed tree G = (V, \n\nE, W) where  \n  V={v1, v2, …, vn} is a set of nodes each of which \n\ndenotes an execution of a function; \n\n  E={vivj: vi calls vj} is a set of directed edges \n\neach of which denotes the caller-callee \nrelationship, and \n\n  W={wi (i=1, 2, …, n): wi is the frame size of vi} is \n\na set of stack frame sizes.  \n\n The maximum size of stack space needed for \nthe function calls can be derived from the call \ntree. \n \n\n42 ", "Slide42": "\fSlide:\nAn Example of Call Trees \n\nvoid func2() \n\n{ … \n\n  func4(); \n\n  … \n\n  func5(); \n\n  … \n\n} \n\nint main(void) \n\n{ … \n\n   func1(); \n\n   … \n\n   func2(); \n\n} \n\n \n\nvoid func1() \n\n{ … \n\n   func3(); \n\n   … \n\n}  \n\n43 ", "Slide43": "\fSlide:\nAn Example of Call Trees \n(Cont.) \n\nmain() \n\n10 \n\nfunc1() \n\n20 \n\nfunc2() \n\n60 \n\nfunc3() \n\n80 \n\nfunc4() \n\n10 \n\n30 \n\nfunc5() \n\nThe number in red beside a \n\nfunction is its frame size in bytes.  \n\n44 ", "Slide48": "\fSlide:\nC Solution of Fibonacci \nNumbers  \n\nint month = 4; \nint main(void) \n{  \n    fib(month); \n} \nint fib(int n)  \n{ \n   if (n == 0) return 1;    \n   if (n == 1) return 1;    \n   return (fib(n - 1) + fib(n - 2)); \n} \n\n    \n   \n\n         \n\n \n\n \n\n \n\n \n\n49 ", "Slide49": "\fSlide:\nAVR Assembler Solution \n\nReturn address \n\nFrame \nstructure for \nfib() \n\nr16, r17, r28 and r29 \n\nare conflict \nregisters. \n\nAn integer is 2 \nbytes long in \nWINAVR \n\nY \n\nr16 \n\nr17 \n\nr28 \n\nr29 \n\nn \n\nEmpty \n\nX \n\nX–2 \n\nX–3  \n\nX–4  \n\nX–5  \n\nX–6  \n\nX–8  \n\n50 ", "Slide58": "\fSlide:\nHomework \n\n2. In AVR, why is register Y used as the stack \nframe pointer?  And why is the stack frame \npointer set to point to the top of the stack \nframe? \n\n59 ", "Slide61": "\fSlide:\nHomework \n\n5. Write an assembly routine for a x 5, \n\nwhere a is a 2-byte unsigned integer.   \n\n62 ", "Slide59": "\fSlide:\nHomework \n\n3. What is the difference between using \n\nfunctions and using macros?  \n\n \n\n \n\n \n\n60 ", "Slide55": "\fSlide:\nComputing the Maximum Stack \nSize (Cont.) \nStep 1: Find the longest weighted path. \n\nmain() \n\n0 \n\nfib(4) \n\n8 \n\nfib(3) \n\n8 \n\n8 \n\nfib(2) \n\nfib(2) \n\n8 \n\nfib(1) \n\n8 \n\nfib(1) \n\n8 \n\n8 \n\nfib(0) \n\nfib(1) \n\n8 \n\nfib(0) \n\n8 \n\nThe longest weighted path is main()  fib(4)  fib(3) fib(2)  \nfib(1) with the total weight of 32. So a stack space of 32 bytes is \nneeded for this program.  \n\n56 ", "Slide35": "\fSlide:\nAn example  \n Assembly program \n\n; continued \n \n \n \n \n \n \n \n \n \n \n \n \n \n\n \n \n \nclr zero \nclr r23;  \nclr r22; \nclr r21;  \nldi r20, 1 \nldd r25, Y+4 \nldd r24, Y+3 \nldd r17, Y+2 \nldd r16, Y+1 \n \n\n; Function body \n; Use r23:r22 for i and r21:r20 for p,  \n; r25:r24 temporarily for e, and r17:r16 for b \n\n \n\n \n\n \n\n \n\n \n\n; Initialize i to 0 \n\n; Initialize p to 1 \n\n; Load e to registers \n\n \n\n; Load b to registers \n\n \n\n \n\n \n\n; continued \n\n36 \n\n ", "Slide34": "\fSlide:\nAn example  \n Assembly program \n\n; continued \n \n \n \n \n \n \n \n \n \n \n \n\n \n\n \n\nout SPH, YH \nout SPL, YL \n \n \nstd Y+1, r22 \nstd Y+2, r23 \nstd Y+3, r20 \nstd Y+4, r21 \n; end of prologue \n\n; Update the stack pointer to \n; point to the new stack top. \n\n; Pass the actual parameters. \n; Pass m to b. \n\n; Pass n to e. \n\n \n\n \n\n \n\n \n\n \n\n; continued \n\n35 ", "Slide37": "\fSlide:\n; the return value of p is stored in r25,r24 \n \n; De-allocate the reserved space \n\n \n\n \n\nAn example  \n Assembly program \n\n; continued \n \n \n \n \n \n \n \n \n \n \n \n \n \n \n \n \n\n; Epilogue \n;ldd r25, Y+8 \n;ldd r24, Y+7 \nadiw Y, 8 \nout SPH, YH \nout SPL, YL \npop zero  \npop r19 \npop r18   \npop r17 \npop r16 \npop YH \npop YL \nret \n; End of epilogue \n \n \n\n \n\n \n\n; Restore registers \n\n; Return to main() \n\n \n\n \n\n \n\n \n\n; End \n\n38 ", "Slide36": "\fSlide:\nAn example  \n Assembly program \n\n \n\n \n\n \n\n \n\n \n\n \n\n \n\n \n\n; continued \n\n37 \n\n; continued \nloop: \n \n \n \n \n \n \n \n \n \n \ndone: \n \n \n \n \n\n \n\n \n\n \n\n; if i >= e \n\n; compare i with e \n\ncp r22, r24 \ncpc r23, r25 \nbrsh done \nmul2 r20,r21, r16,r17, r18,r19  ; p *= b \nmovw r21:r20, r19:r18 \n; AVR does not have add immediate instructions (addi, addci) \n; but it can be done by subtracting a negative immediate. \n; Could adiw be used instead? \nsubi r22, LOW(-1) \nsbci r23, HIGH(-1) \nrjmp loop \n\n; i++ \n\nmovw r25:r24, r21:r20 \n; End of function body ", "Slide31": "\fSlide:\nAn example  \n Assembly program \n\n; 4 bytes to store local variables. \n\nldi YL, low(RAMEND-4) \nldi YH, high(RAMEND-4)  ; Assume an integer is 2 bytes. \nout SPH, r29 \n \nout SPL, r28 \n \n \n \n \n \nldi r24, low(2)   \nldi r25, high(2) \nstd Y+1, r24 \nstd Y+2, r25 \n\n; Adjust stack pointer to point  \n; to the new stack top. \n  \n; Function body of ‘main’ \n; m = 2; \n\n \n \n\n;  continued  \nmain: \n \n \n \n \n \n \n \n \n \n \n \n \n \n \n \n \n\nldi r24, low(3)   \nldi r25, high(3) \nstd Y+3, r24 \nstd Y+4, r25 \n \n\n \n\n \n\n; n = 3; \n\n \n\n \n\n \n\n; continued \n\n32 ", "Slide30": "\fSlide:\nAn example  \n Assembly program \n\n; To store constant value 0 \n\n.include \"m2560def.inc\" \n \n.def zero = r15   \n \n; Multiplication of two 2-byte unsigned numbers with a 2-byte result. \n; All parameters are registers, @5:@4 should be in the form: rd+1:rd, \n; where d is the even number, and they are not r1 and r0. \n; operation: (@5:@4) = (@1:@0) * (@3:@2) \n \n.macro mul2 \n      mul   @0, @2 \n      movw  @5:@4, r1:r0 \n      mul   @1, @2 \n      add   @5, r0 \n      mul   @0, @3 \n      add   @5, r0 \n.endmacro \n \n \n\n; a * b \n; al * bl \n\n; continued \n\n; ah * bl  \n\n; bh * al \n\n \n\n \n\n \n\n \n\n \n\n \n\n31 ", "Slide33": "\fSlide:\nAn example  \n Assembly program \n\n; continued \npow: \n \n \n \n \n \n \n \n \n \n \n \n \n \n \n\n; prologue: \n \n \npush YL   \npush YH \npush r16  \npush r17 \npush r18 \npush r19 \npush zero \nin YL, SPL \nin YH, SPH \nsbiw Y, 8 \n \n \n \n \n\n \n \n\n \n\n \n\n \n \n \n\n; r29:r28 will be used as the frame pointer \n; Save r29:r28 in the stack \n\n \n\n \n\n; Save registers used in the function body \n\n; Initialize the stack frame pointer value \n\n; Reserve space for local variables  \n; and parameters. \n \n \n\n; continued \n\n \n\n34 ", "Slide32": "\fSlide:\nAn example  \n\n Assembly program \n\n \n\n \nldd r20, Y+3 \nldd r21, Y+4 \nldd r22, Y+1 \nldd r23, Y+2 \nrcall pow \n\nstd Y+1, r24 \nstd Y+2, r25 \n\n; continued \n \n \n \n \n \n \n \n \n \nend: \n \n \n \n\n \n \n\n \n\n \n\n \n\n; Prepare parameters for function call. \n; r21:r20 hold the actual parameter n \n\n; r23:r22 hold the actual parameter m \n\n; Call subroutine ‘pow’ \n\n; Store the returned result \n\nrjmp end \n; end of main function() \n \n \n\n \n\n \n\n \n\n \n\n; continued \n\n33 ", "Slide39": "\fSlide:\nAn Example of Recursive \nFunction Calls \n\nint sum(int n); \n\nint main(void) \n\n{ \n\n \n\n \n\n \n\n} \n\nint n = 100; \n\nsum(n); \n\nreturn 0; \n\nint sum(int n) \n\n{ \n\n \n\n \n\n}  \n\nif (n <= 0) return 0; \n\nelse return (n + sum(n - 1)); \n\nmain() is the caller of \nsum() \n\nsum() is the caller \nand callee of itself  \n\n40 ", "Slide38": "\fSlide:\nRecursive Functions \n\n A recursive function is both a caller and a \n\ncallee of itself. \n\n Can be hard to compute the maximum stack \n\nspace needed for recursive function calls. \n Need to know how many times the function is \n\nnested (the depth of the calls). \n\n And it often depends on the input values of the \n\nfunction. \n\n \n\nNOTE: the following section is from  the  \nCOMP2121 lecture notes by Dr. Hui Wu \n\n39 ", "Slide57": "\fSlide:\nHomework \n\n1. Refer to the AVR Instruction Set manual, \n\nstudy the following instructions: \n• Arithmetic and logic instructions \n\n adiw \n lsl, rol \n\n• Data transfer instructions \n\n movw \n pop, push \n in, out \n\n Program control  \n\n rcall \n ret \n\n58 ", "Slide56": "\fSlide:\nReading Material \n\n AVR ATmega2560 data sheet \n\n Stack, stack pointer and stack operations \n\n \n\n \n\n \n\n \n\n57 ", "Slide19": "\fSlide:\nImplementation \nConsiderations \n\n Local variables and parameters need be stored \n\ncontiguously on the stack for easy accesses. \n\n In which order the local variables or parameters stored \n\non the stack? In the order that they appear in the \nprogram from left to right? Or the reverse order? \n WINAVR C compiler uses the reverse order. \n\n The stack pointer points to either the base (starting \n\naddress) or the top of the stack frame \n Points to the top of the stack frame if the stack grows \n\ndownwards. Otherwise,  points to the base of the stack frame \n(Why?) \n\n WINAVR uses Y (r29: r28) as a stack frame register. \n\n \n\n20 ", "Slide18": "\fSlide:\nTypical Stack Frame Contents \n\n Return address \n\n  Used when the function returns \n\n   Conflict registers \n\n  Need to restore the old contents of these \n\nregisters when the function returns \n\n  One conflict register is the stack frame pointer  \n\n   Parameters (arguments) \n\n   Local variables \n\n \n\n19 ", "Slide53": "\fSlide:\nAssembly Code for fib() (Cont.) \n\n; Restore SP \n\nL2: \n    ; Epilogue \n    adiw r29:r28, 2  ; Deallocate the stack frame for fib()  \n    out SPH, r29 \n    out SPL, r28 \n    pop r29 \n    pop r28 \n    pop r17 \n    pop r16 \n    ret \n \n\n; Restore r17 and r16 \n\n; Restore Y \n\n \n\n \n\n54 ", "Slide52": "\fSlide:\nAssembly Code for fib() (Cont.) \n\n; Compare n with 1 \n\n; If n != 1 go to L4      \n; n == 1 \n; Return 1 \n; Jump to the epilogue \n; n >= 2  \n; Load the actual parameter n \n\nL3: cpi r24, 1  \n    clr r0 \n    cpc r25, r0 \n    brne L4 \n \n    ldi r24, 1  \n    ldi r25, 0  \n    rjmp L2 \n \nL4: ldd r24, Y+1 \n    ldd r25, Y+2 \n    sbiw r25:r24, 1  ; Pass n - 1 to the callee \n    rcall fib   \n    movw r16, r24 \n    ldd r24, Y+1 \n    ldd r25, Y+2 \n    sbiw r25:r24, 2  ; Pass n - 2 to the callee \n    rcall fib   \n    add r24, r16 \n    adc r25, r17 \n\n; call fib(n - 1) \n; Store the return value in r17:r16 \n; Load the actual parameter n \n\n; call fib(n-2) \n; r25:r25 = fib(n - 1) + fib(n - 2) \n\n53 ", "Slide51": "\fSlide:\nAssembly Code for fib() \n\n; Prologue \n; Save r16 and r17 on the stack \n; Save Y on the stack \n\n \n\n \n\nfib: \n    push r16   \n    push r17   \n    push r28   \n    push r29 \n    in r28, SPL \n    in r29, SPH \n    sbiw r29:r28, 2  ; Let Y point to the bottom of \n \n    out SPH, r29 \n    out SPL, r28 \n    std Y+1, r24 \n    std Y+2, r25 \n    cpi r24, 0  \n    clr r0 \n    cpc r25, r0 \n    brne L3 \n \n    ldi r24, 1  \n    ldi r25, 0  \n    rjmp L2 \n \n\n; the stack frame  \n; Update SP so that it points to  \n; the new stack top   \n; Pass the actual parameter \n; to the formal parameter  \n; Compare n with 0 \n\n; If n != 0, go to L3 \n; n == 0   \n; Return 1 \n; Jump to the epilogue  \n\n52 ", "Slide50": "\fSlide:\nAssembly Code for main() \n\n.cseg \n    rjmp main \nmonth: \n    .dw 4 \nmain: \n \n \n    ldi r28, low(RAMEND)  \n    ldi r29, high(RAMEND) \n \n    out SPH, r29  \n \n    out SPL, r28  \n \n \n \n    ldi r30, low(month << 1) \n    ldi r31, high(month << 1) \n    lpm r24, Z+   \n    lpm r25, Z \n    rcall fib \n \nloopforever: \n    rjmp loopforever   \n\n \n \n\n \n \n\n \n\n \n\n \n\n \n\n \n\n; Prologue  \n\n; Initialise the stack pointer SP to point to \n; the highest SRAM address \n; End of prologue \n; Let Z point to month \n\n; Actual parameter 4 is stored in r25:r24 \n\n; Call fib(4) \n; Epilogue: no return   \n\n51 ", "Slide13": "\fSlide:\nPassing by value: example \n\n C program \n\nint temp = x;  \n \nx = y;  \ny = temp; \n \n \n \n \n\n \n\n// does not work \n// since the new x \n// y values are not \n// copied back \n \n\nvoid swap(int x, int y){  // the swap(x, y) \n \n \n \n} \nint main(void) { \n \n \n \n \n} \n\nint a = 1, b = 2; \nswap(a, b); \nprintf(‚a=%d, b=%d‛, a, b) \nreturn 0; \n\n \n\n \n\n \n\n \n\n \n\n \n\n \n\n \n\n14 ", "Slide12": "\fSlide:\nCalling Conventions \n\n Passing by value \n\n Pass the value of an actual parameter to the \n\ncallee \n Not efficient for structures and arrays \n\n Need to pass the value of each element in the \n\nstructure or array \n\n Passing by reference \n\n Pass the address of the actual parameter to the \n\ncallee \n\n Efficient for structures and array passing   \n\n13 ", "Slide11": "\fSlide:\nFunction Call \n\n A function call involves \n\n Program flow control between caller and callee \n\n  target/return addresses \n\n Value passing \n\n parameters/return values \n\n There are two calling conventions for \n\nparameter passing \n\n \n\n12 ", "Slide10": "\fSlide:\nC code example (cont.) \n\n In this program: \n\n Caller  \n main \n\n Callee \n pow \n\n Passed parameters \n\n b, e \n\n Return value/type \n\n p/integer \n\n11 ", "Slide17": "\fSlide:\nStack Frames and Function \ncalls \n\n Each function call creates a new stack frame \n\non the stack. \n\n The stack frame occupies varied amount of \nspace and has an associated pointer, called \nthe stack frame pointer. \n\n The stack frame space is freed when the \n\nfunction returns. \n\n What’s inside a stack frame? \n\n \n\n18 ", "Slide16": "\fSlide:\nPassing Parameters and \nReturn Values \n\n May use general registers to store part of \n\nactual parameters and push the rest of \nparameters on the stack.  \n WINAVR uses general registers r8 ~ r25 to store \n\nactual parameters  \n\n Actual parameters are eventually stored on the \n\nstack to free registers. \n\n The return value needs be stored in \n\ndesignated registers \n WINAVR uses r25:r24 to store the return value. \n\n17 \n\n ", "Slide15": "\fSlide:\nRegister Conflicts \n\n If a register is used in both caller and callee \nfunctions and the caller needs its old value \nafter the callee returns, then a register \nconflict occurs.  \n\n Compilers or assembly programmers need to \n\ncheck for register conflicts.  \n\n Need to save conflict registers on the stack. \n\n Caller or callee or both can save conflict \n\nregisters.  \n   In WINAVR, callee saves some conflict registers. \n\n16 \n\n ", "Slide14": "\fSlide:\nPassing by reference: example \n C program  \n\n// call by reference \n// allows callee to change \n// the caller, since the \n// ‚referenced‛ memory \n// is altered \n\n \n\n \n\n \n\n \n\n \n\n \n \n \n \n\n \nint temp; \n \ntemp = *px \n \n*px = *py; \n*py = temp;   \n\nvoid swap(int *px, int *py) { \n \n \n \n \n} \nint main(void) { \n \n \n \n \n} \n\nint a = 1, b = 2; \nswap(&a, &b); \nprintf(‚a=%d, b=%d‛, a, b) \nreturn 0; \n\n \n\n \n\n \n\n \n\n \n\n \n\n15 ", "Slide3": "\fSlide:\nStack Bottom \n\n The stack usually grows from higher addresses \n\nto lower addresses \n\n The stack bottom is the location with the highest \n\naddress in the stack \n\n In AVR, 0x0200 is the lowest address for stack \n\n i.e. in AVR,  \n\n  stack bottom >=0x0200 \n\n0x0200 \n\nSP \n\nRAMEND \n\n4 ", "Slide2": "\fSlide:\nStack \n\n What is stack? \n\n A data structure in which the data item that is Last In is First \n\nOut (LIFO) \n\n In AVR, a stack is implemented as a block of \n\nconsecutive bytes in the SRAM memory \n\n A stack has at least two parameters: \n\n Bottom \n\n Stack pointer  \n\n \n\nBottom-n \n\n3 \n\nSP \n\nBottom ", "Slide1": "\fSlide:\nLecture overview \n\n Stack and stack operations \n\n Functions and function calls \n\n Calling conventions \n\n \n\n \n\n \n\n2 ", "Slide0": "Slide:\nAssembly \nProgramming (III) \n\nLecturer: Sri Parameswaran \n\nNotes by: Annie Guo \n\nDr. Hui Wu \n\n \n\n1 ", "Slide7": "\fSlide:\nPOP instruction \n\n Syntax:           pop  Rd \n\n Operands:      Rd{r0, r1, …, r31} \n\n Operation:      SP  SP +1 \n\n \n\n \n\n \n\n         Rd  (SP) \n\n Words:            1  \n\n Cycles:            2 \n\n8 ", "Slide6": "\fSlide:\nPUSH instruction \n\n Syntax:           push  Rr \n\n Operands:      Rr{r0, r1, …, r31} \n\n Operation:      (SP)  Rr \n\n                          SP  SP –1 \n\n Words:            1  \n\n Cycles:            2 \n\n7 ", "Slide5": "\fSlide:\nStack Operations \n\n There are two stack operations: \n\n push \n\n pop \n\n \n\n \n\nSP \n\nBottom \n\npush \n\npop \n\nSP \n\nBottom \n\nSP \n\nBottom \n\n6 ", "Slide4": "\fSlide:\nStack Pointer \n\n In AVR, the stack pointer, SP,  is an I/O register pair, \nSPH:SPL, they are defined in the device definition file \n m2560def.inc \n\n Default value of the stack pointer is 0x0000. \n\nTherefore programmers have to initialize a stack \nbefore use it. \n\n The stack pointer always points to the top of the \n\nstack \n Definition of the top of the stack varies: \n\n The location of Last-In element; \n\n E.g. in 68K \n\n The location available for the next element to be stored \n\n E.g. in AVR \n\n5 ", "Slide9": "\fSlide:\nC code example \n\n// local variables \n\n \n\n \n\n// return value of the function \n\np = p * b; \n\nunsigned int i, p; \np = 1; \nfor (i = 0; i < e; i++)  // p = be \n \nreturn p; \n\n// int parameters b & e, \n// returns an integer \n \nunsigned int pow(unsigned int b, unsigned int e) { \n \n \n \n \n \n} \n \nint main(void) {  \n \n \n \n \n \n} \n\nunsigned int m, n; \nm = 2; \nn = 3; \nm = pow(m, n); \nreturn 0; \n\n \n\n \n\n10 ", "Slide8": "\fSlide:\nStack and Functions \n\n Stack is used in function/subroutine calls. \n\n Functions are used \n In top-down design  \n\n Conceptual decomposition - easy to design \n\n For modularity  \n\n Readability and maintainability \n\n For reuse  \n\n Economy - common code with parameters; design \n\nonce and use many times \n\n \n\n9 ", "Slide54": "\fSlide:\nComputing the Maximum \nStack Size \nStep 1: Draw the call tree. \n\nmain() \n\n0 \n\nfib(4) \n\n8 \n\nfib(3) \n\n8 \n\nfib(2) \n\n8 \n\nfib(2) \n\n8 \n\nfib(1) \n\n8 \n\nfib(1) \n\n8 \n\nfib(0) \n\n8 \n\nfib(1) \n\n8 \n\nfib(0) \n\n8 \n\nThe call tree for n = 4 \n\n55 "}