{"Slide62": "\fSlide:\nAbsolute Assembly \n-- workflow \n\nSource file with location \ninformation (NAME.ASM) \n\nAbsolute \nassembler \n\nExecutable file \n(NAME.EXE) \n\nLoader Program \n\nComputer \nmemory \n\n63 ", "Slide-1": "", "Slide63": "\fSlide:\nRelocatable Assembly \n\n Another type of assembly process. \n\n Each source file can be assembled \n\nseparately \n\n Each file is assembled into an object file \n\nwhere some addresses may not be resolved   \n\n A linker program is needed to resolve all \n\nunresolved addresses and make all object \nfiles into a single executable file  \n\n64 ", "Slide22": "\fSlide:\nMemory mapping diagram \n\n0x0100 \n\n0x0104 \n\n0x0105 \n\n0x0109 \n\n0x010A \n\n0x010B \n\n0x0115 \n\n0x011D \n\n0x011E \n\n0x011F \n\n0x0120 \n\nStatic data \n\ng_course \nConstants \n\ng_inputCourse \n\npointer (g_inputCourse) \n\n0x10F2 \n\n course \nconstants \n\nDynamic data \n\n inputCourse \n\n b \n\n g_b \n\n g_a \n\n0x10FA \n\n0x10FAB \n\n0x10FAC \n\n0x10FD \n\n0x10FE \n\nRAMEND \n\npointer (inputCourse) \n\n  \n\n a \n\n  i \n\n  isCOMP9032 \n\n23 ", "Slide23": "\fSlide:\nRemarks \n\n Data has scope and duration in the program \n Data has types and structure \n Those features determine where and how to \n\nstore data in memory. \n\n Constants are usually stored in the non-\n\nvolatile memory and variables are allocated \nin SRAM memory. \n\n In this lecture, we will only take a look at how \n\nto implement basic data types. \n Implementation of advanced data structures/variables will \n\nbe covered later. \n\n24 ", "Slide20": "\fSlide:\nMemory mapping after build \nand run \n\n21 ", "Slide21": "\fSlide:\nMemory mapping after \nexecution \n\n22 ", "Slide26": "\fSlide:\nExample 2 \n Translate the following C constants and \n\nvariables. \n\n \nC code: \n \n\nint a; \nconst char b[] = ‚COMP2121‛; \nconst int c = 2121; \n\n \n\n \n\n \n\nAssembly \n  \n\ncode: \n\n \n\n \n\n.dseg \na: .byte 4 \n \n.cseg \nb: .db ‚COMP2121‛, ‘\\0’ \nC: .dw 2121 \n\n All variables are in SRAM and constants are in FLASH \n\n27 ", "Slide27": "\fSlide:\nExample 2 (cont.)  \n\n An insight of the memory mapping \n\n In program memory, data is packed into words. If \nonly a single byte is left, that byte is stored in the \nhigh byte and the low byte is filled with 0. \n\n0x0000 \n\n0x0001 \n\n0x0002 \n\n0x0003 \n\n0x0004 \n\n0x0005 \n\n‘C’ \n\n‘M’ \n\n‘2’ \n\n‘2’ \n\n 0 \n\n     2121 \n\n‘O’ \n\n‘P’ \n\n‘1’ \n\n‘1’ \n\n 0 \n\nHex values \n\n43 \n\n4D \n\n32 \n\n32 \n\n00 \n\n49 \n\n4F \n\n50 \n\n31 \n\n31 \n\n00 \n\n08 \n\n28 ", "Slide24": "\fSlide:\nExample 1 \n\n Translate the following C variables. Assume \n\neach integer takes four bytes. \n\n \n\nint a; \nunsigned int b; \nchar c; \nchar* d; \n\n25 ", "Slide25": "\fSlide:\nExample 1: solution \n\n Translate the following variables. Assume \n\n.dseg   \n \na: .byte 4 \nb: .byte 4 \nc: .byte 1 \nd: .byte 2 \n\n; 4 byte integer \n; 4 byte unsigned integer \n; 1 character \n; address pointing to the string \n\neach integer takes four bytes.  \n; in data memory \n \n \n \n \n \n All variables are allocated in SRAM \n Labels are given the same name as the variable \n\nfor convenience.  \n\n \n\n26 ", "Slide60": "\fSlide:\nExample (cont.)  \n\nCode generation \n\nCode   \n\nAssembly statement  \n\nAddress   \n \n00000000:    2700         clr     r16 \n00000001:    3005         cpi     r16,0x05 \n00000002:    F010         brlo    PC+0x02 \n00000003:  \n00000004:    CFFC         rjmp    PC-0x0004 \n00000005:    CFFF         rjmp    PC-0x0001 \n\n9503         inc     r16 \n\n61 ", "Slide28": "\fSlide:\nExample 3  \n\n Translate data structures \n\nstruct STUDENT_RECORD \n{ \n    int student_ID; \n    char name[20]; \n    char WAM; \n}; \n \ntypedef struct STUDENT_RECORD *student; \n \nstudent s1; \nstudent s2; \n\n29 ", "Slide29": "\fSlide:\nExample 3 : solution  \n\n Translate data structures \n\n.equ  student_ID = 0 \n.equ   name = student_ID + 4 \n.equ  WAM = name + 20 \n.equ   STUDENT_RECORD_SIZE = WAM + 1 \n \n.dseg \ns1:   .byte  STUDENT_RECORD_SIZE \ns2:   .byte  STUDENT_RECORD_SIZE \n\n30 ", "Slide44": "\fSlide:\nExample 2 \n\n Swapping any two memory data \n\n \n\nlds r2, @0 \nlds r3, @1 \nsts @1, r2 \nsts @0, r3 \n\n.macro swap2 \n \n \n \n \n.endmacro \n \nswap2 a, b \nswap2 c, d \n \n\n; load data from provided \n; two locations \n; interchange the data and \n; store data back \n\n \n \n\n; a is @0, b is @1 \n; c is @0, d is @1 \n\n45 ", "Slide45": "\fSlide:\nExample 3 \n\n Register bit copy \n\n copy a bit from one register to a bit of another \n\nregister \n\n \n\nbst @0, @1 \nbld @2, @3 \n\n.macro bitcopy \n \n \n.endmacro \n \nbitcopy r4, 2, r5, 3 \nbitcopy r5, 4, r7, 6 \n \nend: rjmp end \n\n46 ", "Slide46": "\fSlide:\nMemory access operations \n\n Access to data memory \n\n Using instructions \n\n ld, lds, st, sts \n\n Access to program memory \n\n Using instructions \n\n lpm \n spm \n\n Not covered in this course \n\n Most of time, we access program memory to load \n\ndata \n\n47 ", "Slide47": "\fSlide:\nLoad Program Memory \n\n Syntax:           lpm Rd, Z+ \n\n Operands:      Rd{r0, r1, …, r31} \n\n Operation:      Rd  (Z) \n\n                        Z  Z +1 (optional) \n\n Words:            1  \n\n Cycles:            3 \n\n \n\n48 ", "Slide40": "\fSlide:\nMacros  \n\n A sequence of instructions in an assembly \n\nprogram often needs to be repeated several \ntimes \n\n Macros help programmers to write code \n\nefficiently and nicely \n Type/define a section code once and reuse it \n\n Neat representation \n\n Like an inline function in C \n\n When assembled, the macro definition is expanded at \n\nthe place it was used. \n\n41 \n\n ", "Slide41": "\fSlide:\nDetectives for Macros  \n\n .macro \n\n Tells the assembler that this is the start of a \n\nmacro \n\n Takes the macro name and other parameters \n\n Up to 10 parameters \n\n Which are referenced by @0, …@9 in the macro definition \n\nbody \n\n .endmacro \n\n Defines the end of a macro definition.  \n\n42 ", "Slide42": "\fSlide:\nMacros (cont.) \n\n Macro definition structure:  \n.macro name  \n \n.endmacro \n\n \n\n \n\n; macro body \n\n \n\n Use of Macro \n\nmacro_name   [param0, param1, …,param9]  \n\n \n\n \n\n \n\n43 ", "Slide43": "\fSlide:\nExample 1 \n\nlds r2, p  ; load data  \nlds r3, q  ; from p, q \nsts q, r2  ; store data \nsts p, r3  ; to q, p \n\n Swapping memory data p, q twice \n With macro \n.macro swap1 \n \n \n \n \n.endmacro \n \nswap1 \nswap1 \n \n\nWithout macro \nlds r2, p \nlds r3, q \nsts q, r2 \nsts p, r3 \n \nlds r2, p \nlds r3, q \nsts q, r2 \nsts p, r3 \n \n\n44 ", "Slide66": "\fSlide:\nHomework \n\n2. Design a checking strategy that can find the \n\nendianness of AVR machine. \n\n \n\n3. Discuss the advantages of using Macros. Do \n\nmacros help programmer write an efficient \ncode? Why? \n\n67 ", "Slide67": "\fSlide:\nHomework \n\n4. Write an assembly program to find the length \nof a string. The string is stored in the program \nmemory and the length will be stored in the \ndata memory.  \n\n \n\n68 ", "Slide64": "\fSlide:\nRelocatable Assembly  \n-- workflow \n\nSource file 1 \n\nSource file 2 \n\n(MODULE1.ASM \n\n(MODULE1.ASM \n\nRelocatable \nassembler \n\nRelocatable \nassembler \n\nObject file1 \n\n(MODULE1.OBJ \n\nObject file2 \n\n(MODULE2.OBJ \n\nLibrary of object \nfiles (FILE.LIB) \n\nCode and data \n\nlocation \n\ninformation \n\nLinker           \nprogram \n\nExecutable file \n(NAME.EXE) \n\n65 ", "Slide65": "\fSlide:\nHomework \n\n1. Refer to the AVR Instruction Set manual, study the \n\nfollowing instructions: \n\n•\n\n•\n\n\n\n\n\n\n\n\n\n\n\n\n\n\n\n\n\n\n\nArithmetic and logic instructions \n\nclr \ninc, dec \n\nData transfer instructions \n\nmovw \nsts, lds \nlpm \nbst, bld \n\nProgram control \n\njmp \nsbrs, sbrc \n\n66 ", "Slide48": "\fSlide:\nLoad from program memory \n\n The address label in the memory program is \n\nword address \n Used by the PC register \n\n To access data, the byte address is used. \n\n Address register, Z, is used to point bytes in \n\nthe program memory \n\n49 ", "Slide49": "\fSlide:\nExample \n\n; include definition for Z \n\n.include ‚m2560def.inc‛ \n \nldi ZH, high(Table_1<<1)  ; Initialize Z-pointer \nldi ZL, low(Table_1<<1) \n \nlpm r16, Z    \n \n \n \nTable_1: \n \n \n \n\n.dw 0x5876   ; 0x76 is the value when ZLSB = 0 \n \n; 0x58 is the value when ZLSB = 1 \n\n \n\n; Load constant from Program \n; memory pointed to by Z (r31:r30) \n\n \n\n50 ", "Slide58": "\fSlide:\nTwo Passes in Assembly \n\n Pass one \n\n Lexical and syntax analysis: checking for syntax \n\nerrors  \n\n Record all the symbols (labels etc) in a symbol \n\ntable \n\n Expand macro calls \n\n Pass Two \n\n Use the symbol table to substitute the values for \n\nthe symbols and evaluate functions. \n\n Assemble each instruction \n i.e. generate machine code \n\n59 ", "Slide61": "\fSlide:\nAbsolute Assembly \n\n A type of assembly process. \n\n Can only be used for the source file that contains \n\nall the source code of the program \n\n Programmers use .org to tell the assembler \n\nthe starting address of a segment (data \nsegment or code segment) \n\n  Whenever any change is made in the source \n\nprogram, all code must be assembled.      \n\n  A loader transfers an executable file \n(machine code) to the target system.   \n\n62 ", "Slide59": "\fSlide:\nExample  \n\nAssembly program \n\nbound = 5 \n\nclr r16 \n\n.equ \n \n \nloop:   \n \n \n \n \nend: \n \n\ncpi r16, bound \nbrlo end \ninc r16 \nrjmp loop \n \nrjmp end \n\n \n\nSymbol table \n\nSymbol \n\nValue \n\nbound \n\nloop \n\nend \n\n5 \n\n1 \n\n5 \n\n60 ", "Slide55": "\fSlide:\nComplete example 2 (cont.) \n\n Assembly program \n\n; Set the starting address  \n\n; Skip over data \n\n \n\n \n\n \n\n \n\nrjmp start \n\n.include \"m2560def.inc\" \n.equ size = 5 \n.dseg   \nCap_string: .byte 5  \n.cseg \n \nLow_string: .db \"hello‚,0 \nstart:  ldi ZL, low(Low_string<<1) \n \n \n \n \n \n \n\n \n\n \n\n \n\n; Get the low byte of  \n; the address of \"h\"  \n\n \n\n \n\n \n\n \nldi ZH, high(Low_string<<1)  ; Get the high byte of  \n \nldi YH, high(Cap_string) \nldi YL, low(Cap_string) \nclr r17  \n\n; the address of \"h\" \n\n; counter=0      \n\n \n\n \n\n \n\n56 ", "Slide35": "\fSlide:\nOperands \n\n Operands can be  \n\n User defined labels  \n\n associated with memory addresses  \n\n User defined variables  \n\n defined by the „set‟ directive  \n\n User defined constants  \n\n defined by the „equ‟ directive  \n\n Integer constants \n\n can be in several formats, including  \n\n Decimal (default): 10, 255  \n Hexadecimal (two notations): 0x0a, $0a, 0xff, $ff  \n Binary: 0b00001010, 0b11111111  \n Octal (leading zero): 010, 077  \n\n PC \n\n Program counter value. \n\n36 ", "Slide34": "\fSlide:\nAssembler expressions (cont.)  \n\n The expressions are in a form similar to \n\nnormal math expressions \n Consisting of operands, operators and functions. \n\nAll expressions are internally 32 bits. \n\n Example  \n\n \n\nldi r26, low(label + 0xff0) \n \n \n          Function    Operands   Operator \n \n\n35 ", "Slide37": "\fSlide:\nFunctions \n\n LOW(expression)      \n\n Returns the low byte of an expression  \n\n HIGH(expression)     \n\n Returns the second byte of an expression  \n\n BYTE2(expression)  \n\n\n\nThe same function as HIGH  \n\n BYTE3(expression)   \n\n Returns the third byte of an expression  \n\n BYTE4(expression)   \n\n Returns the fourth byte of an expression  \n\n LWRD(expression)   \n\n Returns bits 0-15 of an expression  \n\n HWRD(expression):   \n\n Returns bits 16-31 of an expression  \n\n PAGE(expression):     \n\n Returns bits 16-21 of an expression  \n\n EXP2(expression):      \n\n Returns 2 to the power of expression  \n\n LOG2(expression):     \n\n Returns the integer part of log2(expression)  \n\n38 ", "Slide36": "\fSlide:\nOperators  Symbol  Description \n\nSame \n\nmeanings \n\nas in C \n\n! \n~ \n- \n* \n/ \n+ \n- \n<< \n>> \n< \n<= \n> \n>= \n== \n!= \n& \n^ \n| \n&& \n|| \n\nLogical Not \nBitwise Not  \nUnary Minus \nMultiplication \nDivision \nAddition \nSubtraction \nShift left \nShift right \nLess than \nLess than or equal \nGreater than \nGreater than or equal \nEqual \nNot equal \nBitwise And \nBitwise Xor \nBitwise Or \nLogical And \nLogical Or \n\n37 ", "Slide31": "\fSlide:\nExample 4: solution  \n\n Translate data structures \n\n.equ  student_ID = 0 \n.equ   name = student_ID + 4 \n.equ   WAM = name + 20 \n.equ   STUDENT_RECORD_SIZE = WAM + 1 \n \n.cseg \ns1_value: \n \n \n \n.dseg \ns1:   .byte  STUDENT_RECORD_SIZE \ns2:   .byte  STUDENT_RECORD_SIZE \n\n.dw \n.dw \n.db \n.db \n\n \n \n \n\nHWRD(123456)  \nLWRD(123456) \n‚John Smith‛,0,0,0,0,0,0,0,0,0,0 \n75 \n\n \n\n32 ", "Slide30": "\fSlide:\nExample 4   \n\n Translate data structures  \n\n with initialization \n\nstruct STUDENT_RECORD \n{ \n    int student_ID; \n    char name[20]; \n    char WAM; \n}; \n \ntypedef struct STUDENT_RECORD *student; \n \nstudent s1 = {123456, ‚John Smith‛, 75}; \nstudent s2; \n\n31 ", "Slide33": "\fSlide:\nAssembler expressions  \n\n In the assembly program, you can use \n\nexpressions for values. \n\n When assembling, the assembler evaluates \n\neach expression and replaces the expression \nwith the calculated value. \n\n34 ", "Slide32": "\fSlide:\nRemarks \n\n The constant values for initialization are \n\nstored in the program memory in order to \nkeep the values when power is off. \n\n The variable will be populated with the initial \n\nvalues when the program is started. \n\n33 ", "Slide39": "\fSlide:\nExample 2 \n\n;Example 2: compare r17:r16 with \n3167   \n \n \n \n \n… \ncase1: inc r10 \n\ncpi r16, low(3167) \nldi r18, high(3167) \ncpc r17, r18 \nbrlt case1 \n\n40 ", "Slide38": "\fSlide:\nExample 1 \n\n; Example1:  \n\n \n\n \n\nldi r17, 1<<5  \n\n; load r17 with 1 \n\n \n\n \n\n \n\n; shifted left 5 times \n\n39 ", "Slide57": "\fSlide:\nAssembly \n\n Assembly programs need to be converted to \n\nmachine code before execution  \n This translation/conversion from assembly \n\nprogram to machine code is called assembly and \nis done by the assembler \n\n There are two steps in the assembly \n\nprocesses: \n Pass one \n\n Pass two \n\n58 ", "Slide56": "\fSlide:\nComplete example 2 (cont.) \n\n Assembly program (cont.) \n\n \n\n \n\n \n\nmain: \n          lpm  r20, Z+     ; Load a letter from flash memory \n          subi r20, 32     ; Convert it to the capital letter  \n          st   Y+,r20      ; Store the capital letter in SRAM   \n          inc  r17 \n          cpi  r17, size \n          brlt main \nloop: \n \n \n\n ; counter++ \n ; counter < size \n\n   rjmp loop \n\n57 ", "Slide19": "\fSlide:\nSample C program \n\n// global variables: \nconst char g_course[] = \"COMP\";  \nchar* g_inputCourse = \"COMP\";  \nchar g_a; \nstatic char g_b; \n \nint main(void) { \n  // local variables: \n  const char course[] = \"COMP9032\";   \n  char* inputCourse = \"COMP9032\";  \n  char a; \n  static char b; \n  char i; \n \n  char isCOMP9032 = 1; \n \n  for(i=0; i<9; i++){ \n    if (inputCourse[i] != course[i]) { \n      isCOMP9032 = 0; \n      i = 9; \n    } \n  } \n  return 0; \n} \n\n \n \n\n \n\n \n\n \n\n \n\n \n\n20 ", "Slide18": "\fSlide:\nImplement data/variables \n\n With those directives, you can \n\nimplement/translate data/variables into \nmachine level descriptions \n\n An example of translation by WINAVR is \n\ngiven in the next slide. \n\n \n\n19 ", "Slide53": "\fSlide:\nComplete example 1 (cont.) \n\n Assembly translation (cont.) \n\n \nload: \n \n \n \n \n \n \nend: \n \n \n.dseg \ns1:  \n\ncpi r16, STUDENT_RECORD_SIZE \nbrge end \nlpm r10, z+ \nst  y+, r10 \ninc r16 \nrjmp load \n\nrjmp end \n\n.byte  STUDENT_RECORD_SIZE \n\n54 ", "Slide52": "\fSlide:\nComplete example 1 (cont.) \n Assembly translation \n\n.set   student_ID = 0 \n.set   name = student_ID + 4 \n.set   WAM = name + 20 \n.set   STUDENT_RECORD_SIZE = WAM + 1 \n \n.cseg  rjmp start \n \ns1_value: \n \n \n \n \nstart:  ldi ZH, high(s1_value<<1) \n \n \n \n \n \n\nldi YH, high(s1) \nldi YL, low(s1)  \nclr r16 \n\n.dw \n.dw \n.db \n.db \n\n \n \n \n\n; jump over data definitions \n\nHWRD(123456)   \nLWRD(123456) \n\"John Smith‚,0,0,0,0,0,0,0,0,0,0 \n75 \n\n \n\n;pointer to student record \nldi ZL, low(s1_value<<1)    ;value in the program memory \n\n \n \n\n;pointer to student record holder \n;in the data memory \n\n53 ", "Slide51": "\fSlide:\nComplete example 1 (cont.) \n\n C description \n\n \n\nint student_ID; \nchar name[20]; \nchar WAM; \n\nstruct STUDENT_RECORD \n{ \n \n \n \n}; \n \ntypedef struct STUDENT_RECORD *student; \n \nstudent s1 = {123456, \"John Smith\", 75}; \n\n52 ", "Slide50": "\fSlide:\nComplete example 1  \n\n Copy data from Program memory to Data \n\nmemory \n\n \n\n51 ", "Slide13": "\fSlide:\nExample \n\n \n\n \n\n.dseg   \n\n.cseg   \n \n \n\n \n \nvartab: .byte 4  \n \n \n \n \n \nconst: .dw 10, 0x10, 0b10, -1 \n \n \n \n \n \n \n\n \n \n \n\nmov r1,r0 \n\n; Do something \n\n; Start data segment \n\n; Reserve 4 bytes in SRAM  \n; (Will be at 0x200 on the atmega2560) \n\n; Start code segment \n; default start location is 0x0000 \n\n \n \n \n\n; Write 10, 16, 2, -1 in program  \n; memory, each value takes  \n; 2 bytes. \n\n14 ", "Slide12": "\fSlide:\nProgram/data memory \norganization directives \n\n Memory segment directives specify which \n\nmemory segment to use \n .dseg \n\n Data segment \n\n .cseg \n\n Code segment \n\n .eseg \n\n EEPROM segment \n\n The .org directive specifies the start address \n\nto store the related program/data. \n\n13 ", "Slide11": "\fSlide:\nProgram/data memory \norganization \n\n AVR has three different memories \n\n Data memory \n\n Program memory \n\n EEPROM memory \n\n The three memories correspond to three \n\nmemory segments to the assembler: \n Data segment (or RAM) \n\n Program segment (or Code segment, Flash) \n\n EEPROM segment \n\n12 ", "Slide10": "\fSlide:\nDirectives for symbol \ndefinitions \n\n .def \n\n Define an alias for a register \n\n \n\n \n\n E.g.  \n\n.def  symbol = register \n\n \n\n.def ZL = r30 \n\n   \n Symbol temp can be used instead of r30 anywhere in \n\nthe program after the definition \n\n11 ", "Slide17": "\fSlide:\nOther Directives \n\n Include a file \n\n .include “m2560def.inc” \n\n Stop processing the assembly file \n\n .exit \n\n Begin and end  macro definition \n\n .macro \n\n .endmacro \n\n Will be discussed in detail later \n\n \n\n \n\n18 ", "Slide16": "\fSlide:\nDirectives for Variables \n\n Reserve bytes in data memory \n\n .byte \n\n Reserve a number of bytes for a variable \n\n \n\n \n\nLabel: .byte expr \n\n \n expr is the number of bytes to be reserved. \n\n \n\n \n\n \n\n17 ", "Slide15": "\fSlide:\nDirectives for Constants \n\n Store data in program/EEPROM memory \n\n .db \n\n Store byte constants in program/EEPROM memory \n\n \n\n \n\nLabel: .db \n\nexpr1, expr2, … \n\n expr* is a byte constant value or string literal \n\n .dw \n\n Store word (16-bit) constants in program/EEPROM \n\nmemory \n\n Little endian rule is used \n\n \n\nLabel: .dw \n\nexpr1, expr2, … \n\n expr* is a word constant value \n\n16 ", "Slide14": "\fSlide:\nData/variable memory \nallocation directives \n\n Specify the memory locations/sizes for  \n\n Constants \n\n In program/EEPROM memory \n\n Variables  \n\n In data memory \n\n All directives must start with a label so that \nthe related data/variable can be accessed \nlater. \n\n \n \n\n15 ", "Slide3": "\fSlide:\nAssembly program structure \n(cont.) \n\n The label for an instruction is associated with \n\nthe memory location address of that \ninstruction. \n\n All instructions are not case sensitive \n\n “add” is same as “ADD” \n\n “.equ” is same as “.EQU” \n\n4 ", "Slide2": "\fSlide:\nAssembly program structure \n\n An assembly program basically consists of \n\n Assembler directives \n\n\n\nE.g.  \n\n.equ constant = 19 \n\n Executable instructions \n\n\n\nE.g.  \n\nadd r1, r2 \n\n An input line in an assembly program takes \n\none of the following forms :  \n [label:] directive [operands] [Comment] \n [label:] instruction [operands] [Comment] \n Comment  \n Empty line  \n\n3 ", "Slide1": "\fSlide:\nLecture overview \n\n Assembly program structure \n\n Assembler directives \n\n Assembler expressions \n\n Macro \n\n Memory access  \n\n Assembly process \n\n First pass \n\n Second pass \n\n \n\n \n\n2 ", "Slide0": "Slide:\nAssembly \nProgramming (II) \n\nLecturer: Sri Parameswaran \n\nNotes by: Annie Guo \n\n1 ", "Slide7": "\fSlide:\nSummary  of \n\nAVR Assembler \n\ndirectives \n\nNOTE: All directives must be preceded by a period \n\n8 ", "Slide6": "\fSlide:\nAssembly directives \n\n Instructions to the assembler are created for \n\na number of purposes:  \n For symbol definitions \n\n For readability and maintainability  \n All symbols used in a program will be replaced by the \n\nreal values when assembling \n\n E.g.  .equ, .set \n\n For program and data organization \n\n E.g.   .org, .cseg, .dseg \n\n For data/variable memory allocation  \n\n E.g.   .db, .dw \n\n For others \n\n7 ", "Slide5": "\fSlide:\nComments  \n\n A comment has the following form: \n\n ;[Text] \n\n Items within the brackets are optional \n\n The text between the comment-delimiter(;) \nand the end of line (EOL) is ignored by the \nassembler.  \n\n6 ", "Slide4": "\fSlide:\nExample \n\n \n\n  \n; The program performs  \n; 3-way addition: a+b+c; \n \n.equ A = 4 \n.equ B = 8 \n.equ C = 9 \n \nldi r16, A \nldi r17, B \nldi r18, C \nadd r16, r17 \nadd r16, r18 \n\n \nTwo comment lines \n \nEmpty line \n \nThree assembler directives \n \n \n \n \nFive executable instructions \n\n5 ", "Slide9": "\fSlide:\nDirectives for symbol \ndefinitions (cont.) \n\n .set \n\n Define symbols for values \n\n \n\n \n\n.set  symbol = expression \n\n Re-definable. The symbol can be changed to \n\nrepresent other values later in the program. \n\n E.g. \n\n \n\n.set input = 5 \n\n   \n Symbol input with value 5 can be used anywhere in \n\nthe program after this definition and before its \nredefinition.  \n\n10 ", "Slide8": "\fSlide:\nDirectives for symbol \ndefinitions (cont.) \n\n .equ \n\n Define symbols for values \n\n \n\n \n\n.equ  symbol = expression \n\n Non-redefinable. Once set, the symbol cannot be \n\nredefined to other value later in the program \n\n E.g.  \n\n \n\n.equ length = 2 \n\n   \n Symbol length with value 2 can be used anywhere in \n\nthe program after the definition \n\n \n\n9 ", "Slide68": "\fSlide:\nHomework \n\n5. Write an assembly program to find the student \naverage WAM in a class. The record for each \nstudent is defined as \n\n \n\n \n\n \n\n \n\nstruct STUDENT_RECORD \n{ \n \n \n \n}; \ntypedef struct STUDENT_RECORD *student; \n\nint student_ID; \nchar name[20]; \nchar WAM; \n\n    Assume there are 5 students and all records are \n\nstored in the program memory. The average WAM \nwill be stored in the data memory.  \n\n69 ", "Slide54": "\fSlide:\nComplete example 2 \n\n Convert lower-case to upper-case for a string  \n\n The string is stored in the program memory \n\n The resulting string after conversion is stored in \n\ndata memory. \n\n In ASCII, upper case letter + 32 = low case letter \n\n \n\n \n\n55 "}