[
{
    "Week": 3,
    "Slide": 0,
    "KeyPhrases": [
        {
            "BeginOffset": 14,
            "EndOffset": 23,
            "Score": 0.7755911946296692,
            "Text": "1511 18s1"
        }
    ],
    "ResponseMetadata": {
        "HTTPHeaders": {
            "content-length": "96",
            "content-type": "application/x-amz-json-1.1",
            "date": "Thu, 28 Mar 2019 12:51:46 GMT",
            "x-amzn-requestid": "3ef1b388-5158-11e9-9bf3-7b40ac3c3f45"
        },
        "HTTPStatusCode": 200,
        "RequestId": "3ef1b388-5158-11e9-9bf3-7b40ac3c3f45",
        "RetryAttempts": 0
    }
},
{
    "Week": 3,
    "Slide": 1,
    "KeyPhrases": [
        {
            "BeginOffset": 5,
            "EndOffset": 96,
            "Score": 0.8445120453834534,
            "Text": "5 8s\n\u2014 Lecture 5 \u2014 \n\nMore Loops\nAndrew Bennett \n\n<andrew.bennett@unsw.edu.au>\n\nwhile  loops"
        },
        {
            "BeginOffset": 111,
            "EndOffset": 116,
            "Score": 0.6482741832733154,
            "Text": "loops"
        }
    ],
    "ResponseMetadata": {
        "HTTPHeaders": {
            "content-length": "267",
            "content-type": "application/x-amz-json-1.1",
            "date": "Thu, 28 Mar 2019 12:51:47 GMT",
            "x-amzn-requestid": "3f790b4b-5158-11e9-9067-a580ee7ec557"
        },
        "HTTPStatusCode": 200,
        "RequestId": "3f790b4b-5158-11e9-9067-a580ee7ec557",
        "RetryAttempts": 0
    }
},
{
    "Week": 3,
    "Slide": 2,
    "KeyPhrases": [
        {
            "BeginOffset": 19,
            "EndOffset": 20,
            "Score": 0.7555587887763977,
            "Text": "\u2026"
        },
        {
            "BeginOffset": 46,
            "EndOffset": 56,
            "Score": 0.997734785079956,
            "Text": "the person"
        },
        {
            "BeginOffset": 110,
            "EndOffset": 119,
            "Score": 0.9876183271408081,
            "Text": "computing"
        }
    ],
    "ResponseMetadata": {
        "HTTPHeaders": {
            "content-length": "252",
            "content-type": "application/x-amz-json-1.1",
            "date": "Thu, 28 Mar 2019 12:51:47 GMT",
            "x-amzn-requestid": "400063c0-5158-11e9-9067-a580ee7ec557"
        },
        "HTTPStatusCode": 200,
        "RequestId": "400063c0-5158-11e9-9067-a580ee7ec557",
        "RetryAttempts": 0
    }
},
{
    "Week": 3,
    "Slide": 3,
    "KeyPhrases": [
        {
            "BeginOffset": 2,
            "EndOffset": 10,
            "Score": 0.533657431602478,
            "Text": "Overview"
        },
        {
            "BeginOffset": 17,
            "EndOffset": 29,
            "Score": 0.9970005750656128,
            "Text": "this lecture"
        },
        {
            "BeginOffset": 66,
            "EndOffset": 76,
            "Score": 0.9997150301933289,
            "Text": "the basics"
        },
        {
            "BeginOffset": 86,
            "EndOffset": 91,
            "Score": 0.9956122636795044,
            "Text": "loops"
        },
        {
            "BeginOffset": 104,
            "EndOffset": 114,
            "Score": 0.9996108412742615,
            "Text": "the basics"
        },
        {
            "BeginOffset": 118,
            "EndOffset": 136,
            "Score": 0.7765234112739563,
            "Text": "nested while loops"
        },
        {
            "BeginOffset": 144,
            "EndOffset": 152,
            "Score": 0.9976434111595154,
            "Text": "programs"
        },
        {
            "BeginOffset": 165,
            "EndOffset": 170,
            "Score": 0.7060107588768005,
            "Text": "loops"
        },
        {
            "BeginOffset": 180,
            "EndOffset": 195,
            "Score": 0.9982367157936096,
            "Text": "simple problems"
        },
        {
            "BeginOffset": 208,
            "EndOffset": 230,
            "Score": 0.9850384593009949,
            "Text": "the course style guide"
        },
        {
            "BeginOffset": 233,
            "EndOffset": 237,
            "Score": 0.7595224380493164,
            "Text": "note"
        },
        {
            "BeginOffset": 307,
            "EndOffset": 319,
            "Score": 0.9821453094482422,
            "Text": "this lecture"
        },
        {
            "BeginOffset": 330,
            "EndOffset": 342,
            "Score": 0.9942171573638916,
            "Text": "this lecture"
        },
        {
            "BeginOffset": 372,
            "EndOffset": 387,
            "Score": 0.9992502927780151,
            "Text": "the foundations"
        },
        {
            "BeginOffset": 408,
            "EndOffset": 420,
            "Score": 0.9974177479743958,
            "Text": "these skills"
        },
        {
            "BeginOffset": 433,
            "EndOffset": 444,
            "Score": 0.996127188205719,
            "Text": "programming"
        },
        {
            "BeginOffset": 462,
            "EndOffset": 480,
            "Score": 0.999396800994873,
            "Text": "any other language"
        },
        {
            "BeginOffset": 491,
            "EndOffset": 522,
            "Score": 0.9729824066162109,
            "Text": "consistent and regular practice"
        }
    ],
    "ResponseMetadata": {
        "HTTPHeaders": {
            "content-length": "1546",
            "content-type": "application/x-amz-json-1.1",
            "date": "Thu, 28 Mar 2019 12:51:49 GMT",
            "x-amzn-requestid": "409fd8a4-5158-11e9-99c9-7369baa4d582"
        },
        "HTTPStatusCode": 200,
        "RequestId": "409fd8a4-5158-11e9-99c9-7369baa4d582",
        "RetryAttempts": 0
    }
},
{
    "Week": 3,
    "Slide": 4,
    "KeyPhrases": [
        {
            "BeginOffset": 2,
            "EndOffset": 7,
            "Score": 0.8646005392074585,
            "Text": "Admin"
        },
        {
            "BeginOffset": 22,
            "EndOffset": 40,
            "Score": 0.9517659544944763,
            "Text": "lecture recordings"
        },
        {
            "BeginOffset": 48,
            "EndOffset": 64,
            "Score": 0.9259589910507202,
            "Text": "WebCMS3 \nEcho360"
        },
        {
            "BeginOffset": 73,
            "EndOffset": 83,
            "Score": 0.9675025343894958,
            "Text": "last night"
        },
        {
            "BeginOffset": 88,
            "EndOffset": 100,
            "Score": 0.9751535654067993,
            "Text": "weekly tests"
        },
        {
            "BeginOffset": 107,
            "EndOffset": 116,
            "Score": 0.998068630695343,
            "Text": "this week"
        },
        {
            "BeginOffset": 136,
            "EndOffset": 154,
            "Score": 0.9018255472183228,
            "Text": "course style guide"
        }
    ],
    "ResponseMetadata": {
        "HTTPHeaders": {
            "content-length": "604",
            "content-type": "application/x-amz-json-1.1",
            "date": "Thu, 28 Mar 2019 12:51:49 GMT",
            "x-amzn-requestid": "413f4c75-5158-11e9-9067-a580ee7ec557"
        },
        "HTTPStatusCode": 200,
        "RequestId": "413f4c75-5158-11e9-9067-a580ee7ec557",
        "RetryAttempts": 0
    }
},
{
    "Week": 3,
    "Slide": 5,
    "KeyPhrases": [
        {
            "BeginOffset": 2,
            "EndOffset": 7,
            "Score": 0.7817610502243042,
            "Text": "Loops"
        },
        {
            "BeginOffset": 40,
            "EndOffset": 54,
            "Score": 0.9890230298042297,
            "Text": "multiple times"
        },
        {
            "BeginOffset": 61,
            "EndOffset": 67,
            "Score": 0.9863025546073914,
            "Text": "a loop"
        },
        {
            "BeginOffset": 92,
            "EndOffset": 106,
            "Score": 0.9994005560874939,
            "Text": "this condition"
        }
    ],
    "ResponseMetadata": {
        "HTTPHeaders": {
            "content-length": "338",
            "content-type": "application/x-amz-json-1.1",
            "date": "Thu, 28 Mar 2019 12:51:50 GMT",
            "x-amzn-requestid": "41dec140-5158-11e9-8cd3-a305e61d9913"
        },
        "HTTPStatusCode": 200,
        "RequestId": "41dec140-5158-11e9-8cd3-a305e61d9913",
        "RetryAttempts": 0
    }
},
{
    "Week": 3,
    "Slide": 6,
    "KeyPhrases": [
        {
            "BeginOffset": 2,
            "EndOffset": 9,
            "Score": 0.9000965356826782,
            "Text": "Anatomy"
        },
        {
            "BeginOffset": 13,
            "EndOffset": 38,
            "Score": 0.9855245351791382,
            "Text": "a Loop\n\u00a0 \n\ninitialisation"
        },
        {
            "BeginOffset": 43,
            "EndOffset": 52,
            "Score": 0.7412372827529907,
            "Text": "condition"
        },
        {
            "BeginOffset": 57,
            "EndOffset": 67,
            "Score": 0.8143349289894104,
            "Text": "statements"
        }
    ],
    "ResponseMetadata": {
        "HTTPHeaders": {
            "content-length": "353",
            "content-type": "application/x-amz-json-1.1",
            "date": "Thu, 28 Mar 2019 12:51:52 GMT",
            "x-amzn-requestid": "428dc625-5158-11e9-a41b-5514da879d83"
        },
        "HTTPStatusCode": 200,
        "RequestId": "428dc625-5158-11e9-a41b-5514da879d83",
        "RetryAttempts": 0
    }
},
{
    "Week": 3,
    "Slide": 7,
    "KeyPhrases": [
        {
            "BeginOffset": 2,
            "EndOffset": 9,
            "Score": 0.9000965356826782,
            "Text": "Anatomy"
        },
        {
            "BeginOffset": 13,
            "EndOffset": 38,
            "Score": 0.9976963400840759,
            "Text": "a Loop\n\u00a0 \n\ninitialisation"
        },
        {
            "BeginOffset": 47,
            "EndOffset": 71,
            "Score": 0.9586467146873474,
            "Text": "our variables\n\ncondition"
        },
        {
            "BeginOffset": 76,
            "EndOffset": 86,
            "Score": 0.8590095639228821,
            "Text": "statements"
        }
    ],
    "ResponseMetadata": {
        "HTTPHeaders": {
            "content-length": "370",
            "content-type": "application/x-amz-json-1.1",
            "date": "Thu, 28 Mar 2019 12:51:53 GMT",
            "x-amzn-requestid": "433d18c8-5158-11e9-a283-3b6eea63fce5"
        },
        "HTTPStatusCode": 200,
        "RequestId": "433d18c8-5158-11e9-a283-3b6eea63fce5",
        "RetryAttempts": 0
    }
},
{
    "Week": 3,
    "Slide": 8,
    "KeyPhrases": [
        {
            "BeginOffset": 2,
            "EndOffset": 9,
            "Score": 0.9000965356826782,
            "Text": "Anatomy"
        },
        {
            "BeginOffset": 13,
            "EndOffset": 38,
            "Score": 0.9976963400840759,
            "Text": "a Loop\n\u00a0 \n\ninitialisation"
        },
        {
            "BeginOffset": 47,
            "EndOffset": 71,
            "Score": 0.9627324342727661,
            "Text": "our variables\n\ncondition"
        },
        {
            "BeginOffset": 79,
            "EndOffset": 103,
            "Score": 0.7903836369514465,
            "Text": "\u201csomething\u201d\u2026\n\nstatements"
        }
    ],
    "ResponseMetadata": {
        "HTTPHeaders": {
            "content-length": "393",
            "content-type": "application/x-amz-json-1.1",
            "date": "Thu, 28 Mar 2019 12:51:54 GMT",
            "x-amzn-requestid": "43e20b64-5158-11e9-bd32-375300018036"
        },
        "HTTPStatusCode": 200,
        "RequestId": "43e20b64-5158-11e9-bd32-375300018036",
        "RetryAttempts": 0
    }
},
{
    "Week": 3,
    "Slide": 9,
    "KeyPhrases": [
        {
            "BeginOffset": 2,
            "EndOffset": 9,
            "Score": 0.9000965356826782,
            "Text": "Anatomy"
        },
        {
            "BeginOffset": 13,
            "EndOffset": 34,
            "Score": 0.9976963400840759,
            "Text": "a Loop\ninitialisation"
        },
        {
            "BeginOffset": 44,
            "EndOffset": 68,
            "Score": 0.9627324342727661,
            "Text": "our variables\n\ncondition"
        },
        {
            "BeginOffset": 76,
            "EndOffset": 100,
            "Score": 0.8060096502304077,
            "Text": "\u201csomething\u201d\u2026\n\nstatements"
        },
        {
            "BeginOffset": 102,
            "EndOffset": 108,
            "Score": 0.8143423199653625,
            "Text": "things"
        },
        {
            "BeginOffset": 122,
            "EndOffset": 138,
            "Score": 0.9882142543792725,
            "Text": "our loop\n\nupdate"
        }
    ],
    "ResponseMetadata": {
        "HTTPHeaders": {
            "content-length": "556",
            "content-type": "application/x-amz-json-1.1",
            "date": "Thu, 28 Mar 2019 12:51:55 GMT",
            "x-amzn-requestid": "448c2d67-5158-11e9-8eba-154ad056dc4d"
        },
        "HTTPStatusCode": 200,
        "RequestId": "448c2d67-5158-11e9-8eba-154ad056dc4d",
        "RetryAttempts": 0
    }
},
{
    "Week": 3,
    "Slide": 10,
    "KeyPhrases": [
        {
            "BeginOffset": 2,
            "EndOffset": 9,
            "Score": 0.9000965356826782,
            "Text": "Anatomy"
        },
        {
            "BeginOffset": 13,
            "EndOffset": 34,
            "Score": 0.9976963400840759,
            "Text": "a Loop\ninitialisation"
        },
        {
            "BeginOffset": 44,
            "EndOffset": 68,
            "Score": 0.9627324342727661,
            "Text": "our variables\n\ncondition"
        },
        {
            "BeginOffset": 76,
            "EndOffset": 100,
            "Score": 0.8060096502304077,
            "Text": "\u201csomething\u201d\u2026\n\nstatements"
        },
        {
            "BeginOffset": 102,
            "EndOffset": 108,
            "Score": 0.8143423199653625,
            "Text": "things"
        },
        {
            "BeginOffset": 122,
            "EndOffset": 144,
            "Score": 0.9193575978279114,
            "Text": "our loop\n\nupdate \nmove"
        }
    ],
    "ResponseMetadata": {
        "HTTPHeaders": {
            "content-length": "563",
            "content-type": "application/x-amz-json-1.1",
            "date": "Thu, 28 Mar 2019 12:51:56 GMT",
            "x-amzn-requestid": "453b322a-5158-11e9-b270-937b8b08d656"
        },
        "HTTPStatusCode": 200,
        "RequestId": "453b322a-5158-11e9-b270-937b8b08d656",
        "RetryAttempts": 0
    }
},
{
    "Week": 3,
    "Slide": 11,
    "KeyPhrases": [
        {
            "BeginOffset": 9,
            "EndOffset": 28,
            "Score": 0.8397198915481567,
            "Text": "Definitions\niterate"
        },
        {
            "BeginOffset": 62,
            "EndOffset": 76,
            "Score": 0.9997745156288147,
            "Text": "the repetition"
        }
    ],
    "ResponseMetadata": {
        "HTTPHeaders": {
            "content-length": "191",
            "content-type": "application/x-amz-json-1.1",
            "date": "Thu, 28 Mar 2019 12:51:57 GMT",
            "x-amzn-requestid": "45eafad3-5158-11e9-9413-d9ac0f641d76"
        },
        "HTTPStatusCode": 200,
        "RequestId": "45eafad3-5158-11e9-9413-d9ac0f641d76",
        "RetryAttempts": 0
    }
},
{
    "Week": 3,
    "Slide": 12,
    "KeyPhrases": [
        {
            "BeginOffset": 2,
            "EndOffset": 19,
            "Score": 0.9479717016220093,
            "Text": "A Counting Loop\n\u201c"
        },
        {
            "BeginOffset": 22,
            "EndOffset": 32,
            "Score": 0.9003443121910095,
            "Text": "this thing"
        },
        {
            "BeginOffset": 36,
            "EndOffset": 51,
            "Score": 0.9303672313690186,
            "Text": "different times"
        },
        {
            "BeginOffset": 81,
            "EndOffset": 85,
            "Score": 0.7827033996582031,
            "Text": "e.g."
        },
        {
            "BeginOffset": 96,
            "EndOffset": 108,
            "Score": 0.9572563171386719,
            "Text": "\u2018hello world"
        },
        {
            "BeginOffset": 111,
            "EndOffset": 119,
            "Score": 0.9722004532814026,
            "Text": "10 times"
        },
        {
            "BeginOffset": 143,
            "EndOffset": 147,
            "Score": 0.8285267353057861,
            "Text": "e.g."
        },
        {
            "BeginOffset": 158,
            "EndOffset": 169,
            "Score": 0.9993952512741089,
            "Text": "the numbers"
        },
        {
            "BeginOffset": 175,
            "EndOffset": 185,
            "Score": 0.8309657573699951,
            "Text": "1-10 \n\ne.g"
        },
        {
            "BeginOffset": 197,
            "EndOffset": 206,
            "Score": 0.9994549751281738,
            "Text": "the power"
        },
        {
            "BeginOffset": 210,
            "EndOffset": 218,
            "Score": 0.9719480276107788,
            "Text": "a number"
        },
        {
            "BeginOffset": 220,
            "EndOffset": 224,
            "Score": 0.9397813677787781,
            "Text": "e.g."
        }
    ],
    "ResponseMetadata": {
        "HTTPHeaders": {
            "content-length": "1001",
            "content-type": "application/x-amz-json-1.1",
            "date": "Thu, 28 Mar 2019 12:51:59 GMT",
            "x-amzn-requestid": "469a4cd9-5158-11e9-a4ee-c948411f9c0e"
        },
        "HTTPStatusCode": 200,
        "RequestId": "469a4cd9-5158-11e9-a4ee-c948411f9c0e",
        "RetryAttempts": 0
    }
},
{
    "Week": 3,
    "Slide": 13,
    "KeyPhrases": [
        {
            "BeginOffset": 2,
            "EndOffset": 19,
            "Score": 0.9479717016220093,
            "Text": "A Counting Loop\n\u201c"
        },
        {
            "BeginOffset": 22,
            "EndOffset": 32,
            "Score": 0.841042697429657,
            "Text": "this thing"
        },
        {
            "BeginOffset": 33,
            "EndOffset": 41,
            "Score": 0.6497911810874939,
            "Text": "n  times"
        },
        {
            "BeginOffset": 48,
            "EndOffset": 62,
            "Score": 0.7950683832168579,
            "Text": "a loop counter"
        },
        {
            "BeginOffset": 66,
            "EndOffset": 76,
            "Score": 0.9973623156547546,
            "Text": "a variable"
        },
        {
            "BeginOffset": 92,
            "EndOffset": 100,
            "Score": 0.9980071187019348,
            "Text": "our loop"
        },
        {
            "BeginOffset": 112,
            "EndOffset": 126,
            "Score": 0.9258930087089539,
            "Text": "how many times"
        }
    ],
    "ResponseMetadata": {
        "HTTPHeaders": {
            "content-length": "598",
            "content-type": "application/x-amz-json-1.1",
            "date": "Thu, 28 Mar 2019 12:52:00 GMT",
            "x-amzn-requestid": "472b69a7-5158-11e9-9ee0-d7b69e2c846a"
        },
        "HTTPStatusCode": 200,
        "RequestId": "472b69a7-5158-11e9-9ee0-d7b69e2c846a",
        "RetryAttempts": 0
    }
},
{
    "Week": 3,
    "Slide": 14,
    "KeyPhrases": [
        {
            "BeginOffset": 2,
            "EndOffset": 17,
            "Score": 0.9939351677894592,
            "Text": "A Counting Loop"
        },
        {
            "BeginOffset": 51,
            "EndOffset": 59,
            "Score": 0.6322075128555298,
            "Text": "n  times"
        },
        {
            "BeginOffset": 62,
            "EndOffset": 66,
            "Score": 0.5239450335502625,
            "Text": "e.g."
        },
        {
            "BeginOffset": 77,
            "EndOffset": 89,
            "Score": 0.9570350050926208,
            "Text": "\u2018hello world"
        },
        {
            "BeginOffset": 90,
            "EndOffset": 100,
            "Score": 0.7253308892250061,
            "Text": "\u2019 10 times"
        },
        {
            "BeginOffset": 110,
            "EndOffset": 116,
            "Score": 0.7979380488395691,
            "Text": "starts"
        },
        {
            "BeginOffset": 120,
            "EndOffset": 128,
            "Score": 0.7735138535499573,
            "Text": "0 \nprint"
        },
        {
            "BeginOffset": 130,
            "EndOffset": 141,
            "Score": 0.904083251953125,
            "Text": "hello world"
        },
        {
            "BeginOffset": 154,
            "EndOffset": 161,
            "Score": 0.6088793277740479,
            "Text": "counter"
        },
        {
            "BeginOffset": 165,
            "EndOffset": 166,
            "Score": 0.9870073199272156,
            "Text": "1"
        },
        {
            "BeginOffset": 195,
            "EndOffset": 207,
            "Score": 0.8595420122146606,
            "Text": "\u201chello world"
        },
        {
            "BeginOffset": 220,
            "EndOffset": 227,
            "Score": 0.5847764015197754,
            "Text": "counter"
        },
        {
            "BeginOffset": 231,
            "EndOffset": 232,
            "Score": 0.9866107106208801,
            "Text": "2"
        },
        {
            "BeginOffset": 263,
            "EndOffset": 275,
            "Score": 0.8728139996528625,
            "Text": "\u201chello world"
        },
        {
            "BeginOffset": 288,
            "EndOffset": 295,
            "Score": 0.5619569420814514,
            "Text": "counter"
        },
        {
            "BeginOffset": 299,
            "EndOffset": 300,
            "Score": 0.9858501553535461,
            "Text": "3"
        },
        {
            "BeginOffset": 316,
            "EndOffset": 327,
            "Score": 0.9919711351394653,
            "Text": "three times"
        },
        {
            "BeginOffset": 330,
            "EndOffset": 339,
            "Score": 0.5680524110794067,
            "Text": "\u2026 \n\nprint"
        },
        {
            "BeginOffset": 341,
            "EndOffset": 352,
            "Score": 0.9108891487121582,
            "Text": "hello world"
        },
        {
            "BeginOffset": 365,
            "EndOffset": 372,
            "Score": 0.573497474193573,
            "Text": "counter"
        },
        {
            "BeginOffset": 376,
            "EndOffset": 377,
            "Score": 0.9918757677078247,
            "Text": "9"
        },
        {
            "BeginOffset": 393,
            "EndOffset": 400,
            "Score": 0.9760999083518982,
            "Text": "9 times"
        },
        {
            "BeginOffset": 409,
            "EndOffset": 421,
            "Score": 0.8553090691566467,
            "Text": "\u201chello world"
        },
        {
            "BeginOffset": 434,
            "EndOffset": 441,
            "Score": 0.5604067444801331,
            "Text": "counter"
        },
        {
            "BeginOffset": 445,
            "EndOffset": 447,
            "Score": 0.9898508787155151,
            "Text": "10"
        },
        {
            "BeginOffset": 463,
            "EndOffset": 471,
            "Score": 0.9877126812934875,
            "Text": "10 times"
        },
        {
            "BeginOffset": 506,
            "EndOffset": 514,
            "Score": 0.991718053817749,
            "Text": "10 times"
        }
    ],
    "ResponseMetadata": {
        "HTTPHeaders": {
            "content-length": "2194",
            "content-type": "application/x-amz-json-1.1",
            "date": "Thu, 28 Mar 2019 12:52:01 GMT",
            "x-amzn-requestid": "47c92fe9-5158-11e9-9c6b-1b49fa666314"
        },
        "HTTPStatusCode": 200,
        "RequestId": "47c92fe9-5158-11e9-9c6b-1b49fa666314",
        "RetryAttempts": 0
    }
},
{
    "Week": 3,
    "Slide": 15,
    "KeyPhrases": [
        {
            "BeginOffset": 2,
            "EndOffset": 17,
            "Score": 0.9606586694717407,
            "Text": "A Counting Loop"
        },
        {
            "BeginOffset": 49,
            "EndOffset": 60,
            "Score": 0.993131160736084,
            "Text": "our counter"
        },
        {
            "BeginOffset": 64,
            "EndOffset": 72,
            "Score": 0.8012174367904663,
            "Text": "0\n\nprint"
        },
        {
            "BeginOffset": 74,
            "EndOffset": 85,
            "Score": 0.8870177268981934,
            "Text": "hello world"
        },
        {
            "BeginOffset": 95,
            "EndOffset": 102,
            "Score": 0.8675466775894165,
            "Text": "counter"
        },
        {
            "BeginOffset": 106,
            "EndOffset": 118,
            "Score": 0.9390913248062134,
            "Text": "less than 10"
        },
        {
            "BeginOffset": 131,
            "EndOffset": 142,
            "Score": 0.9868773818016052,
            "Text": "our counter"
        }
    ],
    "ResponseMetadata": {
        "HTTPHeaders": {
            "content-length": "593",
            "content-type": "application/x-amz-json-1.1",
            "date": "Thu, 28 Mar 2019 12:52:02 GMT",
            "x-amzn-requestid": "4866f6c7-5158-11e9-bd32-375300018036"
        },
        "HTTPStatusCode": 200,
        "RequestId": "4866f6c7-5158-11e9-bd32-375300018036",
        "RetryAttempts": 0
    }
},
{
    "Week": 3,
    "Slide": 16,
    "KeyPhrases": [
        {
            "BeginOffset": 2,
            "EndOffset": 9,
            "Score": 0.9000965356826782,
            "Text": "Anatomy"
        },
        {
            "BeginOffset": 13,
            "EndOffset": 34,
            "Score": 0.9976963400840759,
            "Text": "a Loop\ninitialisation"
        },
        {
            "BeginOffset": 44,
            "EndOffset": 68,
            "Score": 0.9627324342727661,
            "Text": "our variables\n\ncondition"
        },
        {
            "BeginOffset": 76,
            "EndOffset": 100,
            "Score": 0.8060096502304077,
            "Text": "\u201csomething\u201d\u2026\n\nstatements"
        },
        {
            "BeginOffset": 102,
            "EndOffset": 108,
            "Score": 0.8143423199653625,
            "Text": "things"
        },
        {
            "BeginOffset": 122,
            "EndOffset": 144,
            "Score": 0.9193575978279114,
            "Text": "our loop\n\nupdate \nmove"
        }
    ],
    "ResponseMetadata": {
        "HTTPHeaders": {
            "content-length": "563",
            "content-type": "application/x-amz-json-1.1",
            "date": "Thu, 28 Mar 2019 12:52:02 GMT",
            "x-amzn-requestid": "4927882b-5158-11e9-b79a-031038b16953"
        },
        "HTTPStatusCode": 200,
        "RequestId": "4927882b-5158-11e9-b79a-031038b16953",
        "RetryAttempts": 0
    }
},
{
    "Week": 3,
    "Slide": 17,
    "KeyPhrases": [],
    "ResponseMetadata": {
        "HTTPHeaders": {
            "content-length": "17",
            "content-type": "application/x-amz-json-1.1",
            "date": "Thu, 28 Mar 2019 12:52:04 GMT",
            "x-amzn-requestid": "49d7288d-5158-11e9-adf9-192c939d7e83"
        },
        "HTTPStatusCode": 200,
        "RequestId": "49d7288d-5158-11e9-adf9-192c939d7e83",
        "RetryAttempts": 0
    }
},
{
    "Week": 3,
    "Slide": 18,
    "KeyPhrases": [
        {
            "BeginOffset": 5,
            "EndOffset": 35,
            "Score": 0.7253388166427612,
            "Text": "initialisation \n\u00a0 \n\u00a0 \n\u00a0\n\n \n\n//"
        },
        {
            "BeginOffset": 43,
            "EndOffset": 59,
            "Score": 0.9739363193511963,
            "Text": "our loop counter"
        },
        {
            "BeginOffset": 70,
            "EndOffset": 79,
            "Score": 0.9274330735206604,
            "Text": "0 \n\nwhile"
        }
    ],
    "ResponseMetadata": {
        "HTTPHeaders": {
            "content-length": "295",
            "content-type": "application/x-amz-json-1.1",
            "date": "Thu, 28 Mar 2019 12:52:05 GMT",
            "x-amzn-requestid": "4a860656-5158-11e9-a12c-4fc516924d62"
        },
        "HTTPStatusCode": 200,
        "RequestId": "4a860656-5158-11e9-a12c-4fc516924d62",
        "RetryAttempts": 0
    }
},
{
    "Week": 3,
    "Slide": 19,
    "KeyPhrases": [
        {
            "BeginOffset": 5,
            "EndOffset": 30,
            "Score": 0.6681512594223022,
            "Text": "initialisation \ncondition"
        },
        {
            "BeginOffset": 52,
            "EndOffset": 68,
            "Score": 0.9736455678939819,
            "Text": "our loop counter"
        },
        {
            "BeginOffset": 79,
            "EndOffset": 88,
            "Score": 0.9393488168716431,
            "Text": "0 \n\nwhile"
        }
    ],
    "ResponseMetadata": {
        "HTTPHeaders": {
            "content-length": "281",
            "content-type": "application/x-amz-json-1.1",
            "date": "Thu, 28 Mar 2019 12:52:07 GMT",
            "x-amzn-requestid": "4b358086-5158-11e9-99c9-7369baa4d582"
        },
        "HTTPStatusCode": 200,
        "RequestId": "4b358086-5158-11e9-99c9-7369baa4d582",
        "RetryAttempts": 0
    }
},
{
    "Week": 3,
    "Slide": 20,
    "KeyPhrases": [
        {
            "BeginOffset": 5,
            "EndOffset": 43,
            "Score": 0.6543229222297668,
            "Text": "initialisation \ncondition \n\nstatements"
        },
        {
            "BeginOffset": 61,
            "EndOffset": 77,
            "Score": 0.9736434817314148,
            "Text": "our loop counter"
        },
        {
            "BeginOffset": 88,
            "EndOffset": 97,
            "Score": 0.9393734335899353,
            "Text": "0 \n\nwhile"
        }
    ],
    "ResponseMetadata": {
        "HTTPHeaders": {
            "content-length": "296",
            "content-type": "application/x-amz-json-1.1",
            "date": "Thu, 28 Mar 2019 12:52:07 GMT",
            "x-amzn-requestid": "4be5211d-5158-11e9-adf9-192c939d7e83"
        },
        "HTTPStatusCode": 200,
        "RequestId": "4be5211d-5158-11e9-adf9-192c939d7e83",
        "RetryAttempts": 0
    }
},
{
    "Week": 3,
    "Slide": 21,
    "KeyPhrases": [
        {
            "BeginOffset": 5,
            "EndOffset": 43,
            "Score": 0.7726602554321289,
            "Text": "initialisation \ncondition \n\nstatements"
        },
        {
            "BeginOffset": 66,
            "EndOffset": 82,
            "Score": 0.9742260575294495,
            "Text": "our loop counter"
        },
        {
            "BeginOffset": 93,
            "EndOffset": 102,
            "Score": 0.9394322633743286,
            "Text": "0 \n\nwhile"
        },
        {
            "BeginOffset": 156,
            "EndOffset": 174,
            "Score": 0.9998408555984497,
            "Text": "the next iteration"
        },
        {
            "BeginOffset": 178,
            "EndOffset": 186,
            "Score": 0.9719294905662537,
            "Text": "the loop"
        }
    ],
    "ResponseMetadata": {
        "HTTPHeaders": {
            "content-length": "469",
            "content-type": "application/x-amz-json-1.1",
            "date": "Thu, 28 Mar 2019 12:52:08 GMT",
            "x-amzn-requestid": "4c944c98-5158-11e9-902b-adbe1c0e68b7"
        },
        "HTTPStatusCode": 200,
        "RequestId": "4c944c98-5158-11e9-902b-adbe1c0e68b7",
        "RetryAttempts": 0
    }
},
{
    "Week": 3,
    "Slide": 22,
    "KeyPhrases": [
        {
            "BeginOffset": 5,
            "EndOffset": 43,
            "Score": 0.7951985001564026,
            "Text": "initialisation \ncondition \n\nstatements"
        },
        {
            "BeginOffset": 56,
            "EndOffset": 61,
            "Score": 0.7736459970474243,
            "Text": "int i"
        },
        {
            "BeginOffset": 64,
            "EndOffset": 65,
            "Score": 0.9525169134140015,
            "Text": "0"
        },
        {
            "BeginOffset": 128,
            "EndOffset": 146,
            "Score": 0.9998399019241333,
            "Text": "the next iteration"
        },
        {
            "BeginOffset": 150,
            "EndOffset": 158,
            "Score": 0.9719067811965942,
            "Text": "the loop"
        }
    ],
    "ResponseMetadata": {
        "HTTPHeaders": {
            "content-length": "447",
            "content-type": "application/x-amz-json-1.1",
            "date": "Thu, 28 Mar 2019 12:52:10 GMT",
            "x-amzn-requestid": "4d432b0d-5158-11e9-9ee0-d7b69e2c846a"
        },
        "HTTPStatusCode": 200,
        "RequestId": "4d432b0d-5158-11e9-9ee0-d7b69e2c846a",
        "RetryAttempts": 0
    }
},
{
    "Week": 3,
    "Slide": 23,
    "KeyPhrases": [
        {
            "BeginOffset": 5,
            "EndOffset": 43,
            "Score": 0.7951985001564026,
            "Text": "initialisation \ncondition \n\nstatements"
        },
        {
            "BeginOffset": 56,
            "EndOffset": 61,
            "Score": 0.7736459970474243,
            "Text": "int i"
        },
        {
            "BeginOffset": 64,
            "EndOffset": 65,
            "Score": 0.9533955454826355,
            "Text": "0"
        },
        {
            "BeginOffset": 76,
            "EndOffset": 82,
            "Score": 0.7554013133049011,
            "Text": "i < 10"
        },
        {
            "BeginOffset": 125,
            "EndOffset": 143,
            "Score": 0.9998400211334229,
            "Text": "the next iteration"
        },
        {
            "BeginOffset": 147,
            "EndOffset": 155,
            "Score": 0.9719495177268982,
            "Text": "the loop"
        }
    ],
    "ResponseMetadata": {
        "HTTPHeaders": {
            "content-length": "524",
            "content-type": "application/x-amz-json-1.1",
            "date": "Thu, 28 Mar 2019 12:52:11 GMT",
            "x-amzn-requestid": "4df2a3f5-5158-11e9-a1f4-5925745f18c1"
        },
        "HTTPStatusCode": 200,
        "RequestId": "4df2a3f5-5158-11e9-a1f4-5925745f18c1",
        "RetryAttempts": 0
    }
},
{
    "Week": 3,
    "Slide": 24,
    "KeyPhrases": [
        {
            "BeginOffset": 5,
            "EndOffset": 43,
            "Score": 0.7951985001564026,
            "Text": "initialisation \ncondition \n\nstatements"
        },
        {
            "BeginOffset": 56,
            "EndOffset": 61,
            "Score": 0.7736459970474243,
            "Text": "int i"
        },
        {
            "BeginOffset": 64,
            "EndOffset": 65,
            "Score": 0.9533955454826355,
            "Text": "0"
        },
        {
            "BeginOffset": 76,
            "EndOffset": 82,
            "Score": 0.7586139440536499,
            "Text": "i < 10"
        },
        {
            "BeginOffset": 92,
            "EndOffset": 98,
            "Score": 0.7903072237968445,
            "Text": "printf"
        },
        {
            "BeginOffset": 108,
            "EndOffset": 113,
            "Score": 0.9740474820137024,
            "Text": "world"
        },
        {
            "BeginOffset": 137,
            "EndOffset": 155,
            "Score": 0.9998630881309509,
            "Text": "the next iteration"
        },
        {
            "BeginOffset": 159,
            "EndOffset": 167,
            "Score": 0.9711506366729736,
            "Text": "the loop"
        }
    ],
    "ResponseMetadata": {
        "HTTPHeaders": {
            "content-length": "679",
            "content-type": "application/x-amz-json-1.1",
            "date": "Thu, 28 Mar 2019 12:52:12 GMT",
            "x-amzn-requestid": "4eb1d5d8-5158-11e9-adf9-192c939d7e83"
        },
        "HTTPStatusCode": 200,
        "RequestId": "4eb1d5d8-5158-11e9-adf9-192c939d7e83",
        "RetryAttempts": 0
    }
},
{
    "Week": 3,
    "Slide": 25,
    "KeyPhrases": [
        {
            "BeginOffset": 5,
            "EndOffset": 43,
            "Score": 0.7951985001564026,
            "Text": "initialisation \ncondition \n\nstatements"
        },
        {
            "BeginOffset": 56,
            "EndOffset": 61,
            "Score": 0.7736459970474243,
            "Text": "int i"
        },
        {
            "BeginOffset": 64,
            "EndOffset": 65,
            "Score": 0.9533955454826355,
            "Text": "0"
        },
        {
            "BeginOffset": 76,
            "EndOffset": 82,
            "Score": 0.7586139440536499,
            "Text": "i < 10"
        },
        {
            "BeginOffset": 92,
            "EndOffset": 98,
            "Score": 0.7903072237968445,
            "Text": "printf"
        },
        {
            "BeginOffset": 108,
            "EndOffset": 113,
            "Score": 0.9740474820137024,
            "Text": "world"
        },
        {
            "BeginOffset": 130,
            "EndOffset": 135,
            "Score": 0.8818674087524414,
            "Text": "i + 1"
        }
    ],
    "ResponseMetadata": {
        "HTTPHeaders": {
            "content-length": "585",
            "content-type": "application/x-amz-json-1.1",
            "date": "Thu, 28 Mar 2019 12:52:13 GMT",
            "x-amzn-requestid": "4f612905-5158-11e9-968d-b5d967a94d5a"
        },
        "HTTPStatusCode": 200,
        "RequestId": "4f612905-5158-11e9-968d-b5d967a94d5a",
        "RetryAttempts": 0
    }
},
{
    "Week": 3,
    "Slide": 26,
    "KeyPhrases": [],
    "ResponseMetadata": {
        "HTTPHeaders": {
            "content-length": "17",
            "content-type": "application/x-amz-json-1.1",
            "date": "Thu, 28 Mar 2019 12:52:14 GMT",
            "x-amzn-requestid": "50009d4b-5158-11e9-a369-99e6fd3713b6"
        },
        "HTTPStatusCode": 200,
        "RequestId": "50009d4b-5158-11e9-a369-99e6fd3713b6",
        "RetryAttempts": 0
    }
},
{
    "Week": 3,
    "Slide": 27,
    "KeyPhrases": [
        {
            "BeginOffset": 2,
            "EndOffset": 15,
            "Score": 0.8986197710037231,
            "Text": "Loop Counters"
        },
        {
            "BeginOffset": 27,
            "EndOffset": 28,
            "Score": 0.9573314189910889,
            "Text": "0"
        },
        {
            "BeginOffset": 39,
            "EndOffset": 45,
            "Score": 0.7567466497421265,
            "Text": "i < 10"
        },
        {
            "BeginOffset": 55,
            "EndOffset": 61,
            "Score": 0.790381133556366,
            "Text": "printf"
        },
        {
            "BeginOffset": 71,
            "EndOffset": 76,
            "Score": 0.9740495085716248,
            "Text": "world"
        },
        {
            "BeginOffset": 93,
            "EndOffset": 98,
            "Score": 0.8818674087524414,
            "Text": "i + 1"
        }
    ],
    "ResponseMetadata": {
        "HTTPHeaders": {
            "content-length": "476",
            "content-type": "application/x-amz-json-1.1",
            "date": "Thu, 28 Mar 2019 12:52:16 GMT",
            "x-amzn-requestid": "50b01675-5158-11e9-b270-937b8b08d656"
        },
        "HTTPStatusCode": 200,
        "RequestId": "50b01675-5158-11e9-b270-937b8b08d656",
        "RetryAttempts": 0
    }
},
{
    "Week": 3,
    "Slide": 28,
    "KeyPhrases": [
        {
            "BeginOffset": 2,
            "EndOffset": 15,
            "Score": 0.8228058815002441,
            "Text": "Loop Counters"
        },
        {
            "BeginOffset": 40,
            "EndOffset": 45,
            "Score": 0.9550777077674866,
            "Text": "world"
        },
        {
            "BeginOffset": 48,
            "EndOffset": 55,
            "Score": 0.8719690442085266,
            "Text": "n times"
        },
        {
            "BeginOffset": 83,
            "EndOffset": 91,
            "Score": 0.8785606622695923,
            "Text": "the user"
        },
        {
            "BeginOffset": 102,
            "EndOffset": 105,
            "Score": 0.9230685830116272,
            "Text": "num"
        },
        {
            "BeginOffset": 109,
            "EndOffset": 115,
            "Score": 0.6895580887794495,
            "Text": "printf"
        },
        {
            "BeginOffset": 124,
            "EndOffset": 132,
            "Score": 0.9945444464683533,
            "Text": "a number"
        },
        {
            "BeginOffset": 140,
            "EndOffset": 145,
            "Score": 0.854512631893158,
            "Text": "scanf"
        },
        {
            "BeginOffset": 154,
            "EndOffset": 157,
            "Score": 0.8927151560783386,
            "Text": "num"
        },
        {
            "BeginOffset": 173,
            "EndOffset": 174,
            "Score": 0.9585168957710266,
            "Text": "0"
        },
        {
            "BeginOffset": 185,
            "EndOffset": 192,
            "Score": 0.7918927669525146,
            "Text": "i < num"
        },
        {
            "BeginOffset": 202,
            "EndOffset": 208,
            "Score": 0.766299843788147,
            "Text": "printf"
        },
        {
            "BeginOffset": 218,
            "EndOffset": 223,
            "Score": 0.973893940448761,
            "Text": "world"
        },
        {
            "BeginOffset": 240,
            "EndOffset": 245,
            "Score": 0.8818688988685608,
            "Text": "i + 1"
        }
    ],
    "ResponseMetadata": {
        "HTTPHeaders": {
            "content-length": "1108",
            "content-type": "application/x-amz-json-1.1",
            "date": "Thu, 28 Mar 2019 12:52:16 GMT",
            "x-amzn-requestid": "514fb21d-5158-11e9-8cd3-a305e61d9913"
        },
        "HTTPStatusCode": 200,
        "RequestId": "514fb21d-5158-11e9-8cd3-a305e61d9913",
        "RetryAttempts": 0
    }
},
{
    "Week": 3,
    "Slide": 29,
    "KeyPhrases": [
        {
            "BeginOffset": 2,
            "EndOffset": 16,
            "Score": 0.9571549296379089,
            "Text": "Sentinel Value"
        },
        {
            "BeginOffset": 18,
            "EndOffset": 22,
            "Score": 0.9819874167442322,
            "Text": "Flag"
        },
        {
            "BeginOffset": 42,
            "EndOffset": 43,
            "Score": 0.9691258668899536,
            "Text": "0"
        },
        {
            "BeginOffset": 73,
            "EndOffset": 79,
            "Score": 0.679296612739563,
            "Text": "printf"
        },
        {
            "BeginOffset": 89,
            "EndOffset": 94,
            "Score": 0.9723186492919922,
            "Text": "world"
        },
        {
            "BeginOffset": 118,
            "EndOffset": 119,
            "Score": 0.9872417449951172,
            "Text": "1"
        }
    ],
    "ResponseMetadata": {
        "HTTPHeaders": {
            "content-length": "473",
            "content-type": "application/x-amz-json-1.1",
            "date": "Thu, 28 Mar 2019 12:52:18 GMT",
            "x-amzn-requestid": "51feb6dc-5158-11e9-ad77-439f6b464df0"
        },
        "HTTPStatusCode": 200,
        "RequestId": "51feb6dc-5158-11e9-ad77-439f6b464df0",
        "RetryAttempts": 0
    }
},
{
    "Week": 3,
    "Slide": 30,
    "KeyPhrases": [
        {
            "BeginOffset": 2,
            "EndOffset": 16,
            "Score": 0.9567022919654846,
            "Text": "Sentinel Value"
        },
        {
            "BeginOffset": 18,
            "EndOffset": 22,
            "Score": 0.9806427359580994,
            "Text": "Flag"
        },
        {
            "BeginOffset": 30,
            "EndOffset": 35,
            "Score": 0.48700112104415894,
            "Text": "Print"
        },
        {
            "BeginOffset": 40,
            "EndOffset": 50,
            "Score": 0.99819016456604,
            "Text": "the number"
        },
        {
            "BeginOffset": 56,
            "EndOffset": 64,
            "Score": 0.9736189246177673,
            "Text": "the user"
        },
        {
            "BeginOffset": 75,
            "EndOffset": 82,
            "Score": 0.8149160146713257,
            "Text": "// Stop"
        },
        {
            "BeginOffset": 98,
            "EndOffset": 110,
            "Score": 0.8053737878799438,
            "Text": "0 \n\n \n\nint n"
        },
        {
            "BeginOffset": 113,
            "EndOffset": 114,
            "Score": 0.9838692545890808,
            "Text": "1"
        },
        {
            "BeginOffset": 130,
            "EndOffset": 131,
            "Score": 0.742896556854248,
            "Text": "0"
        },
        {
            "BeginOffset": 141,
            "EndOffset": 147,
            "Score": 0.7915087938308716,
            "Text": "printf"
        },
        {
            "BeginOffset": 164,
            "EndOffset": 167,
            "Score": 0.6902493834495544,
            "Text": "d\\n"
        },
        {
            "BeginOffset": 180,
            "EndOffset": 185,
            "Score": 0.8502489328384399,
            "Text": "scanf"
        }
    ],
    "ResponseMetadata": {
        "HTTPHeaders": {
            "content-length": "957",
            "content-type": "application/x-amz-json-1.1",
            "date": "Thu, 28 Mar 2019 12:52:19 GMT",
            "x-amzn-requestid": "52ae0925-5158-11e9-adf9-192c939d7e83"
        },
        "HTTPStatusCode": 200,
        "RequestId": "52ae0925-5158-11e9-adf9-192c939d7e83",
        "RetryAttempts": 0
    }
},
{
    "Week": 3,
    "Slide": 31,
    "KeyPhrases": [
        {
            "BeginOffset": 10,
            "EndOffset": 23,
            "Score": 0.9934803247451782,
            "Text": "a style guide"
        }
    ],
    "ResponseMetadata": {
        "HTTPHeaders": {
            "content-length": "100",
            "content-type": "application/x-amz-json-1.1",
            "date": "Thu, 28 Mar 2019 12:52:20 GMT",
            "x-amzn-requestid": "534d7dff-5158-11e9-a4ee-c948411f9c0e"
        },
        "HTTPStatusCode": 200,
        "RequestId": "534d7dff-5158-11e9-a4ee-c948411f9c0e",
        "RetryAttempts": 0
    }
},
{
    "Week": 3,
    "Slide": 32,
    "KeyPhrases": [
        {
            "BeginOffset": 2,
            "EndOffset": 76,
            "Score": 0.8939284086227417,
            "Text": "Style Guide\nhttps://cgi.cse.unsw.edu.au/~cs1511/resources/style_guide.html"
        }
    ],
    "ResponseMetadata": {
        "HTTPHeaders": {
            "content-length": "161",
            "content-type": "application/x-amz-json-1.1",
            "date": "Thu, 28 Mar 2019 12:52:21 GMT",
            "x-amzn-requestid": "53e59edb-5158-11e9-b1f4-0d6fc4dbbbce"
        },
        "HTTPStatusCode": 200,
        "RequestId": "53e59edb-5158-11e9-b1f4-0d6fc4dbbbce",
        "RetryAttempts": 0
    }
},
{
    "Week": 3,
    "Slide": 33,
    "KeyPhrases": [
        {
            "BeginOffset": 2,
            "EndOffset": 14,
            "Score": 0.5874441862106323,
            "Text": "nested loops"
        }
    ],
    "ResponseMetadata": {
        "HTTPHeaders": {
            "content-length": "98",
            "content-type": "application/x-amz-json-1.1",
            "date": "Thu, 28 Mar 2019 12:52:22 GMT",
            "x-amzn-requestid": "547e357d-5158-11e9-99c9-7369baa4d582"
        },
        "HTTPStatusCode": 200,
        "RequestId": "547e357d-5158-11e9-99c9-7369baa4d582",
        "RetryAttempts": 0
    }
},
{
    "Week": 3,
    "Slide": 34,
    "KeyPhrases": [
        {
            "BeginOffset": 2,
            "EndOffset": 14,
            "Score": 0.66499924659729,
            "Text": "nested loops"
        },
        {
            "BeginOffset": 51,
            "EndOffset": 64,
            "Score": 0.9078260064125061,
            "Text": "somethingElse"
        }
    ],
    "ResponseMetadata": {
        "HTTPHeaders": {
            "content-length": "180",
            "content-type": "application/x-amz-json-1.1",
            "date": "Thu, 28 Mar 2019 12:52:23 GMT",
            "x-amzn-requestid": "551bfc12-5158-11e9-a283-3b6eea63fce5"
        },
        "HTTPStatusCode": 200,
        "RequestId": "551bfc12-5158-11e9-a283-3b6eea63fce5",
        "RetryAttempts": 0
    }
},
{
    "Week": 3,
    "Slide": 35,
    "KeyPhrases": [
        {
            "BeginOffset": 2,
            "EndOffset": 6,
            "Score": 0.8174582719802856,
            "Text": "Demo"
        },
        {
            "BeginOffset": 8,
            "EndOffset": 16,
            "Score": 0.7190731167793274,
            "Text": "Printing"
        },
        {
            "BeginOffset": 17,
            "EndOffset": 30,
            "Score": 0.8679447770118713,
            "Text": "a Square\nscan"
        },
        {
            "BeginOffset": 34,
            "EndOffset": 42,
            "Score": 0.9963350296020508,
            "Text": "a number"
        },
        {
            "BeginOffset": 44,
            "EndOffset": 57,
            "Score": 0.7707038521766663,
            "Text": "width \n\nprint"
        },
        {
            "BeginOffset": 62,
            "EndOffset": 70,
            "Score": 0.9968624711036682,
            "Text": "a square"
        },
        {
            "BeginOffset": 74,
            "EndOffset": 93,
            "Score": 0.7347775101661682,
            "Text": "width * width stars"
        },
        {
            "BeginOffset": 96,
            "EndOffset": 100,
            "Score": 0.8295756578445435,
            "Text": "e.g."
        },
        {
            "BeginOffset": 105,
            "EndOffset": 114,
            "Score": 0.7172949314117432,
            "Text": "width = 4"
        },
        {
            "BeginOffset": 117,
            "EndOffset": 163,
            "Score": 0.9752072691917419,
            "Text": "* * * * \n* * * * \n* * * * \n* * * * \n\nchallenge"
        },
        {
            "BeginOffset": 184,
            "EndOffset": 195,
            "Score": 0.959690272808075,
            "Text": "the outside"
        }
    ],
    "ResponseMetadata": {
        "HTTPHeaders": {
            "content-length": "951",
            "content-type": "application/x-amz-json-1.1",
            "date": "Thu, 28 Mar 2019 12:52:24 GMT",
            "x-amzn-requestid": "55cab2be-5158-11e9-99c9-7369baa4d582"
        },
        "HTTPStatusCode": 200,
        "RequestId": "55cab2be-5158-11e9-99c9-7369baa4d582",
        "RetryAttempts": 0
    }
}
]