{"Slide-1": "", "Slide22": "Scope and Lifetimes\nthe variables inside a function only exist as long as the function does\n\nonce your function returns, the variables inside are “gone”\n\n(this is why you can’t return an array from a function!)", "Slide23": "Lifetimes\nwhat if we need something to “stick around” for longer?\n\ntwo options: \nmake it in a “parent” function \ndynamically allocate memory", "Slide20": "Valid Cards To Play", "Slide21": "revisiting: memory", "Slide24": "Lifetimes\nmake it in a “parent” function\n\n \n\nvoid foo(void) { \n\n    int array[SIZE]; \n\n    bar(array); \n\n    printf(\"%d\", array[0]); \n\n} \n\n \n\nvoid bar(int array[SIZE]) { \n\n    array[0] = 123; \n\n} ", "Slide19": "Intensity Referee\nthe Intensity Referee runs the game\n\n1511 intensity_referee\n\nyou can run your AI against it:\n\n1511 intensity_referee your_ai_code.c\n\nyou can play interactively:\n\n1511 intensity_referee -i", "Slide18": "Stateless AI\nan important concept to understand: your AI is stateless\n\nit comes to life for one single move \nreads the input \n\nthinks about what to do \nprints out its decision", "Slide13": "Structs\nstructs are a collection of many of different types of variables\n\n \n\nstruct student { \n\n    int zid; \n\n    char name[MAX_NAME_LEN]; \n\n    int ass1_mark; \n\n}; \n\n \n\n// one box that can hold an int \n\n[5112345] \n\n// MAX_NAME_LEN boxes that can hold a char \n\n[A][n][d][r][e][w][\\0][ ][ ] \n\n// one box that can hold an int \n\n[94.5] ", "Slide12": "Arrays\narrays are a collection of many of the same type of variable\n\n \n\nint array[10]; \n\n \n\n// ten boxes that can each hold 1 int \n\n[ ][ ][ ][ ][ ][ ][ ][ ][ ][ ] \n\n \n\n// ten boxes that can each hold 1 int \n\n[0][1][2][3][4][5][6][7][8][9] ", "Slide11": "re-visiting: structs", "Slide10": "    int num = ; \n\n    array[0] = 100; \n\n} \n\n \n\n\n\n10\n\nVariables and Functions and Arrays and Pointers\n \n\n#define SIZE 5 \n\n \n\nint main(void) { \n\n    int age = 16; \n\n    int array[SIZE]; \n\n    foo(array, &age); \n\n} \n\n \n\nvoid foo(int array[SIZE], int *age) { \n\n    int num = 10; \n\n    array[0] = 100; \n\n    *age = 21; \n\n} \n\n ", "Slide17": "Intensity\nyour task: write a program to play the game Intensity\n\nthe Intensity referee manages the game \nshuffles cards \n\ndeals cards \n\nasks players for moves \n\netc\n\nall input is given over standard input \n(i.e. scanf)\n\nall output is given over standard output \n(i.e. printf)", "Slide16": "let’s play: Intensity", "Slide15": "Arrays of Structs?\n \n\nstruct student { \n\n    int zid; \n\n    char name[MAX_NAME_LEN]; \n\n    int ass1_mark; \n\n}; \n\n \n\nstruct student students[NUM_STUDENTS]; \n\n// fill out one student struct in the array of structs \n\nstudents[0].zid = 5112345; \n\nstudents[0].ass1_mark = 94.5; \n\nstrcpy(students[0].name, \"Andrew\"); \n\n \n\n// fill out another student struct in the array of structs \n\nstudents[1].zid = 9100123; \n\nstudents[2].ass1_mark = 64.2; \n\nstrcpy(students[3].name, \"Andrew\"); ", "Slide14": "Structs\nstructs are a collection of many of different types of variables\n\n \n\nstruct student { \n\n    int zid; \n\n    char name[MAX_NAME_LEN]; \n\n    int ass1_mark; \n\n}; \n\n \n\nstruct student andrew; \n\nandrew.zid = 5112345; \n\nandrew.ass1_mark = 94.5; \n\nstrcpy(andrew.name, \"Andrew\"); \n\n \n\n// one box that can hold an int \n\n[5112345] \n\n// MAX_NAME_LEN boxes that can hold a char \n\n[A][n][d][r][e][w][\\0][ ][ ] \n\n// one box that can hold an int \n\n[94.5] ", "Slide3": "Overview\nafter this lecture, you should be able to…\n\nmake progress on assignment 2\n\nhave a better understanding of pointers: \nwhat pointers are \n\nhow to use pointers \nwhy we use pointers\n\nhave a better understanding of structs\n\nhave a better understanding of memory in C: \ndynamic memory allocation using malloc \n\nthe difference between\n\n(note: you shouldn’t be able to do all of these immediately after watching this lecture. however, this lecture should (hopefully!) give you the foundations you need to develop these skills. remember: programming is like learning any other\n\nlanguage, it takes consistent and regular practice.)", "Slide2": " \n\nBefore we begin…\n \n\nintroduce yourself to the person sitting next to you\n\n \n\nhow are they going with assignment 2?", "Slide1": "COMP5 8s \n— Lecture 14 — \n\nPointers + Structs + malloc\nAndrew Bennett \n\n<andrew.bennett@unsw.edu.au>", "Slide0": "Welcome!\nCOMP1511 18s1 \n\nProgramming Fundamentals", "Slide7": "Variables\nthink all the way back to week 1….\n\n \n\nint age = 16; \n\nwhat does this actually mean?", "Slide6": "Pointers?\nbefore we talk about pointers, let’s take a step back…", "Slide5": "let’s talk about pointers", "Slide4": "Admin\nDon’t panic!\n\nassignment 2 \n(if you haven’t started yet, start ASAP \n\ndeadline extended to Sunday 13th May\n\nassignment 1 \ntutor marking/feedback in progress\n\nweek 8 weekly test due tomorrow \ndon’t be scared!\n\ndon’t forget about help sessions! \nsee course website for details", "Slide9": "Variables and Functions and Arrays\n \n\n#define SIZE 5 \n\n \n\nint main(void) { \n\n    int age = 16; \n\n    int array[SIZE]; \n\n    foo(array); \n\n} \n\n \n\nvoid foo(int array[SIZE]) { ", "Slide8": "Variables and Functions\n \n\nint main(void) { \n\n    int age = 16; \n\n    int height = 185; \n\n} "}