{"Slide-1": "", "Slide22": "Two Fish…\n╭───╮    ╭───╮   \n│ 3 ├─*  │ 1 ├─* \n╰───╯    ╰───╯   \n  a        b     \n\nstruct node a = { 3 }; \n\nstruct node b = { 1 };", "Slide23": "Red Fish…\n╭───╮    ╭───╮   \n│ 3 ├────│ 1 ├─* \n╰───╯    ╰───╯   \n  a        b     \n\nstruct node a = { 3 }; \n\nstruct node b = { 1 }; \n\n \n\na.next = &b;", "Slide20": "Continual Discontinuity\n\nstruct node { \n\n    struct node *next; \n\n    int          data; \n\n};", "Slide21": "One Fish…\n╭───╮            \n│ 3 ├─*          \n╰───╯            \n  a              \n\nstruct node a = { 3 };", "Slide24": "Blue Fish!\n╭───╮    ╭───╮   \n│ 3 ├────│ 1 ├─╳ \n╰───╯    ╰───╯   \n  a        b     \n\nstruct node a = { 3 }; \n\nstruct node b = { 1 }; \n\n \n\na.next = &b; \n\nb.next = NULL;", "Slide25": "… pointers?\n╭───╮    ╭───╮   \n│ 3 ├────│ 1 ├─╳ \n╰───╯    ╰───╯   \n  a        b     \n\nstruct node a = { 3 }; \n\nstruct node b = { 1 }; \n\n \n\na.next = &b; \n\n*(a.next).next = NULL;", "Slide19": "Continual Discontinuity\na sequence of nodes, \n\neach with a value and a next\n\n╭───╮   \n│ 3 ├─* \n╰───╯   ", "Slide18": "Continual Discontinuity\n ╭───╮   ╭───╮   ╭───╮   ╭───╮  \n │ 3 ├─╮ │ 5 ├───│ 9 ├───│ 2 ├╳ \n ╰───╯ │ ╰───╯   ╰───╯   ╰───╯  \n       │   ╰───────────────╮    \n     ╭───╮   ╭───╮   ╭───╮ │    \n     │ 1 ├───│ 4 ├───│ 1 ├─╯    \n     ╰───╯   ╰───╯   ╰───╯      ", "Slide13": "Remember Arrays?\narrays: a contiguous block of memory \n\n(a continuous series of boxes in memory)\n\neach item has a known location – \nit’s right after the previous item\n\nint array[7] = { 3, 1, 4, 1, 5, 9, 2 };\n\ngives us a sequence of elements in memory:\n\n┄─┬────┬────┬────┬────┬────┬────┬────┬─┄ \n\n  │  3 │  1 │  4 │  1 │  5 │  9 │  2 │ \n\n┄─┴────┴────┴────┴────┴────┴────┴────┴─┄", "Slide12": "let’s look at something new…", "Slide11": "Putting it together\n\nint *p; \n\np = malloc(100000000 * sizeof (int)); \n\nif (p == NULL) { \n\n    printf(\"Error: array could not be allocated.\\n\"); \n\n    exit(1); \n\n} \n\n \n\n// we can now use the pointer \n\n// ... lots of things to do \n\n \n\n// free up the memory that was used \n\nfree(p);", "Slide10": "Newton’s 3rd Law of Memory Management\n“For every malloc, there is an equal and opposite free.”\n\nwhy?\n\nmemory is a finite resource.\n\nleaking memory is bad practice, \nespecially in long-lived programs.\n\n(see, e.g., Chrome)", "Slide17": "introducing: lists", "Slide16": "… what if each item knows \n\nwhere the next one is?", "Slide15": "Discontinuity\nWe could have several pointers to separate allocations:\n\nint *a = malloc (1 * sizeof (int)); \n\n*a = 3; \n\nint *b = malloc (1 * sizeof (int)); \n\n*b = 1; \n\nint *c = malloc (1 * sizeof (int)); \n\n*c = 4; \n\n// ... and so on\n\nwe’d have to hold on to all those pointers… \nand we don’t have a nice way to do that.\n\n┄┬────┬┄    ┄┬────┬┄    ┄┬────┬┄    ┄┬────┬┄ \n\n │  3 │      │  9 │      │  5 │      │  2 │ \n\n┄┴────┴┄    ┄┴────┴┄    ┄┴────┴┄    ┄┴────┴┄ \n\n      ┄┬────┬┄    ┄┬────┬┄    ┄┬────┬┄ \n\n       │  1 │      │  4 │      │  1 │ \n\n      ┄┴────┴┄    ┄┴────┴┄    ┄┴────┴┄", "Slide14": "Varying the Length\nwhat if we don’t know how big our array needs to be in advance?\n\nwhat if we need to increase the length?\n\nin C, we have dynamic allocation… \nbut that’s still (effectively) fixed in length\n\nwe need a new way to represent \ncollections of things", "Slide3": "Admin\nDon’t panic!\n\nassignment 2 \n(if you haven’t started yet, start ASAP) \n\ndeadline extended to Sunday 13th May\n\nassignment 1 \ntutor marking/feedback in progress\n\nweek 8 weekly test due tonight \ndon’t be scared!\n\ndon’t forget about help sessions! \nsee course website for details", "Slide2": "Overview\nafter this lecture, you should be able to…\n\nhave a better understanding of malloc\n\nbe able to reason about dynamic memory management\n\nhave a basic understanding of lists\n\nunderstand the fundamentals of self-referential and linked data structures\n\n(note: you shouldn’t be able to do all of these immediately after watching this lecture. however, this lecture should (hopefully!) give you the foundations you need to develop these skills. remember: programming is\n\nlike learning any other language, it takes consistent and regular practice.)", "Slide1": "COMP5 8s \n— Lecture 15 — \n\nmalloc + Lists\nAndrew Bennett \n\n<andrew.bennett@unsw.edu.au>", "Slide0": "Welcome!\nCOMP1511 18s1 \n\nProgramming Fundamentals", "Slide7": "malloc: syntax\n\n// allocating enough memory for 1000 ints \n\nmalloc(1000 * sizeof(int));\n\nremember, malloc returns the address of the memory it’s allocated:\n\n// allocating enough memory for 1000 ints \n\nint *p = malloc(1000 * sizeof(int));", "Slide6": "sizeof\nwe can find out the size of a type with sizeof\n\nsyntax:\n\nsizeof(type); \n\n// e.g. for an int: \n\nsizeof(int);\n\nprintf(\"%ld\", sizeof (char));    // 1 \n\nprintf(\"%ld\", sizeof (int));     // 4 commonly \n\nprintf(\"%ld\", sizeof (double));  // 8 commonly \n\nprintf(\"%ld\", sizeof (int[10])); // 40 commonly \n\nprintf(\"%ld\", sizeof (int *));   // 4 or 8 commonly \n\nprintf(\"%ld\", sizeof \"hello\");   // 6", "Slide5": "malloc – how many bytes?\n\nmalloc(number of bytes to allocate);\n\nif we want 1000 ints, how many bytes is that?\n\n1000?\n\nhow big is an int?", "Slide4": "malloc\nallocates memory in “the heap”\n\nmemory “lives” forever until we free it \n(or the program ends)\n\nsyntax:\n\nmalloc(number of bytes to allocate);\n\nreturns a pointer to the block of allocated memory \n(i.e. the address of the memory, so we know how to find it!)", "Slide9": "free\nwhen we’re done with the memory, we need to free it\n\nvoid free (void *obj);\n\nrelease memory associated with a reference. \nmust be the same reference we got when allocating!", "Slide8": "malloc – when things go wrong\nwhat happens if the allocation fails?\n\nint *p = malloc(1000 * sizeof(int)); \n\nif (p == NULL) { \n\n    fprintf(stderr, \"Error: couldn't allocate memory!\\n\"); \n\n    exit(1); \n\n}"}