{"Slide-1": "", "Slide22": "array/list “traversal”\n(going through every element)", "Slide23": "Traversing… an Array\n\nvoid fillArray (int array[ARRAY_SIZE], int value) { \n\n    int i = 0; \n\n    while (i < ARRAY_SIZE) { \n\n        array[i] = value;  // set the value \n\n        i++;               // move to next element \n\n    } \n\n}", "Slide20": "Node pointers vs allocated nodes\nreference to a node \n\narrow\n\nstruct node *curr ...\n\nvs\nmaking (allocating) a new node \n\ncircle\n\n... = malloc(1 * sizeof(struct node));", "Slide21": "Node pointers vs allocated nodes\nreference to a node (arrow) vs \n\nmaking (allocating) a new node (circle)", "Slide26": "The Standard List Loop – List Length\nHow can we calculate the length of a list? \n\ni.e. how many nodes are in the list\n\nstruct node *curr = list; \n\nint num_nodes = 0; \n\nwhile (curr != NULL) { \n\n    num_nodes += 1; \n\n    curr = curr->next; \n\n}", "Slide27": "The Standard List Loop – List Sum\nHow can we sum all of the elements in a list? \n\ni.e. add the values of all of the nodes together\n\nstruct node *curr = list; \n\n// int num_nodes = 0; \n\n????? \n\nwhile (curr != NULL) { \n\n    // num_nodes += 1; \n\n    ????? \n\n    curr = curr->next; \n\n}", "Slide24": "Traversing… a Linked List\n\nvoid fillList (struct node *list, int value) { \n\n    struct node *curr = list; \n\n    while (curr != NULL) { \n\n        curr->data = value; // set the value \n\n        curr = curr->next;   // move to next node \n\n    } \n\n}", "Slide25": "The Standard List Loop\n\nstruct node *curr = list; \n\nwhile (curr != NULL) { \n\n    ????? \n\n    curr = curr->next; \n\n}", "Slide28": "</REVIEW>", "Slide29": "More List Iteration\ndoes the list contain a certain value?", "Slide19": "Node pointers vs allocated nodes\nreference to a node \n\narrow\n\nstruct node *curr ...\n\nvs\nmaking (allocating) a new node \n\ncircle\n\n... = malloc(1 * sizeof(struct node));", "Slide18": "Freeing a node\n\n// In accordance with Newton's 3rd Law of Memory Allocation \n\n// \"For every malloc, there is an equal and opposite free\" \n\nvoid free_node(struct node *node) { \n\n    free(node); \n\n} \n\nstruct node *hello = make_node(10); \n\nfree_node(hello);", "Slide13": "and now for some more  \nLinked Lists", "Slide12": "Using Functions From Another File\nsecond.c\n\n#include \"first.h\" \n\nint main(void) { \n\n    hello(); \n\n    printf(\"%d\", square(5)); \n\n}\n\n$ dcc -o second second.c first.c \n\n$ ./second \n\nHello \n\n25", "Slide11": "Using Functions From Another File\nfirst.h\n\n#ifndef FIRST_H \n\n#define FIRST_H \n\nvoid hello(void); \n\nint square(int n); \n\n#endif", "Slide10": "Using Functions From Another File\nsecond.c\n\nint main(void) { \n\n    hello(); \n\n    printf(\"%d\", square(5)); \n\n}\n\n$ dcc -o second second.c \n\n???? \n\n$ ./second \n\n????", "Slide17": "Making a new node\n\n// Allocates memory for a new node; returns its address \n\nstruct node *make_node(int value) { \n\n    struct node *new = malloc(1 * sizeof(struct node)); \n\n    new->data = value; \n\n    new->next = NULL; \n\n    return new; \n\n} \n\n// \"struct node * hello\" \n\n// \"hello\" is a pointer to a node, \n\n// it just stores the _address_ \n\n// (of the memory we get from malloc) \n\nstruct node *hello = make_node(10); \n\n// in the heap (malloced memory) \n\n//        ______ \n\n// hello |  10  | \n\n//       |------| \n\n//       | NULL | \n\n//       |______|", "Slide16": "Interacting with a node struct\n\nstruct node { \n\n    int data; \n\n    struct node *next; \n\n}; \n\n// \"struct node hello\" (no *) \n\n// \"hello\" is an actual node in the function's memory \n\nstruct node hello; \n\nhello.data = 10; \n\nhello.next = NULL; \n\n// in the function's memory \n\n//        ______ \n\n// hello |  10  | \n\n//       |------| \n\n//       | NULL | \n\n//       |______|", "Slide15": "The node struct\n\nstruct node { \n\n    int data; \n\n    struct node *next; \n\n};", "Slide14": "<REVIEW>", "Slide3": "Admin\n\nDon’t panic!\nassignment 2 due yesterday \n\n(if you haven’t started yet…. ☹)\nassignment 3 out now! \n\nthis week’s tute/lab help you get started\n\nweek 10 weekly test due thursday\ndon’t forget about help sessions! \n\nsee course website for details", "Slide2": "Overview\nafter this lecture, you should be able to…\n\nstart on the last assignment: Fruit Bot\nwork with multi-file C programs\n\nunderstand the purpose of .h files\nhave a better understanding of linked lists\n\nwrite code to free a linked list\nsolve simple problems using linked lists\n\n(note: you shouldn’t be able to do all of these immediately after watching this lecture. however, this lecture should (hopefully!) give you the foundations you need to develop these skills. remember: programming is\n\nlike learning any other language, it takes consistent and regular practice.)", "Slide1": "COMP5 8s \n— Lecture 18 — \n\nFruit Bot + More Linked Lists\nAndrew Bennett \n\n<andrew.bennett@unsw.edu.au>", "Slide0": "Welcome!\nCOMP1511 18s1 \n\nProgramming Fundamentals", "Slide7": "An Aside: Multiple C Files\nuntil now we’ve only had one .c file per program\nbut, we can make programs with multiple .c files", "Slide6": "Fruit Bot\nnote: do not change the structs\n\nstateless bot \n(similar to Intensity)\n\nworld is randomly generated \n(you can’t assume any particular fruit is/isn’t there)", "Slide5": "Assignment Spec\nhttps://cgi.cse.unsw.edu.au/~cs1511/18s1/assignments/ass3/index.html\n\nhttps://cgi.cse.unsw.edu.au/~cs1511/18s1/assignments/ass3/index.html", "Slide4": "introducing: Fruit Bot\n(assignment 3)\n\n…\n\n       ", "Slide9": "Using Functions From Another File\nfirst.c\n\nvoid hello(void); \n\nint square(int n); \n\nint main(void) { \n\n    hello(); \n\n    printf(\"%d\", square(5)); \n\n} \n\nvoid hello(void) { \n\n    printf(\"Hello!\\n\"); \n\n} \n\nint square(int n) { \n\n    return n*n; \n\n}\n\n$ dcc -o first first.c \n\n$ ./first \n\nHello! \n\n25", "Slide8": "Scope\nto call a function you need to know about its \n\nreturn type \ninput parameters\n(we call this the API)"}