{"Slide-1": "", "Slide22": "an aside: USBs\nworks… anywhere!", "Slide23": "Concrete vs Abstract\n\nstruct stack_internals { \n\n    // ... \n\n};\n\na type is… \nconcrete \n\nif a user of that type has knowledge of how it works\n\na type is… \nabstract \n\nif a user has no knowledge of how it works", "Slide20": "Using a Stack\nwe can use either of these methods to implement a stack \n\n(or another approach!)\n\nI write code to implement a stack, \nyou need to use a stack, so you use my code", "Slide21": "but what if the \nimplementation\n\nchanges?", "Slide26": "Abstraction\nour old friend, abstraction\n\nuse functions to interact with the stack, \npush \npop \netc\n\ndoesn’t really matter \nhow the implementation works… \nonly that the interface is correct.", "Slide27": "Hiding Structures\n\ntypedef struct stack_internals *stack;\n\nwe can now refer to stack, \nwithout knowing what’s in \nstruct stack_internals…\n\nwe cannot dereference (stab) it \nbut it can move around the system \n\nas an opaque value.", "Slide24": "Concrete vs Abstract\n\nstruct stack_internals { \n\n    // ... \n\n};\n\na concrete type is “right here”: \nif you can see the type, you can use it", "Slide25": "Concrete vs Abstract\nyou cannot change the insides of the type \n\nwithout breaking current software\n\nwe couldn’t, for example, easily switch between stack implementations \n(array vs list)", "Slide28": "ADTs \nAbstract Data Types\n\nseparating the implementation from the interface", "Slide29": "implementing a \nstack ADT", "Slide34": "Stack - Abstract Data Type - using C Interface\nimplementation of stack is opaque (hidden from user); \n\nuser programs can not depend on how stack is implementated.\n\nstack implementation can change \nwithout risk of breaking user programs.\n\ninformation hiding is crucial \nto managing complexity in large software systems.", "Slide31": "Stack - Abstract Data Type - C Interface\n\n// use `stack` to refer to a pointer to the stack struct \n\ntypedef struct stack_internals *stack; \n\n// pass the pointer into the stack functions \n\n// (rather than trying to modify the struct directly) \n\nstack stack_create(void); \n\nvoid stack_free(stack stack); \n\nvoid stack_push(stack stack, int item); \n\nint stack_pop(stack stack); \n\nint stack_is_empty(stack stack); \n\nint stack_top(stack stack); \n\nint stack_size(stack stack);", "Slide30": "Why a Stack ADT?\nif we implement our stack as an ADT\n\nwe can change the implementation\n\nwithout affecting how to use the stack", "Slide33": "Stack - Abstract Data Type - using C Interface\nwe can only interact with the stack \n\nusing its interface functions\n\nwe can’t dereference the pointer or access the struct fields\n\nstack s = stack_create(); \n\n// note: if we tried to do this, \n\n// we would get a compile error \n\n// we can't see inside the struct, how do we know \n\n// if it has an `array` field? \n\ns->array[0] = 10; \n\n// how do we know if it has a `size` field? \n\nprintf(\"%d\", s->size);", "Slide32": "Stack - Abstract Data Type - using C Interface\nwe can only interact with the stack \n\nusing its interface functions\n\nstack s; \n\ns = stack_create(); \n\nstack_push(s, 10); \n\nstack_push(s, 11); \n\nstack_push(s, 12); \n\nprintf(\"%d\\n\", stack_size(s)); // prints 3 \n\nprintf(\"%d\\n\", stack_top(s)); // prints 12 \n\nprintf(\"%d\\n\", stack_pop(s)); // prints 12 \n\nprintf(\"%d\\n\", stack_pop(s)); // prints 11 \n\nprintf(\"%d\\n\", stack_pop(s)); // prints 10", "Slide19": "Implementing a Stack with a Linked List\na stack can be implemented using a linked list, \n\nby adding and removing at the head\n\n// making a stack \n\nstruct stack_internals s = {0}; // initialise to 0 \n\n// pushing \"5\" to the stack \n\nstruct node *node = new_node(5); // make a new node \n\nnode->next = s.head; // add before start of list \n\ns.head = node; // update list to start here \n\n// popping from the stack \n\nint value = s->head->data; \n\nstruct node *tmp = s->head; // keep track so we can free it \n\ns->head = s->head->next; // update list start \n\nfree(tmp);", "Slide18": "Implementing a Stack with a Linked List\na stack can be implemented using a linked list, \n\nby adding and removing at the head\n\nstruct stack_internals { \n\n    struct node *head; \n\n};\n\npush(3) \n\npush(1) \n\npush(4) \n\npop() // returns 4\n\n(1) -> (3) -> X \n\n ^ head", "Slide13": "Implementing a Stack with an Array\nwe can use an array to store the stack \n\nby keeping track of where we’re up to in the array\n\npush(3) \n\npush(1) \n\npush(4) \n\npop() // returns 4\n\n[3][1][ ][ ][ ][ ][ ] \n\n       ^ \n\n      upto", "Slide12": "Implementing a Stack with an Array\nwe can use an array to store the stack \n\nby keeping track of where we’re up to in the array\n\npush(3) \n\npush(1) \n\npush(4) \n\n.\n\n[3][1][4][ ][ ][ ][ ] \n\n          ^ \n\n         upto", "Slide11": "Implementing a Stack with an Array\nwe can use an array to store the stack \n\nby keeping track of where we’re up to in the array\n\npush(3) \n\npush(1) \n\n. \n\n.\n\n[3][1][ ][ ][ ][ ][ ] \n\n       ^ \n\n      upto", "Slide10": "Implementing a Stack with an Array\nwe can use an array to store the stack \n\nby keeping track of where we’re up to in the array\n\npush(3) \n\n. \n\n. \n\n.\n\n[3][ ][ ][ ][ ][ ][ ] \n\n    ^ \n\n   upto", "Slide17": "Implementing a Stack with a Linked List\na stack can be implemented using a linked list, \n\nby adding and removing at the head\n\nstruct stack_internals { \n\n    struct node *head; \n\n};\n\npush(3) \n\npush(1) \n\npush(4) \n\n.\n\n(4) -> (1) -> (3) -> X \n\n ^ head", "Slide16": "Implementing a Stack with a Linked List\na stack can be implemented using a linked list, \n\nby adding and removing at the head\n\nstruct stack_internals { \n\n    struct node *head; \n\n};\n\npush(3) \n\npush(1) \n\n. \n\n.\n\n(1) -> (3) -> X \n\n ^ head", "Slide15": "Implementing a Stack with a Linked List\na stack can be implemented using a linked list, \n\nby adding and removing at the head\n\nstruct stack_internals { \n\n    struct node *head; \n\n};\n\npush(3) \n\n. \n\n. \n\n.\n\n(3) -> X \n\n ^ head", "Slide14": "Implementing a Stack with an Array\nwe can use an array to store the stack \n\nby keeping track of where we’re up to in the array\n\n// making a stack \n\nstruct stack_internals s = {0}; // initialise to 0 \n\n// pushing \"5\" to the stack \n\ns.array[s.upto] = 5; \n\ns.upto++; \n\n// popping from the stack \n\ns.upto--; \n\nint value = s.array[s.upto]; \n\n// value is 5", "Slide3": "Admin\n\nDon’t panic!\nassignment 3 out now! \n\nthis week’s tute/lab help you get started\n\nweek 10 weekly test due thursday\n\ndon’t forget about help sessions! \nsee course website for details", "Slide2": "Overview\nafter this lecture, you should be able to…\n\nhave a basic understanding of stacks and queues\n\nhave a basic understanding of ADTs\n\nknow the difference between concrete and abstract types\n\n(note: you shouldn’t be able to do all of these immediately after watching this lecture. however, this lecture should (hopefully!) give you the foundations you need to develop these skills. remember: programming is\n\nlike learning any other language, it takes consistent and regular practice.)", "Slide1": "COMP5 8s \n— Lecture 19 — \n\nStacks + Queues + ADTs\nAndrew Bennett \n\n<andrew.bennett@unsw.edu.au>", "Slide0": "Welcome!\nCOMP1511 18s1 \n\nProgramming Fundamentals", "Slide7": "Stack Applications\npage-visited history in a web browser\n\nundo sequence in a text editor\n\nchecking for balanced brackets\n\nHTML tag matching\n\npostfix (RPN) calculator\n\nchain of function calls in a program", "Slide6": "Stack\na stack is a collection of items such that \n\nthe last item to enter is the first one to exit\n\n“last in, first out” (LIFO)\n\n…\n\nessential stack operations:\n\npush() – add new item to stack \npop() – remove top item from stack\n\nadditional stack operations:\n\ntop() – fetch top item (but don’t remove it) \nsize() – number of items \n\nis_empty()", "Slide5": "Stacks\nstacks are a type of data structure \n\n(a way of organising data)\n\na stack is a collection of items such that \nthe last item to enter is the first one to exit\n\n“last in, first out” (LIFO)\n\nbased on the idea of a stack of books, or plates\n\n|      |  <- next free space \n\n|______| \n\n|  30  | \n\n|______| \n\n|  20  | \n\n|______| \n\n|  10  |  <- first added \n\n|______|", "Slide4": "introducing: stacks", "Slide9": "Implementing a Stack with an Array\nwe can use an array to store the stack \n\nby keeping track of where we’re up to in the array\n\nstruct stack_internals { \n\n    int array[MAX_SIZE]; // holds the values \n\n    int upto; // the index of the next free slot \n\n};\n\n[ ][ ][ ][ ][ ][ ][ ] // (the array) \n\n ^ \n\n upto", "Slide8": "Implementing a Stack\nthere are several different ways we can implement a stack \n\n(aka actually write the C code to make a stack)\n\nusing an array\n\nusing a linked list\n\n(+ others)"}