[
    {
        "Week": 11,
        "Slide": 0,
        "KeyPhrases": []
    },
    {
        "Week": 11,
        "Slide": 1,
        "KeyPhrases": [
            {
                "Score": 0.8853278160095215,
                "Text": "lecture"
            },
            {
                "Score": 0.8853278160095215,
                "Text": "queue"
            },
            {
                "Score": 0.8853278160095215,
                "Text": "bennett"
            },
            {
                "Score": 0.8853278160095215,
                "Text": "stack"
            },
            {
                "Score": 0.8853278160095215,
                "Text": "adts"
            },
            {
                "Score": 0.8853278160095215,
                "Text": "andrew"
            }
        ]
    },
    {
        "Week": 11,
        "Slide": 2,
        "KeyPhrases": [
            {
                "Score": 0.533657431602478,
                "Text": "overview"
            },
            {
                "Score": 0.9970005750656128,
                "Text": "lecture"
            },
            {
                "Score": 0.9816072583198547,
                "Text": "stack"
            },
            {
                "Score": 0.9816072583198547,
                "Text": "queue"
            },
            {
                "Score": 0.9965164661407471,
                "Text": "adts"
            },
            {
                "Score": 0.9991052746772766,
                "Text": "difference"
            },
            {
                "Score": 0.9762288928031921,
                "Text": "concrete"
            },
            {
                "Score": 0.9762288928031921,
                "Text": "abstract"
            },
            {
                "Score": 0.9762288928031921,
                "Text": "type"
            },
            {
                "Score": 0.6354567408561707,
                "Text": "note"
            },
            {
                "Score": 0.9821451902389526,
                "Text": "lecture"
            },
            {
                "Score": 0.9942175149917603,
                "Text": "lecture"
            },
            {
                "Score": 0.9992502927780151,
                "Text": "foundation"
            },
            {
                "Score": 0.9974177479743958,
                "Text": "skill"
            },
            {
                "Score": 0.999396800994873,
                "Text": "language"
            },
            {
                "Score": 0.9729824066162109,
                "Text": "consistent"
            },
            {
                "Score": 0.9729824066162109,
                "Text": "practice"
            }
        ]
    },
    {
        "Week": 11,
        "Slide": 3,
        "KeyPhrases": [
            {
                "Score": 0.8646005392074585,
                "Text": "admin"
            },
            {
                "Score": 0.8011132478713989,
                "Text": "assignment"
            },
            {
                "Score": 0.9968486428260803,
                "Text": "week"
            },
            {
                "Score": 0.5246481895446777,
                "Text": "week"
            },
            {
                "Score": 0.8639426231384277,
                "Text": "test"
            },
            {
                "Score": 0.9089767932891846,
                "Text": "thursday"
            },
            {
                "Score": 0.9527539014816284,
                "Text": "help"
            },
            {
                "Score": 0.9527539014816284,
                "Text": "session"
            },
            {
                "Score": 0.9776523113250732,
                "Text": "course"
            },
            {
                "Score": 0.9776523113250732,
                "Text": "website"
            }
        ]
    },
    {
        "Week": 11,
        "Slide": 4,
        "KeyPhrases": []
    },
    {
        "Week": 11,
        "Slide": 5,
        "KeyPhrases": [
            {
                "Score": 0.9533499479293823,
                "Text": "stack"
            },
            {
                "Score": 0.9533499479293823,
                "Text": "stack"
            },
            {
                "Score": 0.9986656308174133,
                "Text": "type"
            },
            {
                "Score": 0.9799373149871826,
                "Text": "data"
            },
            {
                "Score": 0.9799373149871826,
                "Text": "structure"
            },
            {
                "Score": 0.9987185001373291,
                "Text": "way"
            },
            {
                "Score": 0.981174886226654,
                "Text": "data"
            },
            {
                "Score": 0.9987271428108215,
                "Text": "stack"
            },
            {
                "Score": 0.9989365935325623,
                "Text": "collection"
            },
            {
                "Score": 0.9836195111274719,
                "Text": "item"
            },
            {
                "Score": 0.999714732170105,
                "Text": "item"
            },
            {
                "Score": 0.9862962961196899,
                "Text": "lifo"
            },
            {
                "Score": 0.9998704791069031,
                "Text": "idea"
            },
            {
                "Score": 0.9991958737373352,
                "Text": "stack"
            },
            {
                "Score": 0.9922130703926086,
                "Text": "book"
            },
            {
                "Score": 0.9548553228378296,
                "Text": "space"
            }
        ]
    },
    {
        "Week": 11,
        "Slide": 6,
        "KeyPhrases": [
            {
                "Score": 0.999138355255127,
                "Text": "stack"
            },
            {
                "Score": 0.9989579319953918,
                "Text": "collection"
            },
            {
                "Score": 0.9838818311691284,
                "Text": "item"
            },
            {
                "Score": 0.9997193217277527,
                "Text": "item"
            },
            {
                "Score": 0.9754784107208252,
                "Text": "lifo"
            },
            {
                "Score": 0.8147722482681274,
                "Text": "stack"
            },
            {
                "Score": 0.8147722482681274,
                "Text": "operation"
            },
            {
                "Score": 0.4299478828907013,
                "Text": "push"
            },
            {
                "Score": 0.9990194439888,
                "Text": "item"
            },
            {
                "Score": 0.7040373086929321,
                "Text": "pop"
            },
            {
                "Score": 0.99846351146698,
                "Text": "top"
            },
            {
                "Score": 0.99846351146698,
                "Text": "item"
            },
            {
                "Score": 0.9563786387443542,
                "Text": "stack"
            },
            {
                "Score": 0.9563786387443542,
                "Text": "operation"
            },
            {
                "Score": 0.9563786387443542,
                "Text": "stack"
            },
            {
                "Score": 0.7526140809059143,
                "Text": "top"
            },
            {
                "Score": 0.9968907237052917,
                "Text": "top"
            },
            {
                "Score": 0.9968907237052917,
                "Text": "item"
            },
            {
                "Score": 0.7833484411239624,
                "Text": "size"
            },
            {
                "Score": 0.694656491279602,
                "Text": "number"
            },
            {
                "Score": 0.9977647066116333,
                "Text": "item"
            }
        ]
    },
    {
        "Week": 11,
        "Slide": 7,
        "KeyPhrases": [
            {
                "Score": 0.9074689149856567,
                "Text": "stack"
            },
            {
                "Score": 0.9074689149856567,
                "Text": "history"
            },
            {
                "Score": 0.9074689149856567,
                "Text": "application"
            },
            {
                "Score": 0.9074689149856567,
                "Text": "page"
            },
            {
                "Score": 0.9074689149856567,
                "Text": "visited"
            },
            {
                "Score": 0.87306809425354,
                "Text": "web"
            },
            {
                "Score": 0.87306809425354,
                "Text": "browser"
            },
            {
                "Score": 0.9977243542671204,
                "Text": "sequence"
            },
            {
                "Score": 0.9804862141609192,
                "Text": "text"
            },
            {
                "Score": 0.9804862141609192,
                "Text": "editor"
            },
            {
                "Score": 0.7497681975364685,
                "Text": "balanced"
            },
            {
                "Score": 0.7497681975364685,
                "Text": "bracket"
            },
            {
                "Score": 0.698602020740509,
                "Text": "html"
            },
            {
                "Score": 0.698602020740509,
                "Text": "tag"
            },
            {
                "Score": 0.9194375276565552,
                "Text": "postfix"
            },
            {
                "Score": 0.9347032308578491,
                "Text": "rpn"
            },
            {
                "Score": 0.9327283501625061,
                "Text": "calculator"
            },
            {
                "Score": 0.9327283501625061,
                "Text": "chain"
            },
            {
                "Score": 0.9162381291389465,
                "Text": "function"
            },
            {
                "Score": 0.9162381291389465,
                "Text": "call"
            }
        ]
    },
    {
        "Week": 11,
        "Slide": 8,
        "KeyPhrases": [
            {
                "Score": 0.9901016354560852,
                "Text": "stack"
            },
            {
                "Score": 0.9966725707054138,
                "Text": "way"
            },
            {
                "Score": 0.9950646162033081,
                "Text": "stack"
            },
            {
                "Score": 0.8716392517089844,
                "Text": "aka"
            },
            {
                "Score": 0.9958428740501404,
                "Text": "code"
            },
            {
                "Score": 0.9958827495574951,
                "Text": "stack"
            },
            {
                "Score": 0.9990549683570862,
                "Text": "array"
            },
            {
                "Score": 0.9880110025405884,
                "Text": "linked"
            },
            {
                "Score": 0.9880110025405884,
                "Text": "list"
            }
        ]
    },
    {
        "Week": 11,
        "Slide": 9,
        "KeyPhrases": [
            {
                "Score": 0.9968629479408264,
                "Text": "stack"
            },
            {
                "Score": 0.9943069219589233,
                "Text": "array"
            },
            {
                "Score": 0.9996703863143921,
                "Text": "array"
            },
            {
                "Score": 0.994629979133606,
                "Text": "stack"
            },
            {
                "Score": 0.9968032836914062,
                "Text": "track"
            },
            {
                "Score": 0.7655537724494934,
                "Text": "array"
            },
            {
                "Score": 0.8237245678901672,
                "Text": "struct"
            },
            {
                "Score": 0.7315150499343872,
                "Text": "int"
            },
            {
                "Score": 0.7315150499343872,
                "Text": "array"
            },
            {
                "Score": 0.8895086050033569,
                "Text": "value"
            },
            {
                "Score": 0.7407609820365906,
                "Text": "upto"
            },
            {
                "Score": 0.7407609820365906,
                "Text": "index"
            },
            {
                "Score": 0.998825192451477,
                "Text": "slot"
            },
            {
                "Score": 0.9911976456642151,
                "Text": "array"
            }
        ]
    },
    {
        "Week": 11,
        "Slide": 10,
        "KeyPhrases": [
            {
                "Score": 0.9968629479408264,
                "Text": "stack"
            },
            {
                "Score": 0.9943069219589233,
                "Text": "array"
            },
            {
                "Score": 0.9996703863143921,
                "Text": "array"
            },
            {
                "Score": 0.994629979133606,
                "Text": "stack"
            },
            {
                "Score": 0.9968032836914062,
                "Text": "track"
            },
            {
                "Score": 0.9053923487663269,
                "Text": "array"
            },
            {
                "Score": 0.9053923487663269,
                "Text": "push"
            }
        ]
    },
    {
        "Week": 11,
        "Slide": 11,
        "KeyPhrases": [
            {
                "Score": 0.9968629479408264,
                "Text": "stack"
            },
            {
                "Score": 0.9943069219589233,
                "Text": "array"
            },
            {
                "Score": 0.9996703863143921,
                "Text": "array"
            },
            {
                "Score": 0.994629979133606,
                "Text": "stack"
            },
            {
                "Score": 0.9968032836914062,
                "Text": "track"
            },
            {
                "Score": 0.9053276777267456,
                "Text": "array"
            },
            {
                "Score": 0.9053276777267456,
                "Text": "push"
            }
        ]
    },
    {
        "Week": 11,
        "Slide": 12,
        "KeyPhrases": [
            {
                "Score": 0.9968629479408264,
                "Text": "stack"
            },
            {
                "Score": 0.9943069219589233,
                "Text": "array"
            },
            {
                "Score": 0.9996703863143921,
                "Text": "array"
            },
            {
                "Score": 0.994629979133606,
                "Text": "stack"
            },
            {
                "Score": 0.9968032836914062,
                "Text": "track"
            },
            {
                "Score": 0.9053276777267456,
                "Text": "array"
            },
            {
                "Score": 0.9053276777267456,
                "Text": "push"
            }
        ]
    },
    {
        "Week": 11,
        "Slide": 13,
        "KeyPhrases": [
            {
                "Score": 0.9968629479408264,
                "Text": "stack"
            },
            {
                "Score": 0.9943069219589233,
                "Text": "array"
            },
            {
                "Score": 0.9996703863143921,
                "Text": "array"
            },
            {
                "Score": 0.994629979133606,
                "Text": "stack"
            },
            {
                "Score": 0.9968032836914062,
                "Text": "track"
            },
            {
                "Score": 0.9053276777267456,
                "Text": "array"
            },
            {
                "Score": 0.9053276777267456,
                "Text": "push"
            },
            {
                "Score": 0.6166127920150757,
                "Text": "return"
            }
        ]
    },
    {
        "Week": 11,
        "Slide": 14,
        "KeyPhrases": [
            {
                "Score": 0.9968629479408264,
                "Text": "stack"
            },
            {
                "Score": 0.9943069219589233,
                "Text": "array"
            },
            {
                "Score": 0.9996703863143921,
                "Text": "array"
            },
            {
                "Score": 0.994629979133606,
                "Text": "stack"
            },
            {
                "Score": 0.9968032836914062,
                "Text": "track"
            },
            {
                "Score": 0.8422921299934387,
                "Text": "array"
            },
            {
                "Score": 0.8187965154647827,
                "Text": "stack"
            },
            {
                "Score": 0.8187965154647827,
                "Text": "struct"
            },
            {
                "Score": 0.4995262920856476,
                "Text": "initialise"
            },
            {
                "Score": 0.924813449382782,
                "Text": "stack"
            },
            {
                "Score": 0.3976816236972809,
                "Text": "array"
            },
            {
                "Score": 0.9786655306816101,
                "Text": "stack"
            },
            {
                "Score": 0.8955421447753906,
                "Text": "int"
            },
            {
                "Score": 0.8955421447753906,
                "Text": "value"
            }
        ]
    },
    {
        "Week": 11,
        "Slide": 15,
        "KeyPhrases": [
            {
                "Score": 0.9968897700309753,
                "Text": "stack"
            },
            {
                "Score": 0.993822455406189,
                "Text": "linked"
            },
            {
                "Score": 0.993822455406189,
                "Text": "list"
            },
            {
                "Score": 0.9996333122253418,
                "Text": "stack"
            },
            {
                "Score": 0.9984443783760071,
                "Text": "linked"
            },
            {
                "Score": 0.9984443783760071,
                "Text": "list"
            },
            {
                "Score": 0.9149829149246216,
                "Text": "head"
            },
            {
                "Score": 0.9149829149246216,
                "Text": "struct"
            },
            {
                "Score": 0.8503937125205994,
                "Text": "struct"
            },
            {
                "Score": 0.8503937125205994,
                "Text": "node"
            },
            {
                "Score": 0.588219165802002,
                "Text": "head"
            },
            {
                "Score": 0.6979727149009705,
                "Text": "push"
            }
        ]
    },
    {
        "Week": 11,
        "Slide": 16,
        "KeyPhrases": [
            {
                "Score": 0.9968897700309753,
                "Text": "stack"
            },
            {
                "Score": 0.993822455406189,
                "Text": "linked"
            },
            {
                "Score": 0.993822455406189,
                "Text": "list"
            },
            {
                "Score": 0.9996333122253418,
                "Text": "stack"
            },
            {
                "Score": 0.9984443783760071,
                "Text": "linked"
            },
            {
                "Score": 0.9984443783760071,
                "Text": "list"
            },
            {
                "Score": 0.9149829149246216,
                "Text": "head"
            },
            {
                "Score": 0.9149829149246216,
                "Text": "struct"
            },
            {
                "Score": 0.8503937125205994,
                "Text": "struct"
            },
            {
                "Score": 0.8503937125205994,
                "Text": "node"
            },
            {
                "Score": 0.588219165802002,
                "Text": "head"
            },
            {
                "Score": 0.6542870402336121,
                "Text": "push"
            }
        ]
    },
    {
        "Week": 11,
        "Slide": 17,
        "KeyPhrases": [
            {
                "Score": 0.9968897700309753,
                "Text": "stack"
            },
            {
                "Score": 0.993822455406189,
                "Text": "linked"
            },
            {
                "Score": 0.993822455406189,
                "Text": "list"
            },
            {
                "Score": 0.9996333122253418,
                "Text": "stack"
            },
            {
                "Score": 0.9984443783760071,
                "Text": "linked"
            },
            {
                "Score": 0.9984443783760071,
                "Text": "list"
            },
            {
                "Score": 0.9149829149246216,
                "Text": "head"
            },
            {
                "Score": 0.9149829149246216,
                "Text": "struct"
            },
            {
                "Score": 0.8503937125205994,
                "Text": "struct"
            },
            {
                "Score": 0.8503937125205994,
                "Text": "node"
            },
            {
                "Score": 0.588219165802002,
                "Text": "head"
            },
            {
                "Score": 0.6542870402336121,
                "Text": "push"
            }
        ]
    },
    {
        "Week": 11,
        "Slide": 18,
        "KeyPhrases": [
            {
                "Score": 0.9968897700309753,
                "Text": "stack"
            },
            {
                "Score": 0.993822455406189,
                "Text": "linked"
            },
            {
                "Score": 0.993822455406189,
                "Text": "list"
            },
            {
                "Score": 0.9996333122253418,
                "Text": "stack"
            },
            {
                "Score": 0.9984443783760071,
                "Text": "linked"
            },
            {
                "Score": 0.9984443783760071,
                "Text": "list"
            },
            {
                "Score": 0.9149829149246216,
                "Text": "head"
            },
            {
                "Score": 0.9149829149246216,
                "Text": "struct"
            },
            {
                "Score": 0.8503937125205994,
                "Text": "struct"
            },
            {
                "Score": 0.8503937125205994,
                "Text": "node"
            },
            {
                "Score": 0.588219165802002,
                "Text": "head"
            },
            {
                "Score": 0.6542870402336121,
                "Text": "push"
            },
            {
                "Score": 0.5089886784553528,
                "Text": "return"
            }
        ]
    },
    {
        "Week": 11,
        "Slide": 19,
        "KeyPhrases": [
            {
                "Score": 0.9968897700309753,
                "Text": "stack"
            },
            {
                "Score": 0.993822455406189,
                "Text": "linked"
            },
            {
                "Score": 0.993822455406189,
                "Text": "list"
            },
            {
                "Score": 0.9996333122253418,
                "Text": "stack"
            },
            {
                "Score": 0.9984443783760071,
                "Text": "linked"
            },
            {
                "Score": 0.9984443783760071,
                "Text": "list"
            },
            {
                "Score": 0.8800688982009888,
                "Text": "head"
            },
            {
                "Score": 0.8177007436752319,
                "Text": "stack"
            },
            {
                "Score": 0.8177007436752319,
                "Text": "struct"
            },
            {
                "Score": 0.503044605255127,
                "Text": "initialise"
            },
            {
                "Score": 0.9074382185935974,
                "Text": "stack"
            },
            {
                "Score": 0.9074382185935974,
                "Text": "node"
            },
            {
                "Score": 0.9074382185935974,
                "Text": "struct"
            },
            {
                "Score": 0.9191491007804871,
                "Text": "node"
            },
            {
                "Score": 0.9191491007804871,
                "Text": "node"
            },
            {
                "Score": 0.4833642542362213,
                "Text": "head"
            },
            {
                "Score": 0.9974489808082581,
                "Text": "start"
            },
            {
                "Score": 0.8712131977081299,
                "Text": "list"
            },
            {
                "Score": 0.6858944296836853,
                "Text": "node"
            },
            {
                "Score": 0.6977437734603882,
                "Text": "update"
            },
            {
                "Score": 0.6977437734603882,
                "Text": "list"
            },
            {
                "Score": 0.9127861857414246,
                "Text": "stack"
            },
            {
                "Score": 0.9127861857414246,
                "Text": "value"
            },
            {
                "Score": 0.9127861857414246,
                "Text": "int"
            },
            {
                "Score": 0.8967451453208923,
                "Text": "struct"
            },
            {
                "Score": 0.8967451453208923,
                "Text": "node"
            },
            {
                "Score": 0.6240397095680237,
                "Text": "tmp"
            },
            {
                "Score": 0.9227175712585449,
                "Text": "track"
            },
            {
                "Score": 0.7233421802520752,
                "Text": "update"
            },
            {
                "Score": 0.7233421802520752,
                "Text": "list"
            },
            {
                "Score": 0.8366520404815674,
                "Text": "tmp"
            }
        ]
    },
    {
        "Week": 11,
        "Slide": 20,
        "KeyPhrases": [
            {
                "Score": 0.9837526082992554,
                "Text": "stack"
            },
            {
                "Score": 0.9988778233528137,
                "Text": "method"
            },
            {
                "Score": 0.996541440486908,
                "Text": "stack"
            },
            {
                "Score": 0.8015077710151672,
                "Text": "approach"
            },
            {
                "Score": 0.9914098381996155,
                "Text": "code"
            },
            {
                "Score": 0.9993322491645813,
                "Text": "stack"
            },
            {
                "Score": 0.9978649616241455,
                "Text": "stack"
            }
        ]
    },
    {
        "Week": 11,
        "Slide": 21,
        "KeyPhrases": [
            {
                "Score": 0.9657997488975525,
                "Text": "implementation"
            }
        ]
    },
    {
        "Week": 11,
        "Slide": 22,
        "KeyPhrases": [
            {
                "Score": 0.8589016199111938,
                "Text": "usbs"
            }
        ]
    },
    {
        "Week": 11,
        "Slide": 23,
        "KeyPhrases": [
            {
                "Score": 0.8329588770866394,
                "Text": "concrete"
            },
            {
                "Score": 0.8329588770866394,
                "Text": "abstract"
            },
            {
                "Score": 0.8329588770866394,
                "Text": "struct"
            },
            {
                "Score": 0.9981299638748169,
                "Text": "type"
            },
            {
                "Score": 0.998415470123291,
                "Text": "user"
            },
            {
                "Score": 0.9920035004615784,
                "Text": "that"
            },
            {
                "Score": 0.9920035004615784,
                "Text": "type"
            },
            {
                "Score": 0.9980649352073669,
                "Text": "knowledge"
            },
            {
                "Score": 0.9994370341300964,
                "Text": "type"
            },
            {
                "Score": 0.9998804330825806,
                "Text": "user"
            },
            {
                "Score": 0.9996627569198608,
                "Text": "knowledge"
            }
        ]
    },
    {
        "Week": 11,
        "Slide": 24,
        "KeyPhrases": [
            {
                "Score": 0.8329588770866394,
                "Text": "concrete"
            },
            {
                "Score": 0.8329588770866394,
                "Text": "abstract"
            },
            {
                "Score": 0.8329588770866394,
                "Text": "struct"
            },
            {
                "Score": 0.9972689747810364,
                "Text": "concrete"
            },
            {
                "Score": 0.9972689747810364,
                "Text": "type"
            },
            {
                "Score": 0.9995017051696777,
                "Text": "type"
            }
        ]
    },
    {
        "Week": 11,
        "Slide": 25,
        "KeyPhrases": [
            {
                "Score": 0.9202916026115417,
                "Text": "concrete"
            },
            {
                "Score": 0.9202916026115417,
                "Text": "abstract"
            },
            {
                "Score": 0.9992412328720093,
                "Text": "inside"
            },
            {
                "Score": 0.9993528723716736,
                "Text": "type"
            },
            {
                "Score": 0.9988449215888977,
                "Text": "software"
            },
            {
                "Score": 0.9863424301147461,
                "Text": "stack"
            },
            {
                "Score": 0.9863424301147461,
                "Text": "implementation"
            },
            {
                "Score": 0.7875498533248901,
                "Text": "array"
            },
            {
                "Score": 0.7875498533248901,
                "Text": "list"
            }
        ]
    },
    {
        "Week": 11,
        "Slide": 26,
        "KeyPhrases": [
            {
                "Score": 0.36035850644111633,
                "Text": "abstraction"
            },
            {
                "Score": 0.971997082233429,
                "Text": "friend"
            },
            {
                "Score": 0.7213659286499023,
                "Text": "function"
            },
            {
                "Score": 0.7213659286499023,
                "Text": "abstraction"
            },
            {
                "Score": 0.7213659286499023,
                "Text": "use"
            },
            {
                "Score": 0.9891318678855896,
                "Text": "stack"
            },
            {
                "Score": 0.7744672894477844,
                "Text": "push"
            },
            {
                "Score": 0.7744672894477844,
                "Text": "pop"
            },
            {
                "Score": 0.7744672894477844,
                "Text": "etc"
            },
            {
                "Score": 0.9975525736808777,
                "Text": "implementation"
            },
            {
                "Score": 0.9996304512023926,
                "Text": "interface"
            }
        ]
    },
    {
        "Week": 11,
        "Slide": 27,
        "KeyPhrases": [
            {
                "Score": 0.7497735023498535,
                "Text": "hiding"
            },
            {
                "Score": 0.7497735023498535,
                "Text": "struct"
            },
            {
                "Score": 0.7497735023498535,
                "Text": "structure"
            },
            {
                "Score": 0.7497735023498535,
                "Text": "typedef"
            },
            {
                "Score": 0.69312584400177,
                "Text": "stack"
            },
            {
                "Score": 0.8604925274848938,
                "Text": "struct"
            },
            {
                "Score": 0.9989429116249084,
                "Text": "system"
            },
            {
                "Score": 0.9988160729408264,
                "Text": "opaque"
            },
            {
                "Score": 0.9988160729408264,
                "Text": "value"
            }
        ]
    },
    {
        "Week": 11,
        "Slide": 28,
        "KeyPhrases": [
            {
                "Score": 0.959356963634491,
                "Text": "adts"
            },
            {
                "Score": 0.959356963634491,
                "Text": "data"
            },
            {
                "Score": 0.959356963634491,
                "Text": "type"
            },
            {
                "Score": 0.959356963634491,
                "Text": "abstract"
            },
            {
                "Score": 0.9979576468467712,
                "Text": "implementation"
            }
        ]
    },
    {
        "Week": 11,
        "Slide": 29,
        "KeyPhrases": []
    },
    {
        "Week": 11,
        "Slide": 30,
        "KeyPhrases": [
            {
                "Score": 0.8803593516349792,
                "Text": "stack"
            },
            {
                "Score": 0.8803593516349792,
                "Text": "adt"
            },
            {
                "Score": 0.9954921007156372,
                "Text": "stack"
            },
            {
                "Score": 0.9927877187728882,
                "Text": "adt"
            },
            {
                "Score": 0.9995155930519104,
                "Text": "implementation"
            }
        ]
    },
    {
        "Week": 11,
        "Slide": 31,
        "KeyPhrases": [
            {
                "Score": 0.8129827380180359,
                "Text": "stack"
            },
            {
                "Score": 0.8129827380180359,
                "Text": "abstract"
            },
            {
                "Score": 0.8129827380180359,
                "Text": "data"
            },
            {
                "Score": 0.8129827380180359,
                "Text": "type"
            },
            {
                "Score": 0.8129827380180359,
                "Text": "use"
            },
            {
                "Score": 0.8129827380180359,
                "Text": "interface"
            },
            {
                "Score": 0.998357892036438,
                "Text": "pointer"
            },
            {
                "Score": 0.9067783355712891,
                "Text": "stack"
            },
            {
                "Score": 0.9067783355712891,
                "Text": "struct"
            },
            {
                "Score": 0.9067783355712891,
                "Text": "struct"
            },
            {
                "Score": 0.9067783355712891,
                "Text": "typedef"
            },
            {
                "Score": 0.6901372671127319,
                "Text": "stack"
            },
            {
                "Score": 0.9975321888923645,
                "Text": "pointer"
            },
            {
                "Score": 0.8826899528503418,
                "Text": "stack"
            },
            {
                "Score": 0.8826899528503418,
                "Text": "function"
            },
            {
                "Score": 0.9570267200469971,
                "Text": "struct"
            },
            {
                "Score": 0.6865514516830444,
                "Text": "void"
            },
            {
                "Score": 0.8028775453567505,
                "Text": "stack"
            },
            {
                "Score": 0.8028775453567505,
                "Text": "stack"
            },
            {
                "Score": 0.7464356422424316,
                "Text": "stack"
            },
            {
                "Score": 0.7525980472564697,
                "Text": "int"
            },
            {
                "Score": 0.7525980472564697,
                "Text": "item"
            },
            {
                "Score": 0.8598673939704895,
                "Text": "stack"
            },
            {
                "Score": 0.8598673939704895,
                "Text": "stack"
            },
            {
                "Score": 0.7527289986610413,
                "Text": "stack"
            },
            {
                "Score": 0.7527289986610413,
                "Text": "stack"
            },
            {
                "Score": 0.8627984523773193,
                "Text": "stack"
            },
            {
                "Score": 0.8627984523773193,
                "Text": "stack"
            },
            {
                "Score": 0.8507394790649414,
                "Text": "stack"
            },
            {
                "Score": 0.8507394790649414,
                "Text": "stack"
            }
        ]
    },
    {
        "Week": 11,
        "Slide": 32,
        "KeyPhrases": [
            {
                "Score": 0.8794479966163635,
                "Text": "stack"
            },
            {
                "Score": 0.8794479966163635,
                "Text": "abstract"
            },
            {
                "Score": 0.8794479966163635,
                "Text": "data"
            },
            {
                "Score": 0.8794479966163635,
                "Text": "type"
            },
            {
                "Score": 0.8794479966163635,
                "Text": "interface"
            },
            {
                "Score": 0.9974689483642578,
                "Text": "stack"
            },
            {
                "Score": 0.9531210660934448,
                "Text": "interface"
            },
            {
                "Score": 0.9531210660934448,
                "Text": "function"
            },
            {
                "Score": 0.8557674288749695,
                "Text": "printf"
            },
            {
                "Score": 0.6802217960357666,
                "Text": "print"
            },
            {
                "Score": 0.8724477291107178,
                "Text": "printf"
            },
            {
                "Score": 0.7022875547409058,
                "Text": "print"
            },
            {
                "Score": 0.9307103753089905,
                "Text": "printf"
            },
            {
                "Score": 0.7018800973892212,
                "Text": "print"
            },
            {
                "Score": 0.9306896924972534,
                "Text": "printf"
            },
            {
                "Score": 0.6866714954376221,
                "Text": "print"
            },
            {
                "Score": 0.8937287330627441,
                "Text": "printf"
            }
        ]
    },
    {
        "Week": 11,
        "Slide": 33,
        "KeyPhrases": [
            {
                "Score": 0.8794479966163635,
                "Text": "stack"
            },
            {
                "Score": 0.8794479966163635,
                "Text": "abstract"
            },
            {
                "Score": 0.8794479966163635,
                "Text": "data"
            },
            {
                "Score": 0.8794479966163635,
                "Text": "type"
            },
            {
                "Score": 0.8794479966163635,
                "Text": "interface"
            },
            {
                "Score": 0.9974689483642578,
                "Text": "stack"
            },
            {
                "Score": 0.9939091205596924,
                "Text": "interface"
            },
            {
                "Score": 0.9939091205596924,
                "Text": "function"
            },
            {
                "Score": 0.8697589635848999,
                "Text": "pointer"
            },
            {
                "Score": 0.9609090089797974,
                "Text": "struct"
            },
            {
                "Score": 0.9609090089797974,
                "Text": "field"
            },
            {
                "Score": 0.5833372473716736,
                "Text": "note"
            },
            {
                "Score": 0.8180147409439087,
                "Text": "compile"
            },
            {
                "Score": 0.8180147409439087,
                "Text": "error"
            },
            {
                "Score": 0.9964943528175354,
                "Text": "struct"
            },
            {
                "Score": 0.8492075800895691,
                "Text": "field"
            },
            {
                "Score": 0.968606173992157,
                "Text": "field"
            },
            {
                "Score": 0.7324607372283936,
                "Text": "printf"
            }
        ]
    },
    {
        "Week": 11,
        "Slide": 34,
        "KeyPhrases": [
            {
                "Score": 0.884495198726654,
                "Text": "stack"
            },
            {
                "Score": 0.884495198726654,
                "Text": "abstract"
            },
            {
                "Score": 0.884495198726654,
                "Text": "data"
            },
            {
                "Score": 0.884495198726654,
                "Text": "type"
            },
            {
                "Score": 0.884495198726654,
                "Text": "interface"
            },
            {
                "Score": 0.884495198726654,
                "Text": "implementation"
            },
            {
                "Score": 0.9662744402885437,
                "Text": "stack"
            },
            {
                "Score": 0.9945778846740723,
                "Text": "user"
            },
            {
                "Score": 0.9940705299377441,
                "Text": "user"
            },
            {
                "Score": 0.9940705299377441,
                "Text": "program"
            },
            {
                "Score": 0.9345139861106873,
                "Text": "stack"
            },
            {
                "Score": 0.8637710809707642,
                "Text": "stack"
            },
            {
                "Score": 0.8637710809707642,
                "Text": "implementation"
            },
            {
                "Score": 0.9975101947784424,
                "Text": "risk"
            },
            {
                "Score": 0.9936648011207581,
                "Text": "user"
            },
            {
                "Score": 0.9936648011207581,
                "Text": "program"
            },
            {
                "Score": 0.8829500675201416,
                "Text": "information"
            },
            {
                "Score": 0.8829500675201416,
                "Text": "hiding"
            },
            {
                "Score": 0.8914348483085632,
                "Text": "complexity"
            },
            {
                "Score": 0.9988415837287903,
                "Text": "software"
            },
            {
                "Score": 0.9988415837287903,
                "Text": "system"
            }
        ]
    }
]