[
{
    "Week": 11,
    "Slide": 0,
    "KeyPhrases": [
        {
            "BeginOffset": 15,
            "EndOffset": 24,
            "Score": 0.7755911946296692,
            "Text": "1511 18s1"
        }
    ],
    "ResponseMetadata": {
        "HTTPHeaders": {
            "content-length": "96",
            "content-type": "application/x-amz-json-1.1",
            "date": "Thu, 28 Mar 2019 12:57:31 GMT",
            "x-amzn-requestid": "0c633cb1-5159-11e9-88a1-7f24626c0794"
        },
        "HTTPStatusCode": 200,
        "RequestId": "0c633cb1-5159-11e9-88a1-7f24626c0794",
        "RetryAttempts": 0
    }
},
{
    "Week": 11,
    "Slide": 1,
    "KeyPhrases": [
        {
            "BeginOffset": 5,
            "EndOffset": 94,
            "Score": 0.8853278160095215,
            "Text": "5 8s\n\u2014 Lecture 19 \u2014 \n\nStacks + Queues + ADTs\nAndrew Bennett \n\n<andrew.bennett@unsw.edu.au"
        }
    ],
    "ResponseMetadata": {
        "HTTPHeaders": {
            "content-length": "185",
            "content-type": "application/x-amz-json-1.1",
            "date": "Thu, 28 Mar 2019 12:57:31 GMT",
            "x-amzn-requestid": "0ce983fe-5159-11e9-b270-937b8b08d656"
        },
        "HTTPStatusCode": 200,
        "RequestId": "0ce983fe-5159-11e9-b270-937b8b08d656",
        "RetryAttempts": 0
    }
},
{
    "Week": 11,
    "Slide": 2,
    "KeyPhrases": [
        {
            "BeginOffset": 1,
            "EndOffset": 9,
            "Score": 0.533657431602478,
            "Text": "Overview"
        },
        {
            "BeginOffset": 16,
            "EndOffset": 28,
            "Score": 0.9970005750656128,
            "Text": "this lecture"
        },
        {
            "BeginOffset": 59,
            "EndOffset": 80,
            "Score": 0.9990946650505066,
            "Text": "a basic understanding"
        },
        {
            "BeginOffset": 84,
            "EndOffset": 101,
            "Score": 0.9816072583198547,
            "Text": "stacks and queues"
        },
        {
            "BeginOffset": 108,
            "EndOffset": 129,
            "Score": 0.9988570809364319,
            "Text": "a basic understanding"
        },
        {
            "BeginOffset": 133,
            "EndOffset": 137,
            "Score": 0.9965164661407471,
            "Text": "ADTs"
        },
        {
            "BeginOffset": 144,
            "EndOffset": 158,
            "Score": 0.9991052746772766,
            "Text": "the difference"
        },
        {
            "BeginOffset": 167,
            "EndOffset": 194,
            "Score": 0.9762288928031921,
            "Text": "concrete and abstract types"
        },
        {
            "BeginOffset": 197,
            "EndOffset": 201,
            "Score": 0.6354567408561707,
            "Text": "note"
        },
        {
            "BeginOffset": 271,
            "EndOffset": 283,
            "Score": 0.9821451902389526,
            "Text": "this lecture"
        },
        {
            "BeginOffset": 294,
            "EndOffset": 306,
            "Score": 0.9942175149917603,
            "Text": "this lecture"
        },
        {
            "BeginOffset": 336,
            "EndOffset": 351,
            "Score": 0.9992502927780151,
            "Text": "the foundations"
        },
        {
            "BeginOffset": 372,
            "EndOffset": 384,
            "Score": 0.9974177479743958,
            "Text": "these skills"
        },
        {
            "BeginOffset": 396,
            "EndOffset": 407,
            "Score": 0.996127188205719,
            "Text": "programming"
        },
        {
            "BeginOffset": 426,
            "EndOffset": 444,
            "Score": 0.999396800994873,
            "Text": "any other language"
        },
        {
            "BeginOffset": 455,
            "EndOffset": 486,
            "Score": 0.9729824066162109,
            "Text": "consistent and regular practice"
        }
    ],
    "ResponseMetadata": {
        "HTTPHeaders": {
            "content-length": "1411",
            "content-type": "application/x-amz-json-1.1",
            "date": "Thu, 28 Mar 2019 12:57:33 GMT",
            "x-amzn-requestid": "0d719f32-5159-11e9-ad04-91cf7a3e7941"
        },
        "HTTPStatusCode": 200,
        "RequestId": "0d719f32-5159-11e9-ad04-91cf7a3e7941",
        "RetryAttempts": 0
    }
},
{
    "Week": 11,
    "Slide": 3,
    "KeyPhrases": [
        {
            "BeginOffset": 1,
            "EndOffset": 6,
            "Score": 0.8646005392074585,
            "Text": "Admin"
        },
        {
            "BeginOffset": 21,
            "EndOffset": 33,
            "Score": 0.8011132478713989,
            "Text": "assignment 3"
        },
        {
            "BeginOffset": 45,
            "EndOffset": 54,
            "Score": 0.9968486428260803,
            "Text": "this week"
        },
        {
            "BeginOffset": 54,
            "EndOffset": 65,
            "Score": 0.9620226621627808,
            "Text": "\u2019s tute/lab"
        },
        {
            "BeginOffset": 88,
            "EndOffset": 92,
            "Score": 0.5246481895446777,
            "Text": "week"
        },
        {
            "BeginOffset": 93,
            "EndOffset": 107,
            "Score": 0.8639426231384277,
            "Text": "10 weekly test"
        },
        {
            "BeginOffset": 112,
            "EndOffset": 120,
            "Score": 0.9089767932891846,
            "Text": "thursday"
        },
        {
            "BeginOffset": 141,
            "EndOffset": 154,
            "Score": 0.9527539014816284,
            "Text": "help sessions"
        },
        {
            "BeginOffset": 161,
            "EndOffset": 175,
            "Score": 0.9776523113250732,
            "Text": "course website"
        }
    ],
    "ResponseMetadata": {
        "HTTPHeaders": {
            "content-length": "752",
            "content-type": "application/x-amz-json-1.1",
            "date": "Thu, 28 Mar 2019 12:57:33 GMT",
            "x-amzn-requestid": "0dff60ab-5159-11e9-845e-7f0c2f11cc2d"
        },
        "HTTPStatusCode": 200,
        "RequestId": "0dff60ab-5159-11e9-845e-7f0c2f11cc2d",
        "RetryAttempts": 0
    }
},
{
    "Week": 11,
    "Slide": 4,
    "KeyPhrases": [],
    "ResponseMetadata": {
        "HTTPHeaders": {
            "content-length": "17",
            "content-type": "application/x-amz-json-1.1",
            "date": "Thu, 28 Mar 2019 12:57:34 GMT",
            "x-amzn-requestid": "0e895075-5159-11e9-9c6b-1b49fa666314"
        },
        "HTTPStatusCode": 200,
        "RequestId": "0e895075-5159-11e9-9c6b-1b49fa666314",
        "RetryAttempts": 0
    }
},
{
    "Week": 11,
    "Slide": 5,
    "KeyPhrases": [
        {
            "BeginOffset": 1,
            "EndOffset": 14,
            "Score": 0.9533499479293823,
            "Text": "Stacks\nstacks"
        },
        {
            "BeginOffset": 19,
            "EndOffset": 25,
            "Score": 0.9986656308174133,
            "Text": "a type"
        },
        {
            "BeginOffset": 29,
            "EndOffset": 43,
            "Score": 0.9799373149871826,
            "Text": "data structure"
        },
        {
            "BeginOffset": 47,
            "EndOffset": 52,
            "Score": 0.9987185001373291,
            "Text": "a way"
        },
        {
            "BeginOffset": 56,
            "EndOffset": 71,
            "Score": 0.981174886226654,
            "Text": "organising data"
        },
        {
            "BeginOffset": 74,
            "EndOffset": 81,
            "Score": 0.9987271428108215,
            "Text": "a stack"
        },
        {
            "BeginOffset": 85,
            "EndOffset": 97,
            "Score": 0.9989365935325623,
            "Text": "a collection"
        },
        {
            "BeginOffset": 101,
            "EndOffset": 106,
            "Score": 0.9836195111274719,
            "Text": "items"
        },
        {
            "BeginOffset": 118,
            "EndOffset": 131,
            "Score": 0.999714732170105,
            "Text": "the last item"
        },
        {
            "BeginOffset": 144,
            "EndOffset": 157,
            "Score": 0.9865000247955322,
            "Text": "the first one"
        },
        {
            "BeginOffset": 189,
            "EndOffset": 193,
            "Score": 0.9862962961196899,
            "Text": "LIFO"
        },
        {
            "BeginOffset": 205,
            "EndOffset": 213,
            "Score": 0.9998704791069031,
            "Text": "the idea"
        },
        {
            "BeginOffset": 217,
            "EndOffset": 224,
            "Score": 0.9991958737373352,
            "Text": "a stack"
        },
        {
            "BeginOffset": 228,
            "EndOffset": 233,
            "Score": 0.9922130703926086,
            "Text": "books"
        },
        {
            "BeginOffset": 246,
            "EndOffset": 366,
            "Score": 0.9548553228378296,
            "Text": "|      |  <- next free space \n\n|______| \n\n|  30  | \n\n|______| \n\n|  20  | \n\n|______| \n\n|  10  |  <- first added \n\n|______"
        }
    ],
    "ResponseMetadata": {
        "HTTPHeaders": {
            "content-length": "1356",
            "content-type": "application/x-amz-json-1.1",
            "date": "Thu, 28 Mar 2019 12:57:35 GMT",
            "x-amzn-requestid": "0f0fbf26-5159-11e9-b1f4-0d6fc4dbbbce"
        },
        "HTTPStatusCode": 200,
        "RequestId": "0f0fbf26-5159-11e9-b1f4-0d6fc4dbbbce",
        "RetryAttempts": 0
    }
},
{
    "Week": 11,
    "Slide": 6,
    "KeyPhrases": [
        {
            "BeginOffset": 7,
            "EndOffset": 14,
            "Score": 0.999138355255127,
            "Text": "a stack"
        },
        {
            "BeginOffset": 18,
            "EndOffset": 30,
            "Score": 0.9989579319953918,
            "Text": "a collection"
        },
        {
            "BeginOffset": 34,
            "EndOffset": 39,
            "Score": 0.9838818311691284,
            "Text": "items"
        },
        {
            "BeginOffset": 52,
            "EndOffset": 65,
            "Score": 0.9997193217277527,
            "Text": "the last item"
        },
        {
            "BeginOffset": 78,
            "EndOffset": 91,
            "Score": 0.9865021109580994,
            "Text": "the first one"
        },
        {
            "BeginOffset": 123,
            "EndOffset": 127,
            "Score": 0.9754784107208252,
            "Text": "LIFO"
        },
        {
            "BeginOffset": 130,
            "EndOffset": 159,
            "Score": 0.8147722482681274,
            "Text": "\u2026\n\nessential stack operations"
        },
        {
            "BeginOffset": 162,
            "EndOffset": 166,
            "Score": 0.4299478828907013,
            "Text": "push"
        },
        {
            "BeginOffset": 169,
            "EndOffset": 170,
            "Score": 0.5072875022888184,
            "Text": "\u2013"
        },
        {
            "BeginOffset": 175,
            "EndOffset": 183,
            "Score": 0.9990194439888,
            "Text": "new item"
        },
        {
            "BeginOffset": 194,
            "EndOffset": 197,
            "Score": 0.7040373086929321,
            "Text": "pop"
        },
        {
            "BeginOffset": 200,
            "EndOffset": 201,
            "Score": 0.4209741950035095,
            "Text": "\u2013"
        },
        {
            "BeginOffset": 209,
            "EndOffset": 217,
            "Score": 0.99846351146698,
            "Text": "top item"
        },
        {
            "BeginOffset": 223,
            "EndOffset": 257,
            "Score": 0.9563786387443542,
            "Text": "stack\n\nadditional stack operations"
        },
        {
            "BeginOffset": 260,
            "EndOffset": 263,
            "Score": 0.7526140809059143,
            "Text": "top"
        },
        {
            "BeginOffset": 266,
            "EndOffset": 267,
            "Score": 0.47526952624320984,
            "Text": "\u2013"
        },
        {
            "BeginOffset": 274,
            "EndOffset": 282,
            "Score": 0.9968907237052917,
            "Text": "top item"
        },
        {
            "BeginOffset": 306,
            "EndOffset": 310,
            "Score": 0.7833484411239624,
            "Text": "size"
        },
        {
            "BeginOffset": 313,
            "EndOffset": 321,
            "Score": 0.694656491279602,
            "Text": "\u2013 number"
        },
        {
            "BeginOffset": 325,
            "EndOffset": 330,
            "Score": 0.9977647066116333,
            "Text": "items"
        }
    ],
    "ResponseMetadata": {
        "HTTPHeaders": {
            "content-length": "1644",
            "content-type": "application/x-amz-json-1.1",
            "date": "Thu, 28 Mar 2019 12:57:35 GMT",
            "x-amzn-requestid": "0f9ce3fb-5159-11e9-88a1-7f24626c0794"
        },
        "HTTPStatusCode": 200,
        "RequestId": "0f9ce3fb-5159-11e9-88a1-7f24626c0794",
        "RetryAttempts": 0
    }
},
{
    "Week": 11,
    "Slide": 7,
    "KeyPhrases": [
        {
            "BeginOffset": 1,
            "EndOffset": 40,
            "Score": 0.9074689149856567,
            "Text": "Stack Applications\npage-visited history"
        },
        {
            "BeginOffset": 44,
            "EndOffset": 57,
            "Score": 0.87306809425354,
            "Text": "a web browser"
        },
        {
            "BeginOffset": 64,
            "EndOffset": 72,
            "Score": 0.9977243542671204,
            "Text": "sequence"
        },
        {
            "BeginOffset": 76,
            "EndOffset": 89,
            "Score": 0.9804862141609192,
            "Text": "a text editor"
        },
        {
            "BeginOffset": 104,
            "EndOffset": 121,
            "Score": 0.7497681975364685,
            "Text": "balanced brackets"
        },
        {
            "BeginOffset": 123,
            "EndOffset": 131,
            "Score": 0.698602020740509,
            "Text": "HTML tag"
        },
        {
            "BeginOffset": 142,
            "EndOffset": 149,
            "Score": 0.9194375276565552,
            "Text": "postfix"
        },
        {
            "BeginOffset": 151,
            "EndOffset": 154,
            "Score": 0.9347032308578491,
            "Text": "RPN"
        },
        {
            "BeginOffset": 156,
            "EndOffset": 173,
            "Score": 0.9327283501625061,
            "Text": "calculator\n\nchain"
        },
        {
            "BeginOffset": 177,
            "EndOffset": 191,
            "Score": 0.9162381291389465,
            "Text": "function calls"
        }
    ],
    "ResponseMetadata": {
        "HTTPHeaders": {
            "content-length": "876",
            "content-type": "application/x-amz-json-1.1",
            "date": "Thu, 28 Mar 2019 12:57:37 GMT",
            "x-amzn-requestid": "1027977b-5159-11e9-a4ee-c948411f9c0e"
        },
        "HTTPStatusCode": 200,
        "RequestId": "1027977b-5159-11e9-a4ee-c948411f9c0e",
        "RetryAttempts": 0
    }
},
{
    "Week": 11,
    "Slide": 8,
    "KeyPhrases": [
        {
            "BeginOffset": 14,
            "EndOffset": 21,
            "Score": 0.9901016354560852,
            "Text": "a Stack"
        },
        {
            "BeginOffset": 32,
            "EndOffset": 54,
            "Score": 0.9966725707054138,
            "Text": "several different ways"
        },
        {
            "BeginOffset": 72,
            "EndOffset": 79,
            "Score": 0.9950646162033081,
            "Text": "a stack"
        },
        {
            "BeginOffset": 83,
            "EndOffset": 86,
            "Score": 0.8716392517089844,
            "Text": "aka"
        },
        {
            "BeginOffset": 102,
            "EndOffset": 112,
            "Score": 0.9958428740501404,
            "Text": "the C code"
        },
        {
            "BeginOffset": 121,
            "EndOffset": 128,
            "Score": 0.9958827495574951,
            "Text": "a stack"
        },
        {
            "BeginOffset": 137,
            "EndOffset": 145,
            "Score": 0.9990549683570862,
            "Text": "an array"
        },
        {
            "BeginOffset": 153,
            "EndOffset": 166,
            "Score": 0.9880110025405884,
            "Text": "a linked list"
        }
    ],
    "ResponseMetadata": {
        "HTTPHeaders": {
            "content-length": "669",
            "content-type": "application/x-amz-json-1.1",
            "date": "Thu, 28 Mar 2019 12:57:38 GMT",
            "x-amzn-requestid": "10b001b4-5159-11e9-9ee0-d7b69e2c846a"
        },
        "HTTPStatusCode": 200,
        "RequestId": "10b001b4-5159-11e9-9ee0-d7b69e2c846a",
        "RetryAttempts": 0
    }
},
{
    "Week": 11,
    "Slide": 9,
    "KeyPhrases": [
        {
            "BeginOffset": 14,
            "EndOffset": 21,
            "Score": 0.9968629479408264,
            "Text": "a Stack"
        },
        {
            "BeginOffset": 27,
            "EndOffset": 35,
            "Score": 0.9943069219589233,
            "Text": "an Array"
        },
        {
            "BeginOffset": 47,
            "EndOffset": 55,
            "Score": 0.9996703863143921,
            "Text": "an array"
        },
        {
            "BeginOffset": 65,
            "EndOffset": 74,
            "Score": 0.994629979133606,
            "Text": "the stack"
        },
        {
            "BeginOffset": 88,
            "EndOffset": 93,
            "Score": 0.9968032836914062,
            "Text": "track"
        },
        {
            "BeginOffset": 118,
            "EndOffset": 127,
            "Score": 0.7655537724494934,
            "Text": "the array"
        },
        {
            "BeginOffset": 129,
            "EndOffset": 151,
            "Score": 0.8237245678901672,
            "Text": "struct stack_internals"
        },
        {
            "BeginOffset": 160,
            "EndOffset": 169,
            "Score": 0.7315150499343872,
            "Text": "int array"
        },
        {
            "BeginOffset": 170,
            "EndOffset": 179,
            "Score": 0.9204141497612,
            "Text": "MAX_SIZE]"
        },
        {
            "BeginOffset": 190,
            "EndOffset": 200,
            "Score": 0.8895086050033569,
            "Text": "the values"
        },
        {
            "BeginOffset": 211,
            "EndOffset": 229,
            "Score": 0.7407609820365906,
            "Text": "upto; // the index"
        },
        {
            "BeginOffset": 233,
            "EndOffset": 251,
            "Score": 0.998825192451477,
            "Text": "the next free slot"
        },
        {
            "BeginOffset": 284,
            "EndOffset": 293,
            "Score": 0.9911976456642151,
            "Text": "the array"
        }
    ],
    "ResponseMetadata": {
        "HTTPHeaders": {
            "content-length": "1091",
            "content-type": "application/x-amz-json-1.1",
            "date": "Thu, 28 Mar 2019 12:57:38 GMT",
            "x-amzn-requestid": "1139f19c-5159-11e9-902b-adbe1c0e68b7"
        },
        "HTTPStatusCode": 200,
        "RequestId": "1139f19c-5159-11e9-902b-adbe1c0e68b7",
        "RetryAttempts": 0
    }
},
{
    "Week": 11,
    "Slide": 10,
    "KeyPhrases": [
        {
            "BeginOffset": 14,
            "EndOffset": 21,
            "Score": 0.9968629479408264,
            "Text": "a Stack"
        },
        {
            "BeginOffset": 27,
            "EndOffset": 35,
            "Score": 0.9943069219589233,
            "Text": "an Array"
        },
        {
            "BeginOffset": 47,
            "EndOffset": 55,
            "Score": 0.9996703863143921,
            "Text": "an array"
        },
        {
            "BeginOffset": 65,
            "EndOffset": 74,
            "Score": 0.994629979133606,
            "Text": "the stack"
        },
        {
            "BeginOffset": 88,
            "EndOffset": 93,
            "Score": 0.9968032836914062,
            "Text": "track"
        },
        {
            "BeginOffset": 118,
            "EndOffset": 133,
            "Score": 0.9053923487663269,
            "Text": "the array\n\npush"
        },
        {
            "BeginOffset": 134,
            "EndOffset": 135,
            "Score": 0.9741240739822388,
            "Text": "3"
        },
        {
            "BeginOffset": 150,
            "EndOffset": 171,
            "Score": 0.9033982157707214,
            "Text": "[3][ ][ ][ ][ ][ ][ ]"
        }
    ],
    "ResponseMetadata": {
        "HTTPHeaders": {
            "content-length": "665",
            "content-type": "application/x-amz-json-1.1",
            "date": "Thu, 28 Mar 2019 12:57:40 GMT",
            "x-amzn-requestid": "11cfc902-5159-11e9-a1f4-5925745f18c1"
        },
        "HTTPStatusCode": 200,
        "RequestId": "11cfc902-5159-11e9-a1f4-5925745f18c1",
        "RetryAttempts": 0
    }
},
{
    "Week": 11,
    "Slide": 11,
    "KeyPhrases": [
        {
            "BeginOffset": 14,
            "EndOffset": 21,
            "Score": 0.9968629479408264,
            "Text": "a Stack"
        },
        {
            "BeginOffset": 27,
            "EndOffset": 35,
            "Score": 0.9943069219589233,
            "Text": "an Array"
        },
        {
            "BeginOffset": 47,
            "EndOffset": 55,
            "Score": 0.9996703863143921,
            "Text": "an array"
        },
        {
            "BeginOffset": 65,
            "EndOffset": 74,
            "Score": 0.994629979133606,
            "Text": "the stack"
        },
        {
            "BeginOffset": 88,
            "EndOffset": 93,
            "Score": 0.9968032836914062,
            "Text": "track"
        },
        {
            "BeginOffset": 118,
            "EndOffset": 133,
            "Score": 0.9053276777267456,
            "Text": "the array\n\npush"
        },
        {
            "BeginOffset": 134,
            "EndOffset": 135,
            "Score": 0.9758386015892029,
            "Text": "3"
        },
        {
            "BeginOffset": 144,
            "EndOffset": 145,
            "Score": 0.9912375211715698,
            "Text": "1"
        },
        {
            "BeginOffset": 156,
            "EndOffset": 177,
            "Score": 0.848609447479248,
            "Text": "[3][1][ ][ ][ ][ ][ ]"
        }
    ],
    "ResponseMetadata": {
        "HTTPHeaders": {
            "content-length": "738",
            "content-type": "application/x-amz-json-1.1",
            "date": "Thu, 28 Mar 2019 12:57:40 GMT",
            "x-amzn-requestid": "126e7aa8-5159-11e9-8eba-154ad056dc4d"
        },
        "HTTPStatusCode": 200,
        "RequestId": "126e7aa8-5159-11e9-8eba-154ad056dc4d",
        "RetryAttempts": 0
    }
},
{
    "Week": 11,
    "Slide": 12,
    "KeyPhrases": [
        {
            "BeginOffset": 14,
            "EndOffset": 21,
            "Score": 0.9968629479408264,
            "Text": "a Stack"
        },
        {
            "BeginOffset": 27,
            "EndOffset": 35,
            "Score": 0.9943069219589233,
            "Text": "an Array"
        },
        {
            "BeginOffset": 47,
            "EndOffset": 55,
            "Score": 0.9996703863143921,
            "Text": "an array"
        },
        {
            "BeginOffset": 65,
            "EndOffset": 74,
            "Score": 0.994629979133606,
            "Text": "the stack"
        },
        {
            "BeginOffset": 88,
            "EndOffset": 93,
            "Score": 0.9968032836914062,
            "Text": "track"
        },
        {
            "BeginOffset": 118,
            "EndOffset": 133,
            "Score": 0.9053276777267456,
            "Text": "the array\n\npush"
        },
        {
            "BeginOffset": 134,
            "EndOffset": 135,
            "Score": 0.9758386015892029,
            "Text": "3"
        },
        {
            "BeginOffset": 144,
            "EndOffset": 145,
            "Score": 0.9916253685951233,
            "Text": "1"
        },
        {
            "BeginOffset": 154,
            "EndOffset": 155,
            "Score": 0.9876403212547302,
            "Text": "4"
        },
        {
            "BeginOffset": 162,
            "EndOffset": 183,
            "Score": 0.8330785036087036,
            "Text": "[3][1][4][ ][ ][ ][ ]"
        }
    ],
    "ResponseMetadata": {
        "HTTPHeaders": {
            "content-length": "813",
            "content-type": "application/x-amz-json-1.1",
            "date": "Thu, 28 Mar 2019 12:57:41 GMT",
            "x-amzn-requestid": "130dc750-5159-11e9-845e-7f0c2f11cc2d"
        },
        "HTTPStatusCode": 200,
        "RequestId": "130dc750-5159-11e9-845e-7f0c2f11cc2d",
        "RetryAttempts": 0
    }
},
{
    "Week": 11,
    "Slide": 13,
    "KeyPhrases": [
        {
            "BeginOffset": 14,
            "EndOffset": 21,
            "Score": 0.9968629479408264,
            "Text": "a Stack"
        },
        {
            "BeginOffset": 27,
            "EndOffset": 35,
            "Score": 0.9943069219589233,
            "Text": "an Array"
        },
        {
            "BeginOffset": 47,
            "EndOffset": 55,
            "Score": 0.9996703863143921,
            "Text": "an array"
        },
        {
            "BeginOffset": 65,
            "EndOffset": 74,
            "Score": 0.994629979133606,
            "Text": "the stack"
        },
        {
            "BeginOffset": 88,
            "EndOffset": 93,
            "Score": 0.9968032836914062,
            "Text": "track"
        },
        {
            "BeginOffset": 118,
            "EndOffset": 133,
            "Score": 0.9053276777267456,
            "Text": "the array\n\npush"
        },
        {
            "BeginOffset": 134,
            "EndOffset": 135,
            "Score": 0.9758386015892029,
            "Text": "3"
        },
        {
            "BeginOffset": 144,
            "EndOffset": 145,
            "Score": 0.9916253685951233,
            "Text": "1"
        },
        {
            "BeginOffset": 154,
            "EndOffset": 155,
            "Score": 0.980005145072937,
            "Text": "4"
        },
        {
            "BeginOffset": 168,
            "EndOffset": 175,
            "Score": 0.6166127920150757,
            "Text": "returns"
        },
        {
            "BeginOffset": 176,
            "EndOffset": 200,
            "Score": 0.8145297169685364,
            "Text": "4\n\n[3][1][ ][ ][ ][ ][ ]"
        }
    ],
    "ResponseMetadata": {
        "HTTPHeaders": {
            "content-length": "897",
            "content-type": "application/x-amz-json-1.1",
            "date": "Thu, 28 Mar 2019 12:57:43 GMT",
            "x-amzn-requestid": "13bd19db-5159-11e9-b1f4-0d6fc4dbbbce"
        },
        "HTTPStatusCode": 200,
        "RequestId": "13bd19db-5159-11e9-b1f4-0d6fc4dbbbce",
        "RetryAttempts": 0
    }
},
{
    "Week": 11,
    "Slide": 14,
    "KeyPhrases": [
        {
            "BeginOffset": 14,
            "EndOffset": 21,
            "Score": 0.9968629479408264,
            "Text": "a Stack"
        },
        {
            "BeginOffset": 27,
            "EndOffset": 35,
            "Score": 0.9943069219589233,
            "Text": "an Array"
        },
        {
            "BeginOffset": 47,
            "EndOffset": 55,
            "Score": 0.9996703863143921,
            "Text": "an array"
        },
        {
            "BeginOffset": 65,
            "EndOffset": 74,
            "Score": 0.994629979133606,
            "Text": "the stack"
        },
        {
            "BeginOffset": 88,
            "EndOffset": 93,
            "Score": 0.9968032836914062,
            "Text": "track"
        },
        {
            "BeginOffset": 118,
            "EndOffset": 127,
            "Score": 0.8422921299934387,
            "Text": "the array"
        },
        {
            "BeginOffset": 139,
            "EndOffset": 175,
            "Score": 0.8187965154647827,
            "Text": "a stack \n\nstruct stack_internals s ="
        },
        {
            "BeginOffset": 177,
            "EndOffset": 178,
            "Score": 0.499413400888443,
            "Text": "0"
        },
        {
            "BeginOffset": 184,
            "EndOffset": 194,
            "Score": 0.4995262920856476,
            "Text": "initialise"
        },
        {
            "BeginOffset": 198,
            "EndOffset": 215,
            "Score": 0.8888281583786011,
            "Text": "0 \n\n \n\n// pushing"
        },
        {
            "BeginOffset": 217,
            "EndOffset": 218,
            "Score": 0.9370479583740234,
            "Text": "5"
        },
        {
            "BeginOffset": 223,
            "EndOffset": 236,
            "Score": 0.924813449382782,
            "Text": "the stack \n\ns"
        },
        {
            "BeginOffset": 237,
            "EndOffset": 242,
            "Score": 0.3976816236972809,
            "Text": "array"
        },
        {
            "BeginOffset": 245,
            "EndOffset": 250,
            "Score": 0.7367692589759827,
            "Text": "upto]"
        },
        {
            "BeginOffset": 253,
            "EndOffset": 254,
            "Score": 0.9370008707046509,
            "Text": "5"
        },
        {
            "BeginOffset": 289,
            "EndOffset": 302,
            "Score": 0.9786655306816101,
            "Text": "the stack \n\ns"
        },
        {
            "BeginOffset": 313,
            "EndOffset": 322,
            "Score": 0.8955421447753906,
            "Text": "int value"
        },
        {
            "BeginOffset": 325,
            "EndOffset": 332,
            "Score": 0.6418208479881287,
            "Text": "s.array"
        },
        {
            "BeginOffset": 335,
            "EndOffset": 340,
            "Score": 0.6796416640281677,
            "Text": "upto]"
        }
    ],
    "ResponseMetadata": {
        "HTTPHeaders": {
            "content-length": "1569",
            "content-type": "application/x-amz-json-1.1",
            "date": "Thu, 28 Mar 2019 12:57:44 GMT",
            "x-amzn-requestid": "147c4b8a-5159-11e9-845e-7f0c2f11cc2d"
        },
        "HTTPStatusCode": 200,
        "RequestId": "147c4b8a-5159-11e9-845e-7f0c2f11cc2d",
        "RetryAttempts": 0
    }
},
{
    "Week": 11,
    "Slide": 15,
    "KeyPhrases": [
        {
            "BeginOffset": 14,
            "EndOffset": 21,
            "Score": 0.9968897700309753,
            "Text": "a Stack"
        },
        {
            "BeginOffset": 27,
            "EndOffset": 40,
            "Score": 0.993822455406189,
            "Text": "a Linked List"
        },
        {
            "BeginOffset": 41,
            "EndOffset": 48,
            "Score": 0.9996333122253418,
            "Text": "a stack"
        },
        {
            "BeginOffset": 74,
            "EndOffset": 87,
            "Score": 0.9984443783760071,
            "Text": "a linked list"
        },
        {
            "BeginOffset": 117,
            "EndOffset": 149,
            "Score": 0.9149829149246216,
            "Text": "the head\n\nstruct stack_internals"
        },
        {
            "BeginOffset": 158,
            "EndOffset": 169,
            "Score": 0.8503937125205994,
            "Text": "struct node"
        },
        {
            "BeginOffset": 171,
            "EndOffset": 175,
            "Score": 0.588219165802002,
            "Text": "head"
        },
        {
            "BeginOffset": 183,
            "EndOffset": 187,
            "Score": 0.6979727149009705,
            "Text": "push"
        },
        {
            "BeginOffset": 188,
            "EndOffset": 189,
            "Score": 0.9832918047904968,
            "Text": "3"
        },
        {
            "BeginOffset": 205,
            "EndOffset": 206,
            "Score": 0.9298799633979797,
            "Text": "3"
        }
    ],
    "ResponseMetadata": {
        "HTTPHeaders": {
            "content-length": "831",
            "content-type": "application/x-amz-json-1.1",
            "date": "Thu, 28 Mar 2019 12:57:45 GMT",
            "x-amzn-requestid": "152b9e6b-5159-11e9-845e-7f0c2f11cc2d"
        },
        "HTTPStatusCode": 200,
        "RequestId": "152b9e6b-5159-11e9-845e-7f0c2f11cc2d",
        "RetryAttempts": 0
    }
},
{
    "Week": 11,
    "Slide": 16,
    "KeyPhrases": [
        {
            "BeginOffset": 14,
            "EndOffset": 21,
            "Score": 0.9968897700309753,
            "Text": "a Stack"
        },
        {
            "BeginOffset": 27,
            "EndOffset": 40,
            "Score": 0.993822455406189,
            "Text": "a Linked List"
        },
        {
            "BeginOffset": 41,
            "EndOffset": 48,
            "Score": 0.9996333122253418,
            "Text": "a stack"
        },
        {
            "BeginOffset": 74,
            "EndOffset": 87,
            "Score": 0.9984443783760071,
            "Text": "a linked list"
        },
        {
            "BeginOffset": 117,
            "EndOffset": 149,
            "Score": 0.9149829149246216,
            "Text": "the head\n\nstruct stack_internals"
        },
        {
            "BeginOffset": 158,
            "EndOffset": 169,
            "Score": 0.8503937125205994,
            "Text": "struct node"
        },
        {
            "BeginOffset": 171,
            "EndOffset": 175,
            "Score": 0.588219165802002,
            "Text": "head"
        },
        {
            "BeginOffset": 183,
            "EndOffset": 187,
            "Score": 0.6542870402336121,
            "Text": "push"
        },
        {
            "BeginOffset": 188,
            "EndOffset": 189,
            "Score": 0.9832617044448853,
            "Text": "3"
        },
        {
            "BeginOffset": 198,
            "EndOffset": 199,
            "Score": 0.9914002418518066,
            "Text": "1"
        },
        {
            "BeginOffset": 211,
            "EndOffset": 212,
            "Score": 0.97098708152771,
            "Text": "1"
        },
        {
            "BeginOffset": 218,
            "EndOffset": 219,
            "Score": 0.9470444321632385,
            "Text": "3"
        }
    ],
    "ResponseMetadata": {
        "HTTPHeaders": {
            "content-length": "977",
            "content-type": "application/x-amz-json-1.1",
            "date": "Thu, 28 Mar 2019 12:57:46 GMT",
            "x-amzn-requestid": "15daf0e2-5159-11e9-9ee0-d7b69e2c846a"
        },
        "HTTPStatusCode": 200,
        "RequestId": "15daf0e2-5159-11e9-9ee0-d7b69e2c846a",
        "RetryAttempts": 0
    }
},
{
    "Week": 11,
    "Slide": 17,
    "KeyPhrases": [
        {
            "BeginOffset": 14,
            "EndOffset": 21,
            "Score": 0.9968897700309753,
            "Text": "a Stack"
        },
        {
            "BeginOffset": 27,
            "EndOffset": 40,
            "Score": 0.993822455406189,
            "Text": "a Linked List"
        },
        {
            "BeginOffset": 41,
            "EndOffset": 48,
            "Score": 0.9996333122253418,
            "Text": "a stack"
        },
        {
            "BeginOffset": 74,
            "EndOffset": 87,
            "Score": 0.9984443783760071,
            "Text": "a linked list"
        },
        {
            "BeginOffset": 117,
            "EndOffset": 149,
            "Score": 0.9149829149246216,
            "Text": "the head\n\nstruct stack_internals"
        },
        {
            "BeginOffset": 158,
            "EndOffset": 169,
            "Score": 0.8503937125205994,
            "Text": "struct node"
        },
        {
            "BeginOffset": 171,
            "EndOffset": 175,
            "Score": 0.588219165802002,
            "Text": "head"
        },
        {
            "BeginOffset": 183,
            "EndOffset": 187,
            "Score": 0.6542870402336121,
            "Text": "push"
        },
        {
            "BeginOffset": 188,
            "EndOffset": 189,
            "Score": 0.9832617044448853,
            "Text": "3"
        },
        {
            "BeginOffset": 198,
            "EndOffset": 199,
            "Score": 0.9913778305053711,
            "Text": "1"
        },
        {
            "BeginOffset": 208,
            "EndOffset": 209,
            "Score": 0.9837660789489746,
            "Text": "4"
        },
        {
            "BeginOffset": 217,
            "EndOffset": 218,
            "Score": 0.9088692665100098,
            "Text": "4"
        },
        {
            "BeginOffset": 224,
            "EndOffset": 225,
            "Score": 0.971085786819458,
            "Text": "1"
        },
        {
            "BeginOffset": 231,
            "EndOffset": 232,
            "Score": 0.9560443162918091,
            "Text": "3"
        }
    ],
    "ResponseMetadata": {
        "HTTPHeaders": {
            "content-length": "1126",
            "content-type": "application/x-amz-json-1.1",
            "date": "Thu, 28 Mar 2019 12:57:47 GMT",
            "x-amzn-requestid": "168a6aa1-5159-11e9-9067-a580ee7ec557"
        },
        "HTTPStatusCode": 200,
        "RequestId": "168a6aa1-5159-11e9-9067-a580ee7ec557",
        "RetryAttempts": 0
    }
},
{
    "Week": 11,
    "Slide": 18,
    "KeyPhrases": [
        {
            "BeginOffset": 14,
            "EndOffset": 21,
            "Score": 0.9968897700309753,
            "Text": "a Stack"
        },
        {
            "BeginOffset": 27,
            "EndOffset": 40,
            "Score": 0.993822455406189,
            "Text": "a Linked List"
        },
        {
            "BeginOffset": 41,
            "EndOffset": 48,
            "Score": 0.9996333122253418,
            "Text": "a stack"
        },
        {
            "BeginOffset": 74,
            "EndOffset": 87,
            "Score": 0.9984443783760071,
            "Text": "a linked list"
        },
        {
            "BeginOffset": 117,
            "EndOffset": 149,
            "Score": 0.9149829149246216,
            "Text": "the head\n\nstruct stack_internals"
        },
        {
            "BeginOffset": 158,
            "EndOffset": 169,
            "Score": 0.8503937125205994,
            "Text": "struct node"
        },
        {
            "BeginOffset": 171,
            "EndOffset": 175,
            "Score": 0.588219165802002,
            "Text": "head"
        },
        {
            "BeginOffset": 183,
            "EndOffset": 187,
            "Score": 0.6542870402336121,
            "Text": "push"
        },
        {
            "BeginOffset": 188,
            "EndOffset": 189,
            "Score": 0.9832617044448853,
            "Text": "3"
        },
        {
            "BeginOffset": 198,
            "EndOffset": 199,
            "Score": 0.9913778305053711,
            "Text": "1"
        },
        {
            "BeginOffset": 208,
            "EndOffset": 209,
            "Score": 0.9798344969749451,
            "Text": "4"
        },
        {
            "BeginOffset": 222,
            "EndOffset": 229,
            "Score": 0.5089886784553528,
            "Text": "returns"
        },
        {
            "BeginOffset": 230,
            "EndOffset": 231,
            "Score": 0.7254906296730042,
            "Text": "4"
        },
        {
            "BeginOffset": 234,
            "EndOffset": 235,
            "Score": 0.9810341596603394,
            "Text": "1"
        },
        {
            "BeginOffset": 241,
            "EndOffset": 242,
            "Score": 0.9557193517684937,
            "Text": "3"
        }
    ],
    "ResponseMetadata": {
        "HTTPHeaders": {
            "content-length": "1207",
            "content-type": "application/x-amz-json-1.1",
            "date": "Thu, 28 Mar 2019 12:57:48 GMT",
            "x-amzn-requestid": "173996f0-5159-11e9-902b-adbe1c0e68b7"
        },
        "HTTPStatusCode": 200,
        "RequestId": "173996f0-5159-11e9-902b-adbe1c0e68b7",
        "RetryAttempts": 0
    }
},
{
    "Week": 11,
    "Slide": 19,
    "KeyPhrases": [
        {
            "BeginOffset": 14,
            "EndOffset": 21,
            "Score": 0.9968897700309753,
            "Text": "a Stack"
        },
        {
            "BeginOffset": 27,
            "EndOffset": 40,
            "Score": 0.993822455406189,
            "Text": "a Linked List"
        },
        {
            "BeginOffset": 41,
            "EndOffset": 48,
            "Score": 0.9996333122253418,
            "Text": "a stack"
        },
        {
            "BeginOffset": 74,
            "EndOffset": 87,
            "Score": 0.9984443783760071,
            "Text": "a linked list"
        },
        {
            "BeginOffset": 117,
            "EndOffset": 136,
            "Score": 0.8800688982009888,
            "Text": "the head\n\n// making"
        },
        {
            "BeginOffset": 137,
            "EndOffset": 173,
            "Score": 0.8177007436752319,
            "Text": "a stack \n\nstruct stack_internals s ="
        },
        {
            "BeginOffset": 175,
            "EndOffset": 176,
            "Score": 0.5143373012542725,
            "Text": "0"
        },
        {
            "BeginOffset": 182,
            "EndOffset": 192,
            "Score": 0.503044605255127,
            "Text": "initialise"
        },
        {
            "BeginOffset": 196,
            "EndOffset": 213,
            "Score": 0.8889757990837097,
            "Text": "0 \n\n \n\n// pushing"
        },
        {
            "BeginOffset": 215,
            "EndOffset": 216,
            "Score": 0.9371345639228821,
            "Text": "5"
        },
        {
            "BeginOffset": 221,
            "EndOffset": 244,
            "Score": 0.9074382185935974,
            "Text": "the stack \n\nstruct node"
        },
        {
            "BeginOffset": 262,
            "EndOffset": 263,
            "Score": 0.9471619725227356,
            "Text": "5"
        },
        {
            "BeginOffset": 274,
            "EndOffset": 291,
            "Score": 0.9191491007804871,
            "Text": "a new node \n\nnode"
        },
        {
            "BeginOffset": 302,
            "EndOffset": 306,
            "Score": 0.4833642542362213,
            "Text": "head"
        },
        {
            "BeginOffset": 322,
            "EndOffset": 327,
            "Score": 0.9974489808082581,
            "Text": "start"
        },
        {
            "BeginOffset": 331,
            "EndOffset": 339,
            "Score": 0.8712131977081299,
            "Text": "list \n\ns"
        },
        {
            "BeginOffset": 345,
            "EndOffset": 351,
            "Score": 0.6858944296836853,
            "Text": "= node"
        },
        {
            "BeginOffset": 353,
            "EndOffset": 367,
            "Score": 0.6977437734603882,
            "Text": "// update list"
        },
        {
            "BeginOffset": 403,
            "EndOffset": 424,
            "Score": 0.9127861857414246,
            "Text": "the stack \n\nint value"
        },
        {
            "BeginOffset": 427,
            "EndOffset": 440,
            "Score": 0.8582170009613037,
            "Text": "s->head->data"
        },
        {
            "BeginOffset": 444,
            "EndOffset": 455,
            "Score": 0.8967451453208923,
            "Text": "struct node"
        },
        {
            "BeginOffset": 457,
            "EndOffset": 464,
            "Score": 0.6240397095680237,
            "Text": "tmp = s"
        },
        {
            "BeginOffset": 465,
            "EndOffset": 470,
            "Score": 0.8501765131950378,
            "Text": ">head"
        },
        {
            "BeginOffset": 480,
            "EndOffset": 485,
            "Score": 0.9227175712585449,
            "Text": "track"
        },
        {
            "BeginOffset": 508,
            "EndOffset": 513,
            "Score": 0.6214752197265625,
            "Text": ">head"
        },
        {
            "BeginOffset": 516,
            "EndOffset": 523,
            "Score": 0.7663180232048035,
            "Text": "s->head"
        },
        {
            "BeginOffset": 531,
            "EndOffset": 545,
            "Score": 0.7233421802520752,
            "Text": "// update list"
        },
        {
            "BeginOffset": 559,
            "EndOffset": 562,
            "Score": 0.8366520404815674,
            "Text": "tmp"
        }
    ],
    "ResponseMetadata": {
        "HTTPHeaders": {
            "content-length": "2359",
            "content-type": "application/x-amz-json-1.1",
            "date": "Thu, 28 Mar 2019 12:57:50 GMT",
            "x-amzn-requestid": "17e9382e-5159-11e9-a698-9b1a515702e6"
        },
        "HTTPStatusCode": 200,
        "RequestId": "17e9382e-5159-11e9-a698-9b1a515702e6",
        "RetryAttempts": 0
    }
},
{
    "Week": 11,
    "Slide": 20,
    "KeyPhrases": [
        {
            "BeginOffset": 7,
            "EndOffset": 14,
            "Score": 0.9837526082992554,
            "Text": "a Stack"
        },
        {
            "BeginOffset": 36,
            "EndOffset": 49,
            "Score": 0.9988778233528137,
            "Text": "these methods"
        },
        {
            "BeginOffset": 63,
            "EndOffset": 70,
            "Score": 0.996541440486908,
            "Text": "a stack"
        },
        {
            "BeginOffset": 77,
            "EndOffset": 93,
            "Score": 0.8015077710151672,
            "Text": "another approach"
        },
        {
            "BeginOffset": 105,
            "EndOffset": 109,
            "Score": 0.9914098381996155,
            "Text": "code"
        },
        {
            "BeginOffset": 123,
            "EndOffset": 130,
            "Score": 0.9993322491645813,
            "Text": "a stack"
        },
        {
            "BeginOffset": 149,
            "EndOffset": 156,
            "Score": 0.9978649616241455,
            "Text": "a stack"
        }
    ],
    "ResponseMetadata": {
        "HTTPHeaders": {
            "content-length": "578",
            "content-type": "application/x-amz-json-1.1",
            "date": "Thu, 28 Mar 2019 12:57:51 GMT",
            "x-amzn-requestid": "18885daa-5159-11e9-9067-a580ee7ec557"
        },
        "HTTPStatusCode": 200,
        "RequestId": "18885daa-5159-11e9-9067-a580ee7ec557",
        "RetryAttempts": 0
    }
},
{
    "Week": 11,
    "Slide": 21,
    "KeyPhrases": [
        {
            "BeginOffset": 14,
            "EndOffset": 33,
            "Score": 0.9657997488975525,
            "Text": "the \nimplementation"
        }
    ],
    "ResponseMetadata": {
        "HTTPHeaders": {
            "content-length": "107",
            "content-type": "application/x-amz-json-1.1",
            "date": "Thu, 28 Mar 2019 12:57:52 GMT",
            "x-amzn-requestid": "19579493-5159-11e9-a4ee-c948411f9c0e"
        },
        "HTTPStatusCode": 200,
        "RequestId": "19579493-5159-11e9-a4ee-c948411f9c0e",
        "RetryAttempts": 0
    }
},
{
    "Week": 11,
    "Slide": 22,
    "KeyPhrases": [
        {
            "BeginOffset": 1,
            "EndOffset": 9,
            "Score": 0.8361716866493225,
            "Text": "an aside"
        },
        {
            "BeginOffset": 11,
            "EndOffset": 15,
            "Score": 0.8589016199111938,
            "Text": "USBs"
        },
        {
            "BeginOffset": 21,
            "EndOffset": 22,
            "Score": 0.4043368399143219,
            "Text": "\u2026"
        }
    ],
    "ResponseMetadata": {
        "HTTPHeaders": {
            "content-length": "242",
            "content-type": "application/x-amz-json-1.1",
            "date": "Thu, 28 Mar 2019 12:57:53 GMT",
            "x-amzn-requestid": "1a01906b-5159-11e9-9067-a580ee7ec557"
        },
        "HTTPStatusCode": 200,
        "RequestId": "1a01906b-5159-11e9-9067-a580ee7ec557",
        "RetryAttempts": 0
    }
},
{
    "Week": 11,
    "Slide": 23,
    "KeyPhrases": [
        {
            "BeginOffset": 1,
            "EndOffset": 45,
            "Score": 0.8329588770866394,
            "Text": "Concrete vs Abstract\n\nstruct stack_internals"
        },
        {
            "BeginOffset": 67,
            "EndOffset": 73,
            "Score": 0.9981299638748169,
            "Text": "a type"
        },
        {
            "BeginOffset": 93,
            "EndOffset": 99,
            "Score": 0.998415470123291,
            "Text": "a user"
        },
        {
            "BeginOffset": 103,
            "EndOffset": 112,
            "Score": 0.9920035004615784,
            "Text": "that type"
        },
        {
            "BeginOffset": 117,
            "EndOffset": 126,
            "Score": 0.9980649352073669,
            "Text": "knowledge"
        },
        {
            "BeginOffset": 144,
            "EndOffset": 150,
            "Score": 0.9994370341300964,
            "Text": "a type"
        },
        {
            "BeginOffset": 170,
            "EndOffset": 176,
            "Score": 0.9998804330825806,
            "Text": "a user"
        },
        {
            "BeginOffset": 181,
            "EndOffset": 193,
            "Score": 0.9996627569198608,
            "Text": "no knowledge"
        }
    ],
    "ResponseMetadata": {
        "HTTPHeaders": {
            "content-length": "692",
            "content-type": "application/x-amz-json-1.1",
            "date": "Thu, 28 Mar 2019 12:57:54 GMT",
            "x-amzn-requestid": "1aa60de0-5159-11e9-9ee0-d7b69e2c846a"
        },
        "HTTPStatusCode": 200,
        "RequestId": "1aa60de0-5159-11e9-9ee0-d7b69e2c846a",
        "RetryAttempts": 0
    }
},
{
    "Week": 11,
    "Slide": 24,
    "KeyPhrases": [
        {
            "BeginOffset": 1,
            "EndOffset": 45,
            "Score": 0.8329588770866394,
            "Text": "Concrete vs Abstract\n\nstruct stack_internals"
        },
        {
            "BeginOffset": 67,
            "EndOffset": 82,
            "Score": 0.9972689747810364,
            "Text": "a concrete type"
        },
        {
            "BeginOffset": 116,
            "EndOffset": 124,
            "Score": 0.9995017051696777,
            "Text": "the type"
        }
    ],
    "ResponseMetadata": {
        "HTTPHeaders": {
            "content-length": "299",
            "content-type": "application/x-amz-json-1.1",
            "date": "Thu, 28 Mar 2019 12:57:56 GMT",
            "x-amzn-requestid": "1b55876a-5159-11e9-99c9-7369baa4d582"
        },
        "HTTPStatusCode": 200,
        "RequestId": "1b55876a-5159-11e9-99c9-7369baa4d582",
        "RetryAttempts": 0
    }
},
{
    "Week": 11,
    "Slide": 25,
    "KeyPhrases": [
        {
            "BeginOffset": 1,
            "EndOffset": 21,
            "Score": 0.9202916026115417,
            "Text": "Concrete vs Abstract"
        },
        {
            "BeginOffset": 40,
            "EndOffset": 51,
            "Score": 0.9992412328720093,
            "Text": "the insides"
        },
        {
            "BeginOffset": 55,
            "EndOffset": 63,
            "Score": 0.9993528723716736,
            "Text": "the type"
        },
        {
            "BeginOffset": 83,
            "EndOffset": 99,
            "Score": 0.9988449215888977,
            "Text": "current software"
        },
        {
            "BeginOffset": 149,
            "EndOffset": 170,
            "Score": 0.9863424301147461,
            "Text": "stack implementations"
        },
        {
            "BeginOffset": 173,
            "EndOffset": 186,
            "Score": 0.7875498533248901,
            "Text": "array vs list"
        }
    ],
    "ResponseMetadata": {
        "HTTPHeaders": {
            "content-length": "534",
            "content-type": "application/x-amz-json-1.1",
            "date": "Thu, 28 Mar 2019 12:57:57 GMT",
            "x-amzn-requestid": "1c24e5dc-5159-11e9-9067-a580ee7ec557"
        },
        "HTTPStatusCode": 200,
        "RequestId": "1c24e5dc-5159-11e9-9067-a580ee7ec557",
        "RetryAttempts": 0
    }
},
{
    "Week": 11,
    "Slide": 26,
    "KeyPhrases": [
        {
            "BeginOffset": 1,
            "EndOffset": 12,
            "Score": 0.36035850644111633,
            "Text": "Abstraction"
        },
        {
            "BeginOffset": 13,
            "EndOffset": 27,
            "Score": 0.971997082233429,
            "Text": "our old friend"
        },
        {
            "BeginOffset": 29,
            "EndOffset": 55,
            "Score": 0.7213659286499023,
            "Text": "abstraction\n\nuse functions"
        },
        {
            "BeginOffset": 73,
            "EndOffset": 82,
            "Score": 0.9891318678855896,
            "Text": "the stack"
        },
        {
            "BeginOffset": 85,
            "EndOffset": 99,
            "Score": 0.7744672894477844,
            "Text": "push \npop \netc"
        },
        {
            "BeginOffset": 128,
            "EndOffset": 146,
            "Score": 0.9975525736808777,
            "Text": "the implementation"
        },
        {
            "BeginOffset": 152,
            "EndOffset": 153,
            "Score": 0.36922532320022583,
            "Text": "\u2026"
        },
        {
            "BeginOffset": 165,
            "EndOffset": 178,
            "Score": 0.9996304512023926,
            "Text": "the interface"
        }
    ],
    "ResponseMetadata": {
        "HTTPHeaders": {
            "content-length": "702",
            "content-type": "application/x-amz-json-1.1",
            "date": "Thu, 28 Mar 2019 12:57:58 GMT",
            "x-amzn-requestid": "1cc40bf4-5159-11e9-9413-d9ac0f641d76"
        },
        "HTTPStatusCode": 200,
        "RequestId": "1cc40bf4-5159-11e9-9413-d9ac0f641d76",
        "RetryAttempts": 0
    }
},
{
    "Week": 11,
    "Slide": 27,
    "KeyPhrases": [
        {
            "BeginOffset": 1,
            "EndOffset": 50,
            "Score": 0.7497735023498535,
            "Text": "Hiding Structures\n\ntypedef struct stack_internals"
        },
        {
            "BeginOffset": 52,
            "EndOffset": 57,
            "Score": 0.69312584400177,
            "Text": "stack"
        },
        {
            "BeginOffset": 115,
            "EndOffset": 138,
            "Score": 0.8604925274848938,
            "Text": "struct stack_internals\u2026"
        },
        {
            "BeginOffset": 196,
            "EndOffset": 206,
            "Score": 0.9989429116249084,
            "Text": "the system"
        },
        {
            "BeginOffset": 212,
            "EndOffset": 227,
            "Score": 0.9988160729408264,
            "Text": "an opaque value"
        }
    ],
    "ResponseMetadata": {
        "HTTPHeaders": {
            "content-length": "480",
            "content-type": "application/x-amz-json-1.1",
            "date": "Thu, 28 Mar 2019 12:57:59 GMT",
            "x-amzn-requestid": "1d735eef-5159-11e9-a369-99e6fd3713b6"
        },
        "HTTPStatusCode": 200,
        "RequestId": "1d735eef-5159-11e9-a369-99e6fd3713b6",
        "RetryAttempts": 0
    }
},
{
    "Week": 11,
    "Slide": 28,
    "KeyPhrases": [
        {
            "BeginOffset": 2,
            "EndOffset": 27,
            "Score": 0.959356963634491,
            "Text": "ADTs \nAbstract Data Types"
        },
        {
            "BeginOffset": 40,
            "EndOffset": 58,
            "Score": 0.9979576468467712,
            "Text": "the implementation"
        }
    ],
    "ResponseMetadata": {
        "HTTPHeaders": {
            "content-length": "200",
            "content-type": "application/x-amz-json-1.1",
            "date": "Thu, 28 Mar 2019 12:58:01 GMT",
            "x-amzn-requestid": "1e22b1be-5159-11e9-a8a0-9f0a29161967"
        },
        "HTTPStatusCode": 200,
        "RequestId": "1e22b1be-5159-11e9-a8a0-9f0a29161967",
        "RetryAttempts": 0
    }
},
{
    "Week": 11,
    "Slide": 29,
    "KeyPhrases": [],
    "ResponseMetadata": {
        "HTTPHeaders": {
            "content-length": "17",
            "content-type": "application/x-amz-json-1.1",
            "date": "Thu, 28 Mar 2019 12:58:02 GMT",
            "x-amzn-requestid": "1ed204a3-5159-11e9-9067-a580ee7ec557"
        },
        "HTTPStatusCode": 200,
        "RequestId": "1ed204a3-5159-11e9-9067-a580ee7ec557",
        "RetryAttempts": 0
    }
},
{
    "Week": 11,
    "Slide": 30,
    "KeyPhrases": [
        {
            "BeginOffset": 5,
            "EndOffset": 16,
            "Score": 0.8803593516349792,
            "Text": "a Stack ADT"
        },
        {
            "BeginOffset": 34,
            "EndOffset": 43,
            "Score": 0.9954921007156372,
            "Text": "our stack"
        },
        {
            "BeginOffset": 47,
            "EndOffset": 53,
            "Score": 0.9927877187728882,
            "Text": "an ADT"
        },
        {
            "BeginOffset": 69,
            "EndOffset": 87,
            "Score": 0.9995155930519104,
            "Text": "the implementation"
        }
    ],
    "ResponseMetadata": {
        "HTTPHeaders": {
            "content-length": "343",
            "content-type": "application/x-amz-json-1.1",
            "date": "Thu, 28 Mar 2019 12:58:03 GMT",
            "x-amzn-requestid": "1f918369-5159-11e9-b79a-031038b16953"
        },
        "HTTPStatusCode": 200,
        "RequestId": "1f918369-5159-11e9-b79a-031038b16953",
        "RetryAttempts": 0
    }
},
{
    "Week": 11,
    "Slide": 31,
    "KeyPhrases": [
        {
            "BeginOffset": 1,
            "EndOffset": 49,
            "Score": 0.8129827380180359,
            "Text": "Stack - Abstract Data Type - C Interface\n\n// use"
        },
        {
            "BeginOffset": 70,
            "EndOffset": 79,
            "Score": 0.998357892036438,
            "Text": "a pointer"
        },
        {
            "BeginOffset": 83,
            "EndOffset": 132,
            "Score": 0.9067783355712891,
            "Text": "the stack struct \n\ntypedef struct stack_internals"
        },
        {
            "BeginOffset": 134,
            "EndOffset": 139,
            "Score": 0.6901372671127319,
            "Text": "stack"
        },
        {
            "BeginOffset": 154,
            "EndOffset": 165,
            "Score": 0.9975321888923645,
            "Text": "the pointer"
        },
        {
            "BeginOffset": 171,
            "EndOffset": 190,
            "Score": 0.8826899528503418,
            "Text": "the stack functions"
        },
        {
            "BeginOffset": 226,
            "EndOffset": 236,
            "Score": 0.9570267200469971,
            "Text": "the struct"
        },
        {
            "BeginOffset": 255,
            "EndOffset": 267,
            "Score": 0.7780145406723022,
            "Text": "stack_create"
        },
        {
            "BeginOffset": 268,
            "EndOffset": 272,
            "Score": 0.6865514516830444,
            "Text": "void"
        },
        {
            "BeginOffset": 293,
            "EndOffset": 304,
            "Score": 0.8028775453567505,
            "Text": "stack stack"
        },
        {
            "BeginOffset": 331,
            "EndOffset": 336,
            "Score": 0.7464356422424316,
            "Text": "stack"
        },
        {
            "BeginOffset": 338,
            "EndOffset": 346,
            "Score": 0.7525980472564697,
            "Text": "int item"
        },
        {
            "BeginOffset": 355,
            "EndOffset": 364,
            "Score": 0.9549131989479065,
            "Text": "stack_pop"
        },
        {
            "BeginOffset": 365,
            "EndOffset": 376,
            "Score": 0.8598673939704895,
            "Text": "stack stack"
        },
        {
            "BeginOffset": 385,
            "EndOffset": 391,
            "Score": 0.8236880898475647,
            "Text": "stack_"
        },
        {
            "BeginOffset": 400,
            "EndOffset": 411,
            "Score": 0.7527289986610413,
            "Text": "stack stack"
        },
        {
            "BeginOffset": 420,
            "EndOffset": 429,
            "Score": 0.9331902861595154,
            "Text": "stack_top"
        },
        {
            "BeginOffset": 430,
            "EndOffset": 441,
            "Score": 0.8627984523773193,
            "Text": "stack stack"
        },
        {
            "BeginOffset": 450,
            "EndOffset": 460,
            "Score": 0.9391608834266663,
            "Text": "stack_size"
        },
        {
            "BeginOffset": 461,
            "EndOffset": 472,
            "Score": 0.8507394790649414,
            "Text": "stack stack"
        }
    ],
    "ResponseMetadata": {
        "HTTPHeaders": {
            "content-length": "1742",
            "content-type": "application/x-amz-json-1.1",
            "date": "Thu, 28 Mar 2019 12:58:04 GMT",
            "x-amzn-requestid": "204087fe-5159-11e9-b269-c1f80b73919e"
        },
        "HTTPStatusCode": 200,
        "RequestId": "204087fe-5159-11e9-b269-c1f80b73919e",
        "RetryAttempts": 0
    }
},
{
    "Week": 11,
    "Slide": 32,
    "KeyPhrases": [
        {
            "BeginOffset": 1,
            "EndOffset": 47,
            "Score": 0.8794479966163635,
            "Text": "Stack - Abstract Data Type - using C Interface"
        },
        {
            "BeginOffset": 74,
            "EndOffset": 83,
            "Score": 0.9974689483642578,
            "Text": "the stack"
        },
        {
            "BeginOffset": 92,
            "EndOffset": 115,
            "Score": 0.9531210660934448,
            "Text": "its interface functions"
        },
        {
            "BeginOffset": 130,
            "EndOffset": 144,
            "Score": 0.7879214286804199,
            "Text": "= stack_create"
        },
        {
            "BeginOffset": 150,
            "EndOffset": 160,
            "Score": 0.9059772491455078,
            "Text": "stack_push"
        },
        {
            "BeginOffset": 164,
            "EndOffset": 166,
            "Score": 0.9302487969398499,
            "Text": "10"
        },
        {
            "BeginOffset": 171,
            "EndOffset": 181,
            "Score": 0.9217960238456726,
            "Text": "stack_push"
        },
        {
            "BeginOffset": 185,
            "EndOffset": 187,
            "Score": 0.9105151295661926,
            "Text": "11"
        },
        {
            "BeginOffset": 192,
            "EndOffset": 202,
            "Score": 0.9226520657539368,
            "Text": "stack_push"
        },
        {
            "BeginOffset": 206,
            "EndOffset": 208,
            "Score": 0.8958147168159485,
            "Text": "12"
        },
        {
            "BeginOffset": 213,
            "EndOffset": 219,
            "Score": 0.8557674288749695,
            "Text": "printf"
        },
        {
            "BeginOffset": 222,
            "EndOffset": 225,
            "Score": 0.7610371708869934,
            "Text": "d\\n"
        },
        {
            "BeginOffset": 228,
            "EndOffset": 238,
            "Score": 0.8647016286849976,
            "Text": "stack_size"
        },
        {
            "BeginOffset": 247,
            "EndOffset": 253,
            "Score": 0.6802217960357666,
            "Text": "prints"
        },
        {
            "BeginOffset": 254,
            "EndOffset": 264,
            "Score": 0.8724477291107178,
            "Text": "3 \n\nprintf"
        },
        {
            "BeginOffset": 267,
            "EndOffset": 270,
            "Score": 0.7652702927589417,
            "Text": "d\\n"
        },
        {
            "BeginOffset": 273,
            "EndOffset": 282,
            "Score": 0.8714749813079834,
            "Text": "stack_top"
        },
        {
            "BeginOffset": 291,
            "EndOffset": 297,
            "Score": 0.7022875547409058,
            "Text": "prints"
        },
        {
            "BeginOffset": 298,
            "EndOffset": 309,
            "Score": 0.9307103753089905,
            "Text": "12 \n\nprintf"
        },
        {
            "BeginOffset": 312,
            "EndOffset": 315,
            "Score": 0.7634904980659485,
            "Text": "d\\n"
        },
        {
            "BeginOffset": 318,
            "EndOffset": 327,
            "Score": 0.8995881080627441,
            "Text": "stack_pop"
        },
        {
            "BeginOffset": 336,
            "EndOffset": 342,
            "Score": 0.7018800973892212,
            "Text": "prints"
        },
        {
            "BeginOffset": 343,
            "EndOffset": 354,
            "Score": 0.9306896924972534,
            "Text": "12 \n\nprintf"
        },
        {
            "BeginOffset": 357,
            "EndOffset": 360,
            "Score": 0.76350998878479,
            "Text": "d\\n"
        },
        {
            "BeginOffset": 363,
            "EndOffset": 372,
            "Score": 0.8995919823646545,
            "Text": "stack_pop"
        },
        {
            "BeginOffset": 381,
            "EndOffset": 387,
            "Score": 0.6866714954376221,
            "Text": "prints"
        },
        {
            "BeginOffset": 388,
            "EndOffset": 399,
            "Score": 0.8937287330627441,
            "Text": "11 \n\nprintf"
        },
        {
            "BeginOffset": 402,
            "EndOffset": 405,
            "Score": 0.765045702457428,
            "Text": "d\\n"
        },
        {
            "BeginOffset": 408,
            "EndOffset": 417,
            "Score": 0.8998332023620605,
            "Text": "stack_pop"
        }
    ],
    "ResponseMetadata": {
        "HTTPHeaders": {
            "content-length": "2399",
            "content-type": "application/x-amz-json-1.1",
            "date": "Thu, 28 Mar 2019 12:58:05 GMT",
            "x-amzn-requestid": "20e0bfac-5159-11e9-b269-c1f80b73919e"
        },
        "HTTPStatusCode": 200,
        "RequestId": "20e0bfac-5159-11e9-b269-c1f80b73919e",
        "RetryAttempts": 0
    }
},
{
    "Week": 11,
    "Slide": 33,
    "KeyPhrases": [
        {
            "BeginOffset": 1,
            "EndOffset": 47,
            "Score": 0.8794479966163635,
            "Text": "Stack - Abstract Data Type - using C Interface"
        },
        {
            "BeginOffset": 74,
            "EndOffset": 83,
            "Score": 0.9974689483642578,
            "Text": "the stack"
        },
        {
            "BeginOffset": 92,
            "EndOffset": 115,
            "Score": 0.9939091205596924,
            "Text": "its interface functions"
        },
        {
            "BeginOffset": 138,
            "EndOffset": 149,
            "Score": 0.8697589635848999,
            "Text": "the pointer"
        },
        {
            "BeginOffset": 160,
            "EndOffset": 177,
            "Score": 0.9609090089797974,
            "Text": "the struct fields"
        },
        {
            "BeginOffset": 189,
            "EndOffset": 201,
            "Score": 0.9436878561973572,
            "Text": "stack_create"
        },
        {
            "BeginOffset": 213,
            "EndOffset": 217,
            "Score": 0.5833372473716736,
            "Text": "note"
        },
        {
            "BeginOffset": 261,
            "EndOffset": 276,
            "Score": 0.8180147409439087,
            "Text": "a compile error"
        },
        {
            "BeginOffset": 305,
            "EndOffset": 315,
            "Score": 0.9964943528175354,
            "Text": "the struct"
        },
        {
            "BeginOffset": 347,
            "EndOffset": 368,
            "Score": 0.8492075800895691,
            "Text": "an `array` field? \n\ns"
        },
        {
            "BeginOffset": 369,
            "EndOffset": 375,
            "Score": 0.7822454571723938,
            "Text": ">array"
        },
        {
            "BeginOffset": 376,
            "EndOffset": 378,
            "Score": 0.9205142259597778,
            "Text": "0]"
        },
        {
            "BeginOffset": 381,
            "EndOffset": 383,
            "Score": 0.815990149974823,
            "Text": "10"
        },
        {
            "BeginOffset": 418,
            "EndOffset": 432,
            "Score": 0.968606173992157,
            "Text": "a `size` field"
        },
        {
            "BeginOffset": 436,
            "EndOffset": 442,
            "Score": 0.7324607372283936,
            "Text": "printf"
        },
        {
            "BeginOffset": 451,
            "EndOffset": 456,
            "Score": 0.8211907148361206,
            "Text": ">size"
        }
    ],
    "ResponseMetadata": {
        "HTTPHeaders": {
            "content-length": "1381",
            "content-type": "application/x-amz-json-1.1",
            "date": "Thu, 28 Mar 2019 12:58:06 GMT",
            "x-amzn-requestid": "217f9805-5159-11e9-a698-9b1a515702e6"
        },
        "HTTPStatusCode": 200,
        "RequestId": "217f9805-5159-11e9-a698-9b1a515702e6",
        "RetryAttempts": 0
    }
},
{
    "Week": 11,
    "Slide": 34,
    "KeyPhrases": [
        {
            "BeginOffset": 1,
            "EndOffset": 62,
            "Score": 0.884495198726654,
            "Text": "Stack - Abstract Data Type - using C Interface\nimplementation"
        },
        {
            "BeginOffset": 66,
            "EndOffset": 71,
            "Score": 0.9662744402885437,
            "Text": "stack"
        },
        {
            "BeginOffset": 95,
            "EndOffset": 99,
            "Score": 0.9945778846740723,
            "Text": "user"
        },
        {
            "BeginOffset": 104,
            "EndOffset": 117,
            "Score": 0.9940705299377441,
            "Text": "user programs"
        },
        {
            "BeginOffset": 140,
            "EndOffset": 145,
            "Score": 0.9345139861106873,
            "Text": "stack"
        },
        {
            "BeginOffset": 165,
            "EndOffset": 185,
            "Score": 0.8637710809707642,
            "Text": "stack implementation"
        },
        {
            "BeginOffset": 206,
            "EndOffset": 210,
            "Score": 0.9975101947784424,
            "Text": "risk"
        },
        {
            "BeginOffset": 223,
            "EndOffset": 236,
            "Score": 0.9936648011207581,
            "Text": "user programs"
        },
        {
            "BeginOffset": 239,
            "EndOffset": 257,
            "Score": 0.8829500675201416,
            "Text": "information hiding"
        },
        {
            "BeginOffset": 273,
            "EndOffset": 292,
            "Score": 0.8914348483085632,
            "Text": "managing complexity"
        },
        {
            "BeginOffset": 296,
            "EndOffset": 318,
            "Score": 0.9988415837287903,
            "Text": "large software systems"
        }
    ],
    "ResponseMetadata": {
        "HTTPHeaders": {
            "content-length": "996",
            "content-type": "application/x-amz-json-1.1",
            "date": "Thu, 28 Mar 2019 12:58:07 GMT",
            "x-amzn-requestid": "22140fc8-5159-11e9-bd32-375300018036"
        },
        "HTTPStatusCode": 200,
        "RequestId": "22140fc8-5159-11e9-bd32-375300018036",
        "RetryAttempts": 0
    }
}
]