[
{
    "Week": 11,
    "Slide": 0,
    "KeyPhrases": [
        {
            "BeginOffset": 15,
            "EndOffset": 24,
            "Score": 0.7755911946296692,
            "Text": "1511 18s1"
        }
    ],
    "ResponseMetadata": {
        "HTTPHeaders": {
            "content-length": "96",
            "content-type": "application/x-amz-json-1.1",
            "date": "Thu, 28 Mar 2019 12:58:08 GMT",
            "x-amzn-requestid": "22be0b3f-5159-11e9-a8a0-9f0a29161967"
        },
        "HTTPStatusCode": 200,
        "RequestId": "22be0b3f-5159-11e9-a8a0-9f0a29161967",
        "RetryAttempts": 0
    }
},
{
    "Week": 11,
    "Slide": 1,
    "KeyPhrases": [
        {
            "BeginOffset": 5,
            "EndOffset": 101,
            "Score": 0.8826078772544861,
            "Text": "5 8s\n\u2014 Lecture 18 \u2014 \n\nFruit Bot + More Linked Lists\nAndrew Bennett \n\n<andrew.bennett@unsw.edu.au"
        }
    ],
    "ResponseMetadata": {
        "HTTPHeaders": {
            "content-length": "193",
            "content-type": "application/x-amz-json-1.1",
            "date": "Thu, 28 Mar 2019 12:58:09 GMT",
            "x-amzn-requestid": "237d3c73-5159-11e9-8cd3-a305e61d9913"
        },
        "HTTPStatusCode": 200,
        "RequestId": "237d3c73-5159-11e9-8cd3-a305e61d9913",
        "RetryAttempts": 0
    }
},
{
    "Week": 11,
    "Slide": 2,
    "KeyPhrases": [
        {
            "BeginOffset": 1,
            "EndOffset": 9,
            "Score": 0.533657431602478,
            "Text": "Overview"
        },
        {
            "BeginOffset": 16,
            "EndOffset": 28,
            "Score": 0.9970005750656128,
            "Text": "this lecture"
        },
        {
            "BeginOffset": 54,
            "EndOffset": 59,
            "Score": 0.9445180892944336,
            "Text": "start"
        },
        {
            "BeginOffset": 63,
            "EndOffset": 82,
            "Score": 0.9993726015090942,
            "Text": "the last assignment"
        },
        {
            "BeginOffset": 84,
            "EndOffset": 93,
            "Score": 0.7450233697891235,
            "Text": "Fruit Bot"
        },
        {
            "BeginOffset": 104,
            "EndOffset": 125,
            "Score": 0.9945699572563171,
            "Text": "multi-file C programs"
        },
        {
            "BeginOffset": 138,
            "EndOffset": 149,
            "Score": 0.998944103717804,
            "Text": "the purpose"
        },
        {
            "BeginOffset": 153,
            "EndOffset": 161,
            "Score": 0.9581735730171204,
            "Text": ".h files"
        },
        {
            "BeginOffset": 167,
            "EndOffset": 189,
            "Score": 0.9962594509124756,
            "Text": "a better understanding"
        },
        {
            "BeginOffset": 193,
            "EndOffset": 205,
            "Score": 0.9561108946800232,
            "Text": "linked lists"
        },
        {
            "BeginOffset": 213,
            "EndOffset": 217,
            "Score": 0.984351634979248,
            "Text": "code"
        },
        {
            "BeginOffset": 226,
            "EndOffset": 239,
            "Score": 0.9950697422027588,
            "Text": "a linked list"
        },
        {
            "BeginOffset": 246,
            "EndOffset": 261,
            "Score": 0.9991099834442139,
            "Text": "simple problems"
        },
        {
            "BeginOffset": 268,
            "EndOffset": 280,
            "Score": 0.8875066041946411,
            "Text": "linked lists"
        },
        {
            "BeginOffset": 283,
            "EndOffset": 287,
            "Score": 0.6584041118621826,
            "Text": "note"
        },
        {
            "BeginOffset": 357,
            "EndOffset": 369,
            "Score": 0.9821453094482422,
            "Text": "this lecture"
        },
        {
            "BeginOffset": 380,
            "EndOffset": 392,
            "Score": 0.9942169189453125,
            "Text": "this lecture"
        },
        {
            "BeginOffset": 422,
            "EndOffset": 437,
            "Score": 0.9992503523826599,
            "Text": "the foundations"
        },
        {
            "BeginOffset": 458,
            "EndOffset": 470,
            "Score": 0.9974177479743958,
            "Text": "these skills"
        },
        {
            "BeginOffset": 482,
            "EndOffset": 493,
            "Score": 0.9961270689964294,
            "Text": "programming"
        },
        {
            "BeginOffset": 512,
            "EndOffset": 530,
            "Score": 0.999396800994873,
            "Text": "any other language"
        },
        {
            "BeginOffset": 541,
            "EndOffset": 572,
            "Score": 0.9729823470115662,
            "Text": "consistent and regular practice"
        }
    ],
    "ResponseMetadata": {
        "HTTPHeaders": {
            "content-length": "1892",
            "content-type": "application/x-amz-json-1.1",
            "date": "Thu, 28 Mar 2019 12:58:10 GMT",
            "x-amzn-requestid": "241c89fb-5159-11e9-b270-937b8b08d656"
        },
        "HTTPStatusCode": 200,
        "RequestId": "241c89fb-5159-11e9-b270-937b8b08d656",
        "RetryAttempts": 0
    }
},
{
    "Week": 11,
    "Slide": 3,
    "KeyPhrases": [
        {
            "BeginOffset": 1,
            "EndOffset": 6,
            "Score": 0.8646005392074585,
            "Text": "Admin"
        },
        {
            "BeginOffset": 21,
            "EndOffset": 33,
            "Score": 0.7807292342185974,
            "Text": "assignment 2"
        },
        {
            "BeginOffset": 38,
            "EndOffset": 47,
            "Score": 0.9163910746574402,
            "Text": "yesterday"
        },
        {
            "BeginOffset": 80,
            "EndOffset": 81,
            "Score": 0.5948948264122009,
            "Text": "\u2639"
        },
        {
            "BeginOffset": 94,
            "EndOffset": 95,
            "Score": 0.926880955696106,
            "Text": "3"
        },
        {
            "BeginOffset": 107,
            "EndOffset": 116,
            "Score": 0.9972031116485596,
            "Text": "this week"
        },
        {
            "BeginOffset": 116,
            "EndOffset": 127,
            "Score": 0.9630182981491089,
            "Text": "\u2019s tute/lab"
        },
        {
            "BeginOffset": 150,
            "EndOffset": 154,
            "Score": 0.5243757963180542,
            "Text": "week"
        },
        {
            "BeginOffset": 155,
            "EndOffset": 169,
            "Score": 0.8638877272605896,
            "Text": "10 weekly test"
        },
        {
            "BeginOffset": 174,
            "EndOffset": 182,
            "Score": 0.9089609384536743,
            "Text": "thursday"
        },
        {
            "BeginOffset": 202,
            "EndOffset": 215,
            "Score": 0.952755331993103,
            "Text": "help sessions"
        },
        {
            "BeginOffset": 223,
            "EndOffset": 237,
            "Score": 0.9776521921157837,
            "Text": "course website"
        }
    ],
    "ResponseMetadata": {
        "HTTPHeaders": {
            "content-length": "983",
            "content-type": "application/x-amz-json-1.1",
            "date": "Thu, 28 Mar 2019 12:58:11 GMT",
            "x-amzn-requestid": "24bbfe77-5159-11e9-8eba-154ad056dc4d"
        },
        "HTTPStatusCode": 200,
        "RequestId": "24bbfe77-5159-11e9-8eba-154ad056dc4d",
        "RetryAttempts": 0
    }
},
{
    "Week": 11,
    "Slide": 4,
    "KeyPhrases": [
        {
            "BeginOffset": 1,
            "EndOffset": 12,
            "Score": 0.5150203108787537,
            "Text": "introducing"
        },
        {
            "BeginOffset": 14,
            "EndOffset": 23,
            "Score": 0.9709548354148865,
            "Text": "Fruit Bot"
        },
        {
            "BeginOffset": 25,
            "EndOffset": 37,
            "Score": 0.9412891864776611,
            "Text": "assignment 3"
        }
    ],
    "ResponseMetadata": {
        "HTTPHeaders": {
            "content-length": "260",
            "content-type": "application/x-amz-json-1.1",
            "date": "Thu, 28 Mar 2019 12:58:12 GMT",
            "x-amzn-requestid": "255c83bf-5159-11e9-9413-d9ac0f641d76"
        },
        "HTTPStatusCode": 200,
        "RequestId": "255c83bf-5159-11e9-9413-d9ac0f641d76",
        "RetryAttempts": 0
    }
},
{
    "Week": 11,
    "Slide": 5,
    "KeyPhrases": [],
    "ResponseMetadata": {
        "HTTPHeaders": {
            "content-length": "17",
            "content-type": "application/x-amz-json-1.1",
            "date": "Thu, 28 Mar 2019 12:58:13 GMT",
            "x-amzn-requestid": "260ac51d-5159-11e9-a369-99e6fd3713b6"
        },
        "HTTPStatusCode": 200,
        "RequestId": "260ac51d-5159-11e9-a369-99e6fd3713b6",
        "RetryAttempts": 0
    }
},
{
    "Week": 11,
    "Slide": 6,
    "KeyPhrases": [
        {
            "BeginOffset": 1,
            "EndOffset": 10,
            "Score": 0.8028109669685364,
            "Text": "Fruit Bot"
        },
        {
            "BeginOffset": 31,
            "EndOffset": 57,
            "Score": 0.8624153733253479,
            "Text": "the structs\n\nstateless bot"
        },
        {
            "BeginOffset": 71,
            "EndOffset": 80,
            "Score": 0.9943168759346008,
            "Text": "Intensity"
        },
        {
            "BeginOffset": 83,
            "EndOffset": 88,
            "Score": 0.9942812919616699,
            "Text": "world"
        },
        {
            "BeginOffset": 130,
            "EndOffset": 150,
            "Score": 0.9785982966423035,
            "Text": "any particular fruit"
        }
    ],
    "ResponseMetadata": {
        "HTTPHeaders": {
            "content-length": "443",
            "content-type": "application/x-amz-json-1.1",
            "date": "Thu, 28 Mar 2019 12:58:14 GMT",
            "x-amzn-requestid": "269eef0a-5159-11e9-8d49-d71cd8da7611"
        },
        "HTTPStatusCode": 200,
        "RequestId": "269eef0a-5159-11e9-8d49-d71cd8da7611",
        "RetryAttempts": 0
    }
},
{
    "Week": 11,
    "Slide": 7,
    "KeyPhrases": [
        {
            "BeginOffset": 1,
            "EndOffset": 9,
            "Score": 0.9583385586738586,
            "Text": "An Aside"
        },
        {
            "BeginOffset": 11,
            "EndOffset": 27,
            "Score": 0.9624657034873962,
            "Text": "Multiple C Files"
        },
        {
            "BeginOffset": 53,
            "EndOffset": 64,
            "Score": 0.917400598526001,
            "Text": "one .c file"
        },
        {
            "BeginOffset": 69,
            "EndOffset": 76,
            "Score": 0.976971447467804,
            "Text": "program"
        },
        {
            "BeginOffset": 94,
            "EndOffset": 102,
            "Score": 0.9990401864051819,
            "Text": "programs"
        }
    ],
    "ResponseMetadata": {
        "HTTPHeaders": {
            "content-length": "418",
            "content-type": "application/x-amz-json-1.1",
            "date": "Thu, 28 Mar 2019 12:58:16 GMT",
            "x-amzn-requestid": "27289179-5159-11e9-968d-b5d967a94d5a"
        },
        "HTTPStatusCode": 200,
        "RequestId": "27289179-5159-11e9-968d-b5d967a94d5a",
        "RetryAttempts": 0
    }
},
{
    "Week": 11,
    "Slide": 8,
    "KeyPhrases": [
        {
            "BeginOffset": 1,
            "EndOffset": 6,
            "Score": 0.5066229701042175,
            "Text": "Scope"
        },
        {
            "BeginOffset": 15,
            "EndOffset": 25,
            "Score": 0.9986291527748108,
            "Text": "a function"
        },
        {
            "BeginOffset": 49,
            "EndOffset": 84,
            "Score": 0.9797700643539429,
            "Text": "its \n\nreturn type \ninput parameters"
        },
        {
            "BeginOffset": 99,
            "EndOffset": 106,
            "Score": 0.9196605682373047,
            "Text": "the API"
        }
    ],
    "ResponseMetadata": {
        "HTTPHeaders": {
            "content-length": "359",
            "content-type": "application/x-amz-json-1.1",
            "date": "Thu, 28 Mar 2019 12:58:17 GMT",
            "x-amzn-requestid": "27b8eac0-5159-11e9-9ee0-d7b69e2c846a"
        },
        "HTTPStatusCode": 200,
        "RequestId": "27b8eac0-5159-11e9-9ee0-d7b69e2c846a",
        "RetryAttempts": 0
    }
},
{
    "Week": 11,
    "Slide": 9,
    "KeyPhrases": [
        {
            "BeginOffset": 7,
            "EndOffset": 16,
            "Score": 0.9847447276115417,
            "Text": "Functions"
        },
        {
            "BeginOffset": 22,
            "EndOffset": 34,
            "Score": 0.849689245223999,
            "Text": "Another File"
        },
        {
            "BeginOffset": 55,
            "EndOffset": 59,
            "Score": 0.6238232254981995,
            "Text": "void"
        },
        {
            "BeginOffset": 64,
            "EndOffset": 74,
            "Score": 0.8606009483337402,
            "Text": "int square"
        },
        {
            "BeginOffset": 75,
            "EndOffset": 80,
            "Score": 0.9610191583633423,
            "Text": "int n"
        },
        {
            "BeginOffset": 92,
            "EndOffset": 96,
            "Score": 0.725145697593689,
            "Text": "main"
        },
        {
            "BeginOffset": 97,
            "EndOffset": 101,
            "Score": 0.7019872069358826,
            "Text": "void"
        },
        {
            "BeginOffset": 126,
            "EndOffset": 132,
            "Score": 0.8506572246551514,
            "Text": "printf"
        },
        {
            "BeginOffset": 139,
            "EndOffset": 145,
            "Score": 0.8677508234977722,
            "Text": "square"
        },
        {
            "BeginOffset": 146,
            "EndOffset": 147,
            "Score": 0.9814543128013611,
            "Text": "5"
        },
        {
            "BeginOffset": 171,
            "EndOffset": 175,
            "Score": 0.6178905367851257,
            "Text": "void"
        },
        {
            "BeginOffset": 185,
            "EndOffset": 191,
            "Score": 0.807449460029602,
            "Text": "printf"
        },
        {
            "BeginOffset": 207,
            "EndOffset": 224,
            "Score": 0.7431887984275818,
            "Text": "} \n\n \n\nint square"
        },
        {
            "BeginOffset": 225,
            "EndOffset": 230,
            "Score": 0.9035446047782898,
            "Text": "int n"
        },
        {
            "BeginOffset": 240,
            "EndOffset": 250,
            "Score": 0.779420793056488,
            "Text": "return n*n"
        },
        {
            "BeginOffset": 257,
            "EndOffset": 265,
            "Score": 0.8716169595718384,
            "Text": "$ dcc -o"
        },
        {
            "BeginOffset": 286,
            "EndOffset": 299,
            "Score": 0.6033226251602173,
            "Text": "first \n\nHello"
        }
    ],
    "ResponseMetadata": {
        "HTTPHeaders": {
            "content-length": "1369",
            "content-type": "application/x-amz-json-1.1",
            "date": "Thu, 28 Mar 2019 12:58:17 GMT",
            "x-amzn-requestid": "28585eba-5159-11e9-9413-d9ac0f641d76"
        },
        "HTTPStatusCode": 200,
        "RequestId": "28585eba-5159-11e9-9413-d9ac0f641d76",
        "RetryAttempts": 0
    }
},
{
    "Week": 11,
    "Slide": 10,
    "KeyPhrases": [
        {
            "BeginOffset": 7,
            "EndOffset": 16,
            "Score": 0.9844123721122742,
            "Text": "Functions"
        },
        {
            "BeginOffset": 22,
            "EndOffset": 41,
            "Score": 0.9819998741149902,
            "Text": "Another File\nsecond"
        },
        {
            "BeginOffset": 49,
            "EndOffset": 53,
            "Score": 0.6499330401420593,
            "Text": "main"
        },
        {
            "BeginOffset": 54,
            "EndOffset": 58,
            "Score": 0.6664820909500122,
            "Text": "void"
        },
        {
            "BeginOffset": 83,
            "EndOffset": 89,
            "Score": 0.8526139855384827,
            "Text": "printf"
        },
        {
            "BeginOffset": 96,
            "EndOffset": 102,
            "Score": 0.8675740361213684,
            "Text": "square"
        },
        {
            "BeginOffset": 103,
            "EndOffset": 104,
            "Score": 0.9814478158950806,
            "Text": "5"
        },
        {
            "BeginOffset": 113,
            "EndOffset": 135,
            "Score": 0.8893676996231079,
            "Text": "$ dcc -o second second"
        }
    ],
    "ResponseMetadata": {
        "HTTPHeaders": {
            "content-length": "660",
            "content-type": "application/x-amz-json-1.1",
            "date": "Thu, 28 Mar 2019 12:58:19 GMT",
            "x-amzn-requestid": "28f7ac7c-5159-11e9-8eba-154ad056dc4d"
        },
        "HTTPStatusCode": 200,
        "RequestId": "28f7ac7c-5159-11e9-8eba-154ad056dc4d",
        "RetryAttempts": 0
    }
},
{
    "Week": 11,
    "Slide": 11,
    "KeyPhrases": [
        {
            "BeginOffset": 7,
            "EndOffset": 16,
            "Score": 0.9847447276115417,
            "Text": "Functions"
        },
        {
            "BeginOffset": 22,
            "EndOffset": 34,
            "Score": 0.8415777683258057,
            "Text": "Another File"
        },
        {
            "BeginOffset": 41,
            "EndOffset": 77,
            "Score": 0.9094586372375488,
            "Text": "h\n\n#ifndef FIRST_H \n\n#define FIRST_H"
        },
        {
            "BeginOffset": 94,
            "EndOffset": 98,
            "Score": 0.6750874519348145,
            "Text": "void"
        },
        {
            "BeginOffset": 103,
            "EndOffset": 113,
            "Score": 0.7303964495658875,
            "Text": "int square"
        },
        {
            "BeginOffset": 114,
            "EndOffset": 119,
            "Score": 0.951539933681488,
            "Text": "int n"
        }
    ],
    "ResponseMetadata": {
        "HTTPHeaders": {
            "content-length": "524",
            "content-type": "application/x-amz-json-1.1",
            "date": "Thu, 28 Mar 2019 12:58:19 GMT",
            "x-amzn-requestid": "29a1a7e9-5159-11e9-968d-b5d967a94d5a"
        },
        "HTTPStatusCode": 200,
        "RequestId": "29a1a7e9-5159-11e9-968d-b5d967a94d5a",
        "RetryAttempts": 0
    }
},
{
    "Week": 11,
    "Slide": 12,
    "KeyPhrases": [
        {
            "BeginOffset": 7,
            "EndOffset": 16,
            "Score": 0.9844123721122742,
            "Text": "Functions"
        },
        {
            "BeginOffset": 22,
            "EndOffset": 41,
            "Score": 0.9812572002410889,
            "Text": "Another File\nsecond"
        },
        {
            "BeginOffset": 45,
            "EndOffset": 53,
            "Score": 0.35712742805480957,
            "Text": "#include"
        },
        {
            "BeginOffset": 61,
            "EndOffset": 77,
            "Score": 0.7018990516662598,
            "Text": "h\" \n\n \n\nint main"
        },
        {
            "BeginOffset": 78,
            "EndOffset": 82,
            "Score": 0.5370416641235352,
            "Text": "void"
        },
        {
            "BeginOffset": 107,
            "EndOffset": 113,
            "Score": 0.8539761900901794,
            "Text": "printf"
        },
        {
            "BeginOffset": 120,
            "EndOffset": 126,
            "Score": 0.8675614595413208,
            "Text": "square"
        },
        {
            "BeginOffset": 127,
            "EndOffset": 128,
            "Score": 0.9814388155937195,
            "Text": "5"
        },
        {
            "BeginOffset": 137,
            "EndOffset": 159,
            "Score": 0.8965392112731934,
            "Text": "$ dcc -o second second"
        }
    ],
    "ResponseMetadata": {
        "HTTPHeaders": {
            "content-length": "760",
            "content-type": "application/x-amz-json-1.1",
            "date": "Thu, 28 Mar 2019 12:58:21 GMT",
            "x-amzn-requestid": "2a2c0dc8-5159-11e9-bd32-375300018036"
        },
        "HTTPStatusCode": 200,
        "RequestId": "2a2c0dc8-5159-11e9-bd32-375300018036",
        "RetryAttempts": 0
    }
},
{
    "Week": 11,
    "Slide": 13,
    "KeyPhrases": [],
    "ResponseMetadata": {
        "HTTPHeaders": {
            "content-length": "17",
            "content-type": "application/x-amz-json-1.1",
            "date": "Thu, 28 Mar 2019 12:58:21 GMT",
            "x-amzn-requestid": "2ab64bda-5159-11e9-b7b4-8f0a6db039e5"
        },
        "HTTPStatusCode": 200,
        "RequestId": "2ab64bda-5159-11e9-b7b4-8f0a6db039e5",
        "RetryAttempts": 0
    }
},
{
    "Week": 11,
    "Slide": 14,
    "KeyPhrases": [],
    "ResponseMetadata": {
        "HTTPHeaders": {
            "content-length": "17",
            "content-type": "application/x-amz-json-1.1",
            "date": "Thu, 28 Mar 2019 12:58:22 GMT",
            "x-amzn-requestid": "2b3fa040-5159-11e9-9413-d9ac0f641d76"
        },
        "HTTPStatusCode": 200,
        "RequestId": "2b3fa040-5159-11e9-9413-d9ac0f641d76",
        "RetryAttempts": 0
    }
},
{
    "Week": 11,
    "Slide": 15,
    "KeyPhrases": [
        {
            "BeginOffset": 1,
            "EndOffset": 9,
            "Score": 0.7898585796356201,
            "Text": "The node"
        },
        {
            "BeginOffset": 18,
            "EndOffset": 29,
            "Score": 0.9766324758529663,
            "Text": "struct node"
        },
        {
            "BeginOffset": 38,
            "EndOffset": 46,
            "Score": 0.7585291862487793,
            "Text": "int data"
        },
        {
            "BeginOffset": 54,
            "EndOffset": 65,
            "Score": 0.9319189190864563,
            "Text": "struct node"
        }
    ],
    "ResponseMetadata": {
        "HTTPHeaders": {
            "content-length": "336",
            "content-type": "application/x-amz-json-1.1",
            "date": "Thu, 28 Mar 2019 12:58:23 GMT",
            "x-amzn-requestid": "2bc88008-5159-11e9-a283-3b6eea63fce5"
        },
        "HTTPStatusCode": 200,
        "RequestId": "2bc88008-5159-11e9-a283-3b6eea63fce5",
        "RetryAttempts": 0
    }
},
{
    "Week": 11,
    "Slide": 16,
    "KeyPhrases": [
        {
            "BeginOffset": 18,
            "EndOffset": 44,
            "Score": 0.8760466575622559,
            "Text": "a node struct\n\nstruct node"
        },
        {
            "BeginOffset": 53,
            "EndOffset": 61,
            "Score": 0.7826262712478638,
            "Text": "int data"
        },
        {
            "BeginOffset": 69,
            "EndOffset": 80,
            "Score": 0.933860719203949,
            "Text": "struct node"
        },
        {
            "BeginOffset": 102,
            "EndOffset": 113,
            "Score": 0.6532323360443115,
            "Text": "struct node"
        },
        {
            "BeginOffset": 144,
            "EndOffset": 158,
            "Score": 0.9994404911994934,
            "Text": "an actual node"
        },
        {
            "BeginOffset": 162,
            "EndOffset": 174,
            "Score": 0.9978828430175781,
            "Text": "the function"
        },
        {
            "BeginOffset": 177,
            "EndOffset": 203,
            "Score": 0.8431978225708008,
            "Text": "memory \n\nstruct node hello"
        },
        {
            "BeginOffset": 213,
            "EndOffset": 217,
            "Score": 0.7817901372909546,
            "Text": "data"
        },
        {
            "BeginOffset": 220,
            "EndOffset": 222,
            "Score": 0.9668903350830078,
            "Text": "10"
        },
        {
            "BeginOffset": 256,
            "EndOffset": 268,
            "Score": 0.9841116070747375,
            "Text": "the function"
        },
        {
            "BeginOffset": 271,
            "EndOffset": 375,
            "Score": 0.9178333282470703,
            "Text": "memory \n\n//        ______ \n\n// hello |  10  | \n\n//       |------| \n\n//       | NULL | \n\n//       |______"
        }
    ],
    "ResponseMetadata": {
        "HTTPHeaders": {
            "content-length": "1056",
            "content-type": "application/x-amz-json-1.1",
            "date": "Thu, 28 Mar 2019 12:58:24 GMT",
            "x-amzn-requestid": "2c4f8a3c-5159-11e9-b79a-031038b16953"
        },
        "HTTPStatusCode": 200,
        "RequestId": "2c4f8a3c-5159-11e9-b79a-031038b16953",
        "RetryAttempts": 0
    }
},
{
    "Week": 11,
    "Slide": 17,
    "KeyPhrases": [
        {
            "BeginOffset": 8,
            "EndOffset": 18,
            "Score": 0.8814283013343811,
            "Text": "a new node"
        },
        {
            "BeginOffset": 23,
            "EndOffset": 39,
            "Score": 0.665167510509491,
            "Text": "Allocates memory"
        },
        {
            "BeginOffset": 44,
            "EndOffset": 54,
            "Score": 0.9988805651664734,
            "Text": "a new node"
        },
        {
            "BeginOffset": 64,
            "EndOffset": 89,
            "Score": 0.9161905646324158,
            "Text": "its address \n\nstruct node"
        },
        {
            "BeginOffset": 101,
            "EndOffset": 110,
            "Score": 0.9222333431243896,
            "Text": "int value"
        },
        {
            "BeginOffset": 120,
            "EndOffset": 131,
            "Score": 0.9446987509727478,
            "Text": "struct node"
        },
        {
            "BeginOffset": 133,
            "EndOffset": 145,
            "Score": 0.9196448922157288,
            "Text": "new = malloc"
        },
        {
            "BeginOffset": 146,
            "EndOffset": 156,
            "Score": 0.7396872639656067,
            "Text": "1 * sizeof"
        },
        {
            "BeginOffset": 157,
            "EndOffset": 168,
            "Score": 0.9679669141769409,
            "Text": "struct node"
        },
        {
            "BeginOffset": 178,
            "EndOffset": 187,
            "Score": 0.8612796664237976,
            "Text": "new->data"
        },
        {
            "BeginOffset": 208,
            "EndOffset": 219,
            "Score": 0.6972236037254333,
            "Text": "next = NULL"
        },
        {
            "BeginOffset": 227,
            "EndOffset": 237,
            "Score": 0.8180046081542969,
            "Text": "return new"
        },
        {
            "BeginOffset": 252,
            "EndOffset": 263,
            "Score": 0.7782712578773499,
            "Text": "struct node"
        },
        {
            "BeginOffset": 289,
            "EndOffset": 298,
            "Score": 0.9950363636016846,
            "Text": "a pointer"
        },
        {
            "BeginOffset": 302,
            "EndOffset": 308,
            "Score": 0.9814703464508057,
            "Text": "a node"
        },
        {
            "BeginOffset": 330,
            "EndOffset": 348,
            "Score": 0.9308663010597229,
            "Text": "the _address_ \n\n//"
        },
        {
            "BeginOffset": 353,
            "EndOffset": 363,
            "Score": 0.997398853302002,
            "Text": "the memory"
        },
        {
            "BeginOffset": 376,
            "EndOffset": 382,
            "Score": 0.9390206933021545,
            "Text": "malloc"
        },
        {
            "BeginOffset": 386,
            "EndOffset": 397,
            "Score": 0.7791324257850647,
            "Text": "struct node"
        },
        {
            "BeginOffset": 407,
            "EndOffset": 416,
            "Score": 0.8232836127281189,
            "Text": "make_node"
        },
        {
            "BeginOffset": 417,
            "EndOffset": 419,
            "Score": 0.9786591529846191,
            "Text": "10"
        },
        {
            "BeginOffset": 433,
            "EndOffset": 441,
            "Score": 0.9854463934898376,
            "Text": "the heap"
        },
        {
            "BeginOffset": 443,
            "EndOffset": 458,
            "Score": 0.8710312247276306,
            "Text": "malloced memory"
        },
        {
            "BeginOffset": 493,
            "EndOffset": 557,
            "Score": 0.8958446979522705,
            "Text": "10  | \n\n//       |------| \n\n//       | NULL | \n\n//       |______"
        }
    ],
    "ResponseMetadata": {
        "HTTPHeaders": {
            "content-length": "2080",
            "content-type": "application/x-amz-json-1.1",
            "date": "Thu, 28 Mar 2019 12:58:25 GMT",
            "x-amzn-requestid": "2cdc1248-5159-11e9-ad04-91cf7a3e7941"
        },
        "HTTPStatusCode": 200,
        "RequestId": "2cdc1248-5159-11e9-ad04-91cf7a3e7941",
        "RetryAttempts": 0
    }
},
{
    "Week": 11,
    "Slide": 18,
    "KeyPhrases": [
        {
            "BeginOffset": 9,
            "EndOffset": 15,
            "Score": 0.9082045555114746,
            "Text": "a node"
        },
        {
            "BeginOffset": 23,
            "EndOffset": 33,
            "Score": 0.9694637656211853,
            "Text": "accordance"
        },
        {
            "BeginOffset": 39,
            "EndOffset": 45,
            "Score": 0.9975587129592896,
            "Text": "Newton"
        },
        {
            "BeginOffset": 48,
            "EndOffset": 55,
            "Score": 0.9781197905540466,
            "Text": "3rd Law"
        },
        {
            "BeginOffset": 59,
            "EndOffset": 81,
            "Score": 0.7898471355438232,
            "Text": "Memory Allocation \n\n//"
        },
        {
            "BeginOffset": 87,
            "EndOffset": 99,
            "Score": 0.9984855055809021,
            "Text": "every malloc"
        },
        {
            "BeginOffset": 110,
            "EndOffset": 154,
            "Score": 0.8991307616233826,
            "Text": "an equal and opposite free\" \n\nvoid free_node"
        },
        {
            "BeginOffset": 155,
            "EndOffset": 166,
            "Score": 0.8437709212303162,
            "Text": "struct node"
        },
        {
            "BeginOffset": 168,
            "EndOffset": 172,
            "Score": 0.6172117590904236,
            "Text": "node"
        },
        {
            "BeginOffset": 187,
            "EndOffset": 191,
            "Score": 0.7993625998497009,
            "Text": "node"
        },
        {
            "BeginOffset": 203,
            "EndOffset": 214,
            "Score": 0.8769777417182922,
            "Text": "struct node"
        },
        {
            "BeginOffset": 224,
            "EndOffset": 233,
            "Score": 0.8238113522529602,
            "Text": "make_node"
        },
        {
            "BeginOffset": 234,
            "EndOffset": 236,
            "Score": 0.986842691898346,
            "Text": "10"
        },
        {
            "BeginOffset": 241,
            "EndOffset": 250,
            "Score": 0.9145709276199341,
            "Text": "free_node"
        }
    ],
    "ResponseMetadata": {
        "HTTPHeaders": {
            "content-length": "1186",
            "content-type": "application/x-amz-json-1.1",
            "date": "Thu, 28 Mar 2019 12:58:25 GMT",
            "x-amzn-requestid": "2d6d07eb-5159-11e9-ad77-439f6b464df0"
        },
        "HTTPStatusCode": 200,
        "RequestId": "2d6d07eb-5159-11e9-ad77-439f6b464df0",
        "RetryAttempts": 0
    }
},
{
    "Week": 11,
    "Slide": 19,
    "KeyPhrases": [
        {
            "BeginOffset": 1,
            "EndOffset": 14,
            "Score": 0.9485867023468018,
            "Text": "Node pointers"
        },
        {
            "BeginOffset": 18,
            "EndOffset": 33,
            "Score": 0.8669466972351074,
            "Text": "allocated nodes"
        },
        {
            "BeginOffset": 34,
            "EndOffset": 43,
            "Score": 0.5845935940742493,
            "Text": "reference"
        },
        {
            "BeginOffset": 47,
            "EndOffset": 74,
            "Score": 0.8659473657608032,
            "Text": "a node \n\narrow\n\nstruct node"
        },
        {
            "BeginOffset": 76,
            "EndOffset": 80,
            "Score": 0.47559216618537903,
            "Text": "curr"
        },
        {
            "BeginOffset": 97,
            "EndOffset": 107,
            "Score": 0.6077748537063599,
            "Text": "allocating"
        },
        {
            "BeginOffset": 109,
            "EndOffset": 128,
            "Score": 0.9902777075767517,
            "Text": "a new node \n\ncircle"
        },
        {
            "BeginOffset": 134,
            "EndOffset": 142,
            "Score": 0.7450949549674988,
            "Text": "= malloc"
        },
        {
            "BeginOffset": 143,
            "EndOffset": 153,
            "Score": 0.7378213405609131,
            "Text": "1 * sizeof"
        },
        {
            "BeginOffset": 154,
            "EndOffset": 165,
            "Score": 0.9681635499000549,
            "Text": "struct node"
        }
    ],
    "ResponseMetadata": {
        "HTTPHeaders": {
            "content-length": "867",
            "content-type": "application/x-amz-json-1.1",
            "date": "Thu, 28 Mar 2019 12:58:27 GMT",
            "x-amzn-requestid": "2e115dae-5159-11e9-a8a0-9f0a29161967"
        },
        "HTTPStatusCode": 200,
        "RequestId": "2e115dae-5159-11e9-a8a0-9f0a29161967",
        "RetryAttempts": 0
    }
},
{
    "Week": 11,
    "Slide": 20,
    "KeyPhrases": [
        {
            "BeginOffset": 1,
            "EndOffset": 14,
            "Score": 0.9485867023468018,
            "Text": "Node pointers"
        },
        {
            "BeginOffset": 18,
            "EndOffset": 33,
            "Score": 0.8669466972351074,
            "Text": "allocated nodes"
        },
        {
            "BeginOffset": 34,
            "EndOffset": 43,
            "Score": 0.5845935940742493,
            "Text": "reference"
        },
        {
            "BeginOffset": 47,
            "EndOffset": 74,
            "Score": 0.8659473657608032,
            "Text": "a node \n\narrow\n\nstruct node"
        },
        {
            "BeginOffset": 76,
            "EndOffset": 80,
            "Score": 0.47559216618537903,
            "Text": "curr"
        },
        {
            "BeginOffset": 97,
            "EndOffset": 107,
            "Score": 0.6077748537063599,
            "Text": "allocating"
        },
        {
            "BeginOffset": 109,
            "EndOffset": 128,
            "Score": 0.9902777075767517,
            "Text": "a new node \n\ncircle"
        },
        {
            "BeginOffset": 134,
            "EndOffset": 142,
            "Score": 0.7450949549674988,
            "Text": "= malloc"
        },
        {
            "BeginOffset": 143,
            "EndOffset": 153,
            "Score": 0.7378213405609131,
            "Text": "1 * sizeof"
        },
        {
            "BeginOffset": 154,
            "EndOffset": 165,
            "Score": 0.9681635499000549,
            "Text": "struct node"
        }
    ],
    "ResponseMetadata": {
        "HTTPHeaders": {
            "content-length": "867",
            "content-type": "application/x-amz-json-1.1",
            "date": "Thu, 28 Mar 2019 12:58:28 GMT",
            "x-amzn-requestid": "2ec210db-5159-11e9-9c6b-1b49fa666314"
        },
        "HTTPStatusCode": 200,
        "RequestId": "2ec210db-5159-11e9-9c6b-1b49fa666314",
        "RetryAttempts": 0
    }
},
{
    "Week": 11,
    "Slide": 21,
    "KeyPhrases": [
        {
            "BeginOffset": 1,
            "EndOffset": 14,
            "Score": 0.9485867023468018,
            "Text": "Node pointers"
        },
        {
            "BeginOffset": 18,
            "EndOffset": 33,
            "Score": 0.8669466972351074,
            "Text": "allocated nodes"
        },
        {
            "BeginOffset": 34,
            "EndOffset": 43,
            "Score": 0.5855788588523865,
            "Text": "reference"
        },
        {
            "BeginOffset": 47,
            "EndOffset": 53,
            "Score": 0.9833252429962158,
            "Text": "a node"
        },
        {
            "BeginOffset": 55,
            "EndOffset": 60,
            "Score": 0.9826521873474121,
            "Text": "arrow"
        },
        {
            "BeginOffset": 75,
            "EndOffset": 85,
            "Score": 0.5930731296539307,
            "Text": "allocating"
        },
        {
            "BeginOffset": 87,
            "EndOffset": 97,
            "Score": 0.994672417640686,
            "Text": "a new node"
        },
        {
            "BeginOffset": 99,
            "EndOffset": 105,
            "Score": 0.9707351922988892,
            "Text": "circle"
        }
    ],
    "ResponseMetadata": {
        "HTTPHeaders": {
            "content-length": "657",
            "content-type": "application/x-amz-json-1.1",
            "date": "Thu, 28 Mar 2019 12:58:30 GMT",
            "x-amzn-requestid": "2f713c0d-5159-11e9-a1f4-5925745f18c1"
        },
        "HTTPStatusCode": 200,
        "RequestId": "2f713c0d-5159-11e9-a1f4-5925745f18c1",
        "RetryAttempts": 0
    }
},
{
    "Week": 11,
    "Slide": 22,
    "KeyPhrases": [
        {
            "BeginOffset": 1,
            "EndOffset": 11,
            "Score": 0.5975732803344727,
            "Text": "array/list"
        },
        {
            "BeginOffset": 13,
            "EndOffset": 23,
            "Score": 0.9719827175140381,
            "Text": "traversal\u201d"
        },
        {
            "BeginOffset": 39,
            "EndOffset": 52,
            "Score": 0.9995323419570923,
            "Text": "every element"
        }
    ],
    "ResponseMetadata": {
        "HTTPHeaders": {
            "content-length": "263",
            "content-type": "application/x-amz-json-1.1",
            "date": "Thu, 28 Mar 2019 12:58:31 GMT",
            "x-amzn-requestid": "3010b101-5159-11e9-88a1-7f24626c0794"
        },
        "HTTPStatusCode": 200,
        "RequestId": "3010b101-5159-11e9-88a1-7f24626c0794",
        "RetryAttempts": 0
    }
},
{
    "Week": 11,
    "Slide": 23,
    "KeyPhrases": [
        {
            "BeginOffset": 11,
            "EndOffset": 21,
            "Score": 0.6174404621124268,
            "Text": "\u2026 an Array"
        },
        {
            "BeginOffset": 39,
            "EndOffset": 48,
            "Score": 0.7158892154693604,
            "Text": "int array"
        },
        {
            "BeginOffset": 48,
            "EndOffset": 60,
            "Score": 0.7706974148750305,
            "Text": "[ARRAY_SIZE]"
        },
        {
            "BeginOffset": 62,
            "EndOffset": 71,
            "Score": 0.9092813730239868,
            "Text": "int value"
        },
        {
            "BeginOffset": 89,
            "EndOffset": 90,
            "Score": 0.9591078162193298,
            "Text": "0"
        },
        {
            "BeginOffset": 105,
            "EndOffset": 119,
            "Score": 0.834560215473175,
            "Text": "i < ARRAY_SIZE"
        },
        {
            "BeginOffset": 121,
            "EndOffset": 138,
            "Score": 0.667503297328949,
            "Text": "{ \n\n        array"
        },
        {
            "BeginOffset": 159,
            "EndOffset": 168,
            "Score": 0.8165382146835327,
            "Text": "the value"
        },
        {
            "BeginOffset": 209,
            "EndOffset": 221,
            "Score": 0.9964379072189331,
            "Text": "next element"
        }
    ],
    "ResponseMetadata": {
        "HTTPHeaders": {
            "content-length": "758",
            "content-type": "application/x-amz-json-1.1",
            "date": "Thu, 28 Mar 2019 12:58:31 GMT",
            "x-amzn-requestid": "30c002e9-5159-11e9-9ee0-d7b69e2c846a"
        },
        "HTTPStatusCode": 200,
        "RequestId": "30c002e9-5159-11e9-9ee0-d7b69e2c846a",
        "RetryAttempts": 0
    }
},
{
    "Week": 11,
    "Slide": 24,
    "KeyPhrases": [
        {
            "BeginOffset": 11,
            "EndOffset": 41,
            "Score": 0.7218931913375854,
            "Text": "\u2026 a Linked List\n\nvoid fillList"
        },
        {
            "BeginOffset": 43,
            "EndOffset": 54,
            "Score": 0.9116923213005066,
            "Text": "struct node"
        },
        {
            "BeginOffset": 56,
            "EndOffset": 60,
            "Score": 0.838801920413971,
            "Text": "list"
        },
        {
            "BeginOffset": 62,
            "EndOffset": 71,
            "Score": 0.8464849591255188,
            "Text": "int value"
        },
        {
            "BeginOffset": 81,
            "EndOffset": 92,
            "Score": 0.9047016501426697,
            "Text": "struct node"
        },
        {
            "BeginOffset": 94,
            "EndOffset": 105,
            "Score": 0.826178252696991,
            "Text": "curr = list"
        },
        {
            "BeginOffset": 120,
            "EndOffset": 124,
            "Score": 0.32899564504623413,
            "Text": "curr"
        },
        {
            "BeginOffset": 146,
            "EndOffset": 156,
            "Score": 0.7312893271446228,
            "Text": "curr->data"
        },
        {
            "BeginOffset": 173,
            "EndOffset": 197,
            "Score": 0.8413568139076233,
            "Text": "the value \n\n        curr"
        },
        {
            "BeginOffset": 200,
            "EndOffset": 206,
            "Score": 0.7730614542961121,
            "Text": "curr->"
        },
        {
            "BeginOffset": 225,
            "EndOffset": 234,
            "Score": 0.9915405511856079,
            "Text": "next node"
        }
    ],
    "ResponseMetadata": {
        "HTTPHeaders": {
            "content-length": "942",
            "content-type": "application/x-amz-json-1.1",
            "date": "Thu, 28 Mar 2019 12:58:33 GMT",
            "x-amzn-requestid": "316f5609-5159-11e9-a1f4-5925745f18c1"
        },
        "HTTPStatusCode": 200,
        "RequestId": "316f5609-5159-11e9-a1f4-5925745f18c1",
        "RetryAttempts": 0
    }
},
{
    "Week": 11,
    "Slide": 25,
    "KeyPhrases": [
        {
            "BeginOffset": 1,
            "EndOffset": 36,
            "Score": 0.8609239459037781,
            "Text": "The Standard List Loop\n\nstruct node"
        },
        {
            "BeginOffset": 37,
            "EndOffset": 49,
            "Score": 0.6020342111587524,
            "Text": "*curr = list"
        },
        {
            "BeginOffset": 63,
            "EndOffset": 67,
            "Score": 0.5351633429527283,
            "Text": "curr"
        },
        {
            "BeginOffset": 88,
            "EndOffset": 114,
            "Score": 0.6852174401283264,
            "Text": "????? \n\n \n\n    curr = curr"
        }
    ],
    "ResponseMetadata": {
        "HTTPHeaders": {
            "content-length": "383",
            "content-type": "application/x-amz-json-1.1",
            "date": "Thu, 28 Mar 2019 12:58:34 GMT",
            "x-amzn-requestid": "32046a44-5159-11e9-adf9-192c939d7e83"
        },
        "HTTPStatusCode": 200,
        "RequestId": "32046a44-5159-11e9-adf9-192c939d7e83",
        "RetryAttempts": 0
    }
},
{
    "Week": 11,
    "Slide": 26,
    "KeyPhrases": [
        {
            "BeginOffset": 1,
            "EndOffset": 37,
            "Score": 0.955091655254364,
            "Text": "The Standard List Loop \u2013 List Length"
        },
        {
            "BeginOffset": 59,
            "EndOffset": 69,
            "Score": 0.9996680021286011,
            "Text": "the length"
        },
        {
            "BeginOffset": 73,
            "EndOffset": 79,
            "Score": 0.993744432926178,
            "Text": "a list"
        },
        {
            "BeginOffset": 97,
            "EndOffset": 102,
            "Score": 0.9663290977478027,
            "Text": "nodes"
        },
        {
            "BeginOffset": 110,
            "EndOffset": 131,
            "Score": 0.8355884552001953,
            "Text": "the list\n\nstruct node"
        },
        {
            "BeginOffset": 133,
            "EndOffset": 144,
            "Score": 0.795418381690979,
            "Text": "curr = list"
        },
        {
            "BeginOffset": 151,
            "EndOffset": 164,
            "Score": 0.8699066042900085,
            "Text": "int num_nodes"
        },
        {
            "BeginOffset": 167,
            "EndOffset": 168,
            "Score": 0.9580458998680115,
            "Text": "0"
        },
        {
            "BeginOffset": 182,
            "EndOffset": 186,
            "Score": 0.33783289790153503,
            "Text": "curr"
        },
        {
            "BeginOffset": 196,
            "EndOffset": 216,
            "Score": 0.7204146981239319,
            "Text": "{ \n\n \n\n    num_nodes"
        },
        {
            "BeginOffset": 218,
            "EndOffset": 221,
            "Score": 0.8170254230499268,
            "Text": "= 1"
        },
        {
            "BeginOffset": 232,
            "EndOffset": 243,
            "Score": 0.735680341720581,
            "Text": "curr = curr"
        }
    ],
    "ResponseMetadata": {
        "HTTPHeaders": {
            "content-length": "1030",
            "content-type": "application/x-amz-json-1.1",
            "date": "Thu, 28 Mar 2019 12:58:35 GMT",
            "x-amzn-requestid": "32cdfc34-5159-11e9-b269-c1f80b73919e"
        },
        "HTTPStatusCode": 200,
        "RequestId": "32cdfc34-5159-11e9-b269-c1f80b73919e",
        "RetryAttempts": 0
    }
},
{
    "Week": 11,
    "Slide": 27,
    "KeyPhrases": [
        {
            "BeginOffset": 1,
            "EndOffset": 34,
            "Score": 0.9615516066551208,
            "Text": "The Standard List Loop \u2013 List Sum"
        },
        {
            "BeginOffset": 57,
            "EndOffset": 69,
            "Score": 0.9997227191925049,
            "Text": "the elements"
        },
        {
            "BeginOffset": 73,
            "EndOffset": 79,
            "Score": 0.993157148361206,
            "Text": "a list"
        },
        {
            "BeginOffset": 92,
            "EndOffset": 102,
            "Score": 0.9994572997093201,
            "Text": "the values"
        },
        {
            "BeginOffset": 113,
            "EndOffset": 122,
            "Score": 0.9985765218734741,
            "Text": "the nodes"
        },
        {
            "BeginOffset": 133,
            "EndOffset": 144,
            "Score": 0.7979225516319275,
            "Text": "struct node"
        },
        {
            "BeginOffset": 146,
            "EndOffset": 157,
            "Score": 0.7891761660575867,
            "Text": "curr = list"
        },
        {
            "BeginOffset": 164,
            "EndOffset": 180,
            "Score": 0.7990195155143738,
            "Text": "// int num_nodes"
        },
        {
            "BeginOffset": 183,
            "EndOffset": 184,
            "Score": 0.849122166633606,
            "Text": "0"
        },
        {
            "BeginOffset": 206,
            "EndOffset": 210,
            "Score": 0.31235653162002563,
            "Text": "curr"
        },
        {
            "BeginOffset": 234,
            "EndOffset": 243,
            "Score": 0.5721010565757751,
            "Text": "num_nodes"
        },
        {
            "BeginOffset": 245,
            "EndOffset": 248,
            "Score": 0.814479410648346,
            "Text": "= 1"
        },
        {
            "BeginOffset": 256,
            "EndOffset": 275,
            "Score": 0.7213824391365051,
            "Text": "????? \n\n \n\n    curr"
        },
        {
            "BeginOffset": 278,
            "EndOffset": 284,
            "Score": 0.775576651096344,
            "Text": "curr->"
        }
    ],
    "ResponseMetadata": {
        "HTTPHeaders": {
            "content-length": "1183",
            "content-type": "application/x-amz-json-1.1",
            "date": "Thu, 28 Mar 2019 12:58:36 GMT",
            "x-amzn-requestid": "337d275c-5159-11e9-a698-9b1a515702e6"
        },
        "HTTPStatusCode": 200,
        "RequestId": "337d275c-5159-11e9-a698-9b1a515702e6",
        "RetryAttempts": 0
    }
},
{
    "Week": 11,
    "Slide": 28,
    "KeyPhrases": [],
    "ResponseMetadata": {
        "HTTPHeaders": {
            "content-length": "17",
            "content-type": "application/x-amz-json-1.1",
            "date": "Thu, 28 Mar 2019 12:58:37 GMT",
            "x-amzn-requestid": "342ca100-5159-11e9-a369-99e6fd3713b6"
        },
        "HTTPStatusCode": 200,
        "RequestId": "342ca100-5159-11e9-a369-99e6fd3713b6",
        "RetryAttempts": 0
    }
},
{
    "Week": 11,
    "Slide": 29,
    "KeyPhrases": [
        {
            "BeginOffset": 1,
            "EndOffset": 20,
            "Score": 0.955383837223053,
            "Text": "More List Iteration"
        },
        {
            "BeginOffset": 26,
            "EndOffset": 34,
            "Score": 0.9997413754463196,
            "Text": "the list"
        },
        {
            "BeginOffset": 43,
            "EndOffset": 58,
            "Score": 0.9990899562835693,
            "Text": "a certain value"
        }
    ],
    "ResponseMetadata": {
        "HTTPHeaders": {
            "content-length": "269",
            "content-type": "application/x-amz-json-1.1",
            "date": "Thu, 28 Mar 2019 12:58:39 GMT",
            "x-amzn-requestid": "34dbccd4-5159-11e9-b270-937b8b08d656"
        },
        "HTTPStatusCode": 200,
        "RequestId": "34dbccd4-5159-11e9-b270-937b8b08d656",
        "RetryAttempts": 0
    }
}
]