[
    {
        "Week": 11,
        "Slide": 0,
        "KeyPhrases": []
    },
    {
        "Week": 11,
        "Slide": 1,
        "KeyPhrases": [
            {
                "Score": 0.8826078772544861,
                "Text": "lecture"
            },
            {
                "Score": 0.8826078772544861,
                "Text": "bot"
            },
            {
                "Score": 0.8826078772544861,
                "Text": "linked"
            },
            {
                "Score": 0.8826078772544861,
                "Text": "bennett"
            },
            {
                "Score": 0.8826078772544861,
                "Text": "fruit"
            },
            {
                "Score": 0.8826078772544861,
                "Text": "list"
            },
            {
                "Score": 0.8826078772544861,
                "Text": "andrew"
            }
        ]
    },
    {
        "Week": 11,
        "Slide": 2,
        "KeyPhrases": [
            {
                "Score": 0.533657431602478,
                "Text": "overview"
            },
            {
                "Score": 0.9970005750656128,
                "Text": "lecture"
            },
            {
                "Score": 0.9445180892944336,
                "Text": "start"
            },
            {
                "Score": 0.9993726015090942,
                "Text": "assignment"
            },
            {
                "Score": 0.7450233697891235,
                "Text": "fruit"
            },
            {
                "Score": 0.7450233697891235,
                "Text": "bot"
            },
            {
                "Score": 0.9945699572563171,
                "Text": "program"
            },
            {
                "Score": 0.9945699572563171,
                "Text": "multi"
            },
            {
                "Score": 0.9945699572563171,
                "Text": "file"
            },
            {
                "Score": 0.998944103717804,
                "Text": "purpose"
            },
            {
                "Score": 0.9581735730171204,
                "Text": "file"
            },
            {
                "Score": 0.9561108946800232,
                "Text": "linked"
            },
            {
                "Score": 0.9561108946800232,
                "Text": "list"
            },
            {
                "Score": 0.984351634979248,
                "Text": "code"
            },
            {
                "Score": 0.9950697422027588,
                "Text": "linked"
            },
            {
                "Score": 0.9950697422027588,
                "Text": "list"
            },
            {
                "Score": 0.9991099834442139,
                "Text": "simple"
            },
            {
                "Score": 0.9991099834442139,
                "Text": "problem"
            },
            {
                "Score": 0.8875066041946411,
                "Text": "linked"
            },
            {
                "Score": 0.8875066041946411,
                "Text": "list"
            },
            {
                "Score": 0.6584041118621826,
                "Text": "note"
            },
            {
                "Score": 0.9821453094482422,
                "Text": "lecture"
            },
            {
                "Score": 0.9942169189453125,
                "Text": "lecture"
            },
            {
                "Score": 0.9992503523826599,
                "Text": "foundation"
            },
            {
                "Score": 0.9974177479743958,
                "Text": "skill"
            },
            {
                "Score": 0.999396800994873,
                "Text": "language"
            },
            {
                "Score": 0.9729823470115662,
                "Text": "consistent"
            },
            {
                "Score": 0.9729823470115662,
                "Text": "practice"
            }
        ]
    },
    {
        "Week": 11,
        "Slide": 3,
        "KeyPhrases": [
            {
                "Score": 0.8646005392074585,
                "Text": "admin"
            },
            {
                "Score": 0.7807292342185974,
                "Text": "assignment"
            },
            {
                "Score": 0.9163910746574402,
                "Text": "yesterday"
            },
            {
                "Score": 0.9972031116485596,
                "Text": "week"
            },
            {
                "Score": 0.5243757963180542,
                "Text": "week"
            },
            {
                "Score": 0.8638877272605896,
                "Text": "test"
            },
            {
                "Score": 0.9089609384536743,
                "Text": "thursday"
            },
            {
                "Score": 0.952755331993103,
                "Text": "help"
            },
            {
                "Score": 0.952755331993103,
                "Text": "session"
            },
            {
                "Score": 0.9776521921157837,
                "Text": "course"
            },
            {
                "Score": 0.9776521921157837,
                "Text": "website"
            }
        ]
    },
    {
        "Week": 11,
        "Slide": 4,
        "KeyPhrases": [
            {
                "Score": 0.9709548354148865,
                "Text": "fruit"
            },
            {
                "Score": 0.9709548354148865,
                "Text": "bot"
            },
            {
                "Score": 0.9412891864776611,
                "Text": "assignment"
            }
        ]
    },
    {
        "Week": 11,
        "Slide": 5,
        "KeyPhrases": []
    },
    {
        "Week": 11,
        "Slide": 6,
        "KeyPhrases": [
            {
                "Score": 0.8028109669685364,
                "Text": "fruit"
            },
            {
                "Score": 0.8028109669685364,
                "Text": "bot"
            },
            {
                "Score": 0.8624153733253479,
                "Text": "bot"
            },
            {
                "Score": 0.8624153733253479,
                "Text": "structs"
            },
            {
                "Score": 0.8624153733253479,
                "Text": "stateless"
            },
            {
                "Score": 0.9943168759346008,
                "Text": "intensity"
            },
            {
                "Score": 0.9942812919616699,
                "Text": "world"
            },
            {
                "Score": 0.9785982966423035,
                "Text": "fruit"
            }
        ]
    },
    {
        "Week": 11,
        "Slide": 7,
        "KeyPhrases": [
            {
                "Score": 0.9624657034873962,
                "Text": "multiple"
            },
            {
                "Score": 0.9624657034873962,
                "Text": "file"
            },
            {
                "Score": 0.917400598526001,
                "Text": "file"
            },
            {
                "Score": 0.976971447467804,
                "Text": "program"
            },
            {
                "Score": 0.9990401864051819,
                "Text": "program"
            }
        ]
    },
    {
        "Week": 11,
        "Slide": 8,
        "KeyPhrases": [
            {
                "Score": 0.5066229701042175,
                "Text": "scope"
            },
            {
                "Score": 0.9986291527748108,
                "Text": "function"
            },
            {
                "Score": 0.9797700643539429,
                "Text": "type"
            },
            {
                "Score": 0.9797700643539429,
                "Text": "parameter"
            },
            {
                "Score": 0.9797700643539429,
                "Text": "return"
            },
            {
                "Score": 0.9797700643539429,
                "Text": "input"
            },
            {
                "Score": 0.9196605682373047,
                "Text": "api"
            }
        ]
    },
    {
        "Week": 11,
        "Slide": 9,
        "KeyPhrases": [
            {
                "Score": 0.9847447276115417,
                "Text": "function"
            },
            {
                "Score": 0.849689245223999,
                "Text": "file"
            },
            {
                "Score": 0.6238232254981995,
                "Text": "void"
            },
            {
                "Score": 0.8606009483337402,
                "Text": "int"
            },
            {
                "Score": 0.8606009483337402,
                "Text": "square"
            },
            {
                "Score": 0.9610191583633423,
                "Text": "int"
            },
            {
                "Score": 0.7019872069358826,
                "Text": "void"
            },
            {
                "Score": 0.8506572246551514,
                "Text": "printf"
            },
            {
                "Score": 0.8677508234977722,
                "Text": "square"
            },
            {
                "Score": 0.6178905367851257,
                "Text": "void"
            },
            {
                "Score": 0.807449460029602,
                "Text": "printf"
            },
            {
                "Score": 0.7431887984275818,
                "Text": "square"
            },
            {
                "Score": 0.7431887984275818,
                "Text": "int"
            },
            {
                "Score": 0.9035446047782898,
                "Text": "int"
            },
            {
                "Score": 0.779420793056488,
                "Text": "return"
            },
            {
                "Score": 0.8716169595718384,
                "Text": "dcc"
            },
            {
                "Score": 0.6033226251602173,
                "Text": "hello"
            }
        ]
    },
    {
        "Week": 11,
        "Slide": 10,
        "KeyPhrases": [
            {
                "Score": 0.9844123721122742,
                "Text": "function"
            },
            {
                "Score": 0.9819998741149902,
                "Text": "file"
            },
            {
                "Score": 0.6664820909500122,
                "Text": "void"
            },
            {
                "Score": 0.8526139855384827,
                "Text": "printf"
            },
            {
                "Score": 0.8675740361213684,
                "Text": "square"
            },
            {
                "Score": 0.8893676996231079,
                "Text": "dcc"
            }
        ]
    },
    {
        "Week": 11,
        "Slide": 11,
        "KeyPhrases": [
            {
                "Score": 0.9847447276115417,
                "Text": "function"
            },
            {
                "Score": 0.8415777683258057,
                "Text": "file"
            },
            {
                "Score": 0.6750874519348145,
                "Text": "void"
            },
            {
                "Score": 0.7303964495658875,
                "Text": "int"
            },
            {
                "Score": 0.7303964495658875,
                "Text": "square"
            },
            {
                "Score": 0.951539933681488,
                "Text": "int"
            }
        ]
    },
    {
        "Week": 11,
        "Slide": 12,
        "KeyPhrases": [
            {
                "Score": 0.9844123721122742,
                "Text": "function"
            },
            {
                "Score": 0.9812572002410889,
                "Text": "file"
            },
            {
                "Score": 0.7018990516662598,
                "Text": "int"
            },
            {
                "Score": 0.5370416641235352,
                "Text": "void"
            },
            {
                "Score": 0.8539761900901794,
                "Text": "printf"
            },
            {
                "Score": 0.8675614595413208,
                "Text": "square"
            },
            {
                "Score": 0.8965392112731934,
                "Text": "dcc"
            }
        ]
    },
    {
        "Week": 11,
        "Slide": 13,
        "KeyPhrases": []
    },
    {
        "Week": 11,
        "Slide": 14,
        "KeyPhrases": []
    },
    {
        "Week": 11,
        "Slide": 15,
        "KeyPhrases": [
            {
                "Score": 0.7898585796356201,
                "Text": "node"
            },
            {
                "Score": 0.9766324758529663,
                "Text": "struct"
            },
            {
                "Score": 0.9766324758529663,
                "Text": "node"
            },
            {
                "Score": 0.7585291862487793,
                "Text": "int"
            },
            {
                "Score": 0.7585291862487793,
                "Text": "data"
            },
            {
                "Score": 0.9319189190864563,
                "Text": "struct"
            },
            {
                "Score": 0.9319189190864563,
                "Text": "node"
            }
        ]
    },
    {
        "Week": 11,
        "Slide": 16,
        "KeyPhrases": [
            {
                "Score": 0.8760466575622559,
                "Text": "node"
            },
            {
                "Score": 0.8760466575622559,
                "Text": "node"
            },
            {
                "Score": 0.8760466575622559,
                "Text": "struct"
            },
            {
                "Score": 0.8760466575622559,
                "Text": "struct"
            },
            {
                "Score": 0.7826262712478638,
                "Text": "int"
            },
            {
                "Score": 0.7826262712478638,
                "Text": "data"
            },
            {
                "Score": 0.933860719203949,
                "Text": "struct"
            },
            {
                "Score": 0.933860719203949,
                "Text": "node"
            },
            {
                "Score": 0.6532323360443115,
                "Text": "struct"
            },
            {
                "Score": 0.6532323360443115,
                "Text": "node"
            },
            {
                "Score": 0.9994404911994934,
                "Text": "node"
            },
            {
                "Score": 0.9978828430175781,
                "Text": "function"
            },
            {
                "Score": 0.8431978225708008,
                "Text": "memory"
            },
            {
                "Score": 0.8431978225708008,
                "Text": "node"
            },
            {
                "Score": 0.8431978225708008,
                "Text": "hello"
            },
            {
                "Score": 0.8431978225708008,
                "Text": "struct"
            },
            {
                "Score": 0.7817901372909546,
                "Text": "data"
            },
            {
                "Score": 0.9841116070747375,
                "Text": "function"
            },
            {
                "Score": 0.9178333282470703,
                "Text": "memory"
            },
            {
                "Score": 0.9178333282470703,
                "Text": "hello"
            },
            {
                "Score": 0.9178333282470703,
                "Text": "null"
            }
        ]
    },
    {
        "Week": 11,
        "Slide": 17,
        "KeyPhrases": [
            {
                "Score": 0.8814283013343811,
                "Text": "node"
            },
            {
                "Score": 0.665167510509491,
                "Text": "allocates"
            },
            {
                "Score": 0.665167510509491,
                "Text": "memory"
            },
            {
                "Score": 0.9988805651664734,
                "Text": "node"
            },
            {
                "Score": 0.9161905646324158,
                "Text": "address"
            },
            {
                "Score": 0.9161905646324158,
                "Text": "node"
            },
            {
                "Score": 0.9161905646324158,
                "Text": "struct"
            },
            {
                "Score": 0.9222333431243896,
                "Text": "int"
            },
            {
                "Score": 0.9222333431243896,
                "Text": "value"
            },
            {
                "Score": 0.9446987509727478,
                "Text": "struct"
            },
            {
                "Score": 0.9446987509727478,
                "Text": "node"
            },
            {
                "Score": 0.9196448922157288,
                "Text": "malloc"
            },
            {
                "Score": 0.7396872639656067,
                "Text": "sizeof"
            },
            {
                "Score": 0.9679669141769409,
                "Text": "struct"
            },
            {
                "Score": 0.9679669141769409,
                "Text": "node"
            },
            {
                "Score": 0.6972236037254333,
                "Text": "null"
            },
            {
                "Score": 0.8180046081542969,
                "Text": "return"
            },
            {
                "Score": 0.7782712578773499,
                "Text": "struct"
            },
            {
                "Score": 0.7782712578773499,
                "Text": "node"
            },
            {
                "Score": 0.9950363636016846,
                "Text": "pointer"
            },
            {
                "Score": 0.9814703464508057,
                "Text": "node"
            },
            {
                "Score": 0.997398853302002,
                "Text": "memory"
            },
            {
                "Score": 0.9390206933021545,
                "Text": "malloc"
            },
            {
                "Score": 0.7791324257850647,
                "Text": "struct"
            },
            {
                "Score": 0.7791324257850647,
                "Text": "node"
            },
            {
                "Score": 0.9854463934898376,
                "Text": "heap"
            },
            {
                "Score": 0.8710312247276306,
                "Text": "malloced"
            },
            {
                "Score": 0.8710312247276306,
                "Text": "memory"
            },
            {
                "Score": 0.8958446979522705,
                "Text": "null"
            }
        ]
    },
    {
        "Week": 11,
        "Slide": 18,
        "KeyPhrases": [
            {
                "Score": 0.9082045555114746,
                "Text": "node"
            },
            {
                "Score": 0.9694637656211853,
                "Text": "accordance"
            },
            {
                "Score": 0.9975587129592896,
                "Text": "newton"
            },
            {
                "Score": 0.9781197905540466,
                "Text": "law"
            },
            {
                "Score": 0.7898471355438232,
                "Text": "memory"
            },
            {
                "Score": 0.7898471355438232,
                "Text": "allocation"
            },
            {
                "Score": 0.9984855055809021,
                "Text": "malloc"
            },
            {
                "Score": 0.8991307616233826,
                "Text": "opposite"
            },
            {
                "Score": 0.8991307616233826,
                "Text": "void"
            },
            {
                "Score": 0.8437709212303162,
                "Text": "struct"
            },
            {
                "Score": 0.8437709212303162,
                "Text": "node"
            },
            {
                "Score": 0.6172117590904236,
                "Text": "node"
            },
            {
                "Score": 0.7993625998497009,
                "Text": "node"
            },
            {
                "Score": 0.8769777417182922,
                "Text": "struct"
            },
            {
                "Score": 0.8769777417182922,
                "Text": "node"
            }
        ]
    },
    {
        "Week": 11,
        "Slide": 19,
        "KeyPhrases": [
            {
                "Score": 0.9485867023468018,
                "Text": "node"
            },
            {
                "Score": 0.9485867023468018,
                "Text": "pointer"
            },
            {
                "Score": 0.8669466972351074,
                "Text": "allocated"
            },
            {
                "Score": 0.8669466972351074,
                "Text": "node"
            },
            {
                "Score": 0.5845935940742493,
                "Text": "reference"
            },
            {
                "Score": 0.8659473657608032,
                "Text": "node"
            },
            {
                "Score": 0.8659473657608032,
                "Text": "node"
            },
            {
                "Score": 0.8659473657608032,
                "Text": "arrow"
            },
            {
                "Score": 0.8659473657608032,
                "Text": "struct"
            },
            {
                "Score": 0.47559216618537903,
                "Text": "curr"
            },
            {
                "Score": 0.9902777075767517,
                "Text": "node"
            },
            {
                "Score": 0.9902777075767517,
                "Text": "circle"
            },
            {
                "Score": 0.7450949549674988,
                "Text": "malloc"
            },
            {
                "Score": 0.7378213405609131,
                "Text": "sizeof"
            },
            {
                "Score": 0.9681635499000549,
                "Text": "struct"
            },
            {
                "Score": 0.9681635499000549,
                "Text": "node"
            }
        ]
    },
    {
        "Week": 11,
        "Slide": 20,
        "KeyPhrases": [
            {
                "Score": 0.9485867023468018,
                "Text": "node"
            },
            {
                "Score": 0.9485867023468018,
                "Text": "pointer"
            },
            {
                "Score": 0.8669466972351074,
                "Text": "allocated"
            },
            {
                "Score": 0.8669466972351074,
                "Text": "node"
            },
            {
                "Score": 0.5845935940742493,
                "Text": "reference"
            },
            {
                "Score": 0.8659473657608032,
                "Text": "node"
            },
            {
                "Score": 0.8659473657608032,
                "Text": "node"
            },
            {
                "Score": 0.8659473657608032,
                "Text": "arrow"
            },
            {
                "Score": 0.8659473657608032,
                "Text": "struct"
            },
            {
                "Score": 0.47559216618537903,
                "Text": "curr"
            },
            {
                "Score": 0.9902777075767517,
                "Text": "node"
            },
            {
                "Score": 0.9902777075767517,
                "Text": "circle"
            },
            {
                "Score": 0.7450949549674988,
                "Text": "malloc"
            },
            {
                "Score": 0.7378213405609131,
                "Text": "sizeof"
            },
            {
                "Score": 0.9681635499000549,
                "Text": "struct"
            },
            {
                "Score": 0.9681635499000549,
                "Text": "node"
            }
        ]
    },
    {
        "Week": 11,
        "Slide": 21,
        "KeyPhrases": [
            {
                "Score": 0.9485867023468018,
                "Text": "node"
            },
            {
                "Score": 0.9485867023468018,
                "Text": "pointer"
            },
            {
                "Score": 0.8669466972351074,
                "Text": "allocated"
            },
            {
                "Score": 0.8669466972351074,
                "Text": "node"
            },
            {
                "Score": 0.5855788588523865,
                "Text": "reference"
            },
            {
                "Score": 0.9833252429962158,
                "Text": "node"
            },
            {
                "Score": 0.9826521873474121,
                "Text": "arrow"
            },
            {
                "Score": 0.994672417640686,
                "Text": "node"
            },
            {
                "Score": 0.9707351922988892,
                "Text": "circle"
            }
        ]
    },
    {
        "Week": 11,
        "Slide": 22,
        "KeyPhrases": [
            {
                "Score": 0.9719827175140381,
                "Text": "traversal"
            },
            {
                "Score": 0.9995323419570923,
                "Text": "element"
            }
        ]
    },
    {
        "Week": 11,
        "Slide": 23,
        "KeyPhrases": [
            {
                "Score": 0.6174404621124268,
                "Text": "array"
            },
            {
                "Score": 0.7158892154693604,
                "Text": "int"
            },
            {
                "Score": 0.7158892154693604,
                "Text": "array"
            },
            {
                "Score": 0.9092813730239868,
                "Text": "int"
            },
            {
                "Score": 0.9092813730239868,
                "Text": "value"
            },
            {
                "Score": 0.667503297328949,
                "Text": "array"
            },
            {
                "Score": 0.8165382146835327,
                "Text": "value"
            },
            {
                "Score": 0.9964379072189331,
                "Text": "element"
            }
        ]
    },
    {
        "Week": 11,
        "Slide": 24,
        "KeyPhrases": [
            {
                "Score": 0.7218931913375854,
                "Text": "linked"
            },
            {
                "Score": 0.7218931913375854,
                "Text": "filllist"
            },
            {
                "Score": 0.7218931913375854,
                "Text": "list"
            },
            {
                "Score": 0.7218931913375854,
                "Text": "void"
            },
            {
                "Score": 0.9116923213005066,
                "Text": "struct"
            },
            {
                "Score": 0.9116923213005066,
                "Text": "node"
            },
            {
                "Score": 0.838801920413971,
                "Text": "list"
            },
            {
                "Score": 0.8464849591255188,
                "Text": "int"
            },
            {
                "Score": 0.8464849591255188,
                "Text": "value"
            },
            {
                "Score": 0.9047016501426697,
                "Text": "struct"
            },
            {
                "Score": 0.9047016501426697,
                "Text": "node"
            },
            {
                "Score": 0.826178252696991,
                "Text": "curr"
            },
            {
                "Score": 0.826178252696991,
                "Text": "list"
            },
            {
                "Score": 0.32899564504623413,
                "Text": "curr"
            },
            {
                "Score": 0.7312893271446228,
                "Text": "curr"
            },
            {
                "Score": 0.8413568139076233,
                "Text": "value"
            },
            {
                "Score": 0.8413568139076233,
                "Text": "curr"
            },
            {
                "Score": 0.7730614542961121,
                "Text": "curr"
            },
            {
                "Score": 0.9915405511856079,
                "Text": "node"
            }
        ]
    },
    {
        "Week": 11,
        "Slide": 25,
        "KeyPhrases": [
            {
                "Score": 0.8609239459037781,
                "Text": "standard"
            },
            {
                "Score": 0.8609239459037781,
                "Text": "list"
            },
            {
                "Score": 0.8609239459037781,
                "Text": "node"
            },
            {
                "Score": 0.8609239459037781,
                "Text": "loop"
            },
            {
                "Score": 0.8609239459037781,
                "Text": "struct"
            },
            {
                "Score": 0.6020342111587524,
                "Text": "list"
            },
            {
                "Score": 0.5351633429527283,
                "Text": "curr"
            },
            {
                "Score": 0.6852174401283264,
                "Text": "curr"
            },
            {
                "Score": 0.6852174401283264,
                "Text": "curr"
            }
        ]
    },
    {
        "Week": 11,
        "Slide": 26,
        "KeyPhrases": [
            {
                "Score": 0.955091655254364,
                "Text": "standard"
            },
            {
                "Score": 0.955091655254364,
                "Text": "list"
            },
            {
                "Score": 0.955091655254364,
                "Text": "loop"
            },
            {
                "Score": 0.955091655254364,
                "Text": "list"
            },
            {
                "Score": 0.955091655254364,
                "Text": "length"
            },
            {
                "Score": 0.9996680021286011,
                "Text": "length"
            },
            {
                "Score": 0.993744432926178,
                "Text": "list"
            },
            {
                "Score": 0.9663290977478027,
                "Text": "node"
            },
            {
                "Score": 0.8355884552001953,
                "Text": "node"
            },
            {
                "Score": 0.8355884552001953,
                "Text": "list"
            },
            {
                "Score": 0.8355884552001953,
                "Text": "struct"
            },
            {
                "Score": 0.795418381690979,
                "Text": "curr"
            },
            {
                "Score": 0.795418381690979,
                "Text": "list"
            },
            {
                "Score": 0.8699066042900085,
                "Text": "int"
            },
            {
                "Score": 0.33783289790153503,
                "Text": "curr"
            },
            {
                "Score": 0.735680341720581,
                "Text": "curr"
            },
            {
                "Score": 0.735680341720581,
                "Text": "curr"
            }
        ]
    },
    {
        "Week": 11,
        "Slide": 27,
        "KeyPhrases": [
            {
                "Score": 0.9615516066551208,
                "Text": "standard"
            },
            {
                "Score": 0.9615516066551208,
                "Text": "list"
            },
            {
                "Score": 0.9615516066551208,
                "Text": "loop"
            },
            {
                "Score": 0.9615516066551208,
                "Text": "list"
            },
            {
                "Score": 0.9615516066551208,
                "Text": "sum"
            },
            {
                "Score": 0.9997227191925049,
                "Text": "element"
            },
            {
                "Score": 0.993157148361206,
                "Text": "list"
            },
            {
                "Score": 0.9994572997093201,
                "Text": "value"
            },
            {
                "Score": 0.9985765218734741,
                "Text": "node"
            },
            {
                "Score": 0.7979225516319275,
                "Text": "struct"
            },
            {
                "Score": 0.7979225516319275,
                "Text": "node"
            },
            {
                "Score": 0.7891761660575867,
                "Text": "curr"
            },
            {
                "Score": 0.7891761660575867,
                "Text": "list"
            },
            {
                "Score": 0.7990195155143738,
                "Text": "int"
            },
            {
                "Score": 0.31235653162002563,
                "Text": "curr"
            },
            {
                "Score": 0.7213824391365051,
                "Text": "curr"
            },
            {
                "Score": 0.775576651096344,
                "Text": "curr"
            }
        ]
    },
    {
        "Week": 11,
        "Slide": 28,
        "KeyPhrases": []
    },
    {
        "Week": 11,
        "Slide": 29,
        "KeyPhrases": [
            {
                "Score": 0.955383837223053,
                "Text": "list"
            },
            {
                "Score": 0.955383837223053,
                "Text": "iteration"
            },
            {
                "Score": 0.9997413754463196,
                "Text": "list"
            },
            {
                "Score": 0.9990899562835693,
                "Text": "value"
            }
        ]
    }
]